Date,Close_aal,Close_algt,Close_alk,Close_dal,Close_ha,Close_luv,Close_cs,Close_db,Close_bcs,Close_gs,Close_ms,Close_wfc,Close_jnj,Close_mrk,Close_pfe,Close_bhc,Close_rhhby,Close_unh,Close_aapl,Close_amzn,Close_fb,Close_ibm,Close_msft,Close_goog,Close_sp500
2015-10-02,-0.014540815955591424,-0.010964308853368299,-0.012090252570475357,-0.011891675842325422,-0.018196482005661263,-0.0007810205675604642,0.02283100871731003,0.023378544494720988,0.025316455696202667,0.005624309609719047,-0.0022222222222222365,-0.003499241903173411,0.008157153765314007,0.015596516418807438,0.038944786432160816,0.015144771208972063,0.0030102046053519516,0.019037826781255207,0.00730056579667826,0.022699354083348666,0.012314491885029977,0.006894672523007683,0.021519815702313094,0.02555251282068305,0.014315289254205554
2015-10-05,0.04038306910735012,0.002180073327706644,0.020817587160797624,0.04657900705547169,0.05024707371305315,0.02397076539940679,0.021103937544802776,0.03905681794608773,0.013645224171539905,0.020846291758835456,0.02736242443525283,0.022434686790272496,0.008836388800170347,0.021739150812507768,0.012091837237494518,-0.10344448922712035,0.0036014105642256933,0.006900614206839739,0.0036238812692110933,0.020918645473035236,0.021070946019333237,0.030847910764311592,0.023260939214395426,0.023225022135674234,0.01828984107204601
2015-10-06,-0.05125648298722274,-0.03452740937265031,-0.07885310449372862,-0.03982110391441873,-0.0490196078431373,-0.0330788558035332,0.008743998410174925,0.007092162869072105,-0.0032051282051280827,-0.0021028777327538606,0.0021678537575764434,-0.007250543789353192,-0.014141029671991712,-0.02791335155182506,-0.02060928912783755,0.015538926289168753,0.0026913876402925307,-0.03008774709422901,0.004784220978516052,-0.011403790979669148,-0.012870960262292064,-0.001744457945593192,0.0025734290676939775,0.006188958453988258,-0.0035882362417535285
2015-10-07,0.030946760268902196,0.0251197979351927,0.01932110585430169,0.019960124196052087,0.012783463917525717,0.01868418421052631,-0.0023640268858955427,0.013732429577464789,0.011575562700964603,0.01059221897656637,0.01761430724306856,0.003075149011630751,0.016698833583789874,0.023092410102257155,0.015248550922581483,0.02307230120481929,-0.0292275582829572,0.003274424732242487,-0.004761441191678761,0.008298024421300454,-0.004310355464104965,0.008804926796645685,0.001069497326203095,-0.004771964846393306,0.008035633584403401
2015-10-08,0.010938717605222026,-0.005518107099104275,-0.0027642358461993366,-0.0006523809240102096,0.062296460191223924,0.0012916301031162813,-0.031200592417061634,-0.0138937820807995,0.005085823267641398,-0.0063655217333155045,0.0018221075007591736,0.006706304018131881,0.0010528426704723426,0.0013738763223969386,-0.006007840011779897,0.007890219538476906,0.0215054077267407,-0.0030060809069828442,-0.011554432207979803,-0.016201108919064455,0.0007575649186672972,0.01459126562972246,0.013888931920703618,-0.004981649035937452,0.008818435632298893
2015-10-09,0.06743824522203101,0.023605703496553998,0.0021118795641004162,0.02719756369011228,0.04599467228823295,0.030443783820628623,0.009783896869796305,0.033462523193466875,-0.006325110689437086,-0.01038275212525952,-0.008184328088249093,-0.007613284971197398,0.0030500735580547556,-0.0013719913759310254,0.004533152009670305,0.02786705646862253,-0.011729293233082805,0.027481004006185472,0.023926977168949648,0.012454076330294939,0.008326992448069781,0.00072235356397643,-0.0071654371514133786,0.006962282038897261,0.0007251113576554058
2015-10-12,0.03347482477486219,0.046765933146644345,0.02726554339477194,0.027324741099867378,0.030780431264916475,0.032048122985681715,0.012515139281388699,-0.006816666666666693,0.0012730744748568057,0.005803861757867512,0.00244492657564388,0.0007671845179744174,0.006500943488488842,-0.004710539652393653,-0.0006017147652396249,-0.01187902680596753,0.004260468525244532,0.027165297908073205,-0.004637923487765816,0.01924789594474774,0.010939554074207436,-0.008202638022197228,-0.0023349819075570988,0.0047544290351553276,0.0012754770636946855
2015-10-13,-0.0098083941605841,-0.039190766087989326,-0.05218617905337031,-0.015876288659793847,0.005687949011302873,-0.009704051195923102,-0.01196168261563002,-0.012354084157655598,-0.03623649078194535,0.004105892561857338,-0.005792622127823943,-0.006132598696818703,-0.0056255965335055835,-0.024452731698929808,-0.007224593400825152,-0.04227785876521628,0.005454545454545379,0.01208061363022428,0.0017025089605735566,-0.002344604582618426,-0.0014852429135319145,-0.010056927418664374,-0.0023404468085105323,0.008706148650787116,-0.006825424180004314
2015-10-14,0.00898408200875389,-0.01872740661897332,-0.0063582388083940344,0.018018018018018056,-0.01696719628960064,0.0004899559039686086,0.0012105729939237975,0.00416952730474196,-0.0032981530343008103,-0.008067668629785696,-0.00214658073760865,-0.006941785442695969,-0.009638533566428409,0.0014149989606830893,0.001819314736203781,0.06480476276276281,-0.004822182037371836,-0.01548510388717006,-0.01413364343859036,-0.007414842087891782,-0.0005312685763514402,0.0026066034823755135,-0.004478545627608188,-0.0017476851463623655,-0.004716274113390928
2015-10-15,0.015068493494714508,0.007866694522490336,0.03444528391199264,0.0069973245523768934,0.05177997309528837,0.009794368266405229,0.01813788867947963,0.013494844290657504,0.023825281270681842,0.030360493297322932,0.03288260501282725,0.023106776699029163,0.02771610100196864,0.023819135570869454,0.031477026892341886,-0.04749279898725034,0.016353755299818085,-0.015564856230031787,0.014971418201615183,0.03232198015991483,0.020091410651642327,0.0005333044641460116,0.00706936589545859,0.016247953557796402,0.01485277356212289
2015-10-16,-0.016869096195886057,-0.008174782778962109,-0.0019742168212338873,0.0038830778663396792,0.012307726495726534,-0.016488869229443703,0.020585946159936475,0.009900955619632779,0.007756948933419494,0.0011893706297274598,0.010116036592798805,0.0036060353692548563,0.011219721848281683,0.014984207117819226,0.009683039337849753,0.05145972201870452,0.01847434390720082,-0.0015810518695357212,-0.007330591811192555,0.014792703169074883,0.016465214844364473,0.0019988207608452324,0.010636035338695393,0.000695170319085614,0.004570474276163861
2015-10-19,0.016929810499423548,0.024214188591385355,0.013714901392195777,0.02341207295220027,0.04694356477731976,0.020956582323555573,-0.0007758339497347944,0.024340736984449052,0.00962155227710082,0.003024149590501457,-0.04801181007328981,-0.006051437101901702,-0.0030537052738945913,-0.0015539627039626858,0.0026155187445511263,-0.07732595266192788,-0.0067290520772381734,0.006251041684004699,0.006214012968299709,0.004187423712463723,0.009534549830484407,-0.007779759344236692,0.0023153231873425106,0.005889404906866735,0.0002705456193015099
2015-10-20,0.0076490436974343545,-0.010411425465943536,-0.004943475805510245,-0.0023870698229561116,0.011935516129032209,-0.0007244385414150178,0.007763936335403621,-0.005940528248862376,-0.008894536213468918,-0.0012383438882753728,-0.0021658415841584455,0.00989347393657769,-0.003573677688918253,-0.019649863048643468,-0.01449275362318836,-0.10431542935585147,-0.013254815515322038,-0.0025677544296920374,0.01825822900713403,-0.021408040628469127,-0.014928414594004069,-0.05749900779051731,0.0031499580669878124,-0.023750108947609316,-0.001421090030626071
2015-10-21,-0.010716677590607682,-0.0077644168379230605,-0.02300947896481842,-0.014157586673675504,0.04781631980183865,-0.008216529525941874,-0.03775034814138478,-0.010624236035051915,-0.024358974358974272,-0.03131905642065269,-0.023875968992248087,0.0007535229557829037,0.00040988832502875105,0.0039690614004577185,-0.015882382352941038,-0.19169962547023223,-0.014029880597015043,-0.019182835395828657,-8.782631934001195e-05,-0.009110656387189109,0.001134030927834928,0.0019908916523811993,-0.011932154071593093,-0.011794986248916395,-0.005825415425425584
2015-10-22,0.037914713655727406,-0.06926890739793068,0.01659304095036629,0.027710397000614728,0.01612421710143641,0.07407409663562148,-0.02441949559647727,0.01711409453403001,0.018396846254927768,0.02148025077596416,0.027636531130876607,0.017695821116261667,0.019461252262457762,0.028068748764577878,-0.0038851465596279056,-0.07368685546170761,0.014532213579540487,-0.03640676457195191,0.015295322950234835,0.014646261415828032,0.02636182652289354,0.022495018769444153,0.017584703017273107,0.014285481418406576,0.016627571884764603
2015-10-23,-0.006958121028131203,0.010248306309345478,0.041068776608282676,0.0037394016189844503,0.043113709993191085,0.026088882663843682,0.0196963061265365,0.014516694639283845,0.00064516129032266,0.010568762372725526,0.008346244720015106,0.012763577270374027,0.007836823147159722,0.016727610718231478,0.02160206891076699,0.05724948419269649,0.013130499142375296,0.018539671707928695,0.03099567099567091,0.062279544043460255,0.02528347597639158,0.0040946423511594165,0.10077035396148992,0.07703405037627009,0.011030344256396596
2015-10-26,0.017517036020014753,-0.007041945884209366,0.0008851688398112678,0.006274509803921635,0.02152698048220425,0.011938978554057122,0.01046281690140849,-0.01300813008130075,-0.004513217279174753,0.008140134770889595,-0.0021459228125666474,-0.00840180821917813,-0.003688525644273133,0.0005673033175623843,0.003230572782101815,-0.05268597442541412,-0.01119295990595115,0.005262258544897369,-0.03191132012092712,0.015992447016375033,0.015461346208800242,-0.0070499657820691786,0.026101778439602485,0.015356166666666615,-0.0019131003481598352
2015-10-27,-0.00021523563126246703,0.01309264041406788,-0.015285585382234235,-0.00876853078721751,-0.013486906434391877,-0.006554489840506883,-0.008761528922280881,-0.004942306425041232,-0.005181347150259086,-0.0037430993995801742,-0.00983099876592941,-0.003131368518486388,0.002501500850480287,0.010584029484029589,0.024297482435597262,-0.0045438022124336674,-0.00417039022937149,0.024371441039830355,-0.006332373351839005,0.00394345321166556,-0.000674568777331741,-0.04037312291874906,-0.010322599078340988,-0.006018741863487276,-0.0025541185091011442
2015-10-28,-0.012914292141934958,-0.02119640699626202,-0.03540724959873942,-0.01435030498034795,-0.0037026771944552728,-0.0013195733160420442,0.022097309043684454,0.003642317760188085,0.013020833333333481,0.02689071468939641,0.03754263108904765,0.02457505588645703,0.0028945103724020704,0.030484327090249952,0.013146583987048821,0.06810296633099355,0.013760065809153454,0.0034346652399765976,0.04120464282131331,0.00996704783936364,0.004821600910943191,0.021543602048863963,0.00540139700877984,0.006295109405850541,0.011840033238402548
2015-10-29,0.0,-0.010902690836249396,0.007713725024239171,0.007179916377740625,-0.0062893653516292725,0.0090288482713059,-0.016116351567753484,-0.07984163905779085,-0.07005141388174807,-0.007474430000412924,0.002990490520050404,-0.006492353354511149,0.008857483811977929,-0.004174210677829748,-0.019181974071030283,-0.047008547008547064,0.0020655061099292826,-0.0005844047469061309,0.010564299842853897,0.015313583483270277,0.006525911896139602,-0.001988205609767757,-0.011485716932197132,0.005568372162394919,-0.00044977441860072354
2015-10-30,0.007849978023332538,-0.0016180765208458903,0.006335000910716593,0.006732673267326739,-0.0017260357724993014,0.01025755128764727,-0.0011986016300997715,0.0021513805002288944,-0.016586040082930187,-0.012586228935626997,-0.016994632767005413,-0.017244527137411536,-0.0033540888816979697,-0.003827209838294432,-0.02732240437158473,-0.15901347982062775,-0.0014722909738603684,-0.01612229568225121,-0.008545590309466555,-0.0010373697429548745,-0.02774595807816438,-0.003344012735453261,-0.013493290601699792,-0.00852254804564434,-0.004809877153488018
2015-11-02,0.005408913773065516,-0.010635558530801004,0.011540944262295127,-0.0027537175452400087,0.017579250213854536,0.009721343492733903,0.01559996000000008,0.021109122679458858,0.026704146170063225,0.01162662933333336,0.015468577025520736,0.013114130275473368,0.011283767309549386,0.00823272960117083,0.03666472501478424,0.07145146863980378,-0.005603037452078796,0.007726294852490323,0.014058577405857697,0.003914286477164186,0.01314109038794653,0.0020701955729554022,0.011398233499206434,0.014490492577455383,0.011873817294504763
2015-11-03,0.0006455562589722241,0.0010749526160751532,0.007130857272041657,0.005917139922738901,0.02435562094716448,0.0047068247878980785,-0.03150842975614132,-0.005956551998719362,-0.009582477754962238,0.005324805131134758,-0.005674999999999986,0.0014585597614789059,-0.0020553881189271372,0.0,-0.00256702787886387,-0.025977903593332297,0.005041458925223674,-0.008678051922183072,0.011470539693018589,-0.004838033128213293,-0.0070660731210158145,0.010757355943483704,0.017092411078421854,0.0014560719194589566,0.0027280672352485436
2015-11-04,-0.01870965591397844,0.0007158877144188835,-0.003475746652935152,-0.00666666666666671,-0.005529361654927234,-0.0068143101962161445,-0.008540097600650554,-0.022206590687113503,-0.015203870076019421,0.0050343069376022065,0.0033043255240516878,-0.006371709448388829,-0.00019612593366136188,0.0076210849642335265,-0.023734686195748145,-0.060085815858514025,-0.004425995999586929,-0.025667218233308864,-0.004650403850860685,0.025011616718145113,0.013257944760032503,-0.0017620523765840002,0.004616805000302593,0.008239188299626221,-0.003545367008911171
2015-11-05,-0.0006575279277333257,0.01665820158392739,0.008396770009209575,-0.002368712988551125,0.028634944992078193,0.0006432032727958781,-0.00574237103127051,-0.007930785868781487,-0.01824561403508773,0.001930654899994444,0.01437122668435764,0.0051300657702431085,0.0038257797954523998,-0.008643976384728469,0.000292999422759177,-0.14361823841210353,0.00948426144135972,0.01386953954875736,-0.008852459016393421,0.02293472458816348,0.04637290655430237,-0.012285574656302645,-0.0003676654276594249,0.0043125558839849365,-0.0011321484144598548
2015-11-06,-0.0057017107763907005,0.0198029094359653,0.00025626441855663984,0.013058962939078711,0.028918918918918957,0.0038568675318992884,0.012376278877887836,0.006177361918604518,0.005718370264474526,0.037235672591695135,0.04515935521961745,0.018045880093950473,-0.004006684178506914,-0.007992697692873807,-0.006442225098551968,0.03808556702115906,-0.014092747677840634,-0.012217198342496793,0.0011577571948395704,0.005673714426646548,-0.015263000822673733,-0.011723489968714529,0.009930066018204009,0.0034324923076922698,-0.00034762159864287767
2015-11-09,-0.015218306131451365,-0.032676146850945664,-0.009861731304771193,-0.011132812282562243,-0.06330443919096407,-0.01024544334025368,-0.011002485289222319,-0.015890248613569913,0.009239516702203243,-0.012100231079984147,-0.008472154758542794,-0.0068038856509895496,-0.010596566142004882,-0.006775297440481665,-0.008252225169466554,0.04451519057778608,-0.008338385447386187,-0.004790488716844954,-0.004047546804809121,-0.005884412438269981,-0.005695611684325197,-0.021265837251356223,-0.013838274356819946,-0.012088414303199735,-0.009822729364192928
2015-11-10,-0.0035834264912240066,-0.00774445391054257,0.0162980472461014,-0.006517914151334958,0.0229949523275379,0.001940910113023886,-0.011536876802637042,-0.017981651376146712,-0.014788732394366177,0.005336465880678709,0.0037026771944552728,0.00793219744127982,0.006049196987274685,0.003502912850187556,0.004160445517952693,-0.020255285317630878,-0.006306276465653848,0.014265683279088393,-0.03151699427718324,0.006392169314439089,0.013334642000838448,0.0011824920727585564,-0.012001514032496163,0.004731741269742962,0.0015105951573544107
2015-11-11,-0.0022477634413231584,-0.023466017971758735,-0.01272750413643886,-0.006361809271606567,-0.009594270833333196,0.005596254963328828,-0.008336765318882833,-0.008594880418535289,0.005003573981415377,-0.002123244549044556,-0.006242962188253931,-0.0019674655696654275,0.004041439252087997,-0.013044258680874443,-0.0014796980917520797,-0.0571223470363289,-0.0021154427319431957,-0.01164896032141649,-0.0056521026171826305,0.02057059050447818,0.010193661006629107,-0.0033217464876227343,0.002616408245801116,0.009721025005427375,-0.0032280859546982565
2015-11-12,-0.011038454855563318,-0.02750024288832531,-0.011473507799406812,0.0,-0.009410461959300953,-0.0006421660821455122,-0.016813870667765074,-0.01960048927250313,-0.027738264580369876,-0.023405415793127382,-0.02255853797829832,-0.011290340704127932,-0.015609699434422697,-0.012844415248614904,-0.010373532283726394,-0.0650190731300615,0.008479678982434846,-0.015016596690967443,-0.0033588838170700575,-0.011362828072781328,-0.009081781321313986,-0.014664575183985229,-0.006151015614128008,-0.005670443111108869,-0.013990375421686796
2015-11-13,-0.010250591788127927,0.0011895161047230651,-0.009389684402712706,-0.01980788315326132,-0.015088040930761548,-0.017134290364838045,-0.01239841865747826,-0.01922337562475973,-0.004389173372348232,-0.012346345129504721,-0.008764241893076119,-0.01087543994473228,-0.003889498470813768,0.0,-0.0035938605448895267,0.022231355113109252,-0.005105045198349645,-0.012497748626130067,-0.029208468717594194,-0.03493089068260424,-0.037678208785730694,-0.00969627982466903,-0.00900225056264059,-0.01946033449011475,-0.01120736488072338
2015-11-16,-0.014269251685402717,0.002430183101260308,0.011716679985738221,-0.021637108730879318,-0.003404226950354583,-0.0032686206857404088,0.0017315584415582563,0.003528028224225821,0.01542983100661277,0.009296733070522256,0.003536663719422295,0.012827560930914528,0.01341613977020839,0.012634395863367898,-0.003306281935677946,-0.027715208714217954,0.0045275579677765965,0.02163177374986902,0.016378886109271518,0.00850007348641979,0.0008658393708276257,0.014876713472485648,0.017600302800908407,0.016680644351464435,0.01490326509548634
2015-11-17,-0.012374573318955306,0.005118047762042055,0.00897856887387305,-0.0033382015439181734,0.011386222277647962,0.004153869516665187,-0.007346586315755577,-0.007031249999999933,-0.00868306801736618,-0.008274338920184365,-0.013509515815257278,-0.005608847476026746,0.00276624182210794,0.00018618249187740687,-0.008745506634499245,-0.04091653027823239,0.0,0.005007898436127256,-0.004291434576983777,-0.006961933304400758,0.010476701168044,0.000822675897399483,-0.014878166263715853,-0.005020898114492245,-0.0013393792484004408
2015-11-18,-0.01300234073291584,0.01913486555210331,0.0070930486575566665,-0.0004186728072012036,0.004503236828123924,0.008273481384715842,0.006965607617135827,0.02832411487018094,0.016058394160584077,0.016214498013845224,0.01964870497171778,0.012918468211762457,0.011527073891625772,0.009681642332556972,0.013386127574874562,0.03242317974971565,0.0036058594833492386,0.025002194466318572,0.03166501779699127,0.03146275513376828,0.025111767101068327,0.014945448328963273,0.016613120320688513,0.0202674924075692,0.01616245193889343
2015-11-19,0.013173628742515042,0.007625944081339986,0.014598630533928958,0.01591618848167542,0.030540768577774324,0.01209237719515488,0.0021617380960543553,0.011859296551618215,0.008620689655172376,-0.0032531497830599054,-0.0023358248175182617,0.0053889529509234535,-0.0017531898656509837,0.00092198045362335,-0.03062143408521667,0.1570248252623918,0.0008981436587938152,-0.056460579957356094,0.01270355529030609,-0.003420981516203292,-0.014011274399497342,0.006773655960715663,0.0016713278243760676,-0.002148685135135109,-0.0011231092218189076
2015-11-20,-0.002364018968416537,0.031212543059920383,0.033194470534098075,0.005153576794622916,0.025829282920861507,0.009601045649691553,-0.031061302847282146,-0.02155016931757392,-0.04344729344729337,-0.008081635020886102,-0.00760895566923947,-0.0026800249655168917,-9.752171133814436e-05,-0.003316157024984445,-0.0034066583026738373,0.08333333333333326,-0.0008973377206101807,0.021151623099112893,0.004377875063142023,0.010857882230922877,0.009975512705147516,0.012871105277493688,0.004634779470426009,0.024634015878872706,0.0038101958630922805
2015-11-23,0.0023696207969283734,0.01270433219147482,-0.017713131960504058,-0.0004100902547208296,-0.02544394381129056,0.003169928148774259,-0.03918072302674647,-0.016615070193781722,-0.011913626209977712,-0.01190786539976052,-0.007962282512532948,-0.003941275528484445,0.0028297618219235154,-0.0016635860134411873,-0.02641392169049106,-0.03945050549450546,-0.006287514593562027,-0.007170018525537558,-0.012992489086588788,0.015767787883591344,-0.0034476612001490547,-0.00028875812274375967,0.0,-0.0008194501978150415,-0.0012348607802712408
2015-11-24,-0.025295485231571768,-0.05122950768463108,-0.01007344807494348,-0.030775542438426617,0.0008158553168342575,-0.026121781627938212,-0.0023169138090824992,-0.005108094101843097,0.0030143180105501877,-0.002748580762740316,-0.0014862961202822822,-0.005755377904869796,-0.0071032015306957685,-0.009812960926234515,0.020427673156719006,0.0004575334420531263,-0.008737481432283256,0.009183291398598747,0.009596569002123134,-0.011546511900712986,-0.011313688956905654,0.001011115072383495,0.0011072338274078497,-0.01018539009458952,0.0012219961240418353
2015-11-25,0.0019403589619209072,0.0032134014306126613,0.00012566583230322337,-0.007832408643843825,-0.005434809930293771,-0.007570819813973562,0.025545702482782096,0.0023696287519747727,0.00450788880540931,0.0025441034880384628,0.0005954450729381833,-0.0010853473423542148,-0.0007840258645235298,0.0044876776364997095,0.02815139281049084,-0.0049170956518156395,0.008814497944407362,0.010778354787907896,-0.0071500338879554315,0.006243019965979979,-0.0031208058089806645,-0.004329047431642974,-0.010322599078340988,-0.000173738433422721,-0.00012913256833779752
2015-11-27,0.00919869258778272,0.014912817528745848,0.0018841979414119248,0.005760614588449231,0.00792352502314353,-0.0013077811397605998,-0.0036231884057970065,-0.00039393224562389584,0.005983545250560995,0.006978625650921222,0.0050579587903016865,0.003078558437548784,0.0040212240488546325,0.004467572515495677,-0.002433769468627056,0.0008044013147920914,0.009038957789664126,-0.0006119045324043393,-0.0018639667881047428,-0.0030799551586477847,0.00037940421670024094,0.0033333840579710117,0.004470124873721781,0.0028202712454901135,0.0005936175686120926
2015-11-30,-0.010314248268511572,-0.09390518467459219,-0.0003761158381114793,-0.01442511697974369,-0.01870420218769875,0.0013094936708861749,0.002272681818181743,0.012613322325056187,0.0,-0.0023625610208296566,0.015393724552804189,-0.005235620242564076,-0.011038438672313022,-0.01760565266133529,-0.0006099725340048545,0.0329544509337214,0.0,-0.014255702790124336,0.0041593075005281754,-0.012565757470133998,-0.011474623370544057,0.0069333450199811075,0.007787836083812394,-0.010209839119640685,-0.004640997126186264
2015-12-01,0.04847309978056713,0.01730142701703219,0.018060892334345047,0.02604388777537414,0.014640855949147547,0.02528334731291748,0.009977370067000946,0.019073529814187307,0.0475836431226766,0.01605095745603702,0.02827991336093061,0.011070798949938343,0.011062850870463325,0.029428448573040722,0.02593832773878546,0.09804357601204527,0.00418032223467768,0.03149678849699922,-0.008115029311410726,0.02145007559777512,0.027628597997478854,0.013340991440840666,0.016007415492453214,0.0329113961619627,0.010680573511899327
2015-12-02,0.012945030649331057,-0.006118079117241049,0.006529493816175735,0.013845270142448962,0.044922433977675036,0.009991432610726436,0.0004490794791198738,-0.02941176470588236,-0.01490418736692678,-0.014554368354065428,-0.010774057272469495,-0.011308508549784824,-0.003028507199799635,-0.013743815283122629,-0.021415735318730977,-0.0258149020633216,0.011894082310613063,0.011869920662826106,-0.009033543856606263,-0.004491485301715503,-0.009802118844227437,-0.011183479694107379,-0.0001811300220729839,-0.00607526743540876,-0.010995693149292163
2015-12-03,-0.012551346417161047,-0.022589935290396213,-0.014075814470348003,-0.0022760396326901855,-0.023710265145641785,-0.004630541133679,0.013464945535684558,-0.0023612750885477762,-0.01008645533141217,-0.02659517572256853,-0.012611006380367162,-0.015976778650080625,-0.01234690801527949,-0.02285395763656628,-0.015501609999902022,-0.026706836951880808,-0.004114017164678518,-0.022441338171041658,-0.00928796009631927,-0.014437670826797366,-0.015932902800037674,-0.0055833859466726254,-0.01829375146338985,-0.012906984621140483,-0.014373526867514363
2015-12-04,0.039288213542870265,0.024556536823852948,0.05412788128636059,0.03235167912999404,0.026954869843744955,0.04482975164242431,0.0017715234720991901,0.005522682445759264,0.01455604075691408,0.02586397450103628,0.025253961531089608,0.027121715366758004,0.0214306575907266,0.01996575394561706,0.012658228238907832,0.01761684742187275,0.016524107893895135,0.02382606956521749,0.0332465636543946,0.009591016885553305,0.01724471212621337,0.010869529381939635,0.03154979646587086,0.018962474309903055,0.020525668952535936
2015-12-07,0.018011963130710074,-0.002143046385059133,0.01672356534101671,0.040176778629505305,0.02416839916839919,0.0034406395466506368,-0.022104331471957006,-0.010200078462141993,-0.01793400286944047,-0.0236854565059883,-0.01812004530011324,-0.004490749218277301,0.003594006904147795,0.0007457308118143935,-0.004268262325252015,-0.03221068161180729,-0.004934745865464718,-0.015542670554487326,-0.006300932538015669,-0.004177565915402637,-0.005368233188924543,-0.0062663963815763335,-0.0017885709175460285,-0.0046426076984978915,-0.006989502943734904
2015-12-08,-0.026867628371944674,-0.008703560430614266,-0.008224243988781521,-0.029161819798412814,-0.017000710479573744,-0.0915691975970474,-0.014918625003678687,-0.03210463733650415,-0.02848794740686622,-0.013855231714506644,-0.017877710495963095,-0.018404836463545182,-0.008710820751064552,-0.003912052906110186,-0.003980434782608677,0.01756291234958618,-0.002917123772378072,-0.0002588818821884775,-0.00042269191748400825,0.011196870563655148,0.008332515781341643,-0.010748835311741312,-0.00035835871065481584,-0.001152970848345869,-0.006489901427822242
2015-12-09,-0.02020195331541985,-0.02263398595099153,-0.02464378563499925,-0.015118400636562557,-0.028136291784393697,-0.011989364742687192,0.0,0.000819041769041684,0.0022556390977443996,-0.012081735316878839,-0.02025842571173153,-0.005147113781356127,-0.00263616486303786,-0.012156367829505021,-0.0073777438480707724,0.005753260113432246,-0.00877703335283786,-0.0071625303890886505,-0.022075614579189273,-0.018513927753477932,-0.01774814569909189,-0.010431017520513897,-0.01451874861948832,-0.014113894920536496,-0.007738985127360154
2015-12-10,0.010080136995182842,0.03301641037808367,0.010178409527519694,0.035750375106054166,0.016998644515344052,0.016853932584269593,-0.029371315770017725,-0.006137479290610481,-0.010502625656414133,0.007747185799179546,0.001498321890869736,0.004065059202976062,0.004796837889440297,0.01647101476713364,0.0021678537575764434,0.02955508411959573,0.0005903482706508534,0.010082537764036337,0.004756927702580072,-0.0037154155172898218,0.00783938829520836,0.0012444037680667819,0.00527464532557298,-0.002860476900130693,0.00225138698159677
2015-12-11,-0.045361760036289445,-0.040149077647503084,-0.0188478423559999,-0.039001560822963355,-0.01723687601888535,-0.040442033149171275,-0.0302600472813237,-0.045697857319973,-0.028051554207733087,-0.03047610218836916,-0.04009563375796732,-0.018954711078395303,-0.009353069070080489,-0.02868312588346289,-0.009270704287061005,-0.04249412403551567,-0.005014807963728218,-0.0019791412269093422,-0.02573814237755012,-0.03347321953993154,-0.03130331116113294,-0.016157274573455727,-0.021892509498824042,-0.014130209336235877,-0.01942276713061175
2015-12-14,-0.007602755999049693,0.021531963090527295,-0.007490576567255491,0.018263007675791698,0.010098245811898998,0.00806084790699435,-0.0014627011214042307,-0.002157075064710856,-0.0015600624024960652,-0.0009062301869759981,-0.006234507092611752,-0.0020634026999923893,0.0046223642800944376,0.0009587535586288443,0.003742950600656547,0.011605426855908707,-0.005632938037355428,-0.0011209259927333903,-0.00618480296872248,0.02774341690878379,0.02487270784745288,0.010106159836938966,0.01997776507625293,0.012045454626967267,0.004755559874067838
2015-12-15,0.01987067273162557,0.02528219318867886,-0.0002435179490317685,0.0193304503786369,-0.006051013209735112,0.010281037240118751,0.019531201171875123,0.010376221806148722,0.008593749999999956,0.0318027278390951,0.03011295577518691,0.03214283774167592,0.019383210584763333,0.013409980586015724,0.002485954008701219,0.1641172420237651,0.009242605568199114,0.015192084854416699,-0.01769210463399329,0.0011096381419344326,-0.0010510318726912882,0.013683514277823994,0.0010881755728722187,-0.005844037448840211,0.010618561196917398
2015-12-16,0.014084578126036584,-0.016457861127101348,0.007549044473969646,0.018963772474534846,0.02064589784663573,0.013116191471818306,0.0258621180968448,0.02053910909118084,0.01936483346243212,0.02307572174813788,0.023447046285018036,0.017118885448916377,0.010755815156702653,0.021171984076673533,0.009919529443244146,0.08102933957584968,0.02008865702148621,0.010373275993765141,0.007693004170259865,0.02600814498038062,0.02142513568364035,0.010886131622054762,0.016847825781742376,0.019760562988628383,0.014514969343641715
2015-12-17,-0.017129675529405586,-0.015990878949484477,-0.019577075528700916,-0.020913277454207235,-0.019450206964465533,-0.028794665821309406,-0.010737581699346577,-0.009643563941299949,-0.014437689969604817,-0.019333042611399343,-0.036596250026889265,-0.0068038856509895496,-0.015296921615201908,-0.025175860792299276,-0.007673418804578391,-0.059846407868267004,-0.01998259542376446,0.0032819910244552553,-0.02119626445828149,-0.007576536171285064,-0.00533757837496418,-0.018235287010173185,-0.007660787321204565,-0.011423490207713827,-0.015040520569611582
2015-12-18,-0.03226563900766932,-0.023273418050956174,-0.014544558654427275,-0.020968058415991586,-0.02089396929664178,-0.017696990011353386,0.004719206950485777,-0.01227777255386231,-0.007710100231303141,-0.03899017557094264,-0.033662753747289886,-0.030286640881798554,-0.016306464842787305,-0.019369559437903416,-0.010516609309210723,-0.025677860271445363,-0.004432653664302677,-0.028518713063926282,-0.02706922271722423,-0.009707013743430637,-0.020523441719794255,-0.013528380255941608,-0.028186714036145144,-0.013503589520735937,-0.01779722009170015
2015-12-21,0.03188128498418097,0.039396311579857235,0.0318949730542204,0.030024019816333514,0.012425715829281314,0.014740219244725461,-0.004227336579270213,0.013716245177882502,0.007770007770007803,0.01287819782100974,0.01246401366366201,0.004275869041162617,-0.0036291810778572575,0.004453911782608566,0.014692060018756115,0.002211620039023643,0.002671415929694554,0.013728233465722717,0.012260680939356838,0.0005571039112890475,0.007016493588845707,0.004447783741191369,0.012931849012897567,0.011443132140626311,0.007778402243204363
2015-12-22,0.01179245227394099,-0.015435610741317274,-0.009454533333333348,0.005635464547910196,-0.0010672625400212077,0.003919806408111626,0.0136791974679622,0.0063424524312896136,0.010794140323824086,0.012939538677918527,0.01704548611111112,0.005923731951129163,0.01112420730214203,0.004434143135418234,0.0018484596995829161,0.04008827620286359,0.009177057702103752,0.0002554978194193591,-0.0009316686853629852,-0.0020465997193931385,0.0070631385051962425,0.017933527675276784,0.009483785902469899,0.002982173583262915,0.008816736406698222
2015-12-23,0.009090885357068146,0.0006967541476208261,0.0053842755092476935,-0.00019319806763296032,-0.002937954138300003,-0.002296784513165173,0.02698929734760358,0.027731093602146872,0.016018306636155666,0.016106603452819668,0.011793823345939591,0.012881873389767984,0.007594187592193435,0.016890634045705566,0.001230043050430396,0.01608909964403038,0.012320269873863365,0.010643732788764737,0.012869494996941455,0.0008293568274078122,-0.008340488895071774,0.004422533393444228,0.008491454688038136,0.00041333066666671137,0.012418068122691306
2015-12-24,0.012012011734534367,0.005222287460189934,-0.0004868670649043061,0.01005017355816884,-0.004821858836225101,0.010589387904912151,0.001359311282283615,0.0016353639262209896,0.0022522522522521182,-0.0026236458478871016,-0.003680920471222149,-0.003997111119238506,0.002222465981688293,-0.002453793884484634,0.0018426903610966328,-0.007221167440035425,0.002318226735336326,-0.0029489088727120416,-0.005340208083970177,-0.0013711526044088984,0.003727420540784232,-0.002093207843600897,-0.002687244715155912,-0.0025455798337901125,-0.0015986363048084984
2015-12-28,-0.013239009056402518,0.0017894134787170834,0.0036531294330324204,-0.005931821887938171,-0.0016151277730751534,-0.0018223689374775587,-0.0009049773755657187,-0.0016326938775510502,-0.01048689138576775,-0.004658332851107949,-0.00954439655172401,-0.002553812477198103,-0.004820670990930642,-0.0001891769229583895,-0.0061312386919447626,-0.10489879848480588,0.005782046834345023,-8.445158304726252e-05,-0.011200592428029288,0.018723931278272987,0.008665045000905813,-0.004629287522603942,0.005029693013461234,0.01885353493788755,-0.0021785598289102426
2015-12-29,0.006245662734212454,0.01659458340660458,0.004246530071500221,0.004234783364104322,0.00835810191426245,0.01186672752167972,0.0031702898550725056,0.01676214295838685,0.0030280090840271168,0.010516485258134756,0.01181227925472661,0.01115583394294073,0.007847296959433425,0.0094625283875851,0.012646638658028397,-0.007342862809309403,0.007760850596123969,0.012591886882584502,0.017974124695749882,0.027799109399304855,0.012555480033984656,0.0157691881711417,0.010723824651942326,0.018478401352396645,0.010629762703622703
2015-12-30,-0.01609197701149423,-0.02306859469183331,-0.016068564071592184,-0.019168105009319758,-0.024598982641765743,-0.02232751465944982,-0.011286681715575675,-0.016083714672950666,-0.012830188679245236,-0.008282046577028579,-0.00983099876592941,-0.007234617340665106,-0.002403152959753463,-0.0016872890888639525,-0.0024368563852051883,0.009271160955431013,0.0005704791622795913,-0.007511283592054663,-0.013058635757168924,-0.007060772374544055,-0.009696074777250208,-0.0031478251763329412,-0.004243996538355388,-0.0072108887111270725,-0.0072172285974309025
2015-12-31,-0.01051404230172992,-0.02628219409212007,-0.011419449621329902,-0.009380477208539295,-0.031524067982455994,-0.006689665821899227,-0.009588995433789993,-0.01307719710164279,-0.00917431192660545,-0.009779677209485138,-0.013031368290412515,-0.009655638725735938,-0.010213894875832574,-0.00807511737089206,-0.014351175572519193,-0.006645167465158419,-0.017388853056507725,-0.010763530285293199,-0.019194893775624333,-0.01912721765003489,-0.014686471336033957,-0.012343914521140253,-0.014739850564023271,-0.015719837872892328,-0.009411913089778401
2016-01-04,-0.03400231565536327,-0.04039801536795551,-0.026207923830383173,-0.040047327678976785,-0.07132750799164977,-0.025545795969674878,-0.015214383807543364,-0.027329192546583836,-0.008487654320987748,-0.017144743209116076,-0.010374065085635542,-0.026674042923582775,-0.021806833899855604,-0.006436955698599034,-0.010222986685965996,-0.03098870573558865,-0.0087033069711836,-0.010030601921375504,0.0008549876171388693,-0.0575537796633967,-0.02331361462588899,-0.012134850026698452,-0.012256687094448382,-0.02245411380946849,-0.015303730981790165
2016-01-05,-0.009533121486189011,-0.0008072337632928361,-0.016709259777825003,-0.0018495684340319452,-0.023773300098345107,0.01191611086549349,-0.00749063635343461,-0.0004257130693910982,-0.006225680933852118,-0.017218036678435245,-0.006353208386277065,-0.00037801927801917046,0.004179926228704556,0.012766806402439101,0.007198716519601911,0.02395940101522842,0.0008780509732544406,0.0018890692245328022,-0.025059326056003806,-0.005023645661998533,0.004989258413331532,-0.0007354983612098964,0.004562043878869382,0.0009975061644929006,0.002012226074739054
2016-01-06,0.01752221125370168,-0.01789712301636981,0.014398768421261865,0.0074119827053735765,0.015610365769914702,0.009185092067477418,-0.018396319886965995,-0.014480451448040887,-0.02740798747063422,-0.024412660679250076,-0.024936092553193956,-0.019096200020726095,-0.005054539047481876,-0.013734787818070138,-0.01771283405842139,0.015268699035606792,-0.015497163289556637,-0.010198851559821809,-0.019569701100184966,-0.001798630523627498,0.0023362016255368268,-0.005005579462396326,-0.018165304598824816,0.0014004928441266884,-0.013115396617015107
2016-01-07,-0.01891823914625268,-0.047519579426961944,-0.05383630641315751,-0.0394441038217862,-0.007685213885189501,-0.021003431552085505,-0.027390630821270245,-0.018150389721278692,-0.03945249597423517,-0.030734815843966645,-0.049836065573770516,-0.0285273510306987,-0.011654527459453501,-0.008775257870097475,-0.006643498682584736,-0.04892580959129278,-0.002079002202494906,-0.02943979616312753,-0.04220456970028086,-0.039057964218144,-0.049043439360556995,-0.017089568944137934,-0.03478262784056663,-0.02317040977361029,-0.02370044303909813
2016-01-08,-0.0019777997038863404,-0.01906593382758226,-0.048790391912160835,-0.008297851063829853,-0.010532776038809644,0.006197806765249059,-0.03260869565217395,-0.02728868958136843,-0.02095557418273264,-0.004130682910055916,-0.020703968253968252,-0.01666668584656006,-0.010683299630283138,-0.01693604728514342,-0.01273885350318471,-0.06499641713724635,-0.024702322898947693,-0.017218235961039774,0.00528775553292915,-0.001463983283008341,-0.006025286070778013,-0.009257835245688462,0.003066973473911272,-0.016409977772064988,-0.010838374634476344
2016-01-11,0.017587392063101115,0.07950690560728968,0.004120503159441791,0.0027891224460605546,0.008766436795039745,-0.004027434352699366,0.009703779366700749,0.02624434389140262,0.011130136986301498,0.010918592034663943,0.0028188866391432033,0.01069408775839209,-0.006010635451889401,0.003328073479715199,0.002258064516128977,-0.061607743501158385,-0.0003052181873665072,-0.005265086954789888,0.016192244224422447,0.017609755722456377,0.0018493783653679152,0.01215521491471483,-0.0005733422291862578,0.0021835179410221173,0.0008532723085774574
2016-01-12,0.022395276416977694,0.011543356770766344,0.005235644693240227,0.0047068247878980785,-0.005897020301147915,0.01522357242570016,0.004046535154274222,0.011022927689594342,0.002540220152413175,-0.00012061184144362969,0.0,0.025354382112197982,0.0068668443169006554,0.009951180487804967,-0.0022529771483746908,0.028788848289836633,0.012820574653270578,0.024457017257583313,0.014513346188977927,0.00024286107816973157,0.01907497653420198,-0.0024769346986995844,0.009177820443170503,0.014021727571987164,0.007802798638371966
2016-01-13,-0.04523814285714289,-0.03504098750182982,-0.04757878592935272,-0.043015333113614496,-0.0708710293746807,-0.05342075913776945,-0.028211536523929492,-0.03314435237679891,-0.032939189189189255,-0.04055278327276879,-0.055165146000180854,-0.0317367789770876,-0.012418577207218506,-0.021251894175111974,-0.020322548387096795,-0.026959423184646836,-0.019891500904159032,-0.02699090456100295,-0.0257102841136454,-0.05839229656430034,-0.0395491685755508,-0.013017276735166727,-0.021599090973836388,-0.03513436549376714,-0.02496545260273253
2016-01-14,0.011221970634512246,0.036827631257217774,0.016109901501040413,0.008900779014258564,0.04872308467741937,0.001732648429076944,0.0,-0.007216959855660843,0.010480349344978324,0.015095250798941695,0.00966905948936625,0.01829879348481822,0.01927439762753247,0.02250294117647056,0.02436615000440745,0.049450502110702566,0.01168517835178351,0.014007131355658897,0.021870787555190452,0.019233086468892324,0.030699926012155654,0.013265274274075978,0.0284663444706883,0.020212363024473046,0.016695905641396447
2016-01-15,-0.04414305904175231,-0.01586915378698195,-0.00029086545454548585,-0.018526687251874785,0.014738898261419386,-0.017296787316610107,-0.030585794163515034,-0.047705633802817005,-0.05272255834053585,-0.03581385485974242,-0.04346228360957638,-0.0359399493669027,-0.01911213488838237,-0.012741312987283981,-0.009643265520949296,-0.011919349846920557,-0.029787293022049077,-0.01345255483112029,-0.02401527427714123,-0.038482305227656055,-0.03456340242258604,-0.021668835402337217,-0.03991713349807691,-0.028360700445573483,-0.021599098121783955
2016-01-19,0.0025800568926757084,-0.016187913082259864,-0.02444347339836417,0.03280896629213492,-0.03220713609093784,-0.004274629117425266,-0.01122999939946534,-0.02576331229786788,-0.019160583941605913,0.007775888389075947,0.011166769779236363,-0.012494899631298573,0.005154639175257714,0.003910852638069118,-0.0038947745503010722,0.003156775755020602,0.013157894736842257,0.030291983992641436,-0.0048387935689815365,0.007541455422480858,0.003053606369868289,-0.014765808004043701,-0.008433045364461766,0.010569466301629138,0.0005318215544081184
2016-01-20,0.005146680258706127,0.04987511300499259,0.0016405815820768055,-0.005874673757064297,0.0016313539967374169,-0.007575732705845106,-0.03569497025419144,-0.053379040156709245,-0.025116279069767433,-0.019576628382627304,-0.03884234577303891,-0.007052478885137603,-0.017948717948717996,-0.01538763147643174,-0.0009775496586005294,0.004158181473650879,-0.01020414347557208,0.019630475757142163,0.0013448789015155782,-0.0047172401029534905,-0.00955284464512185,-0.048786198979110296,0.004549050542937971,-0.004759210169285155,-0.011693855152753452
2016-01-21,0.01868919563007676,-0.03555312929755172,0.08114944424363046,0.018165922918930377,0.006188859733261776,0.005089084098958807,-0.026920919798092968,-0.03879979306777026,0.013358778625954137,-0.01365857560975614,-0.018225000000000047,0.0029245665954578115,0.001984355091383838,0.00731946602016742,-0.002609262883235597,0.010296575496286042,-0.0034363638510693795,-0.011237921323826838,-0.005062465130695415,0.005684103549185693,-0.0020137149340480054,0.008616469648642155,-0.006103583262382695,0.011654398826182577,0.005195438264643304
2016-01-22,0.009298793433053731,0.014922548779862765,0.003443051873804448,0.005159028374892571,0.022337359091529896,-0.012658227848101222,0.02824207492795372,0.025834176533907627,0.034839924670433176,0.034355471191116704,0.03349475248205214,0.021037326433548387,0.008442755713096606,0.008444619341893889,0.004251111837802579,-0.018500044926333614,0.028213134796238215,0.007312792951541747,0.05316714213220597,0.03714650665554209,0.04014441205843622,-0.0033358065792593594,0.03585580427892232,0.02640848623242742,0.02028370093089693
2016-01-25,-0.031872485059760924,-0.009469752958375044,-0.04213560194708199,-0.01753633522396647,0.0012666561114629271,-0.020512794871794915,-0.028587443946188396,-0.06243431597241966,-0.05459508644222022,-0.03659317839734055,-0.024599803803209586,-0.02774377804977568,-0.003617550387596924,-0.008373904902586382,-0.006838131124654256,0.04548531705384473,-0.003963445242787911,-0.008309323741636843,-0.019522737132715462,0.00025155772953855404,-0.009495609362965007,-0.0034285551020408755,-0.009562057571962934,-0.01872460117200969,-0.01563798186831422
2016-01-26,0.019547273159792544,0.020189898100827053,0.022066212608307545,0.0037005225010997567,0.023086558409659785,0.004450209307586217,0.01327172533179466,0.04420811168393346,0.026948989412896918,0.022035482465440737,0.020416333066453074,0.012589131347041649,0.04958504046504064,0.010408543221073874,0.005573770491803298,0.0641261275221674,0.0015305479969727198,0.005115558434879874,0.00553089277832286,0.007912377869580878,0.0034016492443738056,0.004177539250040274,0.007337265739771004,0.001925042551640166,0.014144335682203524
2016-01-27,0.0012613522013458223,-0.022811325945955474,-0.018365413756752602,-0.030145304052368038,0.11406501477990805,-0.028146938445320346,-0.003986275853432697,-0.012861736334405016,-0.028116213683224034,-0.004726422882352033,-0.004707689289917605,0.006423580871263157,0.009685748171575304,-0.02099129210901285,-0.004890772742093374,-0.04200060870447386,0.003973013326008079,-0.014303238103749005,-0.06570653328158949,-0.029771349688149762,-0.029689738224357498,-0.013296329661353523,-0.018209642254538583,-0.01830190228127715,-0.010863483946818686
2016-01-28,-0.039052659084219066,-0.036151394321766506,-0.02070832707976278,-0.033989265787359946,-0.03440626985554185,-0.02949857791636945,-0.009719839908519101,-0.03583061889250816,0.0,0.021727797152434336,-0.007883365869792325,0.007206053119209299,0.0010766738027927492,-0.023228072726386162,-0.010484895150720819,-0.08800166260722242,-0.029832482790409953,-0.008457268611105295,0.007171868978805396,0.08914031394423172,0.15521444643349214,0.010416683287175044,0.016399843490826793,0.04424353553970106,0.0055285771108635196
2016-01-29,0.02228639282345002,0.05040254499175112,0.02668808516844101,0.025231480897419445,0.011781609533954462,0.03951367890338986,0.027713568129330124,0.007319763513513378,0.03953712632594031,0.028651471140347162,0.028208144616607145,0.026778455714572935,0.02121839311288931,0.02987798719760182,0.009602615576072226,0.04760796397092548,0.01725751436280154,0.03393793411576396,0.03454139800367306,-0.07609975261886215,0.02841167602958783,0.021027654876226043,0.058202054202803444,0.016403072177865408,0.02476021748183288
2016-02-01,0.010002538599510835,0.03851182751597282,-0.0015625141601558479,0.020772137711173366,0.008804345606485242,0.018341361465745942,-0.025842641901272057,-0.002794801721341611,-0.011131725417439675,-0.011822258131001018,-0.00656877923372412,-0.005773462074457392,-0.0006702316991530344,0.0015788830305460966,-0.010495244342407228,0.06018622189995315,0.0015423504961351586,0.006338962961480954,-0.009348634039393122,-0.020766613287904634,0.025666135154319036,0.0003205465155817766,-0.006897821746233435,0.012181153312909476,-0.00044323640602828007
2016-02-02,-0.05967501118143703,-0.03492344560180416,-0.033148413243015984,-0.03539035689870307,-0.03997753378378388,-0.04802923393293557,-0.047866205305651555,-0.05044837443946193,-0.06472795497185735,-0.04979641277030045,-0.04706336239064035,-0.0222266123793875,-0.009198035569664587,-0.0066995073891625845,-0.0009943984090156066,-0.04391014022142947,-0.02340628200165451,-0.01734405054227328,-0.020221881157316268,-0.039508745635979725,-0.004170605757949697,-0.015140590961458034,-0.0312556942287644,0.01682184042553203,-0.01874309104264482
2016-02-03,0.012962436212866413,-0.0042281165923259145,-0.01015306077329392,0.004356752938391439,-0.00879762514942084,0.010145297226616501,0.010902543912779894,-0.017119302413264315,-0.016048144433299938,0.006460092415163432,-0.007346938775510181,-0.025189513610914926,0.007059229975467485,-0.007141460027772162,-0.015593862494819533,0.029961783377641993,0.026174772190941997,-0.009922699594029694,0.019792505512594927,-0.0380908710635407,-0.016752456009489047,0.014478599081200416,-0.01584905660377367,-0.04930361710156694,0.004992038935398124
2016-02-04,0.018661717870526173,-0.01073993796090933,0.024379471876593062,0.005479497841997638,0.008579911496447101,0.019272502714440698,-0.10784906483828238,0.01861855855855854,0.04383282364933727,0.024954232215611993,0.02837171052631593,0.013655504775441418,-0.00230456118978839,-0.029170809773642503,-0.022581732389619247,0.02919630472032475,-0.014443791811807105,0.012860283813747264,0.002594706798131785,0.009772728513361306,-0.01952261922934395,0.02349263130618473,-0.0030674846625766694,-0.026054063810924122,0.0015267326294097217
2016-02-05,-0.038209867527083774,-0.06173072923130163,-0.06312589968794668,-0.04609452665543745,-0.061601642710472415,-0.049533956046177274,0.006044325050369448,-0.004127358733924447,-0.017578125,-0.0001278292501811773,-0.026389444222311043,-0.008082880829015648,-0.032338796297616934,0.016258509981477598,0.0010345172413792625,-0.003610542529182248,-0.011849048955410058,-0.021716252759621302,-0.02670811594202882,-0.06364450893886342,-0.05810478881536418,0.007207246263889688,-0.03538461538461546,-0.034519290200430874,-0.0184812461330659
2016-02-08,-0.03265308843537418,-0.006189021440525577,-0.023234154994862144,-0.029516735516150194,-0.0031260081275398255,-0.027178426090737506,-0.03604806408544736,-0.07992889756831845,-0.05367793240556673,-0.04614303670899822,-0.06899383983572893,-0.028416234257913953,0.014521573358647455,-0.011138092119520215,-0.016190216459172624,-0.07205714140416775,-0.013884537270920205,-0.015216648628565532,0.010529760073590966,-0.027940969191833087,-0.04151052176419712,-0.012366834513744762,-0.014952153110047828,-0.0012142384708228038,-0.014153935962584518
2016-02-09,0.01800281344593002,0.017667366619301905,0.04075477258555704,0.029678685307824137,0.04703669009208822,0.015264947717023247,-0.06717451523545703,-0.010296010296010238,-0.03991596638655448,-0.00670016750418756,0.011468901632112782,-0.0010752473118279537,-0.00029410784313732563,0.006758099252176963,0.018907598701246364,-0.029900703890462066,-0.0035200320000000618,0.010361816315991978,-0.00021058835025400402,-0.012354023613759257,-0.0021052531328320523,-0.02291701788666678,-0.002631066585711439,-0.0067815055040205685,-0.0006636201005447706
2016-02-10,0.025697707258848013,0.008447552439738049,0.018436676143684716,0.030728918532634708,0.02395926995984632,0.008226978723404166,0.010393466963622755,0.053966124837451224,0.006564551422319376,-0.006880296795952812,-0.010030484081988589,-0.006028051538685686,-0.0023536137849012873,0.007526423921887737,0.013402061855670055,-0.011385831330160912,0.007707129341911756,0.014213691464062927,-0.007579745555521433,0.017445607231067584,0.014667460170107782,-0.031272652534859224,0.008725649527712154,0.008862883799005017,-0.00018895050095235622
2016-02-11,-0.016971902396872407,0.008838440677801929,0.001496199969850398,-0.013173076034203923,-0.007604533711744188,-0.005627489993598855,-0.06833210874357087,-0.0431831612080914,-0.061956521739130244,-0.0444202552311419,-0.044493390110423414,-0.021875634475877703,-0.0002949572310541049,-0.013729073566102756,-0.012207561885384743,-0.029315926353140065,-0.007648183800133435,-0.01880428452730687,-0.006046462545728826,0.0271978382417708,0.009009940594059351,-0.01946920676480235,-0.0004023335425937802,-0.0014763638066155327,-0.012301161634528213
2016-02-12,0.03644828520425958,0.010330186538022756,0.02240812601111064,0.006791592346800934,0.06837606837606836,0.025466949632144686,0.08990536277602534,0.12056731141199228,0.0660486674391656,0.038666592669463595,0.06454582459447566,0.0476085252435785,0.001179970536282271,0.0036847698540334317,0.00789570916222826,0.05932402782061286,0.004174727173241077,0.01084792051578587,0.0030949841235852205,0.006470525097666657,0.0009812383090477272,0.02706833308558898,0.016301087065829778,-0.001039307015838764,0.01951804943402924
2016-02-16,0.020888445267054356,0.006082974219135284,0.016949093601721366,0.036985343708521023,0.02234485517241369,0.02317880666783645,-0.01881331403762665,-0.012658171039020227,0.007608695652173925,0.019776903449773897,0.02728449545257683,0.019657598400811604,0.004910626595953538,0.015296757399485106,0.015326906834914666,0.03246977070335744,0.010873073233130803,0.029780021463065687,0.028194532533015515,0.02764847629452971,-0.003921193923709598,0.014044918918994398,0.011683168316831694,0.01260254351925405,0.01651665425466664
2016-02-17,0.018906992517301546,0.0009647777644254951,0.03117814744764802,0.034095915922121245,0.025634025212249778,0.03856515433844909,0.008849557522123908,0.044871794871794934,0.029126213592232997,0.012884162853733283,0.021500886235281902,-0.0022802859751124283,0.0017591868647381936,0.016472459149707852,-0.00603824240316142,0.037146613255607974,0.002847200163011765,0.027355631309498474,0.01531461092715225,0.02494722816874595,0.035331128478189866,0.02737493934128965,0.026032452534742623,0.025180931982633936,0.016480439087318555
2016-02-18,0.005083909506863105,0.011759427186718518,0.007663411216249472,0.007809132659832407,0.030781427560190755,0.012724020395949998,-0.01900584795321636,-0.04684885666480754,-0.03563941299790352,-0.02126676797049465,-0.011143252166735507,-0.00831084545375349,0.016975590243902383,-0.005533557530970623,-0.0026999663415446795,-0.0057052402386637,0.017350125635642755,-0.007185173106039611,-0.018956379170143478,-0.017037963693898317,-0.01644482936629743,0.050356852503677274,-0.00438761939670429,-0.015598599132740976,-0.0046657135860892485
2016-02-19,0.005563909823877111,0.005779638090434691,0.00027649336283186443,0.005596254963328828,0.015058703420112396,0.007948743589743623,-0.01788375558867361,-0.011117612638970265,0.0021739130434783593,-0.005550612754365858,0.0016694908877084025,0.007542426147077341,-0.0007674021636109307,-0.003974582670906224,-0.0020304230805557877,-0.09690790461260324,0.0024806821705425364,0.0019583057120045044,-0.0022855182927271622,0.018857188571428596,0.010631091034782214,0.004756549749110217,-0.0070894617185180975,0.00510503638419868,-2.6033069221664817e-05
2016-02-22,0.02716302953536376,-0.0018944367144831942,0.0006912220454091678,0.04494860777079168,0.03419665577068143,0.03841259123855023,0.01365705614567525,0.028994023668639013,0.009761388286334105,0.01279687528971829,0.022500041666666748,0.022873757537949624,0.005664323899219559,0.012968894911590034,0.018989454052221078,-0.10671843997454844,0.007114104106767494,0.030506432698844232,0.008746314035818381,0.04598985772339392,0.0247681361767238,0.005184866167946112,0.016017020455422637,0.007918347881747057,0.014454197343192865
2016-02-23,-0.011263442703232207,0.01980263216250311,0.004834908203272592,0.002662863580499719,0.003890104451978793,0.006369475747182829,-0.029940119760478945,-0.04082800694813149,-0.03329752953813114,-0.026076948602316463,-0.03382241100968175,-0.022158996181317336,-0.0063961622911694604,-0.004530214693716839,-0.0029950084191350257,0.04412538314345049,-0.012592106492871347,-0.0009894862947840144,-0.022605203245466776,-0.011724750670241146,-0.015864174473155135,-0.010241533669984815,-0.027920264846333698,-0.015018607804533346,-0.012454371626831162
2016-02-24,0.00693410086839763,0.021837613724950522,0.011822931312150953,-0.0002043309457746556,0.032211139931917154,0.006815944166701726,0.014660493827160392,-0.014388429256594781,-0.007777777777777772,0.004485501221848098,0.0,-0.010187048240625773,0.00845500560232515,0.0003957261496692066,0.0020027036716523394,0.057524980100604584,0.008398008808833124,-0.007841559920073293,0.014890653083085681,0.001989322523277881,0.013464801948272376,0.003021216148997752,0.003517018366549385,0.005331640623639222,0.004439786657369549
2016-02-25,0.0172159616330545,0.027867134994414844,0.017798995048885713,0.005312668682318611,0.011027710254052359,0.029738853246159325,0.02281368821292773,0.020072930652498266,0.034714445688689866,0.018480365738944293,0.038802194803972956,0.0029405376404003647,0.013528944488652384,0.008702511694966164,0.018987341772152,0.010497399248541095,0.007094509999661325,0.008319467761717103,0.006867887617065582,0.002003548559811774,0.011134010417309437,0.012801181939732231,0.01440804099672821,0.008848421890469638,0.011348275180813827
2016-02-26,-0.011847243427290932,-0.03709390956124203,-0.004538833024224753,-0.027235771804151043,-0.010443281503829227,-0.00986151678797853,0.014869888475836479,0.032796660703637404,0.007575757575757569,0.013490725126475533,0.02151851488097911,0.006701570680628377,-0.005640139282951817,-0.0070588431372548,-0.011768551814318351,-0.04792819086209643,0.00030621743912906396,0.0010726485414020992,0.0015502273025951308,0.00014402593270879116,-0.00138800777273973,-0.018364319702602216,-0.015355067767948816,-0.000963504073680399,-0.0018701143063153403
2016-02-29,0.0031808417710017522,0.0052754323328321195,-0.008984819632559926,0.007939845216467845,0.008911843548589093,-0.005216908001750453,-0.02344322344322347,-0.007505715935335,0.01396348012889348,-0.004792019966722072,-0.018282949125596137,-0.023923486582067777,-0.005388542308456645,-0.008491311384109634,-0.018524644392987066,-0.18412893529748453,-0.01867731169626441,-0.018379658478864913,-0.002270147465890049,-0.004880788317662366,-0.009266123225836198,-0.007574036261259076,-0.008187095676161715,-0.010353563373175723,-0.008120976670040303
2016-03-01,0.02024395121951228,0.04326333770858737,0.04289577691757018,0.013681591472570975,0.02185027894002789,0.013110822095093733,0.057764441110277565,0.04188475614399323,-0.05826271186440668,0.03424058740213054,0.05627526087954404,0.038363236929379374,0.019104667038348788,0.03067120156684311,0.012470542635658832,-0.005319239879062132,0.01716065576164283,0.021578505819958238,0.03971450864765713,0.04799818475355866,0.027123101891565637,0.025490315389531393,0.03341196868294083,0.030153169951325554,0.023868792264572836
2016-03-02,-0.005737556503105035,-0.006667830574557887,0.002465317244063847,-0.007157525269630871,-0.0025022976001433106,-0.013176494117647097,0.052482269503546064,0.04522607481853713,0.03712035995500562,-0.0029097770285073654,0.0007666155615178027,0.017446612942392914,-0.0016787912546278871,0.010048309178743997,-0.001997370106612162,0.0308633169226884,-0.013190184858293597,-0.003287589435153948,0.0021884014721973433,0.002020661861796391,0.0011837279184119254,0.014363385218552738,0.0070368768719331065,5.56169225682801e-05,0.00409430843797276
2016-03-03,0.006972854051454647,0.01707586389829996,0.012813849008184164,0.004943398660008258,0.02576971611264378,0.0021459227979474527,0.047169811320754595,0.042200910373980216,0.03253796095444672,0.007328177833881622,0.0011489084201872224,0.004034698406294224,-0.003643488381507076,-0.003252381863401599,-0.0030020346897932093,-0.038239246506013735,-0.01087964009198883,0.004535359228218683,0.007444168734491274,-0.00468801278306763,-0.003365120601140248,0.01100513548778137,-0.011331501202426764,-0.008944833017564102,0.003498740552965396
2016-03-04,-0.005969436342659118,-0.004226225999565236,-0.007412166134185272,-0.0024595818311214934,0.017340995998221587,-0.012610016954794467,-0.006435006435006385,0.007175807278318569,0.030462184873949694,0.009721199900583288,-0.00038255548517807103,0.006831444645368556,-0.0014064884874545047,-0.00038380039861041215,-0.006022081165007687,-0.055170258208818934,-0.010370835952231316,-0.00016415202758157665,0.014876886699507264,-0.0040692913136036735,-0.010859673099841594,0.0,-0.006112684092175136,-0.002147564690082593,0.003305892405266686
2016-03-07,0.012010569012477434,-0.010813959302325649,-0.006051255466750671,-0.00575301030421238,-0.0006555507279525363,-0.0004819277108434328,0.002590673575129543,-0.0091603562340965,0.007135575942915473,-0.009500064001531916,-0.0015307692893521407,-0.0007982638036665435,0.002253502347417946,0.010752630155429044,0.0026927634699684955,0.0709509530100969,-0.0006351540171481984,-0.0003284154270505324,-0.011066886280287846,-0.021455691967459334,-0.024540972640843095,0.017053635332649364,-0.01921968132269236,-0.022127251287950567,0.0008850144294971773
2016-03-08,-0.032281057861831,-0.019395809447489087,-0.010362629936371603,-0.0448439356239706,-0.03870546687076304,0.0026518804243009786,-0.02842377260981921,-0.024139651984573907,-0.02429149797570851,-0.024139039943133267,-0.041395170563434225,-0.020371499900139867,-0.00487162272571906,-0.0036093845670476243,-0.01443437346645271,-0.03822725932212856,-0.001588783018391604,-0.0008212713399922134,-0.008245842416968907,-0.004513109548964667,0.001891582278684023,-0.007705936826511661,0.012149774880458208,-0.0017118390675811002,-0.011240108648189029
2016-03-09,0.02158454746136851,0.0030568809172111244,0.012041858323511567,0.011250562283631194,0.024112853141784685,0.017552296225054054,-0.005319148936170137,-0.001052631578947305,-0.030082987551867335,-0.011147770007344349,-0.015993562574970088,-0.0053006728909413825,0.005836895068378034,-0.0017159198910216,0.012942744790778393,0.05874899259702304,-0.011139401654996828,-0.004603041111193806,0.0008908640997722372,-0.0014101292005473942,0.014915529123005644,0.009635413335385756,0.02303965060833879,0.016239923153677838,0.005052393293188295
2016-03-10,-0.0004802160633750052,0.00029870330569314874,-0.012027948784273046,0.005562644177892873,-0.0062194135939583894,-0.001417816635160607,0.00401069518716568,0.015279241306638491,-0.010695187165775333,0.007404442468029071,0.001625314846594117,-0.0057389422886052754,0.002807965286707903,0.012987012738979953,-0.00504371217215871,-0.010619189192055178,-0.0019311232700354175,0.008175045552023974,0.0004944224487966054,-0.0009651599334900007,-0.0017672960326055032,-0.001566854168026377,-0.014950813777441452,0.010748138374853111,0.00015580467030051892
2016-03-11,0.02017775594096194,0.015352491589694983,0.05733732238954481,0.014680829787234062,0.013634241679291836,0.025319546867938802,0.06058588548601862,0.07005713544369474,0.044324324324324316,0.019335173636997105,0.05476673427991896,0.03215836042706077,0.005320141920105881,0.00301659119501152,0.030753632984116264,0.05139835067578691,0.007739438890680406,0.02465396100103079,0.010773984382722146,0.01910792430851016,0.01947450614983226,0.015478985441486959,0.019596561375534227,0.019640301706627117,0.016395500477669467
2016-03-14,0.0028255002866610646,-0.00688355588113454,-0.012133168706196629,0.004193751398485102,0.008820331149739014,0.011308515517723716,-0.013182674199623268,-0.0014549465831742436,-0.024844720496894457,-0.0029231973116382592,-0.003461538461538405,-0.0037946674655482404,-0.00046416303466867426,-0.0022556202583530194,-0.013114754098360604,-0.00733288250181674,0.0019199679999999386,0.0009592566100600219,0.0025424602956207742,0.0066010254367292465,0.004387121674906513,0.002950252859298619,0.0018842660636895214,0.005049369809106086,-0.0012609725467921384
2016-03-15,-0.0112702277529938,0.007760651520841488,0.0025065421417904687,-0.0027145751245474248,-0.006994535519125655,-0.004564148790506595,-0.026081424936386766,-0.021369596891695042,-0.011677282377919207,-0.009512059107692372,-0.018525665766113475,0.002004791459406574,0.000928831472085001,-0.012434136682964003,-0.01860461794019941,-0.5146292364624965,-0.0073458641758501475,-0.0029548234870242496,0.02009368006608181,0.00636591560742561,0.0070979980625898165,0.0012607368067005797,0.007899229185602152,-0.002956882407108785,-0.0018369417185468695
2016-03-16,0.004749465572323475,0.013579430876612397,0.006750856525837179,0.021147446446710516,0.02509355051727935,0.012150458783825258,-0.04376224689745267,-0.041687394540942835,0.0064446831364122215,-0.009800736761170326,-0.010617381046008623,-0.008803501400560187,-0.003247939806088729,-0.009156791650392626,-0.016926201187332346,0.0008953447266690784,0.0038610360360360474,0.00040051262155405,0.013291260279212125,-0.004765865835989591,0.013644185662676112,0.012800684879653135,0.014181713006157892,0.010654524485979033,0.005600351548705085
2016-03-17,-0.004963436422513956,-0.018733302618411996,0.0055880293752392785,-0.003075681771580907,-0.024264569465321073,-0.012457621179722711,0.0095628415300546,-0.009839358355223204,-0.0032017075773744796,0.01574339783581613,0.027424483306836223,0.0038352643553640764,-0.006237836095788651,-0.007893723679124554,0.010330543721400076,-0.1147883090403008,-0.011859006030160102,-0.0029623938676958117,-0.0016041898650561714,-0.025824120158666863,-0.010340550900338807,0.015539747971394569,0.0057038088575458445,0.0022959175345544924,0.0065952364278478726
2016-03-18,0.03182900388736365,0.023110136259706593,0.012966114609800794,0.029411765310813687,0.009022865515468048,0.02064224865331421,0.023004059539918797,0.007845135572953188,0.012847965738758127,0.030671649187845373,0.01663446808510627,0.016287975065352844,0.007120123798390887,0.013972462914272565,0.0037491820040900237,-0.0912765546892369,-0.02270518975024316,0.017586140027191277,0.0011341776508817514,-0.013155986296453759,0.003873176108984966,0.0003400639443720266,-0.021405012806439805,-0.00024404699628977067,0.004405643539266535
2016-03-21,0.0006906537912214628,0.0110340204147652,0.0028038888553441055,0.001398601426545465,0.013740502235136454,0.011011280898876263,-0.005291005291005346,-0.010378827192527251,-0.01374207188160681,-0.008312264911969569,-0.012937594637077776,0.0025721606139263997,-0.0020465209302324983,0.010526296650717804,0.021052596908230914,0.07412898443291316,0.008297378303928848,0.00015780460734049484,-9.437311178250862e-05,0.0034414630877681596,0.0035890624564125506,0.010469841878301578,0.006917161827737495,0.006087379536465765,0.0009855774954501406
2016-03-22,-0.01633317192700323,-0.0037140393038693764,-0.0027960490445890773,-0.01456504418525617,-0.0034423407917383297,-0.00844634325644178,-0.01928191489361697,-0.01887787100157312,-0.03858520900321538,-0.01337255162587414,-0.0038550885175370198,-0.005920643612419285,0.0009321215597699606,0.004356060688561758,0.010309245094778818,0.10041404416839206,0.0006583607853309914,0.01009946362789127,0.0076479649646694625,0.011733275993114356,0.0035762360943447646,-0.003565895055981483,0.003898978761623262,-0.001805747215627207,-0.0008773878504659827
2016-03-23,-0.019644528514711435,0.0026955780987865108,-0.01109345374976789,-0.00971854646119763,0.008203821243523368,-0.004034992063775,-0.0020338983050847137,-0.037947570173573975,-0.01449275362318847,-0.000778177706449612,-0.022058823529411797,-0.01211040325809809,0.010430275947949541,0.0009429191201757448,-0.006254048922121558,0.04829103318567052,-0.000986809210526296,0.013825878336951147,-0.0055285232383807115,0.01632533779351064,0.0025835278396437733,-0.018231005338379402,-0.0018494359164046292,-0.003631457306783714,-0.006386031655324587
2016-03-24,-0.033873999707728975,-0.01132526441314119,-0.006533616622277472,-0.021876916785933176,-0.008993618651100377,-0.008327683997299107,-0.024456521739130488,-0.025555499999999953,-0.010180995475113086,-0.007009358683679245,-0.01345468935496641,-0.017282878508154353,-0.001751170506912536,-0.00018843254753453387,-0.003643623595772638,-0.06999700867484293,-0.008231807433921379,-0.009245681984126453,-0.004334269455734341,0.023383611964050255,0.004531739785571975,0.017537848041451864,0.0044468778127315645,-0.003739546930437987,-0.0003780705229240455
2016-03-28,0.010123456790123386,0.01949664381267069,0.011167664036116909,0.007525104515050174,-0.00972335803205171,-0.005674080670129755,0.0034818941504177747,0.003990877765628342,0.005714285714285783,0.005490169934640576,-0.008423626153229002,-0.004089999832719848,-0.0007385744758300339,-0.004522291313359683,-0.009973371010638332,-0.07172721132196846,-0.0009960491037167563,0.0025663116126077856,-0.004542405602346977,-0.005283501049143102,0.005661202857287773,0.0030415478818832664,-0.012359306629022515,-0.002407125022284018,0.0005452557698999438
2016-03-29,0.01075526766071877,0.026046969549160304,0.010553442399151791,0.01929460540882566,0.030329455364195734,0.018945400161027193,-0.014573213046495503,-0.009085746218867374,0.0,0.007735329114282985,0.0024272654703585417,-0.013347063380963808,0.008407982766109656,0.00927499491671413,0.009066420111940365,0.004157969363895786,0.02160186108341633,0.007058672154183654,0.023671412732335417,0.024126080191474664,0.02154980171431431,0.00626690052292056,0.021852782557848727,0.015323150458234291,0.008816651809226084
2016-03-30,0.000725586492168695,-0.0044798297049923885,-0.00024281724937025295,0.00407085275654695,0.001482422670850747,0.007616510027251389,0.0014084507042253502,-0.018911173701365525,-0.010227272727272751,0.00948204224654603,0.011702945451858682,0.012487055410760783,-0.0014659703267910773,-0.0018754501125280987,0.0006655907043457976,-0.06590752242926157,-0.003253122966818456,-0.0011554263089359473,0.01745910104011883,0.00813325888593086,-0.012398846326837076,-0.006160838329058782,0.006214586112494702,0.007733943157378853,0.004350315062455534
2016-03-31,-0.008941589924079452,-0.010777788888888806,-0.0037653952686651504,-0.013176605993245216,-0.0021146542162263637,-0.004001800800355615,-0.006329113924050667,-0.010514018077452225,-0.010332950631458226,0.0030670670926518095,-0.0023932987634622815,-0.005960965839220345,-0.007157331423453872,-0.005824896545943425,-0.01429999999999998,-0.028444809752493527,-0.0003263707678319294,-0.00601479828889262,-0.005202628886550875,-0.008435061522874876,-0.005231028907524693,0.020483747173809297,0.0032697729930930564,-0.007434768476132447,-0.002039759248018691
2016-04-01,-0.03633255480773245,-0.01561270937451098,-0.00012186052628115895,-0.0343057107641741,-0.024793367764216256,-0.0053570983338637745,-0.004953998584571906,0.007674084552887761,0.0011600928074246841,0.018091547154836185,0.02079172331067558,0.001861042145139713,0.009149769200086144,0.014931033831034002,0.013495344584863123,0.06844110526392044,-0.008814822357650076,0.007913142338858536,0.009175154020558018,0.00818675439188521,0.01717791441153227,0.007065084326148829,0.006156074597139405,0.006658112517756498,0.006330915097686685
2016-04-04,-0.003795571862348246,-0.010440449625972459,-0.03767837976640942,0.0029781749831174764,0.03498481095176009,-0.010098743040872105,-0.004267425320056972,-0.019332161687170557,-0.008111239860950192,-0.012826948505890168,-0.01919310539784147,0.0010319710829314044,-0.005495063549866064,0.013035400129694619,0.022636417355645255,-0.07081846975088968,0.013833991639196519,-0.0033096752356784886,0.010273734349440122,-0.008872177109440216,-0.03024293521011423,-0.00295041298320442,-0.002519344970307702,-0.0061607328430609565,-0.0032083221118298644
2016-04-05,-0.01117599723586482,-0.009455168800031721,0.009630030654587785,0.00021204665060237105,0.004618874561854502,-0.010881885946907977,-0.046428571428571486,-0.048387096774193505,-0.035046728971962704,-0.015338771240697935,-0.026357906295610745,-0.020412412371134003,0.003315231727239354,-0.002941176362456832,0.020833399115670614,0.10034465337630594,-0.00584798551501009,-0.018920410111961883,-0.011789128445315766,-0.011884871586220869,-0.002932047900523038,-0.013612197703127604,-0.015695453725419473,-0.010049766159608842,-0.010144492450574583
2016-04-06,-0.0007705625481633227,-0.007682864881937812,-0.0005020205823293988,0.0008481976251060175,-0.0012538558517808385,0.0009167315856810632,0.009737827715355918,0.01443816698053979,0.029055690072639306,-0.0010299581192163565,0.0016407301739429503,0.011997558913809936,0.004313914758529158,0.025626824276297144,0.05006374202602859,0.18934904281239118,0.03856212418300653,0.007792805354275734,0.010472671358625618,0.027194870836450225,0.01327747270292745,0.00013335999999997128,0.010263892773755723,0.010693974150620456,0.010507619189438877
2016-04-07,-0.01388177306520455,0.010147198951633518,-0.017076846020553038,-0.029661058693621678,-0.010043942037163744,-0.0004578887317557845,-0.021513353115727107,-0.0464108910891089,-0.030588235294117583,-0.030800940385321995,-0.02866506961506965,-0.023918509820361478,-0.0013708737227358103,-0.0037749954381629536,-0.00516252657151528,0.03921568856983848,-0.0025173064028537473,-0.009060345302353778,-0.021809661139149172,-0.017688718607646536,-0.0006156010959070812,-0.01179845322494455,-0.011973875398655132,-0.007254989319274818,-0.011975786560861179
2016-04-08,0.0036496088725337383,0.011032365514850984,0.010219762521969322,0.010698733858050868,0.018812090069497245,0.01947303461750116,0.028809704321455687,0.02985074626865658,0.027912621359223344,-0.0008643374545750371,0.001264797692445141,0.002983166418069505,-0.0015557701534484325,-0.0010825875526015993,-0.007936447370967548,-0.05181639266777782,0.0006308517151150106,-0.009379703411845797,0.0011056200479084843,0.0053598617545931315,-0.026487170243639335,0.007419939291736899,-0.0007345024005601664,-0.0015264561459620296,0.0027865782063147826
2016-04-11,0.005974025974025965,0.003101361219313148,-0.007587240576953924,0.005616720552674037,-0.004149398254161829,-0.002921370786516886,0.01989683124539421,0.003150598613736566,0.03305785123966931,0.012776137960980316,0.015157936842105313,-0.000849819417888309,-0.001191539893520499,-0.005599747008675049,-0.01876926153846159,-0.068904013596912,-0.004098329259089928,0.005171880967536513,0.003313012946327465,0.0022368265282270983,-0.014824180100086237,-0.0006696082757439159,-0.0020212606402520983,-0.004126426166496389,-0.002739786123146515
2016-04-12,0.01187707203718058,0.017462515344955687,0.009811378320156328,0.0017186251711842626,0.009166645833333265,0.006310637960573295,0.02095375722543369,0.005025125628140614,0.022857142857142687,0.013863344557096147,0.019493943612860054,0.015734659063037837,0.0057813801433295176,0.005267956498963944,0.0021950455376307243,0.020414673046251997,0.012978790756568603,0.0037204226435458843,0.013025206862051109,0.012149061274048023,0.014863776766011139,0.0025460971524289278,0.006260375506161431,0.009496061986014714,0.009662134044055692
2016-04-13,0.01913753557380793,0.011085397121165075,0.03305997476340683,0.030238043529100533,0.02683738701150662,0.026651689735646578,0.06723283793347479,0.08500006250000003,0.060335195530726304,0.03590180851405367,0.052888486574451,0.02637636592003334,0.002463549315028235,0.011203451391398556,0.01814774775180683,0.03469828071272274,-0.007187500000000013,0.007570969852421783,0.014487467783865782,0.01931466141941618,-0.0009040683400770577,0.01069298233332261,0.01280870950379831,0.01161359147133334,0.010040137017230277
2016-04-14,0.030796170024941727,0.007736053284463473,-0.0001221692883045522,0.009367214625994658,0.006835544558281281,0.018979035776614417,-0.004641909814323664,-0.004608294665420898,0.0021074815595363283,0.0066312040050844345,0.01120560321505426,-0.004894921576482192,-0.0002731136723460592,0.008756290363765018,0.0033804854523515893,-0.022356406184677158,0.006610009442870712,0.0017219865103006438,0.000535523027490159,0.00964508788342,0.0029861007513147797,-0.0004628182361389177,0.00018072268042357287,0.0019688727945210704,0.00017292717774908262
2016-04-15,-0.006315229842857928,-0.016347301516368762,0.006352259878423583,-0.02041662114181797,0.0017970446566675236,0.007064911305178834,-0.00799467021985334,0.0011572915996937994,-0.005257623554153379,-0.014853023060020454,-0.015666794038975973,-0.011067862040010978,0.0030954480369791426,-0.005491620806171382,-0.004594241678760103,-0.0067985782818731355,-0.002814290181363366,-0.005078926275693285,-0.020071364852810025,0.00828033024567043,-0.010826389780815182,0.0037046638342244087,0.005238457275317021,0.007700461905993716,-0.0009842849323767888
2016-04-18,0.0002443901246640401,0.020436802984465707,-0.001699429535060637,-0.020000021052631545,-0.004185748622114627,0.0012754464014574918,0.015446608462055034,0.022543469511183245,0.010570824524312794,0.003154176049604329,-0.0011645962732920179,0.012227979274611389,0.006807043020511827,0.006590648496449081,0.003384646153846038,0.037336684422423216,0.014424553603780366,0.003769700718295743,-0.021574838416021813,0.015114414311274915,0.007387796492044796,0.005338768749414857,0.014555201633236203,0.010026330698287289,0.006541025568344017
2016-04-19,0.010263978996284395,-0.019147158184319113,-0.0014590832066897486,0.006874328826516285,0.009807886505361907,0.0006370063964757922,0.019841269841269993,0.008479309865499829,0.012552301255229992,0.022827253859206253,0.028371511853866993,0.021294041769041705,0.015775714414495656,0.006193647361304011,0.008586261619556668,0.003299370125974699,0.0216383630070085,0.021046882419949675,-0.005303312046769149,-0.01172574530796855,0.01665915844253041,-0.05592341871057116,-0.0012398158207548304,-0.016540342870697278,0.003084485197515807
2016-04-20,-0.0019352201257861745,-0.01093844705360525,-0.00633225744037047,-0.005760635924058843,-0.002180396388892003,-0.0016974750329413757,0.025940337224384047,0.049327298206278014,0.02066115702479343,0.026621593358312712,0.035903289338748756,0.011427425592874352,0.007987238196663027,-0.004924357985853667,0.010337519317042076,0.002391569435229446,-0.013010590408792488,0.026283471264367808,0.0020577307246196774,0.008106331908660724,0.0011576898997445184,0.0146527847222222,-0.01418689509109583,-0.001671255967661156,0.0007615446318947061
2016-04-21,-0.030295687362854484,-0.011513236838743945,-0.027205895274654224,-0.03497847789607189,-0.013905462852602302,0.014452731444266176,-0.014538558786346467,-0.0026708868948123188,-0.007085020242915019,-0.009941244698556617,-0.005472455308281554,-0.00792868170607175,-8.806127684346521e-05,0.000353411086835953,0.0003009930785435877,-0.005368356855602552,-0.005518087232314173,-0.007242485258697862,-0.010827929089066823,-0.0031437937904832403,0.00907315440443246,0.021832879188057763,0.003417862924986359,0.008596107385884677,-0.005194027068595286
2016-04-22,-0.044988730066919724,-0.03557287996448533,-0.03237590195424178,-0.007783010723081851,-0.11361803210350596,-0.01005656819610301,0.0019243104554200752,0.011783556507766413,0.010193679918450549,0.008649848411874217,0.016140902421129866,0.011388611616156119,-0.0022012855507616003,0.002473568991998798,0.0009024668530406288,0.0788606344144307,-0.0027743835627122015,0.008799623483774388,-0.002736623572709207,-0.016640253565768592,-0.02538790505310473,-0.005358358901037641,-0.07171029171226773,-0.05317858919609175,4.78598891489046e-05
2016-04-25,-0.03166707751026121,-0.002141709849288187,-0.030725179813180015,-0.015463895460867239,-0.0013636590909090751,-0.008465650793650803,-0.02624839948783597,-0.03970354895201422,0.0,-0.009955046476761487,-0.0061371838939645595,-0.0021730739267694643,0.0016766854924108454,-0.009164627805265058,-0.0018034565674781566,-0.022790439132851614,-0.010819104223746767,-0.00260945341797314,-0.005677517032551149,0.009186159548751016,-0.004160636833586029,0.0020875286195287668,0.0063731557816368856,0.006093748873944316,-0.0018120458498649405
2016-04-26,-0.0021622162162162617,0.015679992027186396,-0.0013431699668167152,-0.007739585704529817,0.0015930587526868933,-0.014300918433336918,0.01972386587771191,0.027563397329845474,0.023208879919273562,0.004542976668313603,0.0007264075290080996,0.008117204835367486,-0.005285860183492863,-0.0032017075204251455,-0.004817826101109035,0.030432309442548267,-0.006874968750000043,0.003438525963810113,-0.006947087933003471,-0.014883434719576538,-0.01217071775060341,0.0018144210982382614,-0.012857455136107143,-0.020756424672399798,0.0018727515348586632
2016-04-27,-0.005687947220365364,-0.011152817497342093,-0.01035636880582036,0.0022940812112868247,0.005226176106619906,-0.013209181463837094,0.0,0.020386320836176086,0.005917159763313418,0.006512313229915856,-0.0007258802441336698,0.00019642577362244396,-0.001239987556815536,0.004817987066060292,-0.0015128290926725851,-0.03615793541264134,0.008495846176971522,-0.01072707051821098,-0.06257786296118828,-0.016713133699316374,0.0011952647812567552,0.009323846131958025,-0.009720062397357343,-0.0032479283069464238,0.0016493527182761536
2016-04-28,-0.020157941164749116,-0.015196562350849208,-0.02133731934391625,-0.018997436919144906,-0.016952982958725937,-0.03313581303489144,0.003223726627981982,0.02313349106203999,-0.010784313725490158,-0.015756080946034867,-0.01089723897939554,-0.010210092283526429,-0.002571552786332032,-0.010122518023041871,-0.0027272727272728003,0.009450229636324803,-0.010296412177735137,-0.005496957707147088,-0.030566346350439533,-0.007534178985542983,0.07199930270914967,-0.02259582626041179,-0.0204161174011801,-0.020996268889692637,-0.009230768157227676
2016-04-29,-0.0355852645097231,-0.032127710625474704,-0.02194142419271139,-0.02776488502648422,-0.032651228666303544,0.012482977474285617,-0.02249357326478152,-0.025693732050037665,-0.003964321110009772,-0.0010955749447258967,-0.006243150936467101,-0.008530053560801387,-0.003556196562334746,-0.016146429273540264,-0.006077210574293335,-0.05361699290780153,-0.004728846302927137,-0.002953085328450178,-0.011494295054307657,0.0956644966777409,0.007281752575642342,-0.0076834496920912265,-0.0006012625009513828,0.0028797863193601447,-0.005063088481738531
2016-05-02,-0.0074949267078388004,-0.008469825874766301,0.0014198352974583717,0.011999040652701742,0.016638935108153063,-0.01344996607375093,0.002629848783694877,-0.025316404288839855,0.0029850746268655914,0.012613442126540475,0.00739102022878857,0.012204881952781355,0.005977854996826348,0.008388019693654103,0.0027514522394205265,-0.02128294300710587,0.008869179600886845,0.003189649319012444,-0.0010667378308828468,0.03678034537656827,0.008419782132679243,-0.004590914011361913,0.01483862071061992,0.007503516435498625,0.007809946553678726
2016-05-03,0.004356723787394712,-0.010489378346676292,-0.0017013327903209197,0.017785156167187788,-0.008884755669862021,-0.01976821266840323,-0.04524590163934428,-0.06168831168831168,-0.04265873015873012,-0.018293381442133105,-0.01357303741746152,-0.01166238387033014,-0.0005321330376939493,-0.003978246003223274,0.0274390862024112,0.0961714795607056,-0.011302982731554279,0.0027252156218673385,0.016445963263562735,-0.018322686904649332,-0.009614573669562199,-0.007847449360571246,-0.016399960158072324,-0.008378620781240964,-0.008676638460102692
2016-05-04,-0.039618360924328355,-0.021200940385975642,-0.018605395903684374,-0.03471570525236278,-0.03680106243927972,-0.034306885357136996,-0.019230769230769273,-0.00807376009227223,-0.020725388601036343,-0.01881814404081239,-0.02268493948251915,-0.021200019999999986,-0.00417074267156381,-0.004901978761729153,-0.008902047213589115,-0.027940764796290485,-0.015560495395363527,-0.0032463232468347147,-0.010401302794704859,-0.0006256077513268066,0.005364881205824679,0.0008325469772931804,0.0018079550383278686,0.004824119059971377,-0.005936889314754001
2016-05-05,-0.012044505029946029,-0.0024642672334163063,0.0005788856896928873,0.007723871590634923,0.007837374095646554,-0.0031205232837253627,-0.013305322128851493,-0.030814009836394707,-0.013756613756613634,-0.0033735739138188725,-0.004185730434332791,0.00040866367815017846,0.005881268883610291,-0.013136307003533854,0.005089760174265878,-0.008623138585135415,-0.009677387096774237,0.0021207225791162188,-0.010086080896652194,-0.017603214454498306,-0.0021175673745140733,0.015389954939341477,0.0014036495168168184,0.008236281301084558,-0.0002390079429950287
2016-05-06,0.006705211621298002,-0.015537731707423563,-0.009111903516226594,0.006946131736526917,0.02503032685150286,0.004815820005196647,-0.0063875088715400485,0.014397120575884825,0.00965665236051505,-0.004262477303720091,0.003056935422239171,0.001225510645945782,-0.0012402463121965468,-0.009059012756516993,0.00029794459338705614,-0.13337207112948257,-0.014332279663443637,-0.0020406999023611094,-0.005576962916214678,0.022546214312540336,0.014260249796456126,0.005598361400980689,0.009010813156003605,0.013814638804588553,0.003174639194507334
2016-05-09,-0.0027247957228214714,0.005613194474624272,0.004232973164998599,0.00856329665643929,-0.0009483404457087952,0.011023220704529102,0.0050000000000001155,-0.011236014192785304,-0.023379383634431483,-0.008435700027609738,-0.005714285714285672,-0.002855956752346067,0.008692593732350318,0.009328358557028293,0.007147051390884451,-0.0608898983235161,0.02148050231328491,0.004771319550130437,0.0007549611734254391,0.008605961713374022,-0.002092225325838526,0.00033948674299955073,-0.006350446643192065,0.0025031345096688806,0.0007534966412710009
2016-05-10,0.025197359599191227,0.002101438154067825,0.007703473501301961,0.012971673916430504,0.016611319805679203,0.015643494089677468,-0.012082444918265822,0.02571776469603848,0.030467899891186256,0.02482384054421427,0.020306475095785537,0.010638318112964118,0.008353825111204527,0.010720924610755134,-0.000591395623891211,-0.005700035625222699,0.014234875444839812,0.006783817091789102,0.006789524733268548,0.0343067407134976,0.010566940801189917,0.017849905466265747,0.01897343718793687,0.014419930781205847,0.012483643839788838
2016-05-11,-0.02694696476162295,-0.03964615178324438,-0.02495317972152944,-0.01513392281411119,-0.00023338001867423408,-0.01726947571852866,-0.03812949640287777,-0.02623900874635554,-0.007391763463569179,-0.0123900385626321,-0.010138866321399487,-0.006477732531265934,-0.0026161594595999205,-0.006766623994147736,-0.018934882217008453,-0.055893944822644204,-0.0022328229665072863,-0.0215617642364877,-0.00974091201027627,0.014450869613045425,-0.008132804979253061,-0.006801386898703798,0.0005879851038808059,-0.010910167698734874,-0.009561518249023626
2016-05-12,-0.046561197609214844,-0.041828760658571995,-0.030029557101466264,-0.029077991231158173,-0.031986993603222214,-0.02113512179683852,-0.017202692595362667,-0.005988083473767336,0.005319148936170137,-0.008468140866492724,-0.00493175246844646,0.00244496730053112,-0.0012240971961852143,-0.0034984716719117515,0.0009046743063934048,-0.053889943074003854,0.0038362850435971207,-0.007269087041562594,-0.023457009038719723,0.006589758046906535,0.006358785300170311,-0.000738509581842961,0.009010754339094262,-0.002768080164545661,-0.0001694651417848414
2016-05-13,0.005745292052346196,0.01588090038286416,0.01052313558029594,0.012904747991234533,0.0038591414341326846,0.008248422895477336,-0.02207001522070018,-0.012650662650602551,-0.006349206349206216,-0.017270898203983642,-0.012962295081967223,-0.019512174400159177,-0.005865402979985945,-0.00443455292746775,0.0,0.03890894504612907,-0.00891716560509559,-0.005703753441353654,0.0019924729684512865,-0.011157090632930244,-0.00390755739863291,-0.007524825518001377,-0.008347816282190501,-0.003476722612823835,-0.008478288992748939
2016-05-16,0.01935890193589329,0.015632745137024173,0.0007545426877588746,0.03365389584874512,0.012253772519312145,0.016121246002857248,0.0007782101167315147,-0.0012201343026317923,0.005324813631522707,0.0002575576221850451,0.012359985027423193,0.0006218490621126005,0.007749242827566949,0.0142910353695056,0.005724676279743157,0.044401505791505924,0.008997396883117181,0.012713170542635543,0.03711887039853612,0.0010423569102435692,-0.009515065679243095,0.01177908196737687,0.014682849855800706,0.007962484510555035,0.009796652584981969
2016-05-17,0.016189290665918232,-0.010215426207363931,-0.013120133105719356,0.015581348837209186,-0.007358200632371248,-0.0007103717736205439,-0.0038880248833591535,-0.012828404836383256,0.0,-0.004698229994264835,-0.0019076307480972998,-0.013465941578620355,-0.005330303996324726,-0.006038462725033389,-0.0104853801532242,0.07504625046381697,-0.011146528662420385,-0.008267000981835415,-0.00415423963162509,-0.021655860164787932,-0.01112328324131262,-0.009768546310853554,-0.025467951940268074,-0.014319823226002226,-0.009411297372666105
2016-05-18,-0.0009190564007065527,-0.007531290412745695,0.014975488539868964,0.004350881811352458,0.011477737924437958,0.01658770102872742,0.032006245120999255,0.0365099009900991,0.05508474576271194,0.03420632528443557,0.041284403669724634,0.021629630861605076,-0.0021084599471411503,0.006443262150220841,0.0042385408488812,-0.041953198074277775,0.0,0.007332486991856735,0.011445074829182778,0.003135460953716862,0.0025564891786364896,-0.004459486486486419,0.005939477566401674,0.0005664231359876482,0.00020517875938574903
2016-05-19,-0.014106071324560765,-0.01131253457569048,-0.015507362707237737,-0.017327929381488083,-0.02553186821588327,-0.017016409463104454,0.018154311649016597,0.0023881194029851116,0.007028112449799062,-0.032762316709237016,-0.023127716593245196,-0.005549866164445416,-0.006514640602681254,-0.001646167976812385,0.006331112832747232,-0.05743004101112559,-0.01030592625783977,-0.003907708371301388,-0.0038071067600299324,0.0015341715988099747,-0.007139855382237936,-0.016356746745126993,-0.009643790402601993,-0.008929705723435766,-0.0037067077457677566
2016-05-20,-0.004354712015258944,-0.004832691110590259,-0.002752714524433708,0.0,0.002183406060567439,0.0004742945446665203,0.017830609212481363,0.007147051390884451,0.012961116650049842,-0.0012281965331906175,0.006012739345631735,0.007647767514515014,-0.001860868442372432,0.00971049799521806,0.010784930773369172,0.046077646610814815,0.014643670680117182,0.007230784615384511,0.010828068400342561,0.006127194464662589,0.004622891954847885,0.016007776940967666,0.005961824324324239,0.01345096942232571,0.006019503914256319
2016-05-23,-0.008747204545279996,-0.013425730296548921,0.001993513295407423,-0.0034802089781998946,-0.005083587386018218,0.00047404599369627043,0.005839416058394109,0.0011827321111768097,0.0009842519685039353,0.006083761765703244,0.002241314904743996,-0.0010256205128205131,-0.004261319284990406,-0.0034477045282579333,-0.0020748072273379936,-0.04586822154598558,0.0060936818473380505,-0.00397131504549697,0.012707414408737794,-0.008608406521486756,-0.011759667861264034,-0.0032597351443124367,-0.011655472375651454,-0.007749316760353286,-0.0020854588262010365
2016-05-24,0.013236747557516582,0.00593562819843485,0.023416086526849567,0.01583236284441525,0.027007324915198305,0.013977730726788096,0.02322206095791013,0.025989427052569347,0.048180924287118954,0.013766478232868806,0.021617592247484163,0.010266940240925226,0.004725374296527418,0.01238164648148743,0.012771013529611741,-0.0038152614961945996,0.007331813601153536,0.016638537289350497,0.015244218604168802,0.010692518119842065,0.014917616496355812,0.01049256631484452,0.031181311836524506,0.022506584722631118,0.013681382915580853
2016-05-25,0.000621959525850091,0.0010793264655728496,0.0005981904920806524,-0.0029796240435566723,-0.013977730726788318,-0.006308411362346167,0.019148936170212627,0.03569366518746886,0.024390243902439046,0.023224849881968268,0.013498759576796804,0.02642274336539141,0.005856739624514162,0.017446079764247502,0.007331378729113158,0.038682495646017,0.011708829113924013,0.006259914209515216,0.01756898876404489,0.005893160933374109,0.001614290610389757,0.022790129091634137,0.010273289397169982,0.007193535260557216,0.006974740416216374
2016-05-26,-0.020515947809508717,-0.018904471639752396,-0.011508069854546665,-0.017011540229884936,-0.009851033393825759,-0.017399436101562138,-0.003479471120389599,0.003335130628126848,-0.008241758241758212,-0.012589141085271316,-0.012958998813570877,0.0009900792079207132,-0.0039699691922359115,-0.003181916210005298,0.0023290248808747194,-0.0066371678968595305,0.004691898801748362,-0.0032978714330365033,0.007930134192727145,0.00926095464426191,0.013402341279178387,0.004944294219206391,-0.0044128934077684034,-0.001585650817332862,-0.00021044370918177346
2016-05-27,0.0044430339574736966,0.02329835800064628,0.010281236925933301,0.008419107035505302,0.005338534465870737,0.012921775235181343,-0.0013966480446927498,0.004432133209536504,0.007386888273314796,0.0019469790105075546,0.004011706783369595,0.005934698435899,0.0014171478934073,0.0015960454264238866,0.005228027882660413,0.05493685764896594,0.03362397364956338,0.0076703566753002494,-0.0005975898576799921,-0.0037347122027069357,-0.0007533606700145246,0.0026239438123336623,0.008286779886043094,0.011793595065690665,0.0042868573656227316
2016-05-31,0.00821484992101107,-0.004653783985877902,-0.006285513319365332,0.007884972353547681,-0.023413009896210424,0.0035435386939031144,-0.043356643356643465,-0.018201876348697077,-0.030247479376718567,-0.0003134394804328311,-0.005811841416206276,-0.002556479943224277,-0.0032725632986477793,-0.0038952195467421014,0.0026004044322334163,0.0010556298381421136,-0.009638553926549553,-0.002462701492537356,-0.004882909815645209,0.01481240613855439,-0.004774660867180369,0.00588856990025044,0.012996941896024516,0.004176559540260305,-0.0010052632800822137
2016-06-01,0.001253556878721307,0.026255171162273827,-0.006626551005224468,0.0011504602197529579,-0.010133465401222619,0.0014124529190207014,-0.012426900584795342,-0.010112247759115123,-0.009451795841209809,0.0030725170070859953,0.004384325744087425,0.005520484906930356,0.0007986245310387385,0.0012442943919050986,0.0014408933302336724,0.04710017409138234,0.008211708995994327,0.006433762346581329,-0.014019627478469965,-0.00463478479498225,-0.0002524955854303901,-0.008000585143730143,-0.002830226415094339,-0.0021338920538830353,0.0011350423498972528
2016-06-02,-0.008763724295344999,-0.015980928239727077,-0.00030316859161849674,-0.024362147752799324,0.006491935243244429,-0.00869776660324939,0.010362694300518172,-0.004540294861504202,0.006679389312977069,-0.00431332122077055,-0.007639105129137902,0.002156882352941203,0.015162254080175908,0.008698703756481407,0.0034532086330936185,-0.012755991515408183,-0.0036199997815988816,0.011224217730054331,-0.007515742433475525,0.012231719080863623,0.0012628472913187583,0.006491410612137205,-0.007000908495777058,-0.005107947800053414,0.0028246782448091423
2016-06-03,-0.02715506788759081,-0.012678951582583697,-0.013042159143398457,-0.02073029397572923,-0.018853931559068893,-0.011382476233458672,-0.02197802197802201,-0.02736613298938806,-0.0037914691943128354,-0.022664496626472297,-0.02712609871238636,-0.01800043009195007,0.002358319545083809,-0.003167916226680667,-0.005162030546659868,-0.01836106766405987,0.0012110505967621865,0.005880645701003662,0.002046663937781412,-0.003707585462314422,-0.0038678129992433252,-0.003973947882736195,-0.01314784679878045,-0.011035044818125672,-0.0029118146788909005
2016-06-06,0.014605680448090963,0.010966048546525942,0.0019974953289030317,-0.006976208804426398,-0.0032870038757776276,0.0019189494343716529,0.0014981273408238849,0.004689332045095584,-0.0057088487155091405,0.008929145100907698,0.011680444171799476,0.005977346203971834,0.008800932227240654,0.009357327142608174,0.0069184493202205655,-0.0006927952652303615,0.009978893256728183,0.00957320986767618,0.0072507761437909934,0.0016401604819631377,0.0027011057423727003,-0.0010465236512950948,0.006564973806430396,-0.008015669606524445,0.0048972810511886955
2016-06-07,0.035188771593090085,0.024405893655680577,0.017175326133650026,0.019864317341674376,0.049467303372263016,0.03112281541776385,0.007479431563201411,0.007584656218474706,0.002870813397129357,-0.012033617878945968,-0.012290502793296132,-0.004357337914147719,-0.000345460836454925,-0.002973552666557744,-0.0025765817348982756,-0.14592724436741777,0.008083712090795725,-0.008758538201601329,0.004055601908368622,-0.004114306664491751,-0.008670755041074618,0.003928540664664304,-0.000575541903404142,0.00013960784547539795,0.001289446391868454
2016-06-08,0.004635259436487793,0.0652733876989191,0.0009045228130704075,-0.005938242562386842,0.002900725233278223,0.009983747387973141,-0.0007423904974016571,-0.01273891140706429,-0.010496183206107013,-0.0034156022867255498,0.0007541855203621051,-0.005370996618261459,0.0006048561149696319,0.010877175438596565,0.01176808266360485,-0.029220739822270247,-0.003266914360969042,0.025266481301789323,-0.0009087751186509507,0.0040069984249453405,0.005349838564031373,0.004369647109246033,-0.001151573940559536,0.016228290812141166,0.0033095663558677657
2016-06-09,0.027376316664184275,-0.014255774447499037,0.0167194007639615,0.013142270640013054,0.004338298176028044,0.015862045977011574,-0.034175334323922835,-0.019941350143187653,-0.016393442622950838,-0.009505955829707369,-0.017332365586572585,-0.017200019999999983,0.010362668125319496,-0.007636220195005539,0.001702156028368762,0.06521739130434767,-0.005363527849716054,0.001994294957021081,0.007176025584151091,0.0013899716216427827,0.0014359236543282083,-0.0037662467532467714,-0.008070753111630302,0.00041191298409204435,-0.001717758691825888
2016-06-10,-0.00778452049194478,-0.013732300194629898,-0.008592622222222124,-0.008490589222142075,-0.040796666224941935,-0.012672505378422794,-0.04384615384615387,-0.05804901604123369,-0.06274509803921557,-0.021414108786500075,-0.020705483128834246,-0.016279996261294172,8.548717948708706e-05,-0.006470776495278052,-0.0005664117653240153,-0.05259030612244897,-0.026962281996336768,-0.010235911797351283,-0.008228800802809855,-0.013385625889843933,-0.01636298104525946,-0.006843977406387425,-0.0027121077627297874,-0.012586186535500254,-0.00917518113312521
2016-06-13,-0.04043452143737247,-0.018968131014570844,-0.039300613846402155,-0.03496672133761358,-0.057543230984657856,-0.033692435624743666,-0.027353177795655714,-0.03557814485387556,-0.024058577405857817,-0.008406124547375438,-0.010963233713264131,-0.0076540959867604785,-0.0018801896952364006,-0.012321774118609907,-0.015585122822750819,-0.0149129252242306,-0.024938423645320063,-0.00825918528227565,-0.015076434281088735,-0.003719105598773975,-0.022894923094797015,-0.007153613150673088,-0.02602954545454539,-0.0014595127109809924,-0.008115191023280288
2016-06-14,-0.045282957398835144,0.0211174965601304,-0.043086031372125855,-0.035987157998521146,-0.030793736702613983,-0.05407967267552172,-0.023986765922249687,-0.029644268774703497,-0.03001071811361189,-0.01641662462434834,-0.026128266033254133,-0.022722534443974762,0.0028256014827843234,0.002495081046246961,0.007196315072175219,0.0151386873364725,-0.010419955794127023,-0.0015931711664328718,0.0012328334182383216,0.005676413590912199,0.008688065169497161,-0.0014542636267468323,-0.006182628763115927,-0.00012523665276265028,-0.0017988855029992257
2016-06-15,0.004281916855009227,-0.016450662157756257,-0.0058517555266580645,-0.00562521079966205,0.002465078195840853,0.0015044633524456952,0.010169491525423568,0.006109979633401208,0.006629834254143541,-0.00020519871119506483,0.004878008130081213,-0.0021331484186616345,-0.006062149776413506,-0.0028444444444444272,-0.005715947086827877,-0.019883969340678043,-0.0019144543714103568,-0.004424457983044028,-0.0032833983172583237,-0.007006781710109045,-0.0029580998267253467,-0.002515589865160761,-0.0028096125703547248,0.000904900638899031,-0.0018407126972377341
2016-06-16,-0.04427684486716954,-0.00238934332029872,-0.012916955526487861,-0.022370764267697685,-0.01092888037862727,-0.004006009113821096,0.01342281879194629,0.005398110661268607,0.001097694840834329,0.003215660831536571,0.01415861707761401,0.001496344623692858,0.0019757322575129077,0.025138170796933368,-0.0011497843877612546,-0.052409129332206206,0.0006393222302008006,0.010199687097467658,0.004220753551575029,0.004550163742192526,-0.0018324520389607635,0.002521934016814109,0.014087341800912645,-0.011906746512010624,0.0031329905865316032
2016-06-17,0.0068634525347788244,-0.015260459342350763,-0.008116581217766816,-0.00026307206733300337,-0.0019337016040413824,-0.0010054550277892593,0.038907284768211925,0.04832214765100673,0.054824561403508776,-0.006751728611071317,0.009573155165536473,-0.0053361795234228016,-0.00994509610721106,-0.02800001739130431,-0.01525176978417253,-0.016949107939339902,0.008945719135645902,-0.006995542853150294,-0.022757600296971825,-0.015498034654596649,-0.011976588967362423,0.006156540529015375,-0.005159714331409382,-0.02624023649079843,-0.0032579651646926777
2016-06-20,0.012610736196319028,0.0006255107974499907,-0.006680043308616601,0.002104762015509687,-0.0024910046362855987,0.007045747003233904,0.023107569721115384,0.04353386683738791,0.06756756756756754,0.014487785048666657,0.023310984721887973,0.007081588286763418,0.009179061070859307,0.004473072185955829,0.008182320041428381,0.021778538031826722,0.009816307789740408,0.006028048427219934,-0.0024126717717403157,0.010787234867695616,0.0030968501972266083,0.010658569292105957,-0.001196908015222209,0.002876960451384747,0.005808185112367248
2016-06-21,0.010434231249889958,0.007500534498904976,0.016476109616677892,0.015227041218167425,0.009988928690651377,0.012493753123438367,0.01791277258566981,0.031288345477812785,0.03407984420642651,0.004060954314720755,0.011583050193050282,0.006392499467291701,-0.0030890766853519658,0.0019594050936837526,0.007246376811594235,-0.03907642095914743,0.003449388631213246,-0.0023823418312924893,0.008517392218717168,0.002534974264576606,0.008908829260593887,0.002864409850501737,0.022368663870581118,0.00321457082827048,0.002712061442457836
2016-06-22,-0.004330479680213162,-0.011925352702298997,-0.01290107530435125,-0.0031031550609338376,-0.007692389687231405,-0.006416633761105683,0.0038255547054322214,0.003569423174861308,0.00847457627118664,-0.0014156184125804216,0.007251831784281126,-0.005504954478085855,0.002410044758133889,0.01404446222222222,-0.008057525179856029,0.0,-0.0078125,-0.0020986178146230605,-0.0037535187674478943,-0.007292379297803131,-0.004109048892526168,-0.00733531306714752,-0.0039069545596202016,0.002184125061976072,-0.0016515635798043382
2016-06-23,0.014720676303803026,0.0011859844059154412,-0.009048274128686251,-0.006225629214672623,0.02214836716911317,-0.016641779266854395,0.04573170731707332,0.057498455394282555,0.043884220354808434,0.030511712100119492,0.034103904285862185,0.0200127523948741,0.007899690948820925,0.011220178625172217,0.003481258964860512,0.028188587254555753,0.019212629921259827,0.009354663206149194,0.005756106509425152,0.01615541990955549,0.010271248871170258,0.015890714306705744,0.01804271355000142,0.006322904339884916,0.013364078570495375
2016-06-24,-0.10814378503132205,-0.014005958260955964,-0.044808877998121166,-0.08170192947789279,-0.03521124242747786,-0.03233137155847443,-0.1610787172011663,-0.17488789237668156,-0.20483005366726292,-0.07074546519728886,-0.10150241474890387,-0.04591945314130652,-0.01490884345481791,-0.031206640083217718,-0.017924226655102626,-0.08898876404494382,-0.049134763623771116,-0.013650470383641422,-0.02809573361082196,-0.032018605217820406,-0.02606882123620402,-0.056388861677932556,-0.040069312271238666,-0.037970028908273834,-0.03591979991551375
2016-06-27,-0.06580403200754281,-0.02084803533568902,-0.0146929008782829,-0.05173391131324623,0.03425045014740191,-0.0404594873281261,-0.08774978279756729,-0.05774456521739135,-0.20922384701912267,-0.016565670262472465,-0.037112520391517134,-0.015313957893545393,0.007956464791744278,-0.010200429309226378,-0.005004474389035285,-0.07597434632461764,0.007474813129671798,-0.001311035102172342,-0.0145610278372591,-0.010873350064075527,-0.027748045543396715,-0.021079173779362192,-0.028095563793073874,-0.01030769423139588,-0.018096502120201086
2016-06-28,0.05935892362485151,0.02093102805634728,0.01886451670858791,0.03926849402672383,0.024158523344190996,0.01822638836922663,0.004761904761904745,0.021629416005767954,0.038406827880512084,0.02078710561203856,0.042354932555911384,0.024216841778130993,0.014414414043387058,0.004881594560086855,0.018934911802808152,0.06780565936999472,0.020645129032258014,0.011669506150758346,0.01684046066927425,0.02399622101357224,0.034229567456826926,0.015330989547038376,0.020854821391699474,0.01762782124281248,0.01777016520887531
2016-06-29,0.03474041837878228,0.028702708279308098,0.017280903143729542,0.04528422528319731,-0.005035754041876506,0.039006118087095976,0.008530805687203769,-0.0056457304163726185,0.041095890410958846,0.02169788577493481,0.025192969313573066,0.01887208324824674,0.009303890485395705,0.026448307792432235,0.016550494092639312,0.013500000000000068,0.021807933685459302,0.013048784576876304,0.008654813918359539,0.010805796836401482,0.012954809572887527,0.018943102654971122,0.02224923184161054,0.005984952549363154,0.01703267271049458
2016-06-30,0.022021587652650387,0.04116559140834264,0.010400450864975763,0.005242770130090113,0.011188012488332344,0.008228336544827464,0.005639097744360777,-0.025550035486160305,0.0,0.02116839862542963,0.029726516052318575,0.007664487807866882,0.016508849132509162,0.009815986149272371,0.005712682417176929,-0.006413468179575776,0.01917720264910594,0.004839118848872115,0.012711864406779627,2.7975126706936138e-05,0.0010511124368917102,0.022362871099689485,0.01246531435565279,0.011679395382600433,0.013565044272757953
2016-07-01,0.03602970809006378,-0.017953801980198025,0.0077200376098809365,0.009332967334614528,0.007903029712935439,0.009946416984096151,0.015887850467289688,0.013109978150036339,-0.001315789473684159,-0.0022210391409202,-0.002309468822170868,-0.006338537657361698,-8.245671683948519e-05,0.00572813737670308,0.010224396768656385,0.014895829935244853,-0.0027314111462395374,-0.002407903733878891,0.0030334728033474256,0.014057737444857166,-0.0007875131325473239,0.0037554816428744253,-0.00019538793024775902,0.010273148745203908,0.0019486024753911924
2016-07-05,-0.013637913399249912,-0.028632847349326918,-0.001872676136442708,-0.03127552352461249,-0.004704548076557735,-0.009848460093356493,-0.05519779208831643,-0.03666427030913011,-0.050065876152832645,-0.025632397976391275,-0.035493827160493874,-0.017435679724339237,0.008079775677469092,0.0010355712985083976,0.006747287039640115,-0.023972601566898066,-0.02099826472920674,0.00496945190281517,-0.009385796224840925,0.003334779824913925,8.752955447000055e-05,-0.004397853453317335,0.00019542611415168665,-0.0060926043191068535,-0.006847477275030989
2016-07-06,-0.020048392671966786,0.006711880522782154,-0.001535050289356188,-0.0011228804357911182,0.02836129052724301,-0.00204024488753507,0.004868549172346803,-0.03208955223880594,-0.018030513176144236,0.007822810823596038,0.006000000000000005,0.00952181366634508,0.0030261062327499033,0.020000000000000018,0.0013962579894928329,0.1558896162461345,0.006838701077942266,0.00579264630958809,0.005684851276338554,0.01306140545731882,0.021891419139004054,0.0045490640285037465,0.004104025956772617,0.0040578573297442855,0.005352962934909389
2016-07-07,0.03703703703703698,0.0013058491543800343,0.015886573011845373,0.022203399538875734,0.032431052093973456,0.018400127308966896,-0.010658914728682078,-0.028527370855821244,-0.0028248587570621764,0.009754073227722593,0.02147121272365804,0.003215369637068699,-0.0010599885931179553,-0.006423275862068922,-0.0025097879947073576,0.018647051979490348,-0.001543655496871077,-0.011097077851626724,0.004291887365225566,-0.0014099293951396197,-0.007283624865902949,0.0015095557363509204,0.0,-0.0034539102152884027,-0.000871577782587063
2016-07-08,0.021768741496598798,0.017160901428654007,0.006557928256970991,0.027495189098025508,0.045016077170418,0.017315007142534755,0.02448579823702257,0.029365079365079483,0.03682719546742219,0.02299323129251718,0.02646944233283599,0.021153889340894905,0.002775250954611952,0.00969715906255808,0.009784707855744923,-0.010217113665389466,0.000618460111317054,0.003338075212967029,0.00771311204031222,0.012544620215577007,0.011998273836828277,0.012188734776327426,0.01790576064799998,0.014769357198487487,0.015253349299217511
2016-07-11,0.03728358730747039,-0.008435686725940084,0.005011677163186068,0.02006957506207052,0.024852047337278194,0.012333497475740085,0.028680688336520044,0.025443330763299965,0.04781420765027322,0.012036154673621624,0.003412893310091425,0.006068235905665853,0.0006512169418189107,-0.00016845830390754823,0.0008306478635284886,-0.006881720430107485,0.007107509051066163,-0.006724690118929955,0.0031030616466691807,0.010686409435878952,0.005373635369731122,0.005632493594280419,0.0055449523048749505,0.013406490558745432,0.003408615584790109
2016-07-12,0.112323491655969,0.010685408526494689,0.051363031914893664,0.05482686397761971,0.016859122791203607,0.04385962368763119,0.028810408921933206,0.06015037593984962,0.036505867014341664,0.031079544896779776,0.03439161127708279,0.00561555717073392,-8.136337753195111e-05,0.004381496461071777,0.0024896264182778793,0.005630099610220984,-0.008898465787051335,-0.0032782638045335544,0.00453697650909568,-0.007389432972095933,0.0005090099132347703,0.01100876184885391,0.011789294542688733,0.007761243746166713,0.0070092934627346
2016-07-13,-0.006058828620888579,-0.009023542087542191,-0.0012648537549406758,-0.01616508371462544,-0.004088144539816985,-0.010270728291316589,-0.01806684733514008,-0.010638297872340496,-0.021383647798742134,0.006372674055221461,-0.00767267052712195,-0.0016545605648214945,0.0006508460893401846,-0.0008389094241244566,0.0019315396285022324,-0.06890603225262859,0.00030965945231153924,0.01158297575015732,-0.005645616916444385,-0.0074578217825582716,-0.00975155600780131,0.006240518617445456,0.005638019275286954,-0.005078867289932565,0.00013476772627241118
2016-07-14,0.041509432757345976,0.01637675274866135,0.02675325397350803,0.03589481709062636,0.011630627668443694,0.01816028216225085,0.03771849126034965,0.042293906810035864,0.03084832904884305,0.02925528785784315,0.030927835051546282,0.01388023617153511,0.0014634146341463428,0.0016793115311386497,0.016799696590479307,0.06475480736564254,0.0027855461842913876,-0.004523607704936539,0.01982033571506836,-0.0019255793468780924,0.00436720332563123,0.014301955086648332,0.004298336920139478,0.005537158792076724,0.005259203949780522
2016-07-15,0.0002786510513197449,-0.01029623539430602,0.0027752080978229454,-0.024402147388970286,0.001577975618170191,-0.0002315960264812622,0.004432624113475336,-0.007565337001375516,-0.0024937655860348684,-0.005537061884824945,0.0003571428571429447,-0.025132816206228314,-0.00146127618119829,-0.00033530594014063997,-0.00406278461878562,-0.006950434404865313,0.003086357834175324,0.003479167948854389,-0.00010122482032604019,-0.007771195233062134,-0.003666126663260938,-0.0031195408230567656,-0.0007443431059045436,-0.001525814524849567,-0.0009289474292316635
2016-07-18,0.0039008081332070343,-0.005201675371219849,-0.012300168937574352,0.003001450725362842,0.0009003151024082889,0.0004633920296570615,0.009708737864077666,0.007623007623007494,0.012499999999999956,0.010455351462851814,0.0071402713316672806,0.01194718113492299,0.0011382032520326213,-0.010229766724303757,-0.0035355180853956503,0.027996455468221493,-0.007692307692307665,-0.004103884467503316,0.010629682121886974,0.0008566368409206326,0.02147870938320451,0.0005007009669590889,0.0048416758874920696,0.019351328005045465,0.002382295291673886
2016-07-19,-0.0005551207481296894,-0.019421438931870205,-0.005759635920287498,0.01072321749242966,-0.01101868650733795,-0.010653056970819752,-0.010489510489510412,-0.0364511691884456,-0.020987654320987592,-0.011755329556660477,-0.000708897579188128,0.0018641259706737578,0.017134976588719875,-0.006099627245001793,0.0,0.0017021702127659744,-0.014263534883720896,0.013072795737122611,0.0004007212260843662,0.005271244532586872,0.010387852633295225,-0.0017515263245869717,-0.016123035880708625,0.0043337142935515605,-0.0014351739837110689
2016-07-20,-0.002499305887215031,-0.020429342954127794,-0.0059495382174658,-0.007895386328531484,-0.005002319236016239,-0.016151731831654415,0.022084805653710182,0.020699500356887945,0.013871374527112179,0.0022303450286762505,0.020929406848903653,0.004961794603303593,-0.000878251497005933,0.0022161779747698063,0.0010917303791411204,0.04375526577080424,0.009751399504517089,0.0030156954349025433,0.0009011314348199573,0.00779776864170123,0.010861429310493165,0.01115427357871579,0.05311734789979261,0.005739768608506779,0.004270300527854598
2016-07-21,-0.026726031554901386,-0.010392372083259938,0.019215576650950528,-0.042029322109657374,-0.006398492065744721,-0.11206279115067308,0.0034572169403628283,0.009790209790209614,0.0024875621890549926,-0.010632385222664631,0.0031271715383192067,-0.006377329636343743,7.993447402854237e-05,0.0,0.0008178571428572035,-0.00366300366300365,-0.016822399802018606,-0.0010488672619531902,-0.0053021208483392535,-0.0017298423673302032,-0.010744726226127432,-0.0056395884628187565,-0.0019674655696654275,-0.003453901149627292,-0.003612529073708126
2016-07-22,0.04004582494410225,0.02021718874745515,-0.00169990730489733,0.011422611630321988,0.06393739650413988,0.01366564844587348,-0.006029285099052539,-0.006232686980609414,-0.004962779156327701,0.002249303300543959,0.00173186692996663,0.0004140993874555132,-0.0009588733366540092,0.0005102738474185298,0.0008172977612992405,-0.06781045751633985,0.004119201651432203,0.00573953264294591,-0.0077441013778538625,0.000577612406866157,0.0032335544048291975,0.010096665816702988,0.013799301322568125,0.005564335285837885,0.004553964517894249
2016-07-25,-0.015401594735929613,-0.009943274419764503,0.012383963231701767,0.0,-0.02248156171558846,-0.012424027891936196,0.008665511265164794,0.0034843205574912606,-0.004987531172069737,0.0006233464092426644,0.007261376210235149,-0.004139093543046313,-0.001119731273452218,-0.004420248214892952,0.0010886499135194239,0.0013146362839615566,-0.005364499672940948,-0.013640517591474444,-0.013379362928061522,-0.0070483045212853535,0.00520658677685959,0.003578620194666815,0.0028283542513698468,-0.0039986671513405625,-0.003011475203867131
2016-07-26,0.0209497212555787,-0.00558733294849223,0.017278241061827515,0.0017967146251722799,0.024325497029511256,0.024625213473629115,-0.006013745704467333,-0.015277777777777835,-0.007518796992481258,0.004049648123158889,0.0034329215047346207,-0.003117165484562756,0.002081856049978903,-0.0034153004881267712,0.0013595160782904347,0.008752691466083151,0.004441624365482344,-0.00021166302721131736,-0.00688304938907125,-0.005435240304388356,-0.003370846091527935,-0.0032585245591831846,0.0005287854750573029,-0.0018249414865447733,0.00032278462630763727
2016-07-27,-0.009575868935044252,-0.04551926548281948,0.020141350069763142,-0.0125543943775146,-0.009499114853195212,-0.020898616010935678,0.005185825410544576,-0.038787023977432944,0.005050505050504972,-0.0010548460894800327,-0.007184399589462931,0.000625370009894155,-0.003036396275886588,0.004112354281830877,0.0005429269322330121,0.019088981305378727,-0.00157924826279221,-0.00014117149205017387,0.06496323575049123,0.001468149322802148,0.017488821832298163,-0.001788755298197331,-0.010042266033906566,0.0045367637349003065,-0.0011985423438815035
2016-07-28,0.0038673755837741464,0.005216073141939059,0.008693030409914648,0.02127659519261549,-0.0028335003741608578,-0.00026678228388454794,-0.0309544282029236,-0.02787967718268536,-0.015075376884422176,-0.0028573575111076055,-0.005513404548587175,0.0027083541666665933,-0.0024845556420106663,-0.00290098986010201,-0.004884667836345558,-0.015325713069391123,-0.005694431961580815,0.00762282646357848,0.013501700378890646,0.02163791435492768,0.013458764827590786,-0.002842532251838059,0.00035593522612464845,0.005581181347825259,0.0016062092674702377
2016-07-29,-0.023115024766098058,-0.03802809657649053,-0.018112737629458642,-0.015497992492429002,-0.004808765027322526,-0.012276567593366261,0.025732031943212164,0.014339622641509342,0.05102040816326525,-0.01071451448772509,-0.004504538998456709,-0.0033243298706766566,0.006186758847716245,0.003936334074961412,0.005999482192499794,-0.035884134711808735,0.02099904549793208,0.003082109942634803,-0.0012458884893957745,0.008238015869534099,-0.00847998399999994,-0.0046477041782148065,0.008361519451370203,0.030673949710014137,0.0016313092282023156
2016-08-01,0.002816845070422458,-0.011636040328703356,0.0063969204641933786,0.018838709677419185,0.005490885251282274,0.0008106728349457359,-0.01903114186851218,-0.027529761904761862,-0.03033980582524276,-0.0039670361308109525,-0.00800556909154193,-0.0033354179000331108,0.0013574941781324679,0.0,0.011385253764848224,-0.06322870238693734,-0.004051137425989504,0.0021647905481450014,0.017656693215622354,0.011768416367123447,0.002985283153376095,0.005167488642992435,-0.001764255469301368,0.0053200836600915125,-0.0012697873921424518
2016-08-02,-0.05870786846673404,-0.039139226537471816,-0.04079826930382058,-0.07826750253292791,-0.02337265232356145,-0.04049675916585427,-0.04673721340388004,-0.037490436113236436,-0.018773466833541974,-0.013402421885301163,-0.01754385964912286,-0.0023007738485510965,-0.004385996740255194,-0.005625605182407067,-0.024658321504735348,0.013403590876189142,0.0021902378657769894,-0.0023691520580152448,-0.014804337018224034,-0.009326038884596932,-0.00981419048852361,-0.005388634352219812,0.0,-0.0023418874706170323,-0.006361619668044383
2016-08-03,-0.0008951955174693049,-0.0034079682474517092,0.0032362305938700153,0.0024732344730209466,-0.0015656453045324037,0.00956668515569259,0.0194264569842737,0.008744038155802825,0.026785714285714413,0.01460975284646615,0.015000000000000124,-0.002725387783534816,-0.007609099040594258,-0.01165780861793897,-0.030228030509151904,0.056211667453944125,-0.01842016916703615,-0.0020255151501782365,0.012538246074339954,-0.007809831795778099,-0.004711950758370276,0.0005604433857211433,0.006892877098166217,0.002736438949569875,0.0031339433893435853
2016-08-04,0.0029869175627241784,0.016853924442273405,0.0,0.0016447642543859775,-0.002240098616489772,0.015050083192584163,0.0009074410163338875,0.0007880220646176994,-0.011180124223602594,-0.0018314576691034201,-0.004926073187895952,0.005675846121505179,-0.0003228490666207229,0.00329571541038276,-0.0039671010493878,-0.005366770779661523,0.00763355573684632,-0.0011897955910626923,0.0007562529539653084,0.008123085018225673,0.01510079968817557,0.0054770959790515494,0.007372265975561509,-0.0020305853930702167,0.0002125719185825936
2016-08-05,0.025610391565789703,0.033309344489625525,0.01735798824448498,0.03092493073549729,0.02739104114523938,0.0392641427382836,0.025385312783318348,0.03543307086614189,0.01633165829145722,0.025561486386052268,0.025813259341822548,0.017558528428093467,0.003067955731729688,0.10408023858921145,0.008250269800838206,-0.012589973021582712,0.010732323232323315,0.001962006770835689,0.01520732916945966,0.006848271965291142,0.006352532917718534,0.012070547593861614,0.009932044083151181,0.013750451920344187,0.008603496361325957
2016-08-08,-0.0026132695300020714,-0.005966710438588652,-0.00558662212351102,-0.0061056281447108285,-0.017700984165252898,-0.010567953002269648,0.004420866489831976,0.02433460076045635,0.03213844252163156,0.004565402049858669,0.0037918304033091044,0.004724732949876742,-0.004748841029440398,-0.01565925437426785,-0.014390491376706893,0.022313388994234407,-0.019675234228607286,-0.006014406391551486,0.008280610037937786,0.0007572234459705118,0.0008789452516348994,-0.008929706422018291,0.00172536234860865,-0.0005880200161751947,-0.0009071652887535642
2016-08-09,0.006986958194291626,-0.02424384958094672,-0.013209884403129535,-0.007745646574402909,-0.00956620668373287,0.00026696928526126484,0.01760563380281699,0.019302152932442418,0.015568862275449291,0.0037462383621416073,0.007554910454845132,0.0004089143324474964,-0.0017792316736071623,-0.0058860800845358385,0.004294360148869192,0.2543429285370633,0.010194329729032559,-0.002181087659850589,0.004060090281070794,0.0022829263261399113,-0.001596710815955471,-0.0016661874331234117,0.0024112986150310878,0.0031979123618768313,0.000389793635491964
2016-08-10,-0.011853136744723991,0.005832100436719667,-0.0023080782369003794,-0.01803504613539464,-0.0004492362982929654,-0.012546636747107431,0.014705882352941124,0.035688273852876984,-0.001179245283018826,-0.007648066475182791,-0.00783909338786637,-0.015328019619865074,-0.000567114963947235,0.0024003359769455557,0.0014252849814546664,-0.029829545454545414,0.002522926601164599,0.002608905526284344,-0.00744413224682039,0.0003253894920680622,-0.001439317150796593,0.001916288510446007,-0.0030928006341442993,0.0005355150009498377,-0.0028646859977113914
2016-08-11,0.0228203335283792,0.006115933183225897,0.019586753213248098,0.006030729166666804,-0.0015730337078652123,0.006758583035491483,0.011935208866155067,0.0007032348804500987,0.0047225501770955525,0.010296559463634614,0.009275094150632324,0.00124537152345372,0.0033235732545107144,0.015804629881938537,0.0005693424261501434,-0.10358711566617873,0.0072349478693003455,0.0030944721415786525,-0.0006481481481480644,0.0034870302994876035,0.0001601937898829675,0.008946180787929636,0.0048259048603929156,0.00021662716204873256,0.004734588091577452
2016-08-12,-0.0011441933965731232,-0.00031578906316875877,-0.011042262728146013,-0.009536866225153484,0.0009003151024082889,-0.019334102076578707,0.01347935973041281,0.0014054813773716202,-0.004700352526439411,-0.0037226961813580095,-0.0071476857436244545,-0.007048092576778853,-0.004443694056161296,-0.004400487122418917,-0.004836471986545132,0.01755818701510825,-0.0031230480949406836,0.0017527868697753135,0.002316316130825502,0.0017115398800831017,-0.0001601681319428616,-0.00966184803804715,-0.0061749572242703055,-0.0020768364016615637,-0.0007960462665462797
2016-08-15,0.027205070286659305,0.014846387463785637,0.011318538298495051,0.0156808811928959,0.00607153123293136,0.009857639649507144,0.0008312551953448821,0.007017543859649145,0.001180637544273777,0.014088839203675319,0.016798080219403433,0.007724383811090529,-0.007385189032744766,-0.00047352803389200115,0.0037164379645511225,0.0670144462279294,0.001879699248120259,-0.008818658705954108,0.012017045664632908,-0.005268209602537488,-0.007847493782370929,-0.0004321827804664169,0.003106662117822845,-0.0009958492235636607,0.0027929089824627606
2016-08-16,0.024533064525594117,0.00863746045589675,-0.001814927322371651,0.0005417389242545756,-0.01095221229538601,-0.009761415136620988,0.005813953488372103,-0.00836236933797907,0.0,0.0006039927404892786,0.019892110586648748,0.003521835508597304,-0.016188341365192427,-0.004421967782691105,-0.009114212215488138,0.00037608123354648804,-0.004377736085053208,-0.0038129714663525105,-0.0009134818811294965,-0.005790592015388563,-0.004842606862911936,-0.007289399330077995,-0.011699931378181927,-0.006773665695072761,-0.0054790770207289174
2016-08-17,-0.0040816870748299205,0.003317451138614924,0.020454515151515196,0.015430401067417554,0.008813536723163873,0.009036089813800663,-0.004128819157720787,-0.018271257905832727,-0.004716981132075526,0.00012076064427746225,0.0039669752066116,0.003509537644705407,0.008144236547091621,0.0039657359777007795,0.010060304396082298,0.1278195488721805,-0.0003140703517587884,0.0044655868377432295,-0.001462753756180435,0.0007722462397117269,0.008678020875636072,-0.0016178905093570117,0.002089171345563523,0.0035642972264142703,0.0018685899424382146
2016-08-18,0.0019125684105227858,0.015224882386200234,0.005196718788321286,-0.01173015258491894,0.010752688412918543,-0.00027131616126530034,0.004145936981757803,0.0,0.0082938388625593,0.0023540774111678875,0.0059268354979640225,-0.001645793012841179,-0.00486354801522626,0.005372096612859867,0.001422879949427358,-0.026999966666666708,0.004398334904178514,0.0032460022389244614,-0.001281816517121448,-0.00022230751983109975,-0.0036986330216619567,0.005734224560780099,0.0006948749010620148,-0.0030900656273568083,0.0021996173913669814
2016-08-19,-0.004908535855387863,0.011361054391888725,-0.00930571680822978,-0.008092797410304775,-0.0011081338898079052,-0.013300814332247612,-0.014863748967795187,-0.030064423765211123,-0.008225616921269108,0.0010237143324547393,0.0,0.002472759169024563,-0.006626930031254585,-0.0042432814043175116,-0.00596757618549526,-0.015416272167993461,-0.00688142029657246,-0.0009144334376369745,0.0025669233590026597,-0.009353038477138309,-0.002824679111462225,-0.00818051556655608,0.0003472395953902918,-0.0026752630225080898,-0.0014402716807320193
2016-08-22,-0.01342839060408918,-0.018497723496575413,-0.0031310421947218225,-0.0043513462061465225,0.0,-0.0019256947414413306,0.010058675607711676,-0.002952029520295274,0.004739336492891155,0.00018046682741901243,0.0016366939979277628,-0.0004111202297586436,-0.006587733598861445,0.0029987057607527845,-0.004002287021154793,0.08803061934585954,0.005669291338582738,0.000352034655479061,-0.007772457937088584,0.0028653814233678965,0.004775040543461451,-0.0002498937874860774,0.000867736911970507,-0.004217016677012797,-0.0005633228782350175
2016-08-23,0.011111166666666783,0.014268236140213997,0.007328701655269221,0.0021851406122606054,0.00643445751053906,0.011300992593743064,0.01742738589211612,0.03626943005181338,0.023584905660377187,-0.0010825995754419893,0.003921535947712496,-0.0045239768759207655,0.0026022413145867507,0.000472116451174065,0.007175660160734676,-0.002238535337384051,-0.001879079235828418,-0.0005630304894934657,0.0031333147863490396,0.003910612627340271,0.0017720579658144775,0.0016249687500000665,0.0038148258649151057,-9.066502340748794e-05,0.0019517690543742194
2016-08-24,0.006868131490761931,0.010832784742567325,0.008463251921700277,0.0021804579498625465,0.007495590663677554,-0.0008176342550459959,0.004078303425774976,0.013571428571428568,0.010368663594469973,-0.004696525714155575,0.006184928586749017,0.004544536252840459,-0.0061118803397207655,-0.013369014993110606,-0.007694499857509363,-0.021153845475838318,-0.021022904894166694,-0.015069361843157658,-0.007533302710151513,-0.006820134983485326,-0.007156066402925099,-0.007550181191506966,0.0010364830028757321,-0.003160296790844175,-0.005240276882137795
2016-08-25,0.0019099316829505053,0.014958771115530789,0.006183716318719501,-0.008158797933097595,0.004595164013234898,0.0008183033278779117,0.006498781478472715,-0.011980267794221233,-0.011402508551881407,0.0036297095529997936,0.0019410870268521396,-0.0051408594460032875,-0.0011793362073906355,-0.006535947712418277,-0.0014359563469269476,0.018009134970231377,-0.006730801066320513,-0.018374148079436048,-0.004258076460242566,0.0026014803565532763,0.0033203432947763734,-0.0026406664072806674,0.003796324352091096,-0.0002988955817219141,-0.001365227301395766
2016-08-26,-0.013344253449230736,-7.339785623283746e-05,-0.015656995355984415,-0.01041955002962569,-0.011108647353517687,-0.011447233890630404,-0.0032284100080710587,-0.0028530670470755526,-0.0011534025374855261,0.0004219831376244265,0.006135001812560548,0.002686998704278798,0.003963911613392934,0.008504460847239992,0.001438021282714974,-0.008362817626246466,-0.006453662471765043,-0.004952716570588933,-0.005856614297666596,0.012881680374027038,0.008636693911023396,-0.0019542204515470285,-0.002406721760588759,0.000168967136587872,-0.0015788167596264557
2016-08-29,-0.0016561413193485475,-0.005866305120858728,-0.0034189982199642754,0.012745885286782999,0.010132136117527057,0.004962806727322855,0.00809716599190291,-0.0042918454935623185,0.004618937644341736,0.005422630563218345,0.008023106546855008,0.0216450843803373,0.007392447854566164,0.0025457439155369688,0.008328575531303839,-0.018812844631852066,0.005196492198879854,0.004757788199304391,-0.001122161918004072,0.0029778647594278507,0.01264406220105685,0.008842811635297654,0.0012062554059324437,0.0033916964350355627,0.00522804733711979
2016-08-30,0.02432958387224682,0.015563811249194703,0.007607428287478735,0.016689494300670127,0.01875272527796068,0.020027406857958674,0.024096385542168752,0.033764367816091934,0.025287356321839205,0.0149817227476996,0.024832823941419946,0.02138817551678418,-0.003752476713683839,-0.0047611333045908255,-0.0065508400298820435,0.0,0.000969272989684189,-0.002914030657418909,-0.007676465081445372,-0.004810072872488469,-0.005531887106591693,-0.00200354994989016,-0.003614440744042602,-0.003962956556224917,-0.001953680655931933
2016-08-31,-0.02024291552612456,0.004067490038294874,-0.0002961361822589881,-0.011033369214208721,0.005565046969925991,-0.00806882732651959,0.02274509803921565,0.025017373175816537,0.02130044843049328,0.0005314518666661439,-0.0040384592742609415,0.00355590682646989,-0.0010881811242304806,0.0012757455154797093,-0.002293635255342985,-0.04033054545454551,-0.013879954809554618,-0.005991028201615567,0.0009433962264151496,0.0020583599950596554,0.002225103376513049,-0.0032621644891653867,-0.007427880591257208,-0.0026525360209878057,-0.002375864254739568
2016-09-01,-0.0016528099628874138,-0.013237853977218883,-0.003998178646500539,0.0019047619047618536,0.006598573861217538,-0.007863367465743787,0.0076687116564417845,-0.004067796610169538,0.002195389681668658,-0.005606113305542282,-0.0046787584317292685,-0.007283445025264679,-0.0021785990339735495,0.0017518872152908482,-0.0034482472255243923,0.0031002410230711597,-0.005237316047048024,-0.0022785593029351903,0.00593783223374178,0.0018982033013306143,0.00039640817325392597,0.0041540028904203385,0.0022624608816996794,0.0022554475289295883,-4.1384648208353525e-05
2016-09-02,0.008002124282443512,-0.00029329960286483825,0.014124248762288127,0.00950564910374796,0.0065552335260048444,0.008198934135009495,0.009893455098934467,0.014295439074200278,0.019715224534501585,0.003976013410955215,-0.0006267941084300288,0.0023795161610151716,0.0020154349678294103,0.001271828258447405,0.002595155709342656,-0.012362671278754345,0.01809812497854968,0.006409282215659395,0.009369436545697107,0.0023617438060377083,0.002694808634299939,6.274288854957177e-05,0.0013890953290500718,0.003486033584256809,0.004201041315648579
2016-09-06,0.011771147324696196,-0.010119454796489458,0.011581894320215502,-0.009416142556693208,0.008613445740060843,0.0016265112937519088,-0.00904295403165023,-0.029530201342281792,-0.01933404940923733,0.0008866828597162701,-0.004390059717468198,-0.011078081326965084,0.0036037546094536133,0.004128326452842224,0.0,0.024687030598052884,0.012605009288784386,-0.004684869301772476,-0.00027854821206541036,0.021270251356039882,0.02545248556710944,0.0050141208709346685,-0.0010403503048500573,0.01117361205270595,0.002981678758352535
2016-09-07,0.048430764297369144,0.08163559961346767,0.02942027536231895,0.05649109179793599,0.025827995243823842,0.04681999873288234,0.019771863117870714,0.0055325034578146415,-0.0065717415115006395,0.002007889895377035,-0.0018897322834645625,-0.004400920007964659,-0.0011690939457202898,-0.005850774641025458,0.002013229795800875,0.027146285278123017,-0.0009575805936801185,-0.007207442765261085,0.006128171072541155,-0.005564941026816594,0.010175033074077966,0.008044857821832396,0.000867887504462983,0.00034606578058249404,-0.00014638505859998485
2016-09-08,0.01548381935483878,0.00013700431946461755,0.004082796059169169,0.010025680718473984,-0.005279147208121837,0.0020682006204757464,0.018642803877703118,0.01719394773039884,0.01764057331863289,0.011728685232848202,0.011044493182565729,0.002612055455093465,-0.0011704706866443315,0.005885207664787728,-0.0034442881745120335,-0.010241195903534894,-0.0019169010197093161,0.003333557917862162,-0.026208970099667717,-0.0005353635665756862,-0.005951918978590154,-0.016332584857291388,-0.003988900450919153,-0.006445786063559722,-0.0022230135011277463
2016-09-09,-0.021855045583483945,-0.02670680015549398,-0.03449241446999429,-0.039195748556992815,-0.03817111499607606,-0.03663565720514228,0.005124450951683679,0.03177822853279255,-0.008667388949079147,-0.01800068116041742,-0.014044974592853365,-0.023647313681470328,-0.010379157860725186,-0.011859582167628613,-0.017857228748351828,-0.06341789263744635,-0.022087099871959004,-0.01343773606855092,-0.022649735506055202,-0.03050784769152326,-0.024334120692895644,-0.020817597484276806,-0.021243270067908715,-0.020198155417908592,-0.024522068857295465
2016-09-12,-0.003897167893106235,-0.002181087659850589,0.013505663469276064,0.018278119205298093,0.01146012333319435,0.012854847348687581,0.008739985433357633,-0.009829619921363109,0.003278688524590123,0.014771257617613998,0.02057619499841712,-0.0036945812049553606,0.007866032110309673,0.011201743920571605,0.016129150506108525,0.019957306484579496,0.010801964347036508,0.014294297795775401,0.022398992432812515,0.014931426810888437,0.012509866443900286,0.016699794248830502,0.014943960415298996,0.012321363942654484,0.014677052525391865
2016-09-13,-0.025299973917579655,-0.02228178567217265,-0.021063203595598323,-0.02367325763978312,-0.011749937054133408,-0.017979931253305104,-0.02310469314079422,-0.03441429516876238,-0.01851851851851849,-0.023734350797782744,-0.024193639938359768,-0.032550514368551275,-0.013007745451233843,-0.021838867254927452,-0.017604645448505374,-0.038085253735665514,-0.011981833289567145,-0.01165795035533057,0.023804930811649028,-0.013584077740269929,-0.011500528222852857,-0.01566741493254098,-0.009114811728568206,-0.012132347347732275,-0.014830674013266876
2016-09-14,-0.026224244747772074,-0.03245348240434209,-0.024443764637002263,-0.010924593949496186,-0.013163440049403063,-0.008077517718834581,-0.009608277900960749,-0.00479780671692942,-0.006659267480577213,-0.005029916167664794,0.003178639643313552,-0.009369655225077822,0.002125669567845767,-0.0074422098779775014,-0.002937778997127438,-0.005448673975711027,0.0003277613897081366,-0.0019409854858003506,0.03538675443767514,0.00010514579170917138,0.004402153953322552,-0.01129577705276652,-0.004776242787479901,0.0036856981040009895,-0.0005876766500768626
2016-09-15,0.000549629034064969,-0.0069320808905162234,0.00240054006299939,0.004579795381998597,0.004733240103270253,0.004071715526601238,0.02462686567164174,0.016528925619834656,0.004469273743016755,0.011555115273107708,0.012357478211580286,-0.007953525365434255,0.0065331409593318845,0.01678896550249287,0.00589275208876705,-0.00036515706227757683,0.005242463958060384,0.014361575071260901,0.03399842655447527,0.011299550243614176,0.0045394772921534265,0.010451158511175063,0.01653041295877755,0.012157562881579542,0.010109273250546558
2016-09-16,-0.025267728645976373,-0.018989710095014933,-0.01661429476468468,-0.01394478375047492,-0.007280513762729979,-0.010813786925450652,-0.04661325564457397,-0.09349593495934949,-0.04560622914349277,-0.012375071247321845,-0.011267636580042706,-0.015601342769172577,-0.0032032117475313537,-0.0016031099454455466,-0.005858230985888557,-0.0032882717103298598,-0.0026075619295957697,0.021089889970578035,-0.0056242969628795825,0.011472174482006547,0.005609668611936014,-0.01169220065033516,0.0010491519679864947,-0.0037317365018693094,-0.0037722949071267164
2016-09-19,-0.0014089320141486006,-0.0056617445829015844,-0.00015213090496779547,0.021756867011150316,0.00496115174803391,0.003006313200327959,-0.018334606569900713,-0.03064275037369213,0.0,0.0012651024096383967,0.00031655587211143477,0.01276685009905365,-0.0049893953488372444,-0.015253645074721267,-0.008544402137430795,-0.0065982768842273165,0.007516339869281019,-0.005705264637067442,-0.011660285415941551,-0.0043930071316600205,-0.0032541487349575515,0.006695261484535919,-0.005589519650655017,-0.004135876832952579,-1.8603097307945404e-05
2016-09-20,-0.008182759824569952,-0.0017698598615802918,-0.002892403626354123,0.0015970455150386975,-0.003004915217857951,0.003269727431342684,0.0007782101167315147,-0.04240555127216661,0.004662004662004504,0.0015642499792447584,0.0031645886075948315,0.011953988783046654,0.0024646693025778266,0.009946143487815418,0.0047547991230432185,-0.028413284132841388,0.010703859876743493,-0.001525217974117754,-8.804366966019828e-05,0.006605593031266066,-7.769141442792726e-05,-0.0027119391332064424,-0.0021078341823291824,0.007457177628985123,0.0002991384143951059
2016-09-21,-0.01365587404518498,0.0059354353175189445,0.01832056488549605,0.011161254021757827,0.004736210877584357,0.002444323737099241,0.025660964230171057,0.02093397745571668,0.03480278422273786,0.0033639574496069358,0.006940031326812868,-0.01567867234367115,0.008139101521130288,0.012269971137713442,0.013901153093724972,0.024306836308393587,0.008344030808729253,0.0177493488197471,-0.00017606762349209326,0.012201711509381541,0.010105744792488824,0.006992567309664688,0.01672235492479568,0.006235332920695891,0.010917162154086668
2016-09-22,0.016729219309444376,-0.02015323371647515,-0.009894992948800141,0.01182657061305048,0.014784723153405732,0.011379084259008465,0.02577710386656551,0.025236593059936974,0.012331838565022402,0.005927108938077685,0.010025125313283034,-0.0024001962731748927,0.00462530469681921,0.005103652231201794,-0.0037922113124914114,-0.0044493512958602155,0.004137460216422584,0.008076541831848028,0.009423161270870617,0.01894297134427747,0.001077420331269563,0.0037291969634745126,0.0010388158254437396,0.01415842339877127,0.006499784681166743
2016-09-23,0.008510609929077928,0.04559313258168918,-0.0040884917612281635,0.0072727012987012785,0.002956059903799435,-0.002410929418112606,-0.008130081300812941,-0.019230769230769273,-0.022148394241417457,-0.017200326932500176,-0.010235793409690164,0.00043746718203241386,-0.005441160266542511,-0.0009520945731513741,0.0032209661364002162,0.032402197392923604,-0.0003168938293786061,-0.0037577852120285193,-0.016663792822760648,0.001304819167816662,-0.016297685788781102,-0.007238517665501876,-0.006745070909719875,-0.0003937932588972126,-0.005736774814255385
2016-09-26,-0.017440197396348722,-0.02595363558609498,-0.017789251229553882,-0.019081949950540245,-0.018736821052631636,-0.009935633193574933,-0.02608047690014903,-0.07058823529411773,-0.016987542468856254,-0.022103850841644457,-0.027577530554685148,-0.018801944958375727,-0.008669295659781029,-0.012865263863806597,-0.018096877880728446,-0.06601731839889324,-0.011414108705957271,-0.005622333130109403,0.0015082601366338544,-0.00817874899162263,-0.005079720264768106,-0.006452445643371885,-0.009228591328573899,-0.016126574676531003,-0.008587762454059567
2016-09-27,0.030632693959347312,0.029332773687561264,0.021517028529938864,0.030757044407017986,0.04097830849649631,0.04529433266325822,-0.01912777352716144,0.005907172995780696,-0.0023041474654377225,0.008731750278220263,0.010312568149772217,0.004679121999128455,0.012226201496231992,0.006757811528308455,0.005648127397387848,0.015063809002078266,0.006735054522129635,0.00765811617765455,0.0018603827732239786,0.02120978599112089,0.010839714254021082,0.018119288689941282,0.018453408841707875,0.011366409307473457,0.0064441700612607455
2016-09-28,-0.004444444444444362,-0.009921685716038464,0.003182285291173814,0.0005100994774316359,-0.00041220115416329417,-0.012195147581859023,0.00858034321372858,0.03187919463087252,0.006928406466512715,0.0034378906221246286,0.013397129186602852,0.004879152805500109,0.0014259184580949213,0.011666917052900683,0.004729529723350279,0.0053272067988126,0.005734342329861253,-0.002698977334277042,0.007604563006616383,0.015451331599624973,0.004196083546567975,0.009695662188029308,0.0013804658950737903,-0.0018518435032522929,0.005296553758763256
2016-09-29,-0.0005580357142858094,-0.017857105049298383,-0.013444094264838169,-0.005098164669895544,-0.014433010309278349,0.0021014447071183717,-0.044083526682134555,-0.06666666666666665,-0.037844036697247674,-0.027531355659798473,-0.022977620396600562,-0.020746015874067214,-0.017756947966805825,-0.021958910299508916,-0.019711737586834976,-0.05185469341408033,-0.0177383592017738,-0.014884957912258079,-0.015533094007304626,0.00039822498738839585,-0.00882148135329186,-0.001137102836311299,-0.010856402048188829,-0.008380659215877606,-0.009321411325289963
2016-09-30,0.02205474595198198,0.013195250639267408,0.008421421173523846,0.008455086048042126,0.01673638110327147,0.019397036990981054,0.06310679611650505,0.1402439024390243,0.035756853396901045,0.01459582915248503,0.03286082368360743,-0.0020283976116385327,0.0073335040675408525,0.008076239702794474,0.01650657262905164,-0.019960080637128952,-0.0012899387294421638,0.012145697765906016,0.007755428775182649,0.009963223110257102,0.0014053244251799324,0.004680317470872719,0.003484250749677731,0.00294185619615428,0.007967969361336813
2016-10-03,0.029773285174179653,0.027258202537991716,0.018675903147951756,0.01575200671361765,0.028600906526786263,0.02185659608785273,-0.004566210045662156,-0.008403361344537785,-0.009205983889528202,-0.0012401376265854802,-0.003431066642823888,-0.010162534104844911,0.005756378712174159,0.0017625380547989788,-0.005609654727182001,-0.0057026071569289405,-0.0003228931328025375,-0.010785678571428647,-0.00468826166516545,-0.0006807610100935113,0.003898027476478383,-0.007806137571061855,-0.0031250001085069146,-0.006085219331105396,-0.0032606958242220596
2016-10-04,-0.0018567638764783734,0.03331616471314458,0.02414671480976094,0.0042521760880440684,0.012802539995897533,-0.0145949162257214,0.023700305810397504,0.026964560862865916,0.0023228803716610624,0.0074501579924808325,0.0028169013202845594,-0.0018252794056454746,8.418483434358137e-05,-0.0009597088931542208,0.0011876781472686115,-0.027447767308480198,-0.008397868488303262,-0.0023828506613167155,0.0042659439838586,-0.003238713378572955,-0.004504170086070736,-0.007296453224437283,-0.0031347266852918,0.005009313205470933,-0.004955562300028915
2016-10-05,0.0063778366628266525,-0.003994557329416226,-0.005821583551471221,0.004234072018228119,0.003950246811174285,-0.0015322267620019314,0.01643017176997752,0.019504876219054834,0.01969872537659323,0.025451345893847455,0.01622971235238113,0.028342902857142693,0.0030297929641476262,0.005443483916802494,0.005338107789498503,0.03580454928390897,0.004234494976075087,-0.004053256975875441,0.00044251327433619814,0.0123855924137235,0.002184249907414726,0.003962642031583252,0.006988067540598664,5.1489510143110095e-05,0.00429669054167503
2016-10-06,0.007921811669443057,0.019551642929469315,0.011418504213687841,-0.00942462797619048,-0.00019677355117952988,0.0017902814214978413,-0.01102130786186617,-0.004415011037527616,0.0,0.0045072117009812285,-0.005221191485835552,0.004223116060319443,-0.003607987917435884,-0.0022292834749886303,-0.0073746308333551,-0.037006913379422524,-0.009406389879986987,-0.00821224528144282,0.00743030491179808,-0.0031977024586261615,0.002101689093938708,-0.001273217452594566,0.0017349583923482736,0.0005022911568592914,0.00048156019948386586
2016-10-07,-0.011527325728442617,0.01805276750454632,-0.014184325614955973,-0.02478713131665322,-0.025974025974025983,-0.017870743827967384,-0.015601783060921304,0.008130081300813163,-0.025000000000000022,0.01603355127850037,-0.0024698364455029154,0.0033200973882248075,0.00412629894736849,0.001755505904883492,-0.0026746209405872357,-0.02195945945945943,-0.0016372298088661585,0.0013922693530279417,0.0014926332426024036,-0.0026495022592692985,0.0019418983244563481,-0.007712945955094863,0.0010390889837517125,-0.002291233986005947,-0.003253483681710745
2016-10-10,0.030744738934535,0.02980754301147326,0.026427880980357088,0.02105260536450304,0.001818181818181941,0.03379253876286614,0.007547169811320753,0.019061583577712593,-0.005827505827505908,0.007124718752579362,0.007737542317005852,0.007059342287256021,0.0046964526114803284,0.01800226222717849,0.0014898688471431942,0.01856649395509491,0.002295801902263195,0.01039073582933625,0.017447028491917482,0.0027161633715893085,0.009690673319998622,0.008672229828126543,0.004152283808863011,0.014011437221713496,0.004605905098135743
2016-10-11,-0.01774229924768067,-0.0029480871021775323,-0.008296409194884391,-0.02087002765903956,-0.029643093365598006,0.0005029167714356575,-0.004494382022471988,-0.020143884892086406,-0.014067995310668158,-0.011693171666582125,-0.011670792024852772,-0.004381182721525434,-0.01803008302094955,-0.030829451304242528,-0.014281463425127483,-0.02755400593471813,-0.012434522658197777,-0.024116468364477672,0.0021542437861528096,-0.012724123177898838,-0.010442260041375051,-0.014202082175465924,-0.014645106570552846,-0.0036516718740573495,-0.012446471763257416
2016-10-12,-0.02146596802445111,0.004099186937694732,0.01586611810569427,0.008474602169352918,0.004779696691182389,0.005528951859036235,-0.013544018058690765,-0.001468428781204123,-0.022592152199762183,0.0015381567130092755,-0.008390304536979531,-0.0028603079678699572,0.002805185334964211,-0.004359761020507058,-0.0018110775185307126,-0.010897994293897373,-0.013253777335984096,0.0025974471243044306,0.008942321274554743,0.003718444043321334,0.0013190409171692785,-0.003230182974425233,-0.001398811005399847,0.003920477061509997,0.0011465894253985809
2016-10-13,0.049759254955611176,0.026970948025310637,0.03592217804912656,0.01884385026737978,0.021096195288363928,0.03424151633299255,-0.02135774218154074,-0.01764705882352946,-0.007299270072992803,-0.011104577475996913,-0.0056408649326229465,-0.012577228596646117,0.002458260553884317,0.01378524164774575,-0.009374115512549075,0.003525738055278227,-0.002350637933155153,-0.006735780603888464,-0.0030679394262124182,-0.005766761193992775,-0.009531212486682428,-0.003694290141033396,-0.003326965446910024,-0.010112718915599173,-0.0030992638350910706
2016-10-14,-0.01503567711337006,-0.0030628935105160293,-0.008909005056318642,0.0007498875656029025,-0.009722503741594113,-0.0014499999649588702,0.01636788776305531,0.0052395209580837765,0.014705882352941124,0.018516342354752746,0.010715411282697707,-0.0008938770949720176,-0.005919194893976076,-0.005919037143466199,-0.003052442188793969,-0.025911286780851972,-0.0006731067207373931,-0.0020121022130993316,0.005556436807781395,-0.007621077053575176,0.00046938663745899056,0.004748868040926002,0.008784258917226229,0.000436945988930848,0.00020160417815362486
2016-10-17,-0.0018111253914036007,0.0007844816520978792,-0.005116802796758302,-0.01723284172745143,-0.01124972410001479,-0.0019360600193611965,-0.0030674846625766694,-0.0029784065524943726,-0.006038647342995085,-0.008913933640301797,-0.008730869971936395,-0.0046969135472358925,0.007910854166567782,-0.009977454296386412,-0.004898958971218503,-0.035166816952209246,-0.011451700523688046,0.001568152651854282,-0.000680030627562056,-0.012163421955386222,-0.002658711354208143,0.0020719132807753837,-0.00348305480609723,0.0018367859256973595,-0.0030379938212078406
2016-10-18,0.01995842301926265,0.008817707035230216,0.0023630663785634276,0.002795451222132206,0.015721928009929664,0.010669204138253896,0.02538461538461534,0.0246452576549665,0.04009720534629402,0.021479319526627183,0.016671877424602854,0.010112382022472,-0.02599370454880079,0.009265279583875241,0.005846123076923115,0.03130841121495331,0.0037478364565586286,0.06903745362568192,-0.000680595468120937,0.005781428046771397,0.008075944738310081,-0.026167880696055357,0.0076896014035370275,0.019616374645417434,0.006160403479896548
2016-10-19,0.032528667472867534,0.017805115269766025,0.018721369869347138,0.036492727736764374,-0.02423621279984578,0.013675623800383896,0.027006751687921993,0.010204081632652962,0.017523364485981352,0.010890285266457633,0.018873762376237613,0.006896484829889138,-0.007105172615711863,-0.0035432597841843494,-0.002753166190063272,-0.0004531490711372488,-0.0003393754358239631,0.00683447943953186,-0.0029794500723588913,4.8893779522440894e-05,0.011977863546355882,0.0035827627150826213,-0.00225461325008669,0.007846477782782024,0.002191970828747003
2016-10-20,-0.0009845188042204578,-0.009223899667122781,0.024911544036367417,0.013691857521180628,-0.002922145689834954,0.0009467692307691955,0.005843681519357213,0.03679653679653683,0.02296211251435132,0.0,-0.0009109626480412469,-0.007291162496295356,0.0024435553693535894,0.0008081299629567607,-0.0018403988859141407,0.0,-0.007470322326983969,0.0048487360548845615,-0.0005123633704793296,-0.00901318957303332,-0.0008454461544429304,0.0017189541755571192,-0.004867008601894707,-0.0056519388646288915,-0.001375723874264545
2016-10-21,-0.01699921162847995,-0.0012840898876403939,-0.009695882458548688,-0.006994717968999531,-0.00167471216244508,0.0033104515651347644,-0.005083514887436524,-0.0041753653444676075,0.0011223344556676729,0.000916870119674229,0.016413281677004177,0.0035610950367239713,-0.012448863608021221,-0.011627858902708565,-0.011063337090862269,-0.004533091773938902,0.001710605542251109,0.0020678843697856664,-0.003929574711415529,0.010699455678131908,0.01592313076923091,-0.012473593915691694,0.04209606986899561,0.0030114359227217946,-8.41417022030555e-05
2016-10-24,-0.0017543858769731857,-0.0038573191155772957,-0.012741376414736494,0.004857930767934393,-0.01845246421582014,-0.0023567758661324767,0.018978102189781243,0.01187980433263447,0.0,0.0025762695663396062,-0.0017941986182475889,0.009536482590374762,0.0014985807211109758,-0.00735295739619346,-0.0015537290242386703,-0.016848771259051487,-0.011612021461338107,-0.004677670932024203,0.009005145797598813,0.023321453538156067,0.009161747072520487,0.006282175824293912,0.02246061012403633,0.017188523569739544,0.004749839534638145
2016-10-25,-0.0035150136321860925,-0.006776398969533415,-0.016437970161146898,-0.003867536955947104,-0.006195278654234526,-0.008977108009586177,-0.01074498567335247,-0.014502762430939287,-0.0022421524663677195,0.002455504866820224,-0.0008988316087827908,0.004393695079086157,0.003080697094615781,0.019753102880658346,0.004668471687878206,0.021306113941639726,-0.01105735967320809,-0.006289328823148366,0.0050998725031874415,-0.0034722212486129056,-0.007428016262215009,0.0020588296844537,-0.00016390163934432156,-0.006690364280792949,-0.0037977277794559727
2016-10-26,-0.009322222457098017,0.0003249057956429269,-0.01754150504028984,0.0046106043341567204,-0.01612209802235598,-0.08462452718415903,0.005792903692976026,0.020322354590049052,-0.005617977528090012,0.008658524488888819,0.007196462200687481,0.009405096032259364,0.005264996536196831,-0.01743344604627206,0.003717565170928472,-0.009523764604252305,-0.00908455593694768,-0.01078037982181379,-0.022494748414376375,-0.015074554114708039,-0.009448938439357235,0.006163792213554009,-0.005902623187321709,-0.010647883641851208,-0.0017404114266579285
2016-10-27,0.01500508646998977,-0.1299123117228771,-0.00014050330973591763,0.0016907970197683753,-0.008302403320952556,0.02187499886067701,0.017998560115190854,-0.004807692307692291,0.047457627118643986,0.003840249466980472,0.006847275974992462,0.005633759235806668,0.009951108763113004,0.006899983684901967,0.0024690739216619573,0.011904761904762085,0.017277820265239052,-0.002038908867015743,-0.00960283794801764,-0.005142345349635424,-0.010302129671206695,0.010144312102553288,-0.00874159642517569,-0.004655450670669525,-0.00298672693338764
2016-10-28,0.003758481583563178,0.016050832759630485,0.009280033354329476,-0.0031348202764692745,-0.010795263511682474,-0.0015291028782311589,-0.005657708628005631,0.008971704623878418,-0.0021574973031283085,-0.00343179184247544,-0.008870490833826072,-0.003878474466709747,-0.0031978825375423847,-0.039973910263111145,-0.01693349753694573,-0.07918552036199089,-0.0010398613518197708,-0.011201887963901758,-0.006638748894523094,-0.0513710088109941,0.012337041987245945,-0.004825594855209836,-0.0038269385632924147,2.5170051680456496e-05,-0.0031082993655890956
2016-10-31,0.013479705105349238,0.013225480680728152,0.0061298691297000385,0.010401548137397132,0.002895255995756907,0.022205181214905556,-0.011379800853485111,-0.015731874145006763,-0.00324324324324321,0.0062098114836277585,0.00149164677804281,-0.004758857884490486,0.005722673966484404,-0.002039411964649851,-0.006890103351080534,-0.12334152334152337,-0.004857737682165131,0.006982514842215348,-0.0015828350334153862,0.017389736034459924,-0.002284926620416683,0.007076869097196292,0.0008351261205132854,-0.013616325820789865,-0.00012227651805640782
2016-11-01,-0.019704409837655645,-0.01704126977699494,-0.010938811811979754,0.002633492937514914,0.0037753054358273808,-0.009238427196964438,0.0007194244604316058,-0.03196664350243228,-0.013015184381778844,-0.0010099135713107499,-0.006255555555555681,-0.00043460119254967733,-0.005603948712888163,0.009877349968028692,-0.020182876700815977,0.33744400224215254,-0.0006973500697350365,-0.013443776785625583,-0.018055346133521222,-0.005583593680730803,-0.011374951852242465,-0.005856002266172,-0.002002653604894933,-0.0011853991206041137,-0.006786883176217451
2016-11-02,-0.0022613065894799833,-0.004795344785053279,-0.0065798824023520774,0.0011938633907864205,-0.006637145870859618,-0.0017640877016129597,-0.02372393961179009,-0.023689877961234784,-0.020879120879120805,-0.008311782638568799,-0.013189537973934629,-0.016307892311028804,-0.004161565949768242,-0.007757150215128905,-0.014161602832314046,-0.11483654170844348,-0.006280530355896707,-0.0032274045943615493,0.0008969414619046656,-0.025273393109817466,-0.017992293436293383,-0.00549771607097338,-0.006187274350957783,-0.01902728817321031,-0.006525500629458225
2016-11-03,-0.008310199151604247,0.0018532246932494445,-0.018320110179257387,-0.00023854042451709745,-0.01002229354020967,0.002272153439228708,-0.07952871870397649,-0.0022058823529411686,0.026936026936027035,-0.002095339199282731,-0.0033413428518433985,0.002210388938532981,0.0014800452596199776,-0.006968048946295102,-0.024159321715942705,-0.08522731604037326,-0.0077247191011236005,-0.00827452894731695,-0.01577198730251772,0.0019202035161718367,-0.056381207146044,0.0027640540196915975,-0.003701850917045224,-0.008546906332037363,-0.004423400698294833
2016-11-04,0.009141721453993723,0.008879112491858576,0.008613235221749393,0.02290083601626125,0.023622024215477433,0.01712846304462312,-0.0015999999999999348,-0.008843036109064228,-0.02076502732240426,-0.0016458145875903885,-0.0009144163086127755,-0.016321173356859342,0.0006954881395764279,0.0066746534314563455,0.0036801941679556194,-0.007246376811594235,-0.0035385704175513455,-0.0008706014529407113,-0.009013967039970816,-0.015618737920363723,0.006250000000000089,0.0003937651897933936,-0.008444519649459914,-0.00014431264912595498,-0.0016661305078947697
2016-11-07,0.04403623331473416,0.0282360896999152,0.03287785275041677,0.031016743679646908,0.031868153846153824,0.029470009176077117,0.03766025641025639,0.05724907063197038,0.024553571428571397,0.031605264115566856,0.03721784738309486,0.01793731022140399,0.013465406885019515,0.020911237674260397,0.0126666333333334,-0.0026069343065692197,0.019176171875000092,0.030644003961164623,0.014424917839945595,0.03957354542729963,0.011594219461697808,0.021583731228013603,0.029126197055462377,0.02690218033904146,0.022223544015960606
2016-11-08,0.005061436246737383,0.020684800727920116,0.0019291580542923903,0.007238181570644153,0.01341855136488701,0.00866009141207602,-0.009266409266409203,0.0014064697609001975,0.002178649237472685,0.0024245206617703463,0.002941117647058844,0.0030836782782519556,0.003343039487637922,0.007660266572194319,-0.012508196593423282,-0.2169367076286831,0.0020905574184475473,0.006834362346512579,0.0058870752327842,0.003592686004037171,0.016946368940706114,-0.0035319997204469322,0.0008275902293144455,0.010210588605771287,0.003771974424148228
2016-11-09,0.017026354507761132,0.03144653956199006,0.006464049050530329,0.016168897735659105,0.003572887617785403,0.010493656093489179,0.05066250974279041,0.03651685393258419,0.04347826086956519,0.058872070787951536,0.0709678047488449,0.053798878924047555,0.02785130214819387,0.060651167101344106,0.07066663333333323,0.07409879839786382,0.05389426286509047,-0.006997900923634726,-0.0016207456013234145,-0.020145979054268515,-0.008372250777875845,-0.002320036119353386,-0.004961187283592183,-0.006578047000315723,0.011077020670818172
2016-11-10,-0.002593751473708994,0.03624655001707788,0.024460248701831055,0.01546963535911594,-0.029319413612565404,0.02997403894203554,0.04302670623145399,0.06571815718157192,0.05312500000000009,0.042776253886303905,0.04107338444687847,0.07584911123779503,-0.006400108160586893,0.012153303209722521,0.042652647654191966,0.04536979490366688,-0.011877202635341644,0.02980980393839916,-0.02786793029826584,-0.03821837566578756,-0.0193212940412405,0.03494608274589606,-0.024430730411524992,-0.028969451627941734,0.0019507456248868404
2016-11-11,0.01489364101403412,0.024190892922998808,0.003468080519299921,0.009357997620065284,0.004315016367422597,0.004582974440489718,0.011379800853485111,0.029243547361729183,0.004945598417408492,0.015283551931188244,0.01236196738558637,0.0019368390095517718,-0.008950978677003785,-0.015547999007820112,-0.026873751754329378,0.07015457788347201,-0.011352253377220234,0.0019844863483031716,0.00593747100844233,-0.00453944742221335,-0.014735148640683371,0.006553507636041012,0.005451430912241539,-0.011199089937051654,-0.0013979501669952876
2016-11-14,0.010948101560680268,0.029364865472002455,0.03456066590878648,0.023501508764521173,0.017185800584012867,0.034443385036496244,0.04711673699015462,0.027794809895317574,0.0383858267716537,0.025693787136473523,0.022343360751189367,0.028803421612217495,-0.015784612004856813,-0.006567662133422081,-0.00644366370052174,-0.025000055555555623,-0.01654846279809319,0.04002186231419014,-0.025085308493959402,-0.026982047239116458,-0.033103638878431596,-0.018974371700269832,-0.01524908505591327,-0.02379247569580456,-0.00011550278623184695
2016-11-15,0.03133631191998565,-0.01736435968992256,0.005267840029093307,0.003791889534613624,-0.015839493805258398,0.019845689960118706,0.00402955003357941,-0.0054086541711931835,0.004739336492890933,0.009608992577029074,0.016518476061930132,-0.011837673584410457,-0.0024013551012239676,0.001888918650856608,-0.0046325199310526255,0.03817664035194546,-0.0024039147526128124,-0.0003283622296320621,0.013243780153249451,0.03361283708778018,0.01842192355888206,0.0029074709540970467,0.012904336078876977,0.030445022935597477,0.007480797692708263
2016-11-16,-0.006925759916253882,-0.003471145537478293,-0.006007170398956263,-0.005666337642546204,0.023605215605374097,-0.00864869189189188,-0.0461538461538461,-0.029002962477520322,-0.02075471698113196,-0.02334394125343109,-0.02025002499999995,-0.017303669899220497,0.0003438875515817674,-0.016025152677921373,-0.008377319267762862,-0.019758398449967074,-0.005507745456376778,-0.004795349268747251,0.026888208383904377,0.004372746412635742,-0.00733789267929752,0.003907449472584146,0.013249584053840469,0.00789725649510542,-0.0015822638011099288
2016-11-17,0.03104614103383252,0.018366112160840276,0.013887116390141951,0.023849661801400135,0.027253647227386768,0.018320633296428968,-0.004908835904628317,0.001244555071561848,0.016377649325626242,0.016338650643330066,0.019903088030188698,0.01567341331269345,0.0018047352887182733,0.0011176752176644822,-0.007196464555583981,0.006718868604766559,0.004153721154507517,-0.0048184554455446005,-0.0003636694377187055,0.013275508222153176,0.012463512548169575,0.0032017704966562643,0.01659676390287479,0.008829531415590397,0.004676369709732731
2016-11-18,0.009382412856975275,0.027363146255662718,0.007863069318023275,0.008039662256840385,0.02857146938775501,0.007924652129463583,-0.014799154334038,-0.011187072715972635,-0.012322274881516715,0.0034346275954151295,0.011508606166909852,0.00628687345068113,-0.010380020588487526,-0.013237671240228566,-0.00787897888433664,-0.0016684649610678726,-0.011720096518441858,-0.00875510356821374,0.0010004547885567039,0.004970847277498303,-0.006537091378409965,0.0036920900433272674,-0.004782338469365821,-0.013860978277841274,-0.0023867984933356734
2016-11-21,-0.003890964284088416,-0.008777221709029392,-0.00868254676377811,-0.005930490554990286,0.001984087222853592,0.006374840493522216,-0.003576537911301858,0.007542489000628372,0.009596928982725572,0.0034703873504999816,0.003215458817709571,-0.01325257478227948,-0.003120674383489286,0.006950056682561101,0.002858958068614914,0.02228406561091556,-0.0024415765608650775,0.006423599995120766,0.015173614943616798,0.026099804915668656,0.04059135294628313,0.014838861617550103,0.008450754215435063,0.011386691364697832,0.00746140094927239
2016-11-22,0.0,0.014045819847328334,0.03490733733063389,0.005965871097184383,0.03168312871287138,-0.005489928093540319,0.0,-0.006862195454635289,0.000950570342205248,0.0001421214691859074,-0.0004930966347856947,0.0019186876807115727,-0.01965219130434781,-0.009630786671441238,-0.007602153943617407,-0.02833787465940074,-0.029370629370629397,0.012299653951209466,0.0006265103149911688,0.006833355128205154,-0.0024636282121285324,-0.0006144006729889018,0.004272066968911137,-0.0012090379426566988,0.0021654319242507825
2016-11-23,0.005642317463441238,0.019572417592789826,0.017539556206789486,0.006339406693684824,0.004798464675564773,0.005732505551274025,-0.01005025125628145,-0.00816582914572872,0.0047483380816715215,0.0056842262058443005,0.012333497475740085,-0.0011490041909422155,0.0029271066689213754,-0.0009724797249192063,0.002872646026173209,-0.04991581604038131,-0.012247838616714746,0.008406659937168603,-0.005098389799699898,-0.006634181665311267,-0.005186506913752331,-0.004241728705252634,-0.011780055821008717,-0.009475874120403627,0.0008080247522281869
2016-11-25,0.010358221838584258,-0.0032486886606848397,-0.002531328381525144,0.0006096931641879078,0.00191027705483382,0.0016888748509367169,-0.01087744742567065,-0.002533248891703588,0.007561436672967936,-0.004380354240312245,0.0014619151690566934,0.008818999233128899,0.009374697090298145,0.009247242200636663,0.008593284532145029,0.003541853391862304,0.02188183807439814,-0.004754429030096374,0.00503457682155628,0.0003204635204869799,-0.003806678378241557,0.007161396645546159,0.0021522681406533906,0.0009067175771917402,0.003914386912404755
2016-11-28,-0.006834686031610415,-0.010370370370370363,-0.003867069486404806,-0.015231518471506167,-0.009532888283453,0.0014752159857700509,-0.04178885630498541,-0.04063492063492069,-0.026266416510318913,-0.004872736189026061,-0.016058370611112927,-0.019764291519655863,-0.008761938371031452,-0.006590580398498358,-0.0047333542210995505,0.025882411764705848,-0.0049964668094217846,-0.004580832466210771,-0.001967975668664579,-0.017427598558552915,0.0002492689877704457,0.00845902297694634,0.0013216917449478949,0.008612536839995633,-0.0052545356518649555
2016-11-29,0.008387075268817323,-0.004191598802395169,0.004246014800436626,0.0020622395519802605,0.010587083530566144,-0.005892213804713942,0.011476664116296886,0.028457974851092027,0.02215799614643532,0.006655545329530499,0.003956454103769769,0.005428441045814525,-0.005745549520345228,0.006310679713765088,0.012048160683317821,-0.0160551022904184,-0.002510760491777675,0.036026526618719856,-0.000985928116877255,-0.0055427310525260065,0.003820272275715464,-0.006017535715596045,0.007919468603869717,0.003384407260548894,0.0013352928795322683
2016-11-30,-0.009596929187394632,-0.0174384182061621,-0.006160932666839036,-0.008437950195513522,-0.021904800000000058,-0.013336176404056932,0.009077155824508187,0.016731016731016846,0.013195098963242335,0.035607995277449955,0.018719286636418087,0.020439586956429112,-0.010490753632003358,-0.016079755846273636,0.006892199248120345,-0.07983682983682994,-0.0017978785256338448,0.004632343540385664,-0.008433554638435203,-0.01567173672371258,-0.02026975212369264,-0.008010750370028519,-0.013586544442625637,-0.016605324777718034,-0.0026534038053485087
2016-12-01,-0.014857859923726568,-0.017135790102905335,0.007171557329703093,-0.008509755085097437,-0.01850040967869171,0.009869105130463351,0.029235382308845592,0.016455632911392515,0.014883720930232602,0.03347171432487572,0.019342335122283894,0.026832994211375416,0.0007187241495403285,-0.007027308498566809,-0.021157436874842617,-0.030398986700443276,-0.01657064121037466,0.016548729687714037,-0.009319580503785008,-0.009219636989837743,-0.028035805236206857,-0.014794686137377111,-0.017590392220059536,-0.013350212777300308,-0.003515529214704216
2016-12-02,0.007650229508196604,0.004669987372229567,0.023775054021541564,0.011304186728071874,0.015872995401865264,0.017845761631612334,-0.024763292061179887,-0.019925219173425934,-0.019248395967002785,-0.014428821991156915,-0.00782727703984809,-0.013985977180714038,0.00520741619341214,0.006089582162263962,0.005403687393632728,0.009144350097975096,-0.003662930537103648,-0.0013048713644230325,0.003744670882990908,-0.004451014446548385,0.0026064639896865582,0.0012513890078855727,0.0008445776884362655,0.003449589606699943,0.00039700648494522817
2016-12-05,-0.008242885390146837,-0.019212927702029425,-0.02015795072125537,-0.01014284806162602,0.012695253658295824,-0.017532874139010612,0.02165795369678869,0.05844980940279543,0.025233644859813165,0.02323604036874971,0.0062155866021713635,0.014370958776746656,-0.00017860843317785147,-0.014395566589308628,-0.001264590618545447,-0.00711974110032354,0.01727937436472904,-0.01928694753404947,-0.007188353048225737,0.025690841108608753,0.0175909702323922,-0.0011249093582074154,0.01637132489451476,0.01601601598934055,0.005821305360635076
2016-12-06,0.01552928662446873,0.025908410742496057,0.020211741330182553,0.03366792137181096,0.025072402124297177,0.012959422137242438,0.07383040935672502,0.09783919567827137,0.05651777575205097,0.012382419439303183,0.009978569731527775,0.022079136047070236,0.0010719671060930303,0.0004979087136929294,-0.0009496992719214559,0.01890482398956972,0.003614022406938755,-0.001966617967182116,0.007698616075520137,0.007058557345499317,-0.0010219024099464846,0.0031907533331019255,-0.004483560204524117,-0.004472059631955627,0.0034108881136405422
2016-12-07,0.04781395649364639,0.03541730697564627,0.03384427946305624,0.033785110256928874,0.019755389661133105,0.04551170302013419,0.057181756296800446,0.020776324725187312,0.02674719585849883,0.01806548928028584,0.003058127643289943,0.031143114872063116,-0.008566839346186628,-0.003649601918540135,-0.011723637887314342,-0.035188739603327024,-0.011883291321570066,0.013221376223305104,0.0098226833950954,0.007453724521600202,0.00545562194963134,0.027689347264508335,0.023686371581545185,0.015913394947637327,0.013163241734930109
2016-12-08,-0.012333051908199333,0.017549059456904548,0.010037698415368945,0.004892368097548561,0.04151291436323046,-0.005015045336611679,0.019317450096587363,0.019817943224424095,0.007563025210084007,0.025004241170013985,0.022045099016066994,0.0001746159248361412,-0.0009900990277245114,0.0009989676823349836,-0.00801538929094614,0.023872679045092715,-0.013119569492727079,-0.0005018005207703125,0.00981720255786711,-0.00401075526100414,0.008139101521130288,0.0034589964452513833,-0.005866074724882986,0.006781702286643432,0.0021593427123762776
2016-12-09,0.03309053138585916,0.00876936552874552,0.013777458595907621,0.008373924376783748,0.005314419746422994,0.003830705799625189,-0.02653190145293749,-0.039915964290128,-0.020850708924103456,0.00165669498848664,0.0034418997961496167,-0.002618292850090742,0.011442508540274066,0.018463090792799175,0.02456367082858213,0.0012953367875647714,0.028803581979320647,0.005021265157237886,0.01632172613907512,0.0017332255620596815,0.0064754518047112075,0.007015015680847725,0.01573517507737021,0.01657607387985016,0.005938984836723504
2016-12-12,-0.04129732154104193,-0.03564189448318933,-0.03386425422293382,-0.034955543355649654,-0.02466963876651984,-0.008435468800251589,-0.025308241401687304,0.0016410283566179462,-0.022998296422487186,-0.01935086989412771,-0.01715069746169673,-0.023801190476044787,0.027614457017379967,0.008002629430018171,0.02208204977659145,-0.05045278137128084,-0.005025197235276502,-0.003934486757884215,-0.00570418624674629,-0.011110215569921422,-0.015959249665775443,-0.006125414217501457,0.003227319618729574,-2.528601725126922e-05,-0.0011374347616602831
2016-12-13,0.005253204454717331,-0.0030048078006541523,0.001614204948199971,-0.006203742121198008,0.012646811658421298,0.003645938903097834,0.023968042609853635,0.019115293234041042,0.013077593722754965,0.005818632253814959,-0.009771963704048314,0.0010756723032570026,0.004594296076679161,0.0011341542266014581,0.013271604119036828,0.006811989100817373,0.023088096070999153,0.006583409411768493,0.016681376286624028,0.018707614710227416,0.021567471042730713,0.016857963746223614,0.013028824610867629,0.008653509986354058,0.006539774854251279
2016-12-14,0.001672198996655494,-0.0009041229983407506,-0.00564068128327333,0.003221908981071442,0.004460303380201758,-0.005449041482321837,-0.014954486345903795,0.000535905680600246,-0.040447504302925874,0.005784908751395035,0.007048872014829177,-0.020415454871060223,-0.0077659936816463215,0.00016180611487603969,-0.0003046603530514336,-0.044654939106901215,-0.008110084340264945,-0.004235654850190507,0.0,-0.007128677076640333,-0.0008311778045245743,0.001307279155926988,-0.004763416957764277,0.0012184788710507544,-0.00811717211425611
2016-12-15,0.00792990433764218,0.007541478129713397,0.04329713046875883,0.013649136892814218,0.012433410522795896,0.026582813039424114,0.013861386138613874,0.014461756829137418,0.01883408071748871,0.012795428206426873,0.0034996966052336376,0.008957915741171663,0.007826776377541922,0.009223301120118155,-0.0021328458257160454,-0.03682719546742208,-0.001421933928970387,0.004754122327323085,0.0054691898439380715,-0.010171440556697164,0.0029947675151382747,-0.0029077859743572576,-0.0015953733248245117,0.0009785451630974773,0.0038832279554188442
2016-12-16,-0.013871594490095118,0.004790437125748559,-0.015423878758636933,-0.00673267326732685,0.006140315789473716,-0.013046056532911687,-0.005859375,0.003695828738340845,-0.0061619718309859906,-0.01687245267489712,-0.006975099138577079,0.0027179018430496527,-8.630598055314742e-05,0.0011223344736626117,0.0027480916030535596,0.03676470588235303,0.009967995728016987,0.020669948346094813,0.0012951131065446209,-0.004244388961892165,-0.005805731110558154,-0.0076777048523341,-0.004474320726292058,-0.00883623264030775,-0.0017506226483432474
2016-12-19,0.019945433131525636,-0.004767598246109728,0.01803222073597799,0.0051833732057415816,0.007846573944082724,0.008411736431003458,-0.004584151931892655,-0.03945291951604424,-0.023914968999114272,0.000711649243490653,0.002809716759768488,-0.002168395374051335,0.0012081463895792233,-0.020819987521140004,-0.0003044457978076398,0.030496453900709097,-0.003877370325083729,-0.014639556976460133,0.005777356212813611,0.010860788607076177,-0.005255735248459126,-0.00029990404366109225,0.02118780130317499,0.004299474015672322,0.0019751207295131135
2016-12-20,0.01317412461201628,0.0170659041916168,0.013616694041477029,0.006743356078673379,0.040657492052897704,0.010724945808339603,0.018421052631579116,0.04107338444687847,0.020871143375680523,0.016815112236141072,0.015643193292402824,0.01593620036334298,-0.0031028530366191687,-0.010467762683476711,0.0006090770265563261,0.008258774948382674,0.0007077494692142583,0.00030953944637102104,0.002657716049382808,0.006814583550913911,-0.0012579839191207975,0.005519636660891836,-0.001257434788705436,0.002795229119185727,0.003637512384150554
2016-12-21,0.005079235979698504,-0.0017662819511469197,-0.004805537457525877,0.0031520883826670065,0.0024937156278066475,-0.0047159953766161555,-0.022609819121446995,-0.015781220410310492,0.001777777777777656,-0.006787584956807646,-0.0029885287356321566,-0.006951854080279984,-0.003026162786575748,-0.017685950413223184,-0.01369850920538862,-0.03071672354948818,-0.002828854213972609,-0.0016089733673859685,0.0009405729265694607,-0.0008039146071335823,-0.0004198085622573178,-0.0016110023289617192,0.0,-0.0023354323594364512,-0.00245736140121644
2016-12-22,-0.015767171704726746,-0.02064287784176566,-0.022168623062929438,-0.02199526794953921,-0.015754577375697854,-0.007897373824388043,-0.013218770654329193,-0.009085943831424026,-0.017746228926353136,-0.005467225766507378,-0.013373253709321076,0.0007180219120088704,0.0011274304245501021,0.0025240114420326254,-0.0018519134659311653,0.004929577464788837,-0.0007092552939980123,0.0015496187745662748,-0.006577789392714362,-0.0055280938653961,-0.013776873204159323,-0.0016136018452924672,0.0001573496984994538,-0.004153226953668043,-0.0018629738593322065
2016-12-23,-0.004312980166625291,0.015657879873690828,0.014927071042134088,0.0018072289519523999,0.0025274137330215662,0.0039801194029851494,-0.0053583389149364224,0.004854260795347454,-0.0027100271002711285,0.0035399217795253346,0.006309885339801813,0.0037667982062781213,0.004504478438938309,-0.00033569988802617523,0.004329004329004071,0.005606166783461708,0.0,0.008973864228569495,0.001977779688709269,-0.007503196750024421,-0.0011073679538778913,-0.00209500182084299,-0.004878001650322705,-0.0017061863141547562,0.0012517152222140115
2016-12-27,0.00268153877887789,0.0065224194434303495,0.0012164215415237933,0.009420765873336512,0.0016806386554621966,0.0007928840278912386,-0.006734006734006703,-0.013955878365855101,0.004528985507246341,0.002448425104998986,0.001393358072611317,-0.00017866333414340296,-0.00043114005201050354,0.0038616520506773444,0.0015393780788177658,-0.018118466898954688,0.004613165365507488,-0.0023921977696879093,0.006350909933089843,0.014212646256535955,0.006310267066861108,0.0025792812785376817,0.0006324636106114223,0.002076204955067551,0.0022483728227060684
2016-12-28,-0.01933764617696665,-0.025625955817378587,-0.020432946538182617,-0.016878534216073438,-0.026845604927704825,-0.0063379676633801285,-0.014915254237288234,-0.0244965147252848,-0.01803426510369699,-0.003767196586911825,-0.011595547578746479,-0.011260071291151585,-0.006988232007998252,-0.00869712311929871,-0.005533384738191871,0.009936124911284594,-0.007064571072574077,-0.007378240330658148,-0.004264028508817019,0.0009463066856216784,-0.009236539119794163,-0.00568383992870547,-0.004582759238033529,-0.008211736590917562,-0.0083565292028287
2016-12-29,-0.008810531101763441,0.004836777684526394,-0.0018040703167421235,-0.004039527531388809,0.0034482931034482966,0.0005980267330287781,-0.02408809359944941,-0.005580357142857206,-0.0036730945821855654,-0.010263873100283538,-0.011027616401398821,-0.008676789587852451,0.0033883580084859144,-0.0038805297789776816,0.004327790066632975,-0.005621925509487036,0.010316577363337576,-0.002477756411325971,-0.00025693729849474156,-0.00903990384365383,-0.004875128376242377,0.002467079818676554,-0.001428798176574042,-0.002878810310866453,-0.0002933046610003043
2016-12-30,-0.011851873015872982,0.0012033514055960204,0.002259166409795066,-0.002433623962003195,-0.020618573528890516,-0.007171334518499273,0.009167842031029716,0.015712682379349197,0.01382488479262678,0.005332118722499057,0.002372431678650866,0.004923431801604483,-0.0024244437167624255,-0.002879437620605718,-0.0003078485498400063,0.026148409893992808,0.004577499999999901,-0.006209637627095477,-0.007795802011623332,-0.019969977809214612,-0.011173141575816725,-0.0036614704563696643,-0.012082718216765653,-0.014013938998079456,-0.004637050387073738
2017-01-03,-0.008352966552858554,-0.0018028125650051408,-0.008227239663228691,0.005895527666101241,-0.014912245614035036,0.002808988764044784,0.06638714185883998,0.018232044198895014,0.033636363636363464,0.008853664759077118,0.018934887573964554,0.016149500704962794,0.005468249331379571,0.021742874498774878,0.016009852216748888,0.04958677685950419,0.01437083721097654,0.008810322804750248,0.002849248834398299,0.0050675290721560184,0.01573227251458653,0.0072293328745909324,0.007080833715494617,0.018553558951730942,0.008486575281753117
2017-01-04,0.00863935223843093,0.022576760171820753,0.013409090909090926,0.024656447049312913,0.030275973988389104,0.026410544217687182,0.04587155963302769,0.061855670103092786,0.020228671943711474,0.006457747049698925,0.013240418426025968,0.0008928392857143752,-0.0016401416312203931,-0.000332518692185535,0.008787909090909096,0.021653543307086576,0.010020697649595789,0.0028492227225001,-0.0011192767972448836,0.004657224089021472,0.015659772243199033,0.012381081256282345,-0.004474320726292058,0.0009667603550240766,0.005722273844205539
2017-01-05,-0.017344796202466872,-0.006181942672407126,-0.015922830230993612,-0.0191321692478863,-0.015557424911233353,-0.016179298560999866,-0.015037593984962405,-0.015840572304547718,-0.005172413793103514,-0.0074445685961302965,-0.009170059815911458,-0.015521837921888326,0.010462593852786917,-0.00033261266701134495,0.009612495956368372,0.008991650610147728,0.023605884365378138,0.0016675251271069946,0.005085364767638767,0.030732480011526286,0.016682079085313273,-0.0033085077191453705,0.0,0.00904815832106265,-0.0007706704833204681
2017-01-06,0.006973196926851166,-0.014514199979013043,-0.00888786442826206,-0.0010054293183188179,-0.02546094775310015,-0.010699445002983143,-0.0025445292620865922,0.0005192107995846129,0.0,0.01483501946028043,0.01457651516481917,-0.0025371330192098807,-0.004792041718363449,0.0026617700438902325,-0.003867926097354202,-0.026734563971992475,-0.004679110962566901,0.0014182452209132723,0.011148306320212686,0.01991156097259439,0.022706605166264993,0.004919988232127803,0.008667752948118057,0.015276697935147743,0.00351695901278104
2017-01-09,0.018827159031100438,0.012924520122950867,0.005633455772587226,0.00020126811594201044,0.019819783783783684,0.007410354496294902,-0.004464285714285698,-0.011416761805915887,-0.01819757365684571,-0.008207411389320018,-0.02599769787902828,-0.014534865288247323,-0.0001720034349440569,0.013771329019412581,-0.00029865591397826297,0.003924133420536435,0.008059066216955513,-0.002832380941262702,0.00915946029481951,0.0011683476069843657,0.01207355928778675,-0.011089512246148292,-0.0031827021005729206,0.0006202319482906393,-0.003548594221719936
2017-01-10,0.029736574777545544,0.056676575667655715,0.05178917283881135,0.024954739886390298,-0.0026501237685555568,0.02067596462576482,0.0012812299807816174,-0.019947455115351898,0.011473962930273585,-0.001317435881746598,0.008194849173374985,0.00700584413695271,-0.0010319487532847171,-0.019312602923489464,-0.0008963847954471804,0.0684039087947883,-0.0009993337774817368,-0.002284624926544354,0.0010085217584172579,-0.001279876300956051,-0.004403554773361851,-0.012704981069071697,-0.00031928480714060736,-0.0023058897225050057,0.0
2017-01-11,0.0033003094059407267,0.01319848896604614,0.01956525000000009,0.01001372472020412,0.010628839492845987,0.0066225165562914245,0.019193857965450922,0.024638403856454216,0.0017452006980802626,0.013150793205855882,0.01416620961063142,0.003295496215589555,-0.012310614245502283,0.028538101753608158,-0.01824153762684022,-0.06524390243902434,-0.01700566855618535,0.0019185356861177727,0.005373184451347601,0.003920085319660815,0.013992746505713693,0.013472667629950141,0.009102523300902554,0.0038767816266220834,0.00282963827286542
2017-01-12,-0.011101994471669374,-0.019401331022217194,-0.005756940114383657,-0.010692068637093044,-0.02453982514530806,-0.012964434984520046,-0.019460138104205882,-0.021432306400016032,-0.007839721254355392,-0.0078124960899351725,-0.0009158919585936509,-0.005474434406467776,-0.000958772745782932,0.009410968531381458,-0.007005908802564242,0.019569471624266255,-0.002374491180461291,0.002903218252537254,-0.0041753653444676075,0.018297407616895356,0.004203402465013939,0.0011922324888227198,-0.009178636005359064,-0.001918515740367055,-0.002144809017699867
2017-01-13,-0.00935542658442523,0.004805008642340569,0.01136605165417004,0.006681096613894377,0.03414190353488222,0.002744638413826106,0.015364916773367598,0.024572704304097304,-0.0008779631255486642,0.0018865116779283042,0.004125601555681868,0.014862403669724689,-0.0001745332357040441,0.0020897122985004124,-0.0024539265309155844,-0.019193857965451144,0.007140462427745575,-0.003449113060796316,-0.001761006289308087,0.004301656673068033,0.013583896376941462,-0.003632039362286954,0.0014374700297481446,0.001885038975489195,0.0018498406076092877
2017-01-17,-0.018887764160009923,-0.010407909985935326,-0.009647964376590212,-0.017567792309193808,-0.02258903601371043,-0.01779081064356569,-0.023329129886506927,-0.032325391032325235,-0.0035149384885765356,-0.0350388779978853,-0.037890868799569266,-0.02766230288081184,0.0023560646135438734,-0.013795316008983094,-0.014145110701107133,-0.005870841487279788,-0.005064213198372136,-0.00704572916478885,0.008064516129032251,-0.009080505009903317,-0.0036620929924293666,0.003286739650692816,-0.0027113556186387777,-0.004047655567363528,-0.002967502689446566
2017-01-18,0.01903741176470586,0.015065429735034552,-0.005138678722249046,-0.000596125547541182,0.007111146666666679,0.002786604188431463,-0.012265978050355009,0.00969833026391842,-0.011463844797177991,-0.006150894923413586,0.01684457808566653,0.009111212516013767,-0.0014799860325589442,-0.005042322706571234,-0.0009358078310728324,-0.00853018372703418,-0.0037325416943516654,-0.018175021332627272,-8.336666666663994e-05,-0.002766377365292949,0.00039098302046647326,-0.006492322392592231,-0.00047975372588759946,0.0018145710682424543,0.0017637540571728838
2017-01-19,-0.007976511502445716,-0.011201343973094247,0.013881426880447467,-0.011928389899172775,-0.02559578020844555,-0.006153255137887004,-0.0006535947712419388,0.007470597652081246,0.000892060660124816,-0.012292411481697463,-0.009566028708211993,0.005712216694306216,-0.004359198021600674,-0.013732156734744372,-0.010302778966680415,-0.01389808074123089,-0.013624045857491662,0.0060859133356816475,-0.001750112567717732,0.0019319339657188905,-0.0028923937287741452,5.992206127247712e-05,-0.003200015999999972,-0.004832110072543694,-0.003609308719258353
2017-01-20,0.015658104767587888,0.005380894839180472,0.005200573071528547,0.01609655903226237,0.009963749819497325,0.020371479928100733,0.011118378024852937,0.01588988431620142,-0.002673796791443972,0.0034138238898262507,0.003297974009470739,0.00897761051749324,-0.00043778459994181507,0.03646605216422838,0.0022081702773446565,-0.01140939597315438,0.007942058285292042,-0.00025200378548217994,0.0018367006177992806,-0.0008775351271949061,-0.003998447573537067,0.022420748425403092,0.007062648588485487,0.003546647605023656,0.0033662375142391454
2017-01-23,-0.022083354166666624,-0.007042253521126751,-0.01731600694030211,-0.03425742574257418,-0.033183820627802674,-0.022509316891759723,-0.019404915912031084,0.0031282586027110426,0.00536193029490617,0.002024121473179763,-0.014792228222587411,-0.014890139822044679,-0.00210247915720585,-0.011514441252429841,-0.009757664463330151,-0.0502376103190767,0.00034258306465972943,0.0025841610340562315,0.0006666666666665932,0.011814466615310604,0.014877140940828593,0.002814400419564933,0.0035064869777978735,0.017751084004097084,-0.0026901250121218467
2017-01-24,0.012782318124889613,-0.01078010780141836,-0.0022563554313956846,0.013737933155628435,0.019480500204805073,-0.005806908406225664,0.01253298153034299,0.030665280665280736,0.01866666666666683,0.0043408905689679145,0.018350834565081797,0.00829494930875585,-0.018874566978331453,-0.009707199325235338,-0.00985375110787512,-0.029306647605432445,-0.004794588876897654,0.008549606714985503,-0.0009160559626915088,0.005575386330663568,0.0034127202659508526,0.028474507562851414,0.008894552237842301,0.005565655260074243,0.006564593555387965
2017-01-25,0.007782898447982856,-0.004014981221165059,0.0055997845617081765,0.015169903219455882,-0.057324876117836654,-0.003826847781395859,0.04169381107491854,0.05143721633888054,0.021815008726003393,0.015277332706869817,0.026445143926983494,0.035100511241306975,0.009305663756162152,-0.0021237869976112878,0.004494414125200796,0.030191458026509688,0.012044081625742553,0.005049006017222801,0.01592061348670515,0.017119811737950963,0.0163098174348697,0.013587260270173873,0.0025188916876572875,0.01432263351209917,0.008026090626263915
2017-01-26,0.03506574827802145,0.015836453181795163,0.02698656115827469,0.01414630432648556,0.01930501967770315,0.09017385948592516,-0.009380863039399667,-0.0023981294964029454,-0.001707941929974477,0.00982087249736563,0.0036479479332434117,0.009890515893509644,-0.008510700128261606,0.001964620105939119,-0.0003195909134039443,-0.026447462473195182,0.003400204012240726,0.009364890555541683,0.000492353150389091,0.003143982136853074,0.009887458469347798,0.0020753324052236177,0.009265028266331798,-0.004212140045240731,-0.0007353841696332575
2017-01-27,-0.05323651945956853,-0.021541882818884805,-0.008029249050484855,-0.0235756572268897,-0.024621193648128648,-0.02262605796090722,-0.031565656565656575,-0.01634615463202671,-0.014542343883661268,-0.010977564813610785,-0.008405224897773844,-0.010318293109478738,0.013769680392334838,0.008986911617860915,0.004475671212414767,-0.0110132158590307,0.0057607590647237306,0.0014746850998463845,8.194193597033106e-05,-0.004027890011714996,-0.004518798045781036,-0.0076122297635232705,0.023494664236564322,-0.010623115718374487,-0.0008664642261523303
2017-01-30,-0.04366344954923429,0.0017380532420143702,-0.010196499848517782,-0.040845129962874704,-0.005825223300970905,-0.006641423023881932,0.003911342894393766,-0.017106452448995668,-0.02864583333333337,-0.012871926729756455,-0.012142107118345624,-0.009012157625022166,-0.00220497448063961,-0.005182186234817809,-0.0035009866327180283,-0.010393466963622866,-0.006401617250673897,-0.00552186620277717,-0.002624026326331297,-0.006449160499918505,-0.00907850706271407,-0.00846023674348162,-0.009881453479499203,-0.025494638776389467,-0.0060095434915230506
2017-01-31,-0.014476658597921688,-0.005205286473289217,-0.003610917433690908,-0.00902026469562689,-0.004882812404632619,-0.0007640305927041346,-0.012987012987013102,-0.009945350077307347,-0.010723860589812229,-0.01958096245184171,-0.014610320375935126,0.004457917102071329,0.0010607531440136597,0.009116099625590124,0.013414277017383514,0.033758439609902435,0.0159375720583248,6.175581619483062e-05,-0.0023020308246989307,-0.00830947874280763,-0.005038853413921296,-0.007280995325125272,-0.007369799203276517,-0.006892547801067184,-0.0008899053387745326
2017-02-01,-0.004519796610169546,0.002325546511627863,-0.0020251865273928082,0.0004232853334766862,-0.008832207873754494,0.00802903827128576,0.007894736842105399,0.028126519337016598,0.014453477868112019,0.0058869307465179155,0.0049423156063868046,-0.007456097729235056,-0.00017657395143488852,0.0017744151710141765,-0.0018909549322407848,-0.0036284470246733536,0.0043391523477687155,0.0037631152215995556,0.06098063452822422,0.010771355971519903,0.022329564485060294,-0.0013179635269776613,-0.016550656873916214,-0.0013742278771483596,0.00029836364737412246
2017-02-02,-0.0009080817459268253,-0.05452432904377014,0.009612325417462042,0.0025392087405504693,-0.006930653465346492,0.0024654086857576196,-0.024804177545691974,-0.03615041700783672,-0.009795191451469343,-0.0011271253403314363,-0.013348945823209668,-0.002861742085494501,0.003002711216036902,0.03349439721399028,0.001894537417113984,0.04224326292789504,-0.017613858424725737,-0.011984585557789251,-0.0017087378640776585,0.009130817828004734,-0.017938903188137845,0.0016639452157187762,-0.0064486314423205515,0.003562950596722736,0.0005703094786491114
2017-02-03,0.004317268998739632,-0.005521435582822032,-0.0046546387882645535,0.009075559116176413,0.0129610563126199,0.00037835791944096364,0.01740294511378848,0.023821642169285395,0.029676258992805682,0.0457445111628052,0.05459290162371455,0.02726457399103155,0.0006163511490711038,0.0017139451542536044,0.011345729593444709,-0.0062893081761006275,0.006765933923069456,0.006904702877105651,0.004279156617132296,-0.035418774421066335,0.001070009204219069,0.007102789470697868,0.008073484504463657,0.00370676229134026,0.007264758001645832
2017-02-06,0.024886832016135063,0.007094348904589154,0.010947040533405783,0.00941219390478576,-0.00885828757595053,0.00359302186851318,-0.011184210526315796,-0.02277232560533049,-0.013100436681222627,-0.004025735679922038,0.004501485482781842,-0.012572044700541407,-0.0021119060375915932,0.010110452479227705,0.004362729822374289,0.026019690576652543,0.0013440524193548686,-0.008401804176246364,0.00937396963123649,-0.003159709901362051,0.008245549190580181,0.00022747126838651432,-0.0006281564070351742,-0.00018710526877585565,-0.002115356863350182
2017-02-07,-0.002869779312798637,0.008882064318529892,-0.010723349115117187,-0.002279237558194702,0.0009931281427260075,-0.0005652722818919598,-0.01264138389886893,-0.011144883485308954,0.0,-0.001500129202435696,0.005377503800638506,-0.003713510233660622,0.0007054761780338481,-0.011395210613021067,-0.004653986968662593,-0.023303632625085613,0.005369127696950526,0.00012462775293209383,0.009517292778711495,0.006017513879621239,-0.0016659246049662846,0.014784521694617636,-0.0032997957778095888,0.007025661779403336,0.0002268289539280044
2017-02-08,-0.002435178323452636,0.005768045035240643,0.03294366701261775,-0.0010385046297609613,0.001984087222853592,-0.002262499957343511,-0.022911051212938016,-0.015881198770491767,-0.0026548672566372167,-0.007887484514804366,-0.02139511971016539,-0.012602041178558787,-0.0007049788322617268,0.0018692056948226288,0.001870230556718866,0.03017543859649119,-0.0003337116266258766,-0.0013704665879926692,0.0038773815859500793,0.008873873230769158,0.017900493564942055,-0.01283205710061408,-0.0014188869620053168,0.0017473190461507748,0.0006933224946015226
2017-02-09,0.027518818741260054,0.021128886971164107,0.012448632071459853,0.025571809795085665,0.01980198019801982,0.03023435488414039,0.016551724137931156,0.0026028632276349217,0.01685891748003554,0.016068679023576005,0.02140737872921883,0.019773485173944172,0.005996472557381338,0.0010882929104478745,0.00746739288946463,0.016348773841961872,0.002003305442293657,0.0008109537871741068,0.0028779765451665273,0.0020128618117591923,-0.0004470789965815847,0.005903439926246756,0.011367192927060232,0.0014597008742194273,0.0057525463132819254
2017-02-10,0.003239784087252451,0.012710665541022736,-0.010771323614619521,-0.0014190958273222476,-0.0029126601941747987,0.0034849413059427903,-0.01085481682496614,-0.0166146936656284,-0.0043630017452007674,0.004843709316782796,-0.003344414864856815,0.002291574123038931,0.01016826770392254,-0.003727240312583313,-0.0009265904593394048,0.008042895442359255,-0.0003332222592469236,0.0019321739973552354,-0.002265549010723511,0.007426752107968726,0.00037276726086754586,0.008295163602132227,-0.0009365907254632599,0.005076813343240394,0.0035660503333254656
2017-02-13,0.020667362310713422,0.019556281035208123,0.006882373022750299,0.016240418848575633,0.009737098723937576,0.018643776615678398,0.01577503429355276,0.014255437473313703,0.014022787028922012,0.01462591869386154,0.012527896811456607,0.0038691698229129656,0.005553618631614299,0.00966476976883035,0.008037187513890931,-0.00465425531914887,-0.006000000000000005,0.007713872472783878,0.008855555823662264,0.010961263092901463,-0.0010432893502750895,0.003805731064697504,0.011250015624999943,0.006845535802443514,0.00524584494879643
2017-02-14,-0.017717781058848248,0.0011452161859222265,-0.017547378623159915,-0.003995205673288038,-0.01446480287231644,-0.0075363179616004805,0.016880486158001418,0.016658095609479062,0.015557476231633505,0.01295327465053342,0.01723382754016023,0.015767308487480314,0.004142250711311135,0.013741038153822993,0.004293130809778445,0.06746826987307952,-0.004359456740442691,0.0070374712316356725,0.012979309054200971,-0.00016737474465489122,-0.0014919581911534419,0.0042930642044320955,-0.002317691558750168,0.0014770055353376943,0.004007335122946376
2017-02-15,0.020828881254026044,0.0,0.00685354080414724,0.026273505289340138,0.0009785518973992602,0.035798227521275816,0.015936254980079667,0.02304142227130468,0.01191489361702125,0.004329295156317414,0.009774130977972861,0.009830958951362545,0.007218941154873315,-0.0076149858291205685,0.023206045801526853,0.05506889862327902,0.01583021165947418,0.007110819373787214,0.003629032628380102,0.007544323684925969,-0.00306316011670571,0.0086048296062613,-0.0006194982189869913,-0.0017917386537865676,0.004992308973639448
2017-02-16,-0.01198990298717062,-0.007148984598833841,-0.0027846225534716718,-0.006644440361322612,-0.014662756024916623,-0.016582317741624664,-0.005228758169934622,-0.010009959959960013,0.0,-0.004390480684654641,-0.008173821975744344,-0.007344150424323681,0.007508575277523244,0.0015346530672404324,0.0032826322460537405,-0.03795978422539825,0.011604774535808993,-0.003895544630037273,-0.001180636150265979,0.0017087967004798532,0.0029975569095090915,-0.0013760458478221382,-0.0001549976779017248,0.006324932387236304,-0.0008641179099713181
2017-02-17,-0.0012774323764652706,-0.012672879746329135,-0.0009308511546003428,0.007869328826703548,-0.001984186429198953,0.017394391196308145,0.013140604467805517,-0.018705813007795058,-0.010092514718250678,0.003768453305256214,0.0008675124513661814,-0.0005161562373735551,0.006605682476191088,0.001991985841496069,0.0,-0.011097287983803272,0.0006555555555554093,-0.036846924662887526,0.0027335942233559507,0.0011017034893199273,-0.0023161761003042125,-0.004188915996926723,0.001550000072070512,0.004744265831992722,0.0016785563554666538
2017-02-21,-0.002131720315497687,0.014585764804635915,0.00010355072678147614,-0.00039041577200849,0.0,0.009420812979762605,0.0038910505836575737,0.008758371973209611,-0.003398470688190214,0.005511582284695615,0.008884051619326039,0.0027543467033912528,0.006730632620472576,0.0013764184336506613,0.0,0.022443826530933464,0.004913167215421899,0.018715975723765377,0.007220719127615682,0.013454500699135563,0.0014229162092631586,-0.0022693474541356506,-0.002011838346711259,0.004335341178466345,0.006048066287377196
2017-02-22,-0.010467869889599024,-0.005462892655418883,0.006624562606101225,-0.0054676626726746225,-0.002982047773002927,0.0008641375585181077,-0.008397932816537557,0.003575076608784533,-0.002557544757033292,-0.00011915713614474299,-0.0008591279884206937,0.001888429184549345,-0.0011700400745431327,-0.0029016797693182106,-0.0008922962787712985,-0.0030487804878046587,-0.0022815840938722465,0.0,0.0029992978200235054,-0.0009691478656551622,0.017947905938169972,0.004937307359849763,-0.0020157699493184023,-0.0010821285491877664,-0.0010822003765219579
2017-02-23,-0.004749611398963793,-0.0049146632827058445,-0.01398458611825193,-0.008835656783821033,-0.011964167020372174,-0.011224348126402939,-0.0013029315960911836,0.0030533842239186537,-0.018803418803418737,-0.0021451317228003974,0.001289810834049776,0.0022275702154288535,0.018239625625157796,0.008577071395664326,0.01399228937183672,0.014067278287461571,-0.0022868342931449126,0.01264245445290424,-0.004230180147327012,-0.003997128434633734,-0.005583264971468549,0.0027601436188842143,0.004039807270978857,0.0006861271524132295,0.0004189870457795841
2017-02-24,0.003904577175903423,0.008425316382615344,0.01168008146501287,-0.0003962163232962279,0.009081755985504758,0.022354227116808456,-0.028701891715590344,-0.02942668845391616,-0.021777003484320545,-0.015287216726086017,-0.022541926898156928,-0.01162593565990988,0.008463484185624148,0.004707760203728428,0.005871902352557301,-0.024125452352231513,0.0019646037339684508,0.0028289789854005765,0.0009522009814690868,-0.008155472352044835,0.0005910239318036581,-0.0016514616565304063,0.0,-0.00323578115187928,0.0014933640655938607
2017-02-27,0.00086432586137275,-0.0014405070335838932,0.008555756962050243,-0.0003963535552191644,-0.010000000000000009,-0.001879074105242906,0.013431833445265218,0.0235233153958867,-0.003561887800534347,0.00800483505951477,0.006808719675131192,0.004324511255413999,-0.0026888372193716314,-0.004685701046813762,0.0005838003843430251,0.0327564276885044,-0.008823529411764786,0.014227934677148779,0.001975618265019241,0.004022555771408642,0.007161857543386496,-0.010752753986674857,-0.006035282913868012,0.0007723667556653879,0.0010179830148679958
2017-02-28,0.0008635794473228486,0.00461628959117788,-0.00020437449731713908,-0.010111003372541671,-0.017171676767676725,-0.0107821495806949,0.0,0.00561802860061289,0.0,-0.005093666986775269,-0.003708595113438129,-0.0031002410764684463,-0.0015523120661387058,0.00030379651644030226,-0.0046674447102520444,-0.13943741109739138,0.0029673590504453173,0.0,0.0004382677536416413,-0.0042421249721531495,-0.006377911989504659,0.0023412096658153025,-0.003892308708128178,-0.0073196107318774795,-0.002578376200021104
2017-03-01,0.015746311135756974,0.012636398185994269,0.02473929666734831,0.022030823152413337,0.015416237804060096,0.018685156032615113,0.045725646123260466,0.04926353228727631,0.014298480786416379,0.018745501239583184,0.024961748410849527,0.03196266358046529,0.013501366610763066,0.005161621140354233,0.008792468018536503,-0.05493741307371358,0.0042734714003944685,0.01547948314549874,0.02043935994045243,0.009514388915692118,0.013870481755152486,0.011845122439573696,0.01500472022507049,0.014613485840190732,0.013673854505382499
2017-03-02,-0.029093204502017356,-0.03346573397392405,-0.038707073797028646,-0.020968058415991586,-0.005060728540051462,-0.022248657910179048,-0.02281368821292773,-0.021781268151016442,-0.01585903083700435,-0.006529258653378056,-0.01132240949962815,-0.01707686254813312,-0.0018569675290087684,-0.0019634043492434694,0.002614759013059853,0.011773362766740236,0.06121109856664808,-0.0037513635375565624,-0.005937363527426354,-0.004888221405847326,-0.004802816253861364,-0.007804330988804509,-0.014320911169667161,-0.005519353784772751,-0.005859880477359969
2017-03-03,0.024059470164928376,0.01232397930718232,0.026774605367636095,0.0034027622778773914,0.016276682959239785,0.022407521278443587,0.024643320363164856,-0.04255314411445532,0.0143240823634736,0.007289098281598738,0.011884248312105772,0.003065917272456531,0.0012942166454958937,0.007566585727403652,0.0002898290518591473,-0.050181818181818105,0.0,0.005319460944587462,0.005900920788663333,0.001142679472325936,0.002997974663570213,-0.002658815724028263,0.003749382791770506,-0.0018660390193826482,0.0005038771408369946
2017-03-06,-0.03225115335326789,-0.021739130434782594,-0.023347533386951058,-0.025533671942276626,-0.009009028848668055,-0.022086306114741605,-0.03924050632911402,-0.038242842377261055,-0.02206531332744921,-0.003479789645615794,-0.005552039053938085,-0.004754593390297157,-0.0006462719068885958,-0.0016521627620257329,-0.004924739281575996,-0.04977029096477792,-0.003392874977968807,0.0029726516582517792,-0.0031478323079123793,-0.003847625524499687,0.0018225559790414625,0.002332674218283648,0.00031123735408566944,-0.0015679885817342365,-0.003277240599114939
2017-03-07,-0.010373007937033552,-0.0444444444444444,-0.015626555385280683,-0.024769683716261315,-0.02929294949494954,-0.012682400752564216,-0.006587615283267456,-0.007522944249170105,-0.0036101083032491488,-0.004404591175044548,-0.005153489370839592,-0.005289233828881801,0.0009700347665511089,-0.007672664244431138,-0.010480233506855008,-0.0564061240934729,-0.005880594061262956,-0.0023710373865625245,0.001291861670499772,-0.0006968557074129578,-0.0008731989648259608,-0.000498675677405136,0.0020227945552884208,0.004989180525397874,-0.002913373760945248
2017-03-08,0.0011150535236394976,-0.004341066666666671,0.0008409797884467718,0.0006297019443681773,0.015608741219744982,-0.002639486093982568,0.0013262599469496816,0.0,0.015398550724637916,-0.002630486312407032,0.0012949923895968496,-0.0015437393060675486,0.0021803762871619448,-0.0024256519470231552,-0.002353692123936879,0.014517506404782221,-0.006849284148483403,-0.0023172845695078603,-0.0037270927830534983,0.005295359322584403,0.003058980268194178,-0.005155826445397915,0.009161428286912132,0.00415913032935844,-0.0022842155406883613
2017-03-09,-0.03475154900315325,-0.009965779944582143,-0.004411743836504445,-0.008810531101763441,-0.004098381231524173,-0.00564571277346515,0.01059602649006619,0.03140227565794662,0.00267618198037467,-0.0002398177701442572,0.006251368964245829,0.008417832132242342,0.014907324978361336,0.0013677203023836348,0.004128546151577872,-0.02609427609427617,-0.0012538871473353197,0.0005955035293787603,-0.002302215827338139,0.0029394473838917357,0.0037758059557377877,-0.012649785667034563,-0.004000538667503939,0.003962313729020117,0.0007998954777432843
2017-03-10,0.013154857458811176,0.00912234682206381,0.01930789216404194,0.013968253968253963,-0.00823039128520131,-0.008516678344274609,0.00917431192660545,0.030446195823947475,0.001779359430605032,-0.007194771965638336,-0.004070222793487677,0.002555315118307977,0.0020643271631042293,-0.004401290095633503,0.0017621733263486483,0.05790838375108032,0.005649717336794646,0.011725498831185677,0.0033170466291920775,-0.0006330339976553523,0.003978501013509161,0.003668636559885252,0.003089710964481407,0.00544904735792362,0.003268670420600417
2017-03-13,-0.03485200296801805,-0.011533610157117513,-0.0003105165064639648,-0.011688624504278766,0.01244809102804778,-0.024874713227009515,-0.003896103896103953,-0.0005093224915601047,-0.00444049733570151,-0.0008857436008185005,-0.004947386321901948,-0.0025488021257027427,0.003723960096061907,-0.02210359823486574,0.0,-0.010620915032679812,0.011235985916479896,0.0013531651100873177,0.00043119160557725245,0.002498656763988416,0.005836249303651231,-0.007703958750447604,-0.003388279685815676,0.0027156572783872956,0.0003666327927462909
2017-03-14,-0.027377862340756676,-0.02680542364921934,-0.02153657027259115,-0.022597656709510416,-0.01639342246707831,-0.029546723085089988,-0.008474576271186418,-0.01834867388640793,-0.016949152542372947,-0.0017730617057855058,-0.0015131647865614939,0.0010220953829285229,0.0029207688664349973,0.0007793452601918549,0.0032248606501068533,-0.10074318744838973,-0.0006173147767090104,-0.006756412388843724,-0.0015085632617403144,-0.0024105102270283174,-0.0020057234094961185,-0.004193618784113506,-0.004635991417647811,9.463420072619577e-05,-0.003379027372577559
2017-03-15,0.021354065065616767,0.03370056318145376,0.009100539682539655,0.019662921773183406,0.03645833333333326,0.02666414473025447,0.007889546351084853,0.0005192107995846129,0.00453720508166966,-0.0037946148724583573,-0.00736092243691111,-0.0008509020030940118,0.015033482525773634,0.0077881623577023,0.011981297136724134,0.011019283746556363,-0.031192092921800807,0.0160889686039154,0.010576328927942136,0.0005160428196482325,0.0028710449318307685,0.0005121613902108191,0.005278621004277451,0.0018684716649823851,0.008374752968933086
2017-03-16,0.0009503682584937057,-0.01598747962382452,-0.012793645000066522,0.0046620259517276,-0.031155758793969812,-0.0025787253162878887,0.016960208741030547,0.01712506486766996,0.02619692863595291,0.005835164947869176,0.010469008090251197,0.01039007001175385,-0.003877171005426505,-0.008037048286107185,-0.005775368011106896,0.0172570390554041,0.0066942618203933435,-0.002794248473595551,0.0016374482906194032,0.0005275824651511662,0.001932464916028831,0.008133820694315563,-0.001698857142857113,0.0018649869896365523,-0.0016267102889130358
2017-03-17,-0.009731782346741324,0.019432959912703884,-0.008285511029164194,-0.01898337903395897,0.03526972955871921,-0.017913240335614367,-0.008980115458627314,-0.029081581632653175,0.0008802816901407606,-0.017242764413654132,-0.02827545744547988,-0.010957552258934578,-0.0031138796372631727,-0.0043626986600188156,-0.0031948881789136685,-0.015178571428571375,0.004433153894870312,-0.009340373449964301,-0.004975477859819999,-0.001300631602388913,-0.0010715693595408915,-0.008970948742638596,0.0035582302530665633,0.003935019540852069,-0.0013143148736342036
2017-03-20,-0.0004793863739361859,-0.0009374624999999304,0.015638378152973642,0.007310256173306939,-0.018036111501558705,0.0050771154569386745,-0.014239482200647191,-0.03415669815256428,-0.0158311345646438,-0.007378875892605774,-0.009551310528653878,-0.017726215023903702,7.81586768414666e-05,0.00328636922421377,0.0017482808857809395,-0.035358114233907445,-0.0031525221674818527,-0.010017660754584434,0.010500778327001026,0.005467462555801328,0.0007151459014629324,0.00028467407747245765,0.000924880487519264,-0.0043655483052008615,-0.0020098934090192477
2017-03-21,-0.03069551485142652,-0.01751643975540418,-0.02858045770934403,-0.02838843237517308,-0.04795914285714287,-0.0293732454747756,-0.017728168089297447,-0.07072900276001115,0.008936550491510209,-0.03774675409988748,-0.043283247364880206,-0.030886742479841356,-0.006402802804562957,-0.0031196536715074608,-0.0037812971558668362,0.007518796992481258,-0.006641397639424396,-0.0017857321428571549,-0.011452084747513802,-0.016068193129254893,-0.010218715017597302,-0.010358520381761771,-0.011088880332666085,-0.021145687756369047,-0.012407972866659844
2017-03-22,-0.0017318160183976694,0.010187780766868215,0.008793800794769435,0.004833084358523587,0.013933482789561191,0.011179606569398537,0.0,-0.001756498829039721,-0.009743135518157642,-0.008283231759656617,-0.010548546647913604,-0.009310582249259847,-0.007779944990176868,-0.006415271475512352,0.00642338686131394,-0.000932835820895539,0.004457147405285022,-0.003995217722037259,0.011298655929595336,0.0057637404303072515,0.007797278456330936,0.005175948781459994,0.012770596679187118,-0.0010476061182389529,0.0018898861623204422
2017-03-23,0.026270187175721826,0.01512769675869019,0.01216105278004842,0.003935198778522109,0.007399640748406711,-0.0017155928653372898,-0.02606951871657759,-0.008211085525576811,0.004472271914132353,0.003591928743915229,0.009002629921881722,-0.001445906327637636,-0.0028512592610286935,-0.0034645826771654287,-0.0052219319633906025,0.014005602240896309,0.005705261670531314,-0.010417326291189077,-0.0035355678121906653,-0.0008018218069518745,-0.0004298087378697968,0.00022890491033811244,-0.00246034141873519,-0.01447704240542902,-0.0010602695616058755
2017-03-24,0.007727602028495539,0.009003396293013388,0.0069111534212285,0.0017422039086325558,0.016789065402347703,0.0045828146760131805,0.006863417982155173,-0.00473092844470735,0.002671415850400649,-0.015049547608009028,-0.0030523831885419517,0.010497773755656192,-0.0033359729414460526,-0.0015802623511419478,-0.008457305090192269,-0.01012891344383049,0.0056728647967223544,-0.0017544498292767496,-0.001986942946352599,-0.0020888149231228503,0.00580518172296407,-0.005662995997935183,0.0016956990120688964,-0.0038528632482465186,-0.0008439960753447995
2017-03-27,0.00023968368080518054,-0.012307692307692353,0.0031679304065870273,0.002173869565217368,0.01135188831059053,0.005132104065156851,0.018404907975460016,0.007130184194890088,0.005328596802842034,-0.012827844440648883,-0.020725318434416384,-0.007881120978645129,0.0025502071433645135,0.0001582621082620861,0.0052941176470588935,0.005581395348837281,0.010341648386085867,-0.0024242060606060045,0.0017065130830491437,0.0014309457332153386,-0.00014243266759117468,-0.00034515330673479117,0.0018466450363199272,0.0062375121786557575,-0.0010195872065427158
2017-03-28,0.02060364060356301,0.004672897196261738,0.014000021052631428,0.009327570903582272,-0.020408163265306145,0.02477303281442822,0.010040160642570406,0.0253686120726484,0.004416961130741859,0.017074712028999794,0.021885520832827243,0.01029066637101761,-0.0011128696078012146,0.0023738091845832976,-0.0005851375073142595,-0.012025901942645745,-0.006513740290710945,0.004556500441439848,0.020726859150287824,0.010840548078831613,0.010262171665940789,0.004258450727779195,0.002918632962169987,0.0017205073553647754,0.007251474152977444
2017-03-29,-0.015023451409551636,-0.007441841860465148,-0.021073382724522194,-0.012465033579734164,-0.02604166666666663,-0.013102030136594056,-0.011928429423459175,0.002876927668407747,-0.008795074758135457,-0.0038372868457046128,0.00729576336569715,-0.005182291014694362,-0.005888954133727364,0.004736327754973235,0.004976639344262512,0.04681647940074907,0.0034342804693814344,-0.01155127868577166,0.002225257239909295,0.021401877336448605,0.0062782098715508106,-0.003266248446113451,0.0027569305750201334,0.012778334328840568,0.0010853249749627203
2017-03-30,0.013822736268415792,0.008122480322602765,-0.006786839656834354,0.006964069489356461,-0.001069497326203206,0.006544540014958855,0.011401743796110031,-0.009753298909925268,0.011535048802129522,0.012125209176518492,0.014719649876627328,0.010238980069659842,-0.002081284055095889,-0.0029855123033550868,0.0005824642829908022,-0.008944543828264706,0.0031114811173451606,0.009483620784586089,-0.0013183736141652025,0.0023103897701381992,-0.0016823695064439592,-0.00045993445487013673,0.0036657705259544038,0.00010828231910076092,0.002935110029268939
2017-03-31,-0.005641795824123164,-0.006817514466036068,-0.015374791143506705,-0.006699827101793843,-0.005353318943183694,-0.001300464376724264,-0.01591511936339529,-0.005793742757821629,-0.01403508771929829,-0.006487328057748765,-0.013585079438176328,-0.010312979718599569,-0.0008824081218543611,0.001418439693956719,-0.00407566253715641,-0.004512635379061436,-0.006513740290710945,-0.005939814354208872,-0.0018758286320200712,0.011639261799917922,-0.0025279193166793945,0.0016104796870441973,0.002282788042653916,-0.002333135297654887,-0.0022550475355151978
2017-04-03,0.0035461466559372212,-0.0018720936037441849,0.0016265668875887762,0.007832920100803165,0.01829920305060928,0.004464323082750132,-0.016172506738544534,-0.026806468531468508,-0.01245551601423489,-0.003308349280392031,-0.0030345704948646635,-0.0030542220625224825,0.001124038511665093,-0.001101668223140173,0.0008770242875479894,-0.05077062556663636,0.002497720964649508,0.00963356532021109,0.0002783794994187794,0.0056061002586844655,0.0016191199939643575,0.0020673079250448367,-0.004706923706241595,0.010837058225654728,-0.0016421256211577306
2017-04-04,-0.036513520930188004,-0.014692035286502647,-0.023275976292866374,-0.026122603626943075,-0.017970359787956802,-0.01722222222222225,-0.006164383561643838,-0.0029940716770018305,-0.021621621621621623,0.001310220085728897,-0.004682767611397076,-0.005226184709814841,-8.02149317472578e-05,0.003151047689442965,0.002920502165858707,-0.028653295128939882,0.0012457489490580453,-0.0037441573463170563,0.007446124076440519,0.017184335372745885,-0.0038656382054093053,0.00011463610315187722,0.0027459952976660595,-0.004746265645405923,0.000559522456275996
2017-04-05,0.010024424937680854,0.0015862943558517806,-0.0018842606751909852,-0.00066501882808645,-0.01184066712937204,0.005276012813265396,-0.008959338387318994,-0.009009009009008917,-0.0055248618784529135,-0.006978936730762886,-0.018113291842545065,-0.003985525290117309,0.0009624879692011756,-0.0015705670353562962,-0.004368112987769401,-0.06588003933136677,-0.00404360783554536,0.0024246468908004637,-0.005180631203132391,0.0027017323578515384,0.0008467508882170627,-0.00939719781349524,-0.0025864140003158953,-0.0037864217183639637,-0.0030548612250135276
2017-04-06,0.009924957397120515,-0.0015837820113862033,-0.006885096938864077,0.003992812600141393,0.0032679083543394327,0.0005623805271746107,0.006258692628650975,0.0060606060606061,-0.0037037037037037646,0.004304642812885229,0.008385193656675005,0.007093470352855569,0.0020032050800511403,-0.005191096429133291,-0.00233980702953529,0.013684210526315965,0.00031227357901286723,-0.00018140533897925692,-0.00249965275657138,-0.012097483337556114,-0.004793852458490622,-0.0024873206129304437,0.0025931208844760523,-0.004245760953844213,0.0019295093795217433
2017-04-07,0.002157238682712226,-0.014276649202665692,-0.0029073241641507375,-0.0019885109142073754,-0.0065146364063981554,0.02173098498068593,-0.003455425017277136,-0.008433795180722958,-0.0074349442379182396,-0.003323976571570797,-0.0033261819909717882,-0.009571952493623748,-0.0010396241253988192,-0.0017394211973617013,-0.0002932571007546736,-0.004153686396677125,-0.0034342492486495457,0.004112785874266001,-0.0022275371786845133,-0.0037850379505653953,-0.002762619575867542,-0.0017976109329825851,-0.0007607332681848211,-0.0038774000828779576,-0.0008271301291931099
2017-04-10,0.012198014537239565,0.017380089447823988,-0.0014578558137906539,-0.004427651291903922,0.05245906010928958,-0.0058672532844287195,0.006934812760055475,0.0006075334512476438,0.002808988764045006,0.004432130848864846,-0.0009535399057559735,-0.0054704412837346394,-0.0046429875863430725,-0.009187422632861986,-0.0017594429184424332,0.027111574556829998,-0.007832080200501301,-0.003252668274842385,-0.0011859634766561156,0.013588383841473872,0.0018468106396278827,-0.005460683196588101,-0.002283815468940409,7.275273895834822e-05,0.0006876864639022706
2017-04-11,0.03804347826086962,-0.021512236225645687,-0.0022462376207745827,0.00711585485621824,0.01619933473730706,0.015492437928948055,0.005509641873278293,-0.009107407960377012,0.0056022408963585235,-0.005024221263594808,-0.007873968026723799,-0.00696738161042576,-0.0009650555240487968,0.00047966427625367736,-0.003231521644197266,-0.030456852791878042,0.012630249447426634,0.002115095530942579,-0.010756415450163925,-0.005159632555909233,-0.007940974585839755,-0.003621466184955513,-0.0007629482796117637,-0.0016732797806137123,-0.0014338793828936325
2017-04-12,0.0006828818575006501,0.0025865439089509668,-0.0020260244045936515,-0.005299227085466374,-0.005722419783363963,0.0081728476539622,-0.016438356164383605,-0.007965625000000087,-0.00835654596100277,-0.008738056363878588,-0.012265559775586299,-0.019202381831609938,0.009499283452750973,0.00751033852635552,-0.0002947833775419628,0.005235602094240788,0.004989086373557772,-0.0016281975320726616,0.0012003106347435732,-0.006793303229198577,-0.0024299314240984193,0.00046899987725401715,-0.003817959507423918,0.0011781514887663214,-0.0037599507562140477
2017-04-13,-0.013876274201007233,-0.01934859685233281,-0.02628019281388716,-0.022641509936548565,-0.00616657734155901,-0.02161767327031794,-0.016016713091921875,-0.020383012947312262,-0.016853932584269593,-0.010764088593576915,-0.009252520087655203,-0.0333208025851055,-0.0032695693258442127,-0.006978556811713887,-0.0011791569091483822,-0.012499999999999956,-0.009618367980142595,-0.0036240094663447797,-0.00528913948408638,-0.0128984716623739,-0.00136124801029891,-0.006621381539402615,-0.004292595234128727,-0.0009219829599502738,-0.006814694452883074
2017-04-17,0.020299931732407295,0.013811186837003886,0.006718429127338776,0.0072677494269306475,0.0051706310308430314,0.007549254141976602,0.01273885350318471,0.01639350567465314,0.018095238095237942,0.013164910925334228,0.0196609245431536,0.026679708926181434,0.005840491332754549,0.0030346270079120163,0.0035418830123410405,0.0,0.006265632832080037,0.013457722513311898,0.005529925401491109,0.019577929999688992,0.014563447984528688,0.009260939121459089,0.008160215927338621,0.016525796581975394,0.00861334911528977
2017-04-18,-0.009495794709473149,0.020110321898552996,-0.004372396531013845,0.0013529200159152488,-0.0020575721011346637,-0.005482510864720291,-0.008385744234800874,-0.009925619731661173,-0.009354536950420878,-0.047158133279371794,-0.006748686105148782,-0.005121395957484953,-0.03102132492028853,-0.008439474656679491,-0.004705882352941115,-0.05590717299578074,-0.011830604353381236,0.008434041506390155,-0.004441965733624875,0.001984544196549143,-0.003252658792994745,-0.006136779445817253,-0.0013745265100246762,-0.0004180465223392327,-0.0029033801350211164
2017-04-19,0.013467267439688069,0.015898251192368873,0.007627447216311589,0.015086737221346569,0.04123711340206193,0.004226461015305549,0.0028188865398168783,0.007518796992481036,-0.0018885741265344258,-0.006957651226080053,0.020140791558864057,-0.005719713904295265,-0.00369395009029716,0.005941850008029492,-0.006796660756501427,0.007821229050279266,0.0018903276622559417,0.003914846762319124,-0.0036827479796812668,-0.0050676235953870385,0.009293394827938783,-0.04916201618649785,-0.005352469878459498,0.0016610680772120023,-0.0017163505528009493
2017-04-20,0.018468445114034004,0.006885796557120516,0.01353367327597943,0.01885532303215065,0.02772281188118808,0.023787720995874784,0.021784961349262,0.029228793532338315,0.0066225165562914245,0.01854361284588002,0.010941935990915086,0.025886825469345176,0.004119634074656764,-0.0014367816321325666,0.003867926097354202,-0.015521064301551979,-0.0015722956469275129,0.013530239290989732,0.012510748507861713,0.003180589370365805,0.010754192429768938,0.0037726575079144453,0.007072555241811829,0.004103985766946705,0.007557263410900905
2017-04-21,-0.001547965467758483,0.00808198912967395,0.008373859622931024,-0.008708926627476687,0.026011521155625328,-0.005719392212343299,-0.0061898211829436445,-0.003021087795836097,-0.007518796992481258,-0.00550305884163127,-0.016470611764705878,-0.009345794392523366,-0.0009026093155999337,-0.010551558921687576,-0.0029639298776565903,-0.04166666666666674,-0.0047244094488188,-0.0022151627346750358,-0.001193484942614731,-0.003913230835893788,-0.000834561874105133,-0.011829932005608113,0.013740488549618401,0.0018297130114499627,-0.0030350731513657525
2017-04-24,0.028571360860626394,0.01788473084988218,0.0176186621297425,0.02811337641364764,0.03004691079812205,0.01545930225670844,0.04290657439446366,0.1133333939393939,0.058712121212121104,0.029327676706964345,0.04210531201208889,0.012264188679245391,0.009280527114314596,0.004039424851178364,0.002972740873149027,0.010575793184488758,0.012974620253164648,0.0068356974331458265,0.009629549177492036,0.009882745944376214,0.012458296820768933,0.002306989577659513,0.017018026595842617,0.02320948772350362,0.010840068991465168
2017-04-25,0.003660680526715643,-0.007270505775149871,0.008160542567269502,-0.0017090578571019588,-0.01458521475242347,0.010621313130773302,0.014598540145985384,0.006532334973743392,0.015205724508050134,0.015276426775036267,0.01629933387742577,0.01696177010394151,0.004394181824348475,0.0025748310681497077,0.000592649638847309,0.04883720930232549,0.01249615823156236,0.009922770151189253,0.006196045669730088,0.0002314521619215526,0.007011782449908743,-0.0022395085536548454,0.00577519629461265,0.01105751065119498,0.006090687444722187
2017-04-26,-0.004505449377698922,-0.08666470234978207,-0.034675104674581236,-0.007703851915257798,0.005550397882523539,-0.002627447889297696,0.026814911706998013,0.018929150892374347,0.0096916299559473,-0.0018974010083087078,0.0022588434605828045,-0.00036656890823738575,0.0006481568500364965,0.00642057795217621,0.0026658769351821654,0.029933481152993213,-0.0064794507867941276,0.0019536429193030003,-0.005881187296755019,0.0018399583627506377,0.0004778005161514276,-0.002057491128234168,-0.0013250294854251221,-0.0006534540958861301,-0.00048570337896503
2017-04-27,-0.05215521326917194,-0.023387906049632035,-0.037620396600566486,-0.013586306094162337,0.0009200368323840635,-0.020899174936761078,-0.021656050955414008,-0.0366242038216561,0.004363001745200545,-0.0017241335330344665,-0.01870628845405209,-0.0018335533217169742,0.0018621649767278647,-0.00191385961859869,0.00029550961864166503,0.009687836383208026,0.016770216870489962,0.0014336506069030364,0.0007655902430729888,0.009996840633824666,0.0077783775624777896,0.0016244471026420904,0.006486731343454899,0.0028908263542801738,0.000552920072501184
2017-04-28,-0.03092316962255559,-0.005131714203149396,0.0018838572942421195,-0.006558875970315792,-0.0018382903735922884,0.008430511210762326,-0.00651041666666663,-0.004407713498622456,-0.06081668114682881,-0.008901266630364169,-0.0039045015180407816,-0.011021289695468117,-0.0021819702954900544,-0.003994886417549193,0.001771913710221229,-0.013859275053304976,-0.0012217775673928344,0.0014315981952814916,-0.0009736421711464827,0.007197440018307022,0.01726474645764542,-0.00018721306567803797,0.0027830966507877974,0.036271114669716775,-0.0019131473359665918
2017-05-01,-0.012670037838339643,-0.0055019809698202415,-0.007873992613655734,-0.0008802156883850332,-0.006445635477820177,0.001067200265613577,0.003931847968545288,0.008300996126175963,0.012950971322849059,0.004691702349977289,0.008531312163507332,0.011515583209509739,-0.0010529278281936616,0.0008021658654848718,-0.00412732925279069,0.044324324324324316,0.004587064079906167,-0.0016583313798509414,0.020396854599198377,0.02512458540227014,0.014708865224625667,-0.009046085615587951,0.013876789568752379,0.007296111130166372,0.0017322905313656989
2017-05-02,0.04253794949914691,0.011756548613144568,0.02452025644445044,0.053524226716994416,0.031139943815756466,0.03642507172041709,0.0026109660574411553,0.002744292137447424,-0.014611872146118698,0.0012007515801444324,-0.00891641477291194,0.0014690048011201107,0.0029187693503736067,0.0051298492284410635,-0.005032504589476128,0.06728778467908914,0.010350107175044698,-0.0025774500848263493,0.006344630918269756,-0.0013604062592493804,0.002098858620674271,0.0016369302854930545,-0.00158480036969888,0.00424076505946358,0.0011890500505600254
2017-05-03,0.001139708254837224,0.021872843023796662,0.0012718233615869323,0.010035521219505794,-0.004134441773603448,-0.0029144864421571937,0.005208333333333259,0.01094685276409435,0.000926784059314345,0.005286083095373373,0.0029988928719211216,0.005683846613790955,-0.0029910671703573533,0.014832535648603873,-0.004165426832328678,-0.04946653734238604,0.008134980660891244,-0.009188044155208575,-0.003050640717256803,-0.006241127196567664,-0.0064144260139705755,-0.002954123081554072,-0.0031746174671883898,0.011566470229220638,-0.0012713605051778432
2017-05-04,-0.00022764117612217305,-0.017391344481605397,-0.013510369827029245,0.006830842334281995,-0.015343013886533807,0.0030949105914719333,0.0019430051813471572,0.016784083204335776,0.008333333333333304,0.0012372321261742147,-0.004599839006439788,0.006016445068967924,0.005027122273135065,-0.00392896426325684,-0.0005975500269630452,0.004081632653061051,0.013150119938736271,0.0085777852094846,-0.0036039440664747957,-0.00371932870592806,-0.00625821463257803,0.0026476579887897422,-0.003908569661014161,0.0049835984527519805,0.0005821027616192964
2017-05-05,0.013664267820542086,0.0037440641420312115,-0.002224066487182541,0.0012335937753615855,-0.01374885451418617,0.0010284881727802286,0.019392372333548735,0.03035138283538985,-0.017447199265381186,0.0012357076876419182,-0.004621002879413139,-0.00126855744835086,-0.003549778222261657,0.009308930115037528,0.0008968310643697741,0.023373983739837456,0.00943949796817134,0.0005745948609447993,0.01658368934689136,-0.0036052231880030483,-0.004043758539857167,-0.02514932363754807,0.0027612557117064895,-0.004862254611425754,0.004088695184901736
2017-05-08,0.009660773294125846,-0.009833821834530077,-0.020060992962482205,-0.0036961190206135086,-0.013011171245560837,-0.01575345836460762,-0.060875079264426035,-0.014470284237726116,-0.009345794392523366,-0.008110354125938857,-0.0013928040207611403,-0.0012701868758812074,-0.0021051088639768567,0.000625308728696039,-0.0008960274790918987,-0.03574975173783512,-0.01402685523007452,0.0018378532574618855,0.027188424963027646,0.0159395746052029,0.005457887198552891,-0.013028081012033232,-0.000869536231883905,0.007733524922429735,3.744607718947357e-05
2017-05-09,0.04761911543433728,0.0010273561643834306,0.008140787838390784,0.021434480626545627,0.013182693528538403,0.013917867084203284,-0.0006752194463199857,-0.011536444677503921,0.004716981132075526,-0.0056437097526716995,-0.004416503951650497,-0.0065407157241875735,-0.00032455172413792255,-0.011248257733221134,-0.002092675572715197,0.24098867147270853,0.001778215662227911,-0.00687913888008318,0.006404862594728833,0.0039830029162375435,-0.0038395472506229655,-0.006011880062810393,0.0014505221511307287,-0.0022797870355960592,-0.0010252486558836038
2017-05-10,0.004672833276430088,0.0041054124162331895,-0.012112540222212642,0.008272800478757114,-0.006505539154378015,0.001544269072482285,0.004729729729729737,0.008488063660477385,0.018779342723004522,0.0050054076913972345,0.006303898841751199,0.0007315471836137899,-0.0032464978755498697,0.0102701531004874,-0.0104853801532242,0.05228215767634836,-0.01863908339168885,0.0008658161837387102,-0.004740619397607171,-0.004061622312261148,-0.0012626462323934717,-0.00565380970578,0.003910732851814203,-0.003636626432756529,0.001130601391864161
2017-05-11,-0.016067611333353327,-0.015468511073253866,0.005529510625567724,-0.00560340192908948,-0.004677268387703104,-0.0047969677025349045,-0.008069939475453869,-0.010520831141504483,-0.02304147465437789,-0.000533662385857725,-0.005336403959925962,-0.017909338123001994,0.0031756290721542957,0.00766345022933157,0.00030281563132961153,0.0883280757097793,0.0033162799708337243,-0.00040366803393310224,0.004502153321209734,-0.0014015669773762562,-0.0016634507395312248,-0.003966981818181892,-0.0122637285316326,0.0019595027274212917,-0.0021628093718817354
2017-05-12,-0.015255672211953675,-0.003322231542697396,-0.0007173460677263321,-0.014087281426590548,0.0018796616188032633,-0.014976742985023273,-0.004067796610169538,-0.0021264753921571566,0.002830188679245449,-0.008631375881637648,-0.003265663710419142,-0.013397878176483746,0.003571444892161768,-0.013347819338817457,-0.0009080810863170141,-0.01521739130434785,0.014122626626281054,-0.00871226020663618,0.013965651548311753,0.014488910188096948,0.0019328779894038917,-0.001858606114514716,-0.0011685948169527505,0.0017408070511275575,-0.0014784413421209397
2017-05-15,0.018546758954974596,0.007291687499999977,0.015312920938529428,0.010614329021664481,0.005628499167513956,0.01415585434890132,0.005445881552076148,0.013851944592434773,0.019755409219190945,0.010322179013305455,0.016381933068102095,0.0056582421727648935,0.027094783460811955,-0.0009438728960200482,0.0033323540340717273,0.04267844002943333,0.004148118518518595,-0.0016297014333240822,-0.0025625367040340574,-0.0035158944030596606,-0.0009312844950272181,0.0075812997134170335,0.0007312518601017004,0.005213411159585624,0.0047765136426025645
2017-05-16,0.005569815766923725,-0.007928362469596162,-0.001649581654898702,0.0,0.008395541358042546,0.0041358091355474524,-0.004062288422477911,0.012611612579526366,0.009225092250922495,0.0021322450722336406,-0.0011512548929311084,-0.0011253188297073446,0.006142208144613193,0.004408801902339832,-0.015700513759073553,-0.00635144671841914,0.01445860178396563,-0.01987992782533632,-0.0014771740906146524,0.008455417440219604,-0.0027298954293907274,0.014322474236765581,0.014321262604120921,0.006317478649211283,-0.0006868968136181097
2017-05-17,-0.04303368221205117,-0.027449598086849103,-0.029977586569895354,-0.035750274116351344,-0.04347822467119744,-0.02110861506778794,-0.029231815091774416,-0.03269335755059677,-0.023765996343692808,-0.05265959523068453,-0.055555554274883456,-0.019151258698883233,-0.008609212067211658,-0.012384401749734986,-0.011349632598137038,-0.058948863636363646,-0.010471232970586497,0.004401653711683773,-0.033575609442336174,-0.022058439704773947,-0.03291489539935166,-0.01789432668701385,-0.027805804477406548,-0.024793218451749754,-0.0181782145892192
2017-05-18,-0.006010596883819996,0.004287288409159595,0.010341878322377873,-0.0016757854346131085,-0.00870408106955356,0.004382889123722089,-0.0007002801120448154,0.0021459765099773875,0.029962546816479474,0.0067378017652171,0.008298754984165102,0.0026799194992375153,0.0023683824483835547,0.014126968253968197,-0.00031023890784964703,0.016603773584905612,-0.0064668136390360065,0.015338126167605548,0.015241211314475978,0.014532770073534484,0.01939936405663656,-0.0009937984957038015,0.0034083578804819936,0.01154824281522937,0.003686818535649561
2017-05-19,0.012765934478569552,0.01494123767468003,0.01842484322706106,0.01133027696181288,0.0,0.013091289699925124,0.006306937631394449,0.019272002141327738,0.012727272727272698,0.001068948669474823,0.011861486035790625,0.012982053971323904,0.00023626840799972904,-0.001721709214614453,0.007448727267264754,0.0037119524870081744,0.014792899845943674,0.0066491631376348614,0.003408968318288519,0.0014085040157800766,0.002708885203606126,0.007958595357199894,-0.0002953330423175471,0.0040527391216538255,0.006767499617984285
2017-05-22,0.021892923001040954,-0.003154553234681501,0.00839540026013963,0.0060166181324352586,-0.026341424390243895,0.015161905321125158,0.002089136490250665,0.0042016804515923045,0.0,0.002924950104113311,-0.0033492584533315606,-0.0009423859603771012,0.002047259842519633,0.004076544435192009,-0.01047443039046314,-0.005177514792899407,0.003790116728574766,0.01222551161076546,0.006076101034263592,0.011283084363390428,0.001215770649949599,0.004342696521718592,0.011227581290365274,0.008404594079243433,0.005160131544382551
2017-05-23,0.009738173766244751,0.008438797646388219,0.005863039468375186,0.0020622395519802605,0.004007935711104693,0.012219976653767173,-0.0020847810979848225,0.006799110523059149,0.0035906642728904536,0.016757684163360986,0.018242870859337623,0.00716847791618469,0.0020430221272509375,0.00796380374822303,0.0006226650256122568,-0.010408921933085402,-0.00377580598315419,0.0029765541438446785,-0.0012338463216092777,0.0008962829954946017,-0.001146775460510785,-0.003996331263078634,0.0033601608485096524,0.007389656754554608,0.0018378718487075396
2017-05-24,0.002357479639948812,0.005927517681765027,-0.014455560905287435,0.005762481992179325,-0.01596804454962253,-0.0010059859323606757,-0.00417827298050133,-0.016103844155844205,-0.0017889087656529634,0.019076684661613053,0.004950566004269907,-0.005619011156003162,-7.83798638264166e-05,0.005886862623383671,-0.0028002489981410195,-0.02854996243426,-0.0023323032749941186,0.0021116025447347475,-0.002990949206997384,0.009068075631983863,0.013304422954474537,0.0031572453013040125,0.001310381479324274,0.0064712115624685485,0.002489126672622799
2017-05-25,0.026726534103057586,0.015944561525129908,0.024130600613548436,0.031307612672552,0.02941178558644597,0.022490700822735743,0.002097902097901949,-0.004751900488283889,-0.013440860215053752,-0.006076044265057923,0.0,-0.005839159917122028,0.00015682691307628005,0.0016941475435083841,0.003432168593827223,-0.010827532869296275,0.004383342946132407,0.014009949632893592,0.003456371552272408,0.013291201427029886,0.012796681482116545,0.004524306751173768,0.012360128501968548,0.015267608762788543,0.004441948051392863
2017-05-26,0.014993794252394776,-0.004094206671561795,0.00046201200133966225,0.007936448097759952,-0.019704433497536922,-0.00410374274798897,0.01046755059316129,-0.020689708222811798,-0.020890099909173565,0.004764678362185082,0.00492608480117096,-0.0070102123344110145,-0.0047831961482254215,-0.0018450645472775085,-0.000621921641790868,0.0031274433150900727,-0.011929008202764213,-0.003089036735371531,-0.0016897121385508473,0.002416018027260325,0.0011187022385437118,-0.004634412623389261,0.004883596457184947,0.0019906275592485034,0.00031054999601765054
2017-05-30,-0.016003343619066634,-0.0630352667975731,-0.009351246501342225,-0.03425192980810887,-0.004020120603015043,-0.01961427458758125,-0.022790055248618768,-0.026543880094467953,-0.011131725417439675,-0.02286047073261077,-0.013071918767507129,-0.004770082045411184,0.0014970296485505852,-0.0006161583677189997,-0.0003110765498157697,-0.04598597038191732,0.0055949059362456754,-0.005126783098591492,0.0003905995703403775,0.0009238817542100985,0.001643331307324969,-0.004983992229523504,0.006432318559638661,0.004539547419526002,-0.0012046244828196606
2017-05-31,0.009382840062194253,0.001828153564899404,0.014450588846302237,0.0014268242676962473,0.011099879134205404,0.010255548083389465,-0.0007067137809186885,-0.02726761420520951,0.010318949343339545,-0.03278089490688485,-0.01277192556224993,-0.01955523389570535,0.00896860192771154,0.0035450679814303943,0.016184282098217206,-0.015522875816993409,0.006734963002344774,-0.007984614258669698,-0.005921806468406232,-0.0020869037573564286,-0.006037524411421469,0.005931648479052365,-0.008095554148811024,-0.011292392449417932,-0.00045996868531250623
2017-06-01,0.013220388349514556,0.0003649854014597942,0.013555427447831336,0.014654935586099427,0.016966128421801452,0.003494741221500952,0.0021216407355020284,0.0097254004576659,0.008356545961002881,0.017750639443118388,0.020843290807700532,0.018380974156843477,0.0041325458089669365,0.0023038089033358133,0.0018375802856001044,0.0439834024896264,-0.005817364577738071,0.025117074870530498,0.002749384727661175,0.001337211202957933,0.00046211538865192914,0.00026202580547640686,0.0037228238100128763,0.002166145381186979,0.007571112707942307
2017-06-02,0.009582079706056845,0.01714696058780807,0.012240677357791663,0.02688066306441983,0.016682982989539186,0.0009950580596194136,0.004940014114326097,0.0005665722379604166,-0.0027624309392264568,-0.007906595225956825,-0.0021122036584789727,-0.005184350799372073,0.010094758581260743,0.003217882218268908,-0.0051971264199673906,-0.005564387917329161,0.0055587770626097655,-0.0010580409727359852,0.014819193880099002,0.01082380427743801,0.013726668077124415,-0.004061014004860253,0.023680514227689464,0.008945616518591937,0.003707730994808367
2017-06-05,0.004442689822293788,-0.0010759971768721233,-0.00011191356201789571,0.003907013164817563,0.015443996437142893,0.010437392139870827,-0.004213483146067398,-0.009060022650056676,0.0027700831024930483,0.0031878815169272823,0.00870176387582311,-0.0017371163532692302,0.002152513804543066,-0.006109683731332249,-0.005839059439487926,-0.013589128697042319,-0.05120739165572863,-0.00011151123313180022,-0.009778089669426615,0.0045792288812140924,0.0001302258959037239,0.0023676487530222,0.0072463348036138076,0.0082821004497442,-0.0012176648957179514
2017-06-06,0.0,-0.007540416517055726,-0.0011198879802950534,-0.0031134267973036422,0.004752851891743459,-0.014592621262743966,-0.03314527503526088,-0.009714285714285786,-0.01012891344383049,0.0025234543080645544,0.00116577293461817,0.0017401391774913844,0.0036054080729870375,-0.00614725680036865,-0.008655271014236243,0.017828200972447306,-0.011652897526743367,0.008083916153312165,0.0033781850648053613,-0.008246511338762641,-0.005337544576660025,-0.0002625090148281606,0.0033203929623739636,-0.007227946131461049,-0.0027790401574869783
2017-06-07,0.022517067852148465,0.004341577518268691,0.027914855198930333,0.02030060511419096,0.12298959784255814,-0.002329434353724902,0.0014587892049597873,0.00750138488170804,0.0027906976744185297,0.005826690932861034,0.00791802533577135,0.005404342686656349,-0.0006114958249409108,-0.009432503770914202,-0.002182725288431553,-0.031050955414012815,-0.004343779087806143,0.013217563917028219,0.0059566204197245565,0.007048860418743752,0.0020286434399401365,-0.009122524418275324,-0.0017925814310224553,0.0044748404811494336,0.0015682574527444704
2017-06-08,0.011207215666393822,-0.009726267801305477,-0.01254227260241525,0.01090491677826666,-0.04633530063471947,-0.013342211696834916,0.004369992716678706,0.006300172182140518,-0.014842300556586308,0.013810343932757263,0.01894637289617318,0.009022864273372955,-0.0015296137667303311,-0.013424867731029133,-0.0078125,0.08956450287592443,-0.005920847616079916,-0.008296517340343756,-0.0024457231755350417,0.00019801894780946405,0.010384091248174299,0.007418267516711374,-0.006078215307062096,0.002517963376928334,0.00026720452936990213
2017-06-09,-0.022554929029749093,0.019279803985736033,-0.006737364626271614,0.003217221801665504,0.0008834629287441942,0.005070977011494282,0.005076142131979822,0.00569151963574277,-0.0037664783427494575,0.016822120516139183,0.018367393123237763,0.023592046735311234,0.007506671600765902,0.018829081980552553,0.03212598425196855,-0.05580693815987936,0.0034482131661444093,-0.0012658649208446837,-0.038776745886141106,-0.03163512859661033,-0.03302954410699488,0.013149243399766863,-0.02265458051374214,-0.03414644646887266,-0.0008299890161560519
2017-06-12,-0.015715138253431626,0.01998563797349151,-0.009896575113977568,-0.014336880374905991,-0.0008826831109379762,-0.00790442327454477,-0.008658008658008587,-0.017543803056027207,-0.015122873345935761,-0.0023826559756999766,-0.0013360498775327745,0.00539035326004389,0.0022048810325012713,0.0,-0.0021360695758316783,0.010383386581469756,0.01124651741621463,-0.012179030721628847,-0.02389579873528802,-0.013697115461759668,-0.007754037122164381,0.007008351446786909,-0.007679195108077241,-0.007296034949377694,-0.0009787631973520172
2017-06-13,-0.0006062853678253655,-0.0013995591910241911,-0.0014599842603326696,-0.007272746411483233,-0.03445222736580311,0.003729394686238674,0.01091703056768556,0.006336289957586949,0.0124760076775432,0.010319467165617269,0.006689052695163955,0.006655592530966814,0.001517197613257526,-0.017393990020096117,-0.003669694077379382,-0.015019762845849716,0.000617856058630295,0.010041857740585858,0.008045633337917968,0.016457499087326743,0.015090211329962244,-0.005992995501681642,0.012467798974889588,0.011135857177579256,0.004511505144390471
2017-06-14,-0.0012133872353207176,0.016818563773340678,0.0029242378619172005,0.0007711779597296964,-0.1052150007240622,0.0054044925756542295,-0.01295896328293733,-0.007441271175802622,-0.004739336492891044,0.010303291841703421,-0.005315658679262203,0.0014692010749457474,0.005680957258568098,0.0015805120910383774,0.003376212192988781,0.0,-0.00493976551218811,0.007235559117886314,-0.009755044948633662,-0.004404619844107005,-0.0028536834349335294,-0.002852525121555871,-0.00537869765382315,-0.0027690517448529794,-0.000995830885900939
2017-06-15,-0.005669123419095534,-0.01343908972684682,-0.008522978771402512,-0.0067424195723366775,-0.03476484520389178,0.00974302048955189,-0.02479941648431816,-0.03171851211072663,-0.01333333333333342,-0.014480592787969537,-0.004898708528167317,-0.01155321862375236,0.002033509014581325,-0.0028404608306842327,0.0036709086470145813,-0.027287319422151013,0.0,-0.010857622226049468,-0.005993469110127436,-0.01259638121529083,-0.0029949883527453647,0.002665645961454244,-0.005265333937612082,-0.008887639268715164,-0.0022395981716745172
2017-06-16,-0.006515984391855301,0.001047914818634199,0.0037325413988218425,0.008533727530377622,-0.01800853775405642,0.0029945100150639004,0.012715033657441976,0.0017867181782775798,0.0038610038610038533,-0.006361143329501218,-0.004699015544842644,-0.00018558440869809179,0.009846760890914963,-0.0034815319430531178,0.00487656187514296,0.044554455445544594,0.01799568724790568,0.00692981464325837,-0.013999501781107648,0.024414822505421263,0.00560744982094552,0.007521748103217929,0.0014305865112851368,-0.0026848584917592566,0.00028363920108120944
2017-06-19,0.0178315019915658,0.022679692477047597,0.022875806240157948,0.009807653846154007,0.0226538089602506,0.01044944417897753,0.03323485967503692,0.023781153388822807,0.012499999999999956,0.019476159951996364,0.02787772032374125,0.006494767238722554,-0.002084101135060634,0.011275194358024487,0.007582650664766488,0.06398104265402837,0.00213349582037492,0.007652915056628462,0.028607520106627815,0.007552784556032366,0.014803478590039054,-0.0034754085636694576,0.012428614285714179,0.018717109809959664,0.008347228826019126
2017-06-20,-0.03282321788159481,-0.028318041044325448,-0.015203239458077777,-0.014282994259493198,-0.022151982187680108,-0.009684767225369928,-0.01572551822730528,-0.021486586613622904,-0.03323836657169987,-0.004554897524545631,-0.00481192027970434,-0.01438058575292811,0.0011187737164808365,0.013347974246231242,0.010234798006176993,-0.02375649591685225,-0.013990358455281071,0.00136597090228463,-0.009088424465995004,-0.0025924777114183506,-0.0040557010550041905,0.000710417223208859,-0.01354591448232334,-0.007040109921138682,-0.0066966375083225005
2017-06-21,0.008328149246890515,0.001755618051500818,0.016109218213549603,0.009853207490464033,0.03344129594137213,0.011602800875093466,0.005809731299927456,0.0029673590504448732,-0.007858546168958758,-0.011594850868195894,-0.012967032967033054,-0.008978657107719057,0.005140835902690766,0.01441190166452655,0.009535160621717553,0.040304182509505626,0.005552128658367073,0.009003077230248735,0.005930625637697418,0.00971191805053273,0.010903146141215014,-0.007486311858398986,0.00514937747679145,0.009278065023836435,-0.0005826444414320786
2017-06-22,0.011150134214330087,-0.000350424129705762,0.0020917647893479163,0.010330992921369742,-0.020876825850654424,0.008028854793197704,-0.002888086642599208,-0.009467455621301801,-0.017821782178217838,-0.012225272771241968,-0.0066800044533511516,-0.009248735371838457,0.008450070166775792,0.008554812229679465,0.005312868792418213,0.13304093567251463,-0.009202423877449295,0.008544246252912169,-0.0016452458118938473,-0.000927922750824095,-0.0033136897326050407,0.003966454436342914,-0.00014223709159977282,-0.0024597268961210617,-0.00045578189908535016
2017-06-23,-0.006943026200877611,-0.005960771137695553,0.006701823995885148,0.0020828819904774587,0.0,0.0065019180754226635,-0.005068790731354134,-0.005973775388291469,0.012096774193548265,-0.011739554775637151,-0.02062322303018993,-0.0007620689364804534,0.002793017211473181,0.002120675649227799,0.0032295066579710596,0.019354838709677358,0.014241455549271143,-0.006702412868632712,0.0044633384752224,0.002436834144853739,0.010886656227639735,-0.0018781930781680556,0.01352116386219282,0.008881087212498917,0.0015609155884164228
2017-06-26,0.0030844745407263563,-0.023280444444444437,-0.008294161572438008,-0.0009448035126531362,0.0,-0.00274544582511127,0.01673944687045137,0.014423077789848637,0.013944223107569709,0.014963856393352737,0.007095468232901636,0.008579618520884402,-0.0006596570007885161,-0.0036276599983275926,-0.003804419303741313,0.08101265822784787,-0.008852167817592682,-0.000701781376518329,-0.0031445993984140497,-0.009723643669911075,-0.009544147373385936,0.007267503683943133,-0.00954922074918152,-0.01379468162216213,0.0003158015767239508
2017-06-27,-0.005740037018040822,-0.002889086375350347,-0.021459281783010264,-0.0005674106405789692,-0.0031983367506039917,-0.00388667206477733,0.02004294917680749,0.03732233633426163,0.01964636542239706,-0.0007258346876625188,0.005000022727272846,0.004914895844427392,-0.009755031824997373,-0.005764517771981725,-0.007931874032553465,-0.025175644028103017,0.003387773224891477,-0.002808929418996464,-0.014332820500188137,-0.017304122161494573,-0.019597591499383893,-0.003092160100294006,-0.018715440503550895,-0.026190053741269814,-0.008072824663108435
2017-06-28,0.015463917525773141,-0.006881542769687554,-0.005735425230216529,0.018925056775170424,-0.019251379679144365,0.008128759815599462,0.01403508771929829,0.02284408909194746,0.01445086705202292,0.013346658858483185,0.0022613975065264302,0.02200906696764493,-0.00881407335805029,-0.005797940100733312,-0.0005922416345870429,0.03003003003003002,0.006138642962636887,0.005958780954752552,0.014610756685751403,0.013872097706453035,0.017665048244586812,0.003683405492730163,0.008524837574408917,0.014191250966482993,0.00880806612873708
2017-06-29,0.007512670050761505,-0.0072939457055895,0.007804478778216106,0.000557187964338679,0.0076336535499959,-0.003225237968883743,0.01937716262975786,0.008933556672250154,0.010446343779677125,0.005331076940547019,0.009702166064981865,0.026688697710705034,-0.008817874295881767,-0.012584529614209417,-0.0035555259259258953,0.00932938775510217,-0.029286120478527078,-0.0023155250777951997,-0.014743248988548396,-0.01454063166097086,-0.014356642705669387,-0.00766161438558266,-0.018767979136046775,-0.02413636746947201,-0.008600023152223968
2017-06-30,0.014107235270198304,-0.0036737691253297955,0.0074074524670584285,-0.002413161359071214,0.01623376588238612,0.005338909475183451,-0.008825526137135165,-0.015495240730492577,-0.00469924812030087,-0.011184929170982905,-0.00424578770949724,-0.006633184055811814,-0.002638766606142484,-0.0038856079506128793,-0.001189443913486521,-0.0005777007843849047,-0.0006285669390321269,0.0008095967871841747,0.002366453361161147,-0.00812557566308958,-0.0003972259188333993,-0.0019464282765708774,0.006424324906536105,-0.009871537298482114,0.0015332318366443332
2017-07-03,0.0013910771065184235,0.026179851348973937,0.005124765928592456,0.00595457737422489,0.005324813518108318,-0.0011264724996213893,0.013698630136986356,0.020236030340863964,0.010387157695939564,0.024245178663682143,0.02356373376203469,0.006677476989713105,0.004611089517556843,0.00280856625424053,0.006847275974992462,-0.019075145611279987,0.004088081889562334,0.006633567108548899,-0.0036106373111890466,-0.014814077479338827,-0.016889674576491598,0.011376194352516578,-0.011025707239228244,-0.01103734686952873,0.0023108339915050014
2017-07-05,0.017265310920129284,0.005030629034737943,0.011749035560307819,0.004994469016010639,-0.0084746184645208,0.017560818430803815,0.01621621621621605,0.026446225895316866,-0.004672897196261627,0.0033438666109815163,0.012058736854664742,0.0,0.00556813418667268,-0.001711420649358364,-0.005322324068598339,0.010017678846062195,-0.005324146570623189,0.008572226367175917,0.004111470383275417,0.018602071495350536,0.012868039413031607,-0.012276667794360985,0.013349039558428366,0.01447647694033849,0.0014532789018848469
2017-07-06,0.015411647109311088,-0.018591389978202866,0.0013146691642711428,0.0007361862419956733,0.006410235179705959,0.0031665769474351624,-0.0019946808510638014,0.013955985719591224,0.01314553990610312,-0.005919974747587431,-0.0006498916811090716,-0.00394403018902878,-0.008380686982794594,-0.016521289493685254,-0.012485077660079558,-0.03150519437019794,-0.013224181360201537,-0.0069588207171314975,-0.009438545615616634,-0.0064443162912667384,-0.010110343491029572,-0.00852474143977,-0.0073827733820852615,-0.005506158623755808,-0.009368823795134262
2017-07-07,0.018828050313699274,0.0025501347905283467,0.027242854983744902,0.020047820857969967,0.025477729319648867,0.01388884132119883,0.013990672884743649,0.008470090443096323,-0.003707136237256603,-0.006219961125590312,-0.0017342726699702826,0.003239758760983369,0.00015083760486467312,0.0009509033581902582,0.003913214812967469,-0.0222891566265061,0.0009572750478621384,0.005456322825972748,0.010159013806740447,0.014111936908967504,0.01760512617097243,0.0038067799697636406,0.012979422487968462,0.013124689776826237,0.006403125635439322
2017-07-10,-0.006977164001077951,-0.003270435903905522,-0.010118191608458726,-0.011720122822216461,-0.011387143092901453,-0.017278907760862605,-0.001971090670170872,-0.004199475286061571,-0.0027906976744185297,0.0024857821488182275,-0.0013028664778038657,-0.0026911014463184557,-0.007469368132530407,-0.005224794173527503,0.0017991605276856948,0.026494146642020988,-0.00382534256215028,-0.005373536722628414,0.0061035098406720945,0.018094283398440103,0.01360273357629782,0.003138459485570122,0.007486380758513933,0.011114818036229268,0.0009277662124411723
2017-07-11,-0.019939213824534785,0.021509384827242517,-0.014740714122214227,-0.009669804603725574,-0.011518303664921459,-0.020909234580877012,-0.0013166556945358732,0.005271534278942225,-0.007462686567164201,0.004914988574477253,-0.011089410259212396,-0.009893847814355206,-0.0024325883139660887,-0.007798853802360117,-0.007183537862915257,-0.005402160864345751,-0.009280032000000049,-0.005349023888992055,0.00324006626885609,-0.002348255409695632,0.011530970684039188,-0.0014991266001711523,0.00014282651574060168,0.0013889308964978309,-0.000782680881929565
2017-07-12,0.042433597317698135,0.03104918496577369,0.033417025226602615,0.022107609102940406,-0.010593220114550439,0.004368241314217203,0.0006591957811470373,-0.013634032511798622,0.012218045112781795,0.0019387618674433504,-0.011433619173262799,0.0023618640559255333,0.007620209025991365,0.0070580526146935,0.0015074767264080524,0.025347012673506253,0.017764890754679907,0.00397959135218473,0.0014430289287432618,0.012453104662101033,0.023378565765993065,0.0033291663512087233,0.01657385388123611,0.01477275274557921,0.0073056077591855395
2017-07-13,0.00018591078412466544,-0.016614704394905533,-0.00940504098293482,-0.017664023071377044,-0.008565353135645548,-0.0009665270307175344,0.007905138339921125,0.006379638829326906,0.017641597028783762,0.013237147690035478,0.012455538533263644,0.00779409127402908,-0.002798117002136058,0.001752150394268126,0.0018060806199251545,0.017657504414361425,0.0019041574103457748,-0.00648136475996175,0.013928914122988578,-0.005841973692839897,0.0022655822126715908,-0.0004553806204692368,0.008713914020691105,0.003528131061760975,0.0018745842627647669
2017-07-14,0.007619401456617769,-0.00316787744101632,-0.011841273988505874,0.011559651376146896,-0.002159784063926251,-0.00145114479200259,-0.0006535947712419388,-0.003697781299524472,-0.0018248175182482562,-0.0078124481201157225,-0.007029855008787389,-0.01097115147378247,0.005612050617229913,0.002703164298030858,0.004507241721972477,-0.002891902666749546,0.011720019005384774,0.007655801329648382,0.008594355861288427,0.0011792500665617212,0.004458156613655451,0.00397057853379601,0.014072760794458405,0.009322624743138386,0.004673503321499739
2017-07-17,-0.006455219357152098,0.011299370990139668,-0.005937547423217615,-0.008888118830253533,0.019480454123799618,0.003390909090909222,-0.008502289077828573,-0.003711558657923719,-0.003656307129798808,0.002887090912849777,0.002876128254952981,-0.005091889249249193,-0.0033937555025450594,-0.007136060781223308,-0.00538438528268026,0.007540661252900316,0.0,-0.002942686022772034,0.0034890232683320033,0.00821511066612457,-0.0015003125492260017,-0.007974649637751186,0.007831808296672182,-0.0026883199896267085,-5.291285582376126e-05
2017-07-18,-0.013365454118534514,0.0045391690895078,-0.014443983178888176,-0.012445095396140138,-0.011677261642346615,-0.009172819587589642,-0.00395778364116095,-0.015433793750197267,-0.013761467889908285,-0.025953053867945886,-0.004191550664392141,0.0016450375003662643,0.017480235375568753,-0.0031943938157739105,0.0033083007518797114,-0.012089866891774936,-0.002817814564251231,0.0026831230689630114,0.00347689231016024,0.0142667352915411,0.019595599313732004,0.00647019823770334,-0.0006815951106091678,0.012565334494357927,0.0005978570004028239
2017-07-19,-0.010159943173661645,0.0010427111139639234,-0.005289289256198315,-0.0031504448322915435,0.002148292205119029,-0.002598668182556496,0.005298013245033095,-0.006486540540540431,-0.0018604651162790198,-0.001970368563614544,0.03278688597223933,0.002554744572166978,0.00557786673326599,0.0033648293542702934,0.00779370480234709,0.005244755244755206,0.0034536577708006444,0.012523392693923663,0.006263352878464801,0.002362286217728604,0.007859498907899276,-0.04201299350649346,0.007639808691412897,0.005686752500018599,0.005372639477660979
2017-07-20,-0.005132123072949413,0.0020833541666667177,-0.012961106002917,-0.017847164568745688,-0.007502743515423682,-0.016446800195407896,0.005928853754940677,0.004352557364121656,0.007455731593662529,-0.0025575089190448264,-0.002359523860135604,-0.0010920640897718048,0.01005842711035454,0.005110188519805048,-0.0023794765728578637,0.020289855072463947,0.007509449546603486,0.012209936971193658,-0.004502767726055623,0.0017820717412238007,0.0023760204848057853,0.000881210607206695,0.004874086042863768,-0.002822143556600376,-0.0001536593007661624
2017-07-21,-0.008215513947267938,0.0034650033929659596,-0.009539820640624419,-0.010789399553685408,-0.021598272604714364,-0.001986804569973466,-0.012442698100851302,-0.013001084127902685,-0.014801110083256241,-0.009536707023796165,0.0017201032775790992,-0.012937372213240317,-0.009226103356646975,-0.004925294008981451,-0.0017889385274615366,-0.005681818181818232,0.0021738819200658455,0.001462135770234907,-0.0004655580807652049,-0.0029453748851204775,-0.0006078283632640069,-0.003927956008994649,-0.005793586556270602,0.004926880010075685,-0.00036787160364093463
2017-07-24,-0.01213640916971681,-0.00034532457848091003,-0.014050968838526856,-0.013968599845717633,-0.011037527837473027,-0.007796914528814036,0.017904509283819703,0.02469819015906638,0.01032863849765242,-0.009083477443838417,0.0025756385490449674,0.0018460772326409636,-0.016998027004626826,-0.0009580232962155266,-0.004778972520907865,0.002285771428571337,-0.0037185621320112716,-0.004640734198773311,0.012111479014800697,0.012947543001460726,0.009548178962702991,-0.007410912327836416,-0.002574915265281086,0.007626571691045081,-0.001063734846964759
2017-07-25,-0.013065483874131867,-0.0020725595854922396,0.0013790943252707244,-0.007568406900221203,-0.013392812798946663,-0.016552432426811037,0.0006514657980456473,0.019817943224424095,0.013940520446096727,0.015583504945845483,0.019267865965914455,0.014556863829003008,-0.008495526971488032,-0.003356225027968729,-0.0066027010804321495,0.009692017691447008,-0.0108865623087675,-0.0025669495655453733,0.004273837971564998,0.0008855518007526708,-0.004337355421686673,0.0013699362500878554,0.008016358913488064,-0.030234422938644312,0.0029231717986644146
2017-07-26,0.007903516935318988,-0.008653513506130417,0.006771537017268514,-0.00019550254586442328,-0.05203617529329918,0.011900714042842653,-0.0006510416666666297,0.0010503150708869313,0.01191567369385882,0.003023729551189236,-0.008401638134811096,-0.0027243188753303116,-0.007051925725965913,-0.008980147386463244,-0.006344381047998726,0.003387973087971341,-0.004402484415172436,0.0018382668646512723,0.004713918954722507,0.012434298577871594,0.0019966239230193583,-0.005677549686332051,-0.0018870332420263258,-0.0030504091336858163,0.00028266382187114303
2017-07-27,-0.019800000776318494,-0.07925971534761966,0.0029639990542180694,-0.020535868950990244,-0.009546586656487555,-0.04956317204301075,-0.006514657980456029,-0.054039771985297747,-0.015398550724637694,-0.0034645849268841733,-0.002541813229015366,-0.003642342014204991,-0.0009163421363040936,0.03058252476670753,0.003344512111417064,-0.03601581316826097,-0.00157924826279221,-0.009541321100917433,-0.018897509766844123,-0.006459012807283782,0.029164911363052104,-0.0019950054898527636,-0.012018892153184746,-0.014465036055687386,-0.0009726881683288502
2017-07-28,0.00980004000000001,-0.014410382355234841,-0.018867957983588646,0.0049920125801912185,0.010843397590361459,-0.00017675446349652013,0.030819672131147557,0.008874098232163119,-0.004599816007359592,0.009617143933847716,-0.009131450414100795,-0.025772254172404585,0.007796407432600905,0.006594473333246587,0.004545515151515245,-0.016929306300601743,-0.01012337835737498,0.011750389468335953,-0.007040356191295394,-0.0248183766730401,0.01179297686232128,-0.005376810935150744,-0.001640281484948991,0.007964973166339151,-0.0013411154893340216
2017-07-31,-0.0009903544864188207,-0.0053866642259329245,-0.012627398053753458,-0.01927281862615471,-0.013110822095093622,-0.018564409148436822,-0.023536895674300284,-0.019241395313831955,-0.008317929759704246,0.007691968124448945,0.0051436348049722636,0.012007504915713119,0.006598369058853137,-0.003587583784314674,0.00030159877516733324,-0.022565380047505967,0.013103227449561272,0.0034528068046919547,-0.005150528428093604,-0.03162616142090069,-0.018556086144785433,0.00263361992123734,-0.004655038271426215,-0.011715005002777223,-0.0007281456772143535
2017-08-01,0.012291871774224195,0.007736943907156624,0.0032852163574370596,0.014384096142947778,0.020531351665152187,0.003783156324379533,0.01042345276872969,0.0162555493273544,0.019571295433364222,0.007411343297285322,0.006609743854595118,0.002595532120792221,-0.0015823236770469151,0.0006261271035359339,-0.002412484921592184,0.01761853083952203,0.00410091469713203,0.0021896564536745267,0.008875196903790794,0.008514014004225245,0.0036041418020680283,0.004354772991702172,-0.0016505502744381673,0.000354666308436391,0.002449115038656524
2017-08-02,-0.011946729104059362,-0.02034550479846453,0.00152025490538521,-0.0011983622927900228,-0.027218982248520707,-0.000358937538425419,-0.007092198581560294,-0.006618808969597878,0.001828153564899626,-0.0032158414096916665,0.00254189795682902,-0.00850597231856609,-0.002641242270064348,-0.007509371323822678,-0.0048368799977702714,-0.019701492537313348,0.0006283380458687038,0.004005639161538621,0.0472508884438283,-0.0003011343211614115,-0.0032968208919297304,-0.005850006761527804,-0.004408927957869069,-0.0004726985507172987,0.0004926484348821702
2017-08-03,0.0019821208725050443,0.007053307320584734,-0.007589923021834699,0.011197800887734477,0.010948929973183974,0.007360861627273563,-0.0012987012987012436,0.002776179900055409,-0.0036496350364964014,-0.010076452732108554,-0.0014790618432679592,-0.004102890788938662,0.009004252148781866,0.001261049830722838,0.01549216376015572,-0.0590742996345921,0.0,0.00917100518134717,-0.009991039837087823,-0.00900705084386244,-0.004193780197393138,0.0033922119084570657,-0.001522280611063409,-0.007244264116484489,-0.0021836540850557196
2017-08-04,0.004945598515244232,0.022957175097276128,0.010354218386968261,0.0007910025706940882,0.016847196554685917,0.008376421165988024,0.014954486345903684,0.014950222311750805,-0.001831501831501825,0.02589395897374991,0.017350910594621682,-0.010486928446182375,-0.0012749380753684925,-0.006612122166246959,0.006281752916542205,-0.020711974110032227,0.00219780219780219,0.0005647738242076095,0.0052708874322355825,0.0006687816756871801,0.006109490624817138,0.0015178832410944754,0.00734577942215453,0.004666267404330071,0.0018891035233321585
2017-08-07,-0.004330649691548172,-0.006846664287105231,0.001513881395811767,0.002766231915308559,0.00828397633136091,-0.021385700905418803,0.0019218449711724261,-0.0054555373704309185,0.0009174311926605228,0.013621154512154954,0.004783672845936948,-0.005677498107494405,-0.0024027032348619137,-0.004120412174973387,-0.00980969113584107,0.015862524785194898,-0.0015663847117795004,-0.000513167064009501,0.0154741095978006,0.004748985316903154,0.01391345990783699,-0.011642346055597996,-0.0038524766097964847,0.001508645811036935,0.001647199796319665
2017-08-08,-0.011467022085131617,-0.0038299501226362054,-0.009883697674418546,-0.00866993103448277,-0.0023473710022239302,-0.010113744087298926,-0.01406649616368294,-0.013165112452002248,-0.008249312557286892,-0.0037351666128727645,-0.00786588681710021,0.003235591868374854,-0.0044407421011536385,-0.008274984086569126,-0.0009006904562988138,0.017566688353936266,-0.009099497674945223,0.0006160540128146152,0.007997002909061246,-0.00244892312679168,-0.0043609723075002105,-0.009479333592532613,0.005386726370532502,-0.0027653514692694836,-0.002414432693031987
2017-08-09,-0.011999960000000032,-0.03306422837991019,-0.009512695020253759,-0.012721188377634918,-0.001176447058823471,-0.002189417949472361,-0.005836575875486361,-0.022790439132851614,-0.003696857670979714,-0.004481827134473204,-0.005841810974337558,0.0015177765417904165,0.007257820903974643,0.002727888318356797,0.005108233326569733,-0.10038363171355502,0.008549715009499748,-0.00035911750720718505,0.00612191404297846,-0.007910386311342776,-0.00029202243279857765,-0.0023924917149217295,-0.004396208209971109,-0.004197233561366809,-0.0003636085321390148
2017-08-10,-0.01720653776491754,-0.027435363817097436,-0.006521164644114896,-0.01268365261460258,-0.014134345956788086,-0.012433735828007553,-0.02413568166992819,-0.040955574516495896,-0.024118738404452666,-0.023851760180333303,-0.02833164624001483,-0.015912104263835825,-0.0010508144126941676,-0.004960825573345318,-0.0008969506458310628,-0.018479033404406486,-0.012244929356358014,-0.011599830502491137,-0.03563881871697061,-0.02554966522184432,-0.02208201398863241,0.0004937010511758544,-0.014626700501908285,-0.0169682886474819,-0.01447444188426572
2017-08-11,-0.004119485151791613,-0.014309075691518958,0.008115526815663854,0.00897224696222998,0.0,0.002406980277984916,-0.0033422459893048817,0.01126915710147336,-0.017110266159695797,-0.005986722838137504,-0.014038812398246447,-0.00019253127637086642,7.521226463924613e-05,0.003216484400128561,-0.005086714846601725,0.005792903692976026,0.0006357597150590255,0.0023367969239362907,0.013906695137435143,0.0115683726922442,0.004062174578094657,0.0,0.015263911762279037,0.007881073452240539,0.0012755698031536866
2017-08-14,0.009514023144323591,0.03027784246508891,0.007339824702973674,0.011924009700889249,0.022700144454009363,0.010713003522589748,0.0067069081153587895,0.014076364461956814,-0.0009671179883945502,0.014320798955720804,0.01883890388438547,0.017327705377891967,0.002854920983249132,0.004648877770938142,0.001804541353383371,-0.008639308855291628,0.0,0.0035747745606720116,0.015049606681473371,0.015816277191048167,0.015885280629637233,0.0033841724022609654,0.015034427586206878,0.0090551819947422,0.010043754738020771
2017-08-15,-0.005941425815582324,0.0012077375493011466,-0.013867576160186856,-0.002995845815857767,-0.0011682009618738665,0.008771929664255662,-0.0026648900732844094,-0.00925401912932211,-0.004840271055179146,0.0010115895451636714,-0.0017200172745653886,0.00018921271763816527,-0.0007491085031197109,-0.002712589842431501,0.0021014709666324904,0.009440813362382006,0.0015883418043201036,0.0040782250346003135,0.010947762980406006,-0.0005695088038585316,0.0014641288433381305,-0.0017566047477780566,-0.00502778937506676,-0.00048772801574925584,-0.0004988080962693431
2017-08-16,-0.0022671063478979514,-0.00763969453381097,-0.0011918245171339548,0.00420679103392585,0.0035088187134502125,0.0019927535870878366,0.0006680026720107257,-0.00525382400781238,0.0009727626459143934,-0.008699833185989436,-0.009045918587120338,-0.0030274173331094056,0.005922874271896861,0.0032000160000000832,-0.000599161156406236,0.017985611510791477,0.0003171582519139182,-0.0037531928020565486,-0.004022351286022241,-0.004640084911981757,-0.005847953216374324,0.0030266275696038125,0.005872725950932578,0.005139826884100307,0.0014201029160998413
2017-08-17,-0.04916341664945256,-0.032009764473099445,-0.04522134698058322,-0.051865189470074125,-0.041958133242045115,-0.03905259376147907,-0.018691588785046842,-0.03521126553924503,-0.026239067055393583,-0.018571885029157076,-0.019995610519261464,-0.016891251032287946,-0.008422188394159313,-0.01371612418315582,-0.012290167497297055,0.013427561837455748,0.0,-0.005522046642472134,-0.01919848447837169,-0.018002807383119213,-0.018176447058823597,-0.012631600000000076,-0.016972165187449706,-0.017239192220524946,-0.015436951897705553
2017-08-18,-0.010427981977579326,-0.005441557273542563,-0.01962009571182577,0.0,0.01459861384908101,0.0003762182360782518,0.01224489795918382,0.004866118925418661,0.0029940119760480943,0.003296883780118165,0.006653337768906642,-0.0023165830563046663,-0.003081689879523619,-0.005659734799482674,-0.008497814613116383,0.0034867503486750717,-0.009828820233708901,-0.009756045818724024,-0.0022805017103764147,-0.0021862394044123157,0.0029956263136869943,-0.007107320691698393,0.0012430386396951043,-0.0003402895857271826,-0.0018353673366143797
2017-08-21,0.0035126235677853668,0.007154873556695085,-0.005991000866449991,0.005891058402925697,0.02997601846580289,0.006958868044343314,-0.007392473118279619,-0.021186440677965934,-0.010945273631840946,-0.006121994313445622,-0.015642190254289368,0.002708978328173295,0.006182552733825064,0.007806130824324908,0.0027548211052845772,-0.0173731758165393,-0.0016010246557797148,0.006341012239874821,-0.001841219047619136,-0.005404439530427352,0.002210112843674672,0.004509699452606375,-0.004690247060015085,-0.004403362441781411,0.0011626509216591252
2017-08-22,-0.006563093558588973,-0.011282899936767232,-0.011156732066296526,-0.013804622175180414,0.002328242087817456,-0.0020545573019320473,0.0060934326337169775,0.008039517625231696,-0.001006036217303774,0.012636483031185142,0.019919427036705573,0.007719046700115806,0.009366804257028294,0.007261529655292254,0.011904884731677834,0.014851485148514865,0.008980083386786353,0.014372723086875538,0.016347508868519434,0.014276921308407964,0.011085945947585607,0.004845670849487949,0.013998641330599026,0.019886208211377543,0.009940779962249957
2017-08-23,-0.03171105483373693,-0.020710100911831786,-0.028530631195297196,-0.020572682054181057,-0.012775819112098019,-0.03200447314242927,-0.003364737550470953,-0.0018404295607625798,-0.0050352467270895485,-0.003757031006735634,0.005047158218125958,-0.003638490929940952,-0.014105375221352023,-0.0043254727435267926,0.002714931962899847,0.004878048780487809,-0.0015892880352602612,-0.0028234920671721397,0.001251696082112952,-0.009204699326804455,-0.005482150468534286,0.008013644706532874,-0.006014256095448034,0.002498132341653525,-0.003453592835692465
2017-08-24,-0.023879985811235294,-0.006042261649413239,-0.018555692508039345,-0.021004785621481115,-0.004705905882352979,-0.019528267217164164,0.0033760972316001503,0.0006146896127841028,0.00809716599190291,0.0011223848181201035,0.004366834156481092,0.002498577791631318,0.0006776807075823399,0.00901041000771019,-0.00030090250897096826,0.02288488210818307,-0.000636771728748875,0.0026255919834845542,-0.004438004861557765,-0.005793306889352756,-0.005749522611305458,0.005628274979796455,-0.0004125274970773196,-0.006170411003236231,-0.002074461923330162
2017-08-25,0.05428709479436611,0.0347372985716492,0.02733952777500792,0.03251495316334774,0.036643003230331095,0.038848373868041186,0.010094212651413192,0.008599446646225806,0.00401606425702794,-0.002331961022199125,-0.0013043695652174003,-0.0074769938650305345,-0.009105320258148142,0.003667676665088049,0.00481489617815245,-0.041355932203389845,0.006690060741957993,-0.0020025622593067283,0.0037043761234538675,-0.007548954705667077,-0.008465470118472873,0.005596774792265613,0.0017883890001817448,-0.0058505707606085755,0.001672869304875979
2017-08-28,-0.0066298121546961575,-0.008812454740873665,-0.016152535630246878,0.00578408311910894,-0.03648798342020443,-0.01765375854214124,-0.0013324450366422047,-0.0012180267965896663,-0.006000000000000005,-0.009529352229382115,-0.010013038964149845,-0.002704249565385397,0.00045574121499236675,0.006037512012035506,0.002395986894159652,0.006364922206506307,0.0015822784810126667,0.003755891110537757,0.010071312398348464,0.0008040221652876323,0.005531493273686516,-0.008557186289230967,0.00013735237572087833,-0.002271033602216921,0.0004870718880634062
2017-08-29,-0.008676306814765167,0.027095724421604128,0.0009419862990711625,-0.007028796442411167,-0.0011834082840236348,-0.005603884057970965,-0.016677785190126748,-0.021951158536585247,-0.008048289738430636,-0.001769906917996722,-0.0028584432717677632,-0.004067460699836101,0.003567648262955414,-0.003158575489576765,0.0008962951629429838,-0.06957132817990164,0.004423412322274833,0.008406376716517894,0.008918090047686844,0.008498739804681854,0.0048433268104721705,0.004420770627351356,0.003020746861986945,0.008185487154190652,0.0008428219030980344
2017-08-30,-0.005386018730116238,-0.023083288794312762,-0.0033611187158288924,0.004504568951192001,0.007108980874194648,0.0011659735943641003,-0.006784260515603768,-0.0018703864170581674,-0.0030425963488842633,0.011183810336939937,0.006835766563870527,-0.0011668028458500235,-0.008622645334252055,0.0,-0.0014925074626865875,-0.003776435045317328,-0.012897199971777296,-0.004320596844824776,0.0027009022723982756,0.01418152844513254,0.011127610631461726,-0.004051984099846084,0.013141669549281199,0.00898742979704914,0.004615148908088784
2017-08-31,0.009476579422382558,-0.00421940928270037,0.0071496967685025226,0.007687315494882885,0.008235247058823614,0.01203414208074527,0.0,-0.0012492192379763845,0.004069175991861629,0.005934749626245406,-0.003504161191414723,-0.00564643680594934,0.009918272149020302,0.011723732758614158,0.014050732016420486,0.01743745261561802,0.011790981892638053,0.015417546063468679,0.003979136627896507,0.013445724570288586,0.012064518738989172,0.003296864524366727,0.010268814747498745,0.010499488931983159,0.005720976036098113
2017-09-01,0.0127402542360191,-0.000423754237288132,0.006563058850090675,0.006993028332126006,-0.0011668378607625485,0.0009589566735510591,0.002732240437158362,0.0043776735459661875,0.007092198581560405,0.009564673067742335,0.015164813186813175,-0.0019580771490110838,-0.01012310984827025,-0.00046976197197357017,0.001179274833683852,-0.006706408345752646,-0.0018897322834645625,0.004273534568331794,0.0003049024390244792,-0.0023964675275496283,0.00029076582955878116,0.007341138274076453,-0.011100642414095585,-0.0021185206093546904,0.001982540891424245
2017-09-05,-0.03067762015719222,-0.006358626698396597,-0.027944097726038564,-0.03535353535353536,-0.030373809120883388,-0.02011879708984088,-0.01566757493188009,-0.02490653953340849,-0.0231388329979878,-0.035859774308044656,-0.028144620656952113,-0.017068922560939392,-0.008624017466412504,-0.0032900359301257787,-0.004711425344859466,-0.017254313578394576,-0.0012622593479880706,-0.002202763454317913,-0.01200855807354928,-0.013268571428571407,-0.007557278047732208,-0.0072182744694853085,-0.004463091575247824,-0.009484301047564148,-0.007550806819975553
2017-09-06,0.008879850131140676,-0.005972670801348223,0.008624188557528223,0.03381324171029676,0.016867493975903702,0.010363688118179226,0.01384083044982698,0.021072796934865856,-0.002059732234809597,0.004821393171188237,0.004009824103582638,-0.004391157859926498,0.005927667710284856,0.005972980288792451,0.005621390698857587,0.004580152671755711,0.005055260663507255,-0.004666062963886053,-0.0010488400789735453,0.0026209951076694438,0.008024806654025385,0.005453118275809743,-0.002852859627049842,-0.0006893359811815936,0.0031287266079642606
2017-09-07,-0.0106071087653552,-0.01158796566523601,-0.007057491856677589,-0.005697404635944481,-0.024881492301386476,0.010450958407236755,-0.00546075085324238,-0.004377736085053208,-0.007223942208462342,-0.013663601757861299,-0.022187708009762552,-0.004009643063158763,0.011632387106947029,0.004999999999999893,0.0,0.016717325227963542,0.00943105971175906,-0.0010586097122037286,-0.004014625309996189,0.012058259087310619,0.006508286513063677,-0.006396975074545841,0.01280645741671771,0.008773363099715326,-0.00017843595846800397
2017-09-08,-0.0054744981751825295,0.0017368301912839001,0.015582270881231874,0.007003438179190136,-0.04009725200013359,0.012641256706402038,0.007549759780370646,0.005025125628140614,0.021829521829521914,0.006347345373375557,-0.0013615157703652514,-0.002012842190016073,-0.009153536437649712,-0.0007774098258704898,0.003236128082604983,0.01718983557548559,-0.019308657137693586,-0.0021193823698781866,-0.016309016899640705,-0.013854377777550053,-0.013047802717310653,-0.003149034421932817,-0.0048425211107087085,-0.010096705891168956,-0.001488850697372368
2017-09-11,0.0518349335704098,0.017338535194426186,0.0173619508467584,0.028872475682350407,0.008860708860759514,0.013807433588186813,0.0252043596730247,0.02124999999999999,-0.0010172939979653517,0.017724740462809363,0.02613047153512693,0.021782935789312674,0.01702558457857939,0.013381049325395189,0.006451671932649505,0.042615723732549515,0.000635122261035459,0.009254118836915293,0.01809239064256718,0.012485762191056793,0.014975127492982576,0.01691824535454378,0.010543376160717433,0.0027846918510523455,0.010839298999797853
2017-09-12,0.009376362638980229,0.011078006153864672,0.009657415513026235,0.004506370340024546,-0.006273526036312482,0.0065299069600712745,0.019933554817275656,0.03916768665850667,0.031568228105906426,0.022120686891528907,0.013064658990256994,0.017962889853928132,-0.004354042260503621,0.00506682043912865,0.03059437645687635,0.016913319238900604,0.0012694065376070984,-0.010572206527986738,-0.003962848297213495,0.004724114376937205,-0.003169777049443212,0.0062128537469774425,-0.001070117681377214,0.0032182265739120197,0.0033639479926761418
2017-09-13,0.015338064045408162,0.024020210298858702,-0.001441312893081692,-0.001223511394300325,0.041666719276096886,0.013160314862644684,0.001954397394136942,-0.011778504122497147,-0.0029615004935835687,0.002699716787338602,0.010273245901639472,-0.002133042466550217,-0.0013572192808106731,-0.00015279560270087256,-0.008764433383218417,-0.022176022176022214,-0.0019017116292143754,0.004355096954701487,-0.007522118612458106,0.01732170276774525,0.0005203283785715218,0.0015780049937570428,0.007096933583288667,0.0032401214257717914,0.0007571208321885958
2017-09-14,-0.017234063829787205,0.013168707818929981,0.016795683201622946,-0.014495712535728789,-0.007272703030303029,-0.005671459934138312,0.0019505851755525772,-0.005959534805748734,-0.000990099009900991,0.001280049446328091,0.004327066111486921,-0.003303497926612997,0.01306150274959994,0.010236914143785247,0.01911006790901104,-0.00850460666194186,0.0034931724356939142,-0.0030252911508568125,-0.008581221851862053,-0.007392911341966624,-0.0120774109434717,-0.0030824849961473832,-0.005850312536235913,-0.010672814073334091,-0.0011007176163723154
2017-09-15,-0.004113422907846331,0.004061738490036326,-0.028519796838812672,-0.00041433602651752555,-0.017094041096604617,0.006807783139200829,0.0019467878001298011,-0.008393225419664252,0.003964321110009994,-0.007185386629436574,0.0038776391157966383,0.007213862210686983,0.0020122523035159823,0.0006049757741239947,-0.010355415617128494,-0.005003573981415266,0.0037974367088606797,0.0022758155520319345,0.010108693454637496,-0.005462597514460432,0.003977491648090581,-0.004946997626968486,0.0072221615844119125,-0.005210198871650973,0.0018471813753215827
2017-09-18,-0.014999978260869518,-0.007686051904305047,-0.029357054056284082,-0.006010383419689069,-0.019875751552794974,-0.011513175959188993,0.0019430051813471572,0.0018137241950590965,0.0,0.010256629028253972,0.015450687358398607,0.020325183894696286,0.006917129198597216,-0.0025696189498416455,0.005373246454376535,-0.009339080459770166,-0.004728846302927137,5.050459356903403e-05,-0.007568200961516225,-0.012768650149383665,-0.009496644194224135,-0.0018644109028388423,-0.001991687743770676,-0.005748164303056247,0.0014559208669275847
2017-09-19,-0.020525269906747523,0.0028536322404626446,-0.011358998220884042,-0.0012509800094032686,-0.06337135454065013,-0.010168219633943543,0.007756948933419494,-0.0006035606517802439,0.0039486673247777215,0.006065156269789318,0.007396407438715169,0.012331664054859859,-0.0011818879752590883,-0.0006061676195232568,-0.0028128833421345867,-0.0014503263234227903,0.006018371872030359,-0.017861688098676165,0.0003781181067625816,-0.0044447356173955566,0.01476389079359719,-0.001106911080451578,0.003725359035372078,0.00744262076502733,0.0011101953656169616
2017-09-20,0.023433911143895703,0.04552850406504061,0.010520515241431827,0.0029227347422657868,0.01759125798129202,0.013261094261092898,0.0006414368184732844,-0.010869565873766085,-0.007866273352999054,0.0038442575013017954,0.004615083054964719,0.0073088266996097495,-0.014790711323837358,-0.002426019822260095,0.01523274992291257,0.02178649237472774,0.005982399244332415,0.005651199763201609,-0.016757941580241686,0.003454144981556162,-0.0020287850213590586,0.01031931581355594,-0.006627783493430961,0.01059873403542766,0.0006343478595600693
2017-09-21,0.019154624357315075,0.0,-0.0012328219178081579,0.0024978975333493914,0.013297873047759312,0.00700462672811053,0.0032051282051281937,0.018925642181052416,0.02378592666005952,0.006527699402471443,0.0077260181191485255,0.005767460465116336,-0.01103438664589107,-0.002888022451922545,-0.0005557376740349396,0.011371712864250094,0.0028169013202845594,-0.002758584929757446,-0.017171832271579146,-0.008795632809461496,-0.0061566882285726265,-0.004250136953313111,-0.009741166006374091,0.0009338918655659167,-0.003045917468208481
2017-09-22,0.01663426190031836,0.011664074105875333,0.025236536813247223,0.006436897840531808,-0.010498609474992593,0.005491469787818559,0.00191693290734829,-0.0035950866629664846,0.0029041626331074433,-0.001124103972799273,-0.0008287816340150078,0.003514594829548745,-0.002732455407969736,-0.007164649608678242,-0.00027806504648142383,-0.015460295151089265,-0.0006242509168459254,-0.011167501264420232,-0.009778994719342848,-0.00990001323008316,-0.0033312371963576393,-0.0008948781803275185,0.0026951219875370747,-0.004203960479974733,0.0006477937041176052
2017-09-25,0.013599659719514268,0.02959255051840648,0.0005351304347827046,-0.0030947183186565974,-0.0066312995588514445,0.0034589295466957992,-0.012755102040816313,-0.035477933582557686,-0.016409266409266432,-0.0033329178173090446,-0.009954354832966694,-0.004055317972350259,-0.001674412068455755,0.0007677414755600243,-0.012513932494825686,0.005710206995003464,-0.0006246096189882477,-0.006631088466202639,-0.008822147606820652,-0.01602973341504932,-0.04497477609254985,0.005098807789608806,-0.015454938021505882,-0.008141963925649254,-0.0022220504449805834
2017-09-26,-0.0025157022533395246,-0.000746480046580289,0.002273004381962762,0.0037251655629138014,-0.0026703070047982003,0.010885377555975628,0.0019379844961240345,-0.0012469450594174702,-0.003925417075564153,-0.001389702974674445,-0.005865165233968628,-0.004256894396759026,-0.0017534192536924342,-0.00644366370052174,-0.005913799262956987,0.0007097232079489313,-0.0078125,0.004954352020860586,0.017203559821891368,-0.001266242488063729,0.008227494573202376,0.004730259982527629,0.0,0.004223822841668001,7.216681740818132e-05
2017-09-27,-0.01534266434036724,0.01830404848842515,0.0018676494379354924,-0.016082453608247338,0.025435101763593204,0.0028715003074031298,0.013539651837524147,0.03433208489388262,0.007881773399014858,0.020961959459320223,0.01285295012332388,0.007620817985517059,-0.009088147104198141,-0.002933940613528807,0.004249348562304522,0.020567375886524797,-0.0012598740157480082,0.009289091997235488,0.007117643985895317,0.013072681987795098,0.021131391828026702,-0.006140788839257616,0.008053453233593855,0.021224839779396376,0.004085143878064912
2017-09-28,0.013660704958834646,-0.019442472059226668,0.010253062856273365,0.012363788508721774,-0.035247990476448776,0.005189638418224174,0.0,0.024743512371756093,0.010752688172043001,0.003024390931683163,0.0016642812565008658,0.0007378897018610608,-0.0021579884393063686,-0.004336363636363472,0.004231226961037393,-0.04378040305767905,0.003784326830158502,0.00827806549750476,-0.006159605943321211,0.005815757179297609,0.006261945633549759,0.0,0.0002708869403083014,0.0053044606645327175,0.0012046157831626658
2017-09-29,0.0,-0.014590326132001175,0.005272096799574522,-0.0018629682909755418,0.016238105108576262,-0.003382553084655626,0.0050890585241729624,0.01766790341578317,0.0009671179883945502,0.007304544072261665,0.00041528554869008083,0.016589898617511478,0.004170804015055207,-0.004044205878920404,0.0028090731915209055,0.04142441860465129,0.005340873389883871,-0.0012748597264193862,0.00548014091858029,0.005175608402117726,0.012682979024073449,-0.003981889221971846,0.008393055026679752,0.010121100579252307,0.0037051097509217534
2017-10-02,0.005053653187885754,-0.012528428531399238,0.009964626063903026,-0.003110763104297809,0.01331557958230567,0.00017867095391221888,-0.0031645569620253333,-0.010995427604431174,-0.010628019323671412,0.014587427677495546,0.01556985740377237,0.005802338864829171,0.009307022894662786,0.008121255788243964,0.010364117356747471,0.02023726448011165,0.00312493749999998,0.008118437331066541,-0.0020114197251859256,-0.0022468133915051203,-0.008193328501004515,0.010890556783973437,0.001610994807651922,-0.006088941926717606,0.0038740035506961146
2017-10-03,0.05824424890006297,0.024221406592354944,0.040503739328881405,0.06615352610775949,0.038107780239363453,0.04500796410044794,0.01333333333333342,-0.001170275014628408,0.0029296875,0.004030754307851714,0.007358974135689866,0.001983071895022892,0.006706332824978567,-0.002788535888991417,0.0019406431937898372,-0.017783857729138153,-0.001246012538692387,0.00602716262128089,0.0043560237788444756,-0.0021789489002618234,0.0028914025910697916,0.000818184895181151,-0.0046910467136972445,0.004741529582562576,0.002158838152169995
2017-10-04,0.004355612922415819,-0.011261261514893262,0.008608783316062851,0.006048800000000076,0.005063316455696132,-0.0022217912227582293,-0.010025062656641603,-0.01640298769771531,-0.008763388510223957,-0.005421724307212217,-0.005478916507283049,-0.011155145334467598,0.005980264679170233,0.00357301521331288,-0.004980631017726389,0.001392757660167332,-0.00218343723694836,0.009313753981932349,-0.006473330048506698,0.00872430906841859,-0.009061008099393586,-0.002043895640032045,0.005790465774563325,-0.006379253427519216,0.0012467201282879703
2017-10-05,-0.003351054602799053,-0.0030371602817879095,-0.013483375234209505,0.0023273661301908,0.0037782618695652026,-0.001541623817375437,0.009493670886075778,0.025610361786160718,-0.014734774066797685,0.023927427272501633,0.012650541222221534,0.00782387204919699,0.0022575288001920324,0.0,0.0011123748918901999,0.013212795549374157,-0.00844016880275078,-0.012869124358921069,0.012444644577655595,0.015951073394362192,0.0167438964106863,0.0016384831141038614,0.01713748782601443,0.019208167802682752,0.005646787321186508
2017-10-06,0.01463603610292652,0.004950449239517374,0.010156714733542183,0.006385410216718235,0.018820578108937447,0.002573305840224638,0.006269529780564387,-0.0005807201266389006,-0.004985044865403632,-0.00016253759377826693,0.0026193229373498994,0.0034302762850744184,0.00022523462384205217,-0.0007739164326289183,0.0013888611111110283,-0.007549759780370535,0.0003152900477707554,0.0008085093726684089,-0.0005791621082437137,0.008900485511150302,0.005781306768824379,-0.001635802878709014,0.00039487955252237583,0.00920655779357471,-0.0010736343152785155
2017-10-09,-0.013645243930706541,0.008336536756420099,-0.001861891803919713,-0.005191232654921607,-0.01231527154262424,-0.013347005704089865,-0.015576262652726602,-0.019755840776051303,-0.006012024048096198,-0.013088370651355596,-0.007636595966101223,-0.007916570424016833,0.001726437458891672,-0.0034082260228556205,0.0024965326628720863,-0.0027662517289074318,-0.007563819728963139,-0.008886170947048133,0.0034770894146274323,0.0014248195959680743,0.001567694398599384,0.006212472862164642,0.0038158026315791016,-0.0019307736017717403,-0.0018044340510071644
2017-10-10,0.04802373707603702,0.0037579856349194696,0.0033577414073999723,0.01855428996697772,0.009975112716963164,0.006070031217481953,0.008860759493670711,0.007113159033007799,0.019153225806451513,-0.0008237108629689516,0.00222764272524012,0.008523794133547202,0.0033720270521999662,0.002020783397457482,0.007194327813899504,0.00277392510402219,0.004445824071133808,-0.008252725294150998,0.0003849846094707843,-0.0038244362084828287,-0.005275385507246266,0.007531046933516805,0.0,-0.004503606960081896,0.0023224126121230704
2017-10-11,-0.003771393621938346,0.03444396028954033,0.010411465047099666,0.0070208537567200135,-0.012345679012345734,0.009308757431779169,-0.008155583437892022,-0.0041200706297820355,-0.001978239366963397,-0.0008244517520745731,-0.006263931854357141,0.0008991008649685828,0.02053771563275797,-0.010549177948327326,0.0013735988256264875,-0.011756569847856224,-0.0022130889096771966,0.0029792583771051095,0.004169416506448531,0.007901122270245642,0.006702074869213037,-0.005925959595959651,0.0017039847725262014,0.0171190874057765,0.0018035070386159813
2017-10-12,-0.0034071548965680654,0.021353688947681082,-0.01373889893543545,0.0007537403429431766,-0.025000000000000022,0.004440683252616262,-0.005692599620493399,-0.013002304964539135,0.005946481665014991,-0.010726035744043738,-0.011996746644977518,-0.008084818541142513,0.0013172924105655515,0.0007839918592662531,-0.002743566454223134,-0.03219034289713085,-0.004119106594395072,-0.011984006247670043,-0.003513280012436115,0.005959791959798899,-0.0010999304995967796,-0.003996721446847262,0.009159971451451643,-0.0014354136972454246,-0.001686752718675133
2017-10-13,0.0009496485869078253,-0.0053153789376876315,0.006965136642658187,0.016004480963952572,-0.026923051282051302,0.005271178281394784,0.006997455470737934,-0.0071856881924738936,0.0,-0.005296096681033036,-0.005968326816217395,-0.027531244838457702,-0.002923401258153935,-0.006893357139484246,-0.000275048158186908,-0.0318148951554591,-0.0006363347120584839,-0.0020733672203334663,0.006346179487179526,0.0020081414425154875,0.0068965631950757,0.0004761409268594363,0.004797652821668219,0.0018727675492371532,0.0008781072235268805
2017-10-16,-0.00815941160987832,-0.0032063554026496854,-0.006052346912701956,-0.0063009637935687035,0.026350460438723022,-0.0040595061579754566,0.005053695514845247,0.008443848009650479,-0.011822660098522286,0.016266318770244093,0.01325051787268161,0.0020487986971278183,-0.0022722129729935148,-0.0007887521815547194,-0.009906439185470739,-0.03510082150858851,-0.007322508755173485,0.003532064127736101,0.018408815379099108,0.0033900582220469655,0.004489461134757011,-0.0018355131814202785,0.002064834225444123,0.0023441991516544025,0.0017507534306602235
2017-10-17,-0.003826286588865524,0.011436783907224468,0.0006212998555823468,-0.016038810444587992,0.021822797899286206,-0.0025475712882546686,0.00691389063482073,-0.0005980861601727616,0.003988035892323216,-0.026071564274220194,0.003677973103350496,-0.011338290173574128,0.034307950128855236,-0.0018945216293021483,0.006114535853251946,-0.008513931888544879,0.008659429121231632,0.055331274151106724,0.003690242589686088,0.002772400903417571,0.009110686245457522,-0.0019751344823927264,-0.0007727752537598498,0.0001814445564516376,0.0006725786553094526
2017-10-18,-0.0007682158632610347,0.008833922261484162,-0.0011176975081108598,0.0018954322174158378,0.008794045447086507,0.0017027413587604734,-0.006866416978776546,0.010771993463315033,0.00794438927507457,0.025159909782877854,0.020969116876407012,0.004136134689530557,-0.0007813055292928972,0.0045871084374073945,-0.010220966568481593,-0.032786885245901676,-0.013990492400938193,0.006572156587238975,-0.004424527949149382,-0.012020259966405433,-0.00045427289504140766,0.08864478381679741,0.0002578296305106864,0.0006349704735479911,0.0007423351621382857
2017-10-19,-0.009994253507481177,-0.028721583187390598,-0.019893049857018674,-0.011161577541400236,-0.0024907346206358705,-0.003399642923690549,0.0006285355122563896,-0.0011840142796930575,-0.0009852216748768017,-0.0084286824295694,-0.007178484260080498,0.006365849091930498,0.009667330591920154,0.003778964061689871,0.011442924284514211,0.007263922518159882,-0.01902612060625608,-0.00964769302046864,-0.023660491328505007,-0.010421278836509451,-0.008350855015343162,0.008587695158200237,0.003865519857421562,-0.008420529624843631,0.0003279979372339259
2017-10-20,0.008153795696128618,0.011900534232983873,0.010909551924151994,0.01913143294432751,0.038701598968828854,0.01262149048914396,0.011306532663316604,0.00652039084052225,0.0167652859960552,0.019750785037901952,0.017875054872965368,0.02176740465116289,0.00253450448987258,0.002039231372549022,0.004966776767838077,-0.028044871794871806,-0.02268244575936884,0.02086103321033206,0.0017310168414159666,-0.0037502276038692273,0.0024060380660635428,0.007271678332070097,0.01155171292251489,0.003809233535770451,0.005116842628527296
2017-10-23,-0.01829385711534759,-0.009978681183634874,-0.011921244524501384,-0.018584587948188624,-0.0745191862749609,-0.010274566452325495,-0.0037266459627329773,-0.020612544169611224,-0.0038797284190107417,-0.010623916326137572,-0.001381195737963803,-0.00018204661988519,0.008567423113795991,-0.007514073144738953,-0.0005490390197165906,-0.0065952184666117075,-0.0006727547931382194,-0.0023134126388401066,-0.000512000000000068,-0.01689878570394776,-0.02120237789924284,-0.015548860931436925,0.00025382566308396193,-0.019985832584669128,-0.003972484245916563
2017-10-24,0.01902708905453121,0.015478827162512365,0.008255029419736548,0.01721501563150385,-0.03766236363636366,0.0006807522355598561,0.008104675305194986,0.033072822193194185,0.009737098344693162,0.011192297295000708,0.00908909288502091,0.009287889273356553,-0.013786353355603409,-0.0045741481206893475,-0.0035714833202481477,0.0058091286307053736,-0.00976098989434493,0.005506975641441869,0.005955100211308295,0.009934840235142461,0.0030945231950831875,-0.023002180701933272,0.0003805530792706513,0.0021580525314712773,0.0016179085343193123
2017-10-25,-0.017901847586104913,-0.008507599960845047,-0.1318806037521174,-0.017675780368559657,-0.029689555457207972,-0.02789113993012149,-0.0030920841063700744,-0.003492374854482061,0.0067502410800386325,-0.012783814128145998,-0.010573741922851099,-0.003067448685220131,0.005083323955685781,-0.0104579304316601,-0.0030328094844225273,-0.004950495049504844,-0.01665533650577844,-0.0028344752198262713,-0.0043921321760850285,-0.0030638906921474085,-0.0069848485392634,-0.015268186577232945,-0.0029166116799820285,0.002874728566822693,-0.004663049960716981
2017-10-26,-0.047236358290866476,0.01072577715870815,-0.05136391617422864,-0.025076607003192586,-0.061196131816519284,-0.03586422323303007,-0.009925619731661173,-0.023364601438983446,-0.09482758620689657,4.134706760394735e-05,0.004749673555307421,0.006696814479637991,-0.0038634658340582773,-0.0073658765834128115,-0.011614988938053128,-0.033996683250414605,-0.008987210508123011,0.0076604163389901725,0.00639345294051652,-0.0004933447218349318,0.00017584407353421483,0.0006515048859936368,0.0016533766369086766,-0.0007911181064500505,0.0012709462192490584
2017-10-27,-0.02160049328120761,-0.01450302732919595,0.018354314087839274,-0.0072648537207932185,0.0044445037037037505,-0.018145526798302947,-0.0106516290726818,-0.023923386598288743,0.017989417989418,-4.134535809474649e-05,0.007681701792396911,0.004494786128996564,-0.00021154361767927732,-0.060493626052794736,-0.003917291330873374,-0.02060085836909875,-0.001743948378095661,0.016495396122268247,0.035829997183660645,0.13216371247816916,0.0424895961293561,0.0005207486775749004,0.06411878963639439,0.04802790788851685,0.008073022493030768
2017-10-30,-0.006518103311225709,-0.006460940277223215,-0.0018023880503937884,-0.004549030764457451,-0.013274364998562493,0.011458122131618564,0.008233058898036827,-0.00367647058823517,0.004158004158004269,-0.003392528138067563,-0.01368258405003897,-0.00035799177300865903,-0.012554655188000141,-0.060611313165820135,-0.01264033778878304,0.0,0.0073374910084733624,-0.01509880954565923,0.022508407911477235,0.008992257087624855,0.01118726076042087,0.004424831018830178,0.0009545519855520546,-0.002119198011926171,-0.003192470480425591
2017-10-31,-0.009100529100529053,-0.014450867678505785,-0.006470057274602037,-0.005960719016065319,0.0014947383708598938,-0.01589619952494059,-0.012562814070351758,0.0006150061500613813,0.01863354037267073,0.006600510633901546,-0.009116111952360617,0.005192497947806629,-0.004214257142857281,0.0069457321686297036,-0.0025604834958473655,0.024539877300613355,0.003121748178980255,0.003963904694416653,0.0139154990403072,-0.005014130729026456,0.0010563351602919102,-0.0019435281035014018,-0.008463452240594194,-0.00046206409034521556,0.0009444587968627793
2017-11-01,0.021785561725758296,-0.0003664809545371739,-0.003786157864397399,0.006396142442457453,0.0014925074626865875,0.0024136835793968636,-0.006997455470738045,0.017824154886293853,-0.015243902439024404,0.007340807610372924,-0.007399979999999973,0.0012468828152276679,0.004088601848114326,0.004538028680341366,0.005704420829879764,0.020530367835757124,-0.0024204702627939056,-0.00328228520938878,-0.012718836380446685,-0.0014475743323143497,0.014439664716646261,-0.00019472283778687594,0.0,0.008714967805000251,0.0015921099166993358
2017-11-02,-0.010033423913043626,-0.019802067335442652,-0.03238061770113443,-0.00019857001781797834,-0.01639341330531785,0.0,0.049327290198590834,0.030193238538239076,0.002063983488132193,0.010726316439988448,0.015917730890233184,0.00480343363820368,-0.00035721532668142597,0.0005420852909288065,0.005672178427236441,-0.07292539815590937,0.007625649913344912,0.00749299387912461,0.007310204326202996,-0.00857139980532795,-0.020475232224346107,-0.00441467898730552,0.01045928107718197,7.796782057534202e-05,0.000189966107745132
2017-11-03,0.0019003377977124813,-0.01047507716311602,0.0,0.0011919348430671217,0.015151515151515138,0.0027782366075852494,-0.012820452553141126,-0.014067937518636442,-0.014418125643666402,-0.01004541052241159,-0.00793332042575634,-0.0023017351274786657,0.0010720289252070803,0.012461658162572942,0.002538071137565323,0.03887884267631092,0.0010319917440659854,0.008384599477462729,0.026113854024150784,0.015883465354883386,0.0,-0.011542249303857166,0.0010707435667789422,0.0067279240001059115,0.0030970752937133916
2017-11-06,0.0012644256846274793,0.002646548204158883,0.004556119259823355,0.0033729760566278966,0.0,0.0070188586446040535,-0.0006184291898578831,0.0005945303210461717,0.002089864158829613,-0.0037233593385439523,0.002399020391843365,-0.0030168235320966463,-0.0022844588480231964,-0.0032108454653790863,-0.006469732952735119,0.04786771105308962,0.0041236769759449565,-0.0035232772002461443,0.010144927536231974,0.008150466170934845,0.006986362698260251,-0.004881950060932172,0.003922058520585248,-0.006372962311579244,0.0012712512706078982
2017-11-07,-0.022100590279965915,-0.03733034521883816,-0.027212981345213993,-0.013051216136049093,-0.008955194029850788,-0.011922248716067507,-0.005569306930693019,-0.008912655971479388,-0.01147028154327423,-0.01511358546318975,-0.014958117569966456,-0.0201139373442506,7.161562935076304e-05,-0.005189710000184089,0.0011325311438277197,0.17109634551495012,-0.00924017827652912,0.0027343108319421994,0.003213750358680212,0.002239760430325033,0.0004440361929738401,0.0033811324153043554,-0.0023677518365364802,0.007242354835932829,-0.00018910283240325398
2017-11-08,-0.0019371502784578665,-0.0031335839697048673,-0.0019292443419736127,0.0030054297735926383,-0.004518132394032204,0.002598830566156174,0.004978220286247614,0.02158279376498795,-0.0042194092827004814,0.0060047621534111695,-0.00708641439737645,-0.01435060879837613,0.011089668424134835,0.017808994423457403,-0.0005656391242747638,0.055319148936170404,-0.004145112119339878,-0.009073780099771223,0.008180356002067457,0.008645138865544855,-0.00382802773925095,0.001453590956580486,0.0034413315571850678,0.006309717396792314,0.0014436549093934659
2017-11-09,-0.012939379187823508,-0.003143434184675886,0.0048324579628717945,-0.0173791846308593,-0.006051467656625342,-0.010183281251000986,-0.007430278637770904,0.021713555063758605,0.0,-0.001906764766839375,-0.004486154068389925,-0.004791706774482374,-0.00686386181681975,-0.006539466011330264,-0.00396148839841548,0.03158602150537626,0.0003468609087755592,0.0037481329648787476,-0.002042669041246614,-0.0033101475738377406,-0.0014479561310755118,-0.00837899281749055,-0.005558207321622599,-0.008260774340778543,-0.003761887788273466
2017-11-10,0.0010924186148131287,0.006700819971632965,0.0006411830612185199,-0.006098800693205897,0.10045674888625578,0.0005612233550544854,0.0,0.030442331993107308,0.0,-0.002657913611883389,-0.0012290454731667122,-0.00351849999999998,-0.005628841939629092,-0.0129869954276286,-0.0005682102111304044,0.001954397394136942,-0.005201074895977875,-0.0023160852932131437,-0.0068797132845188624,-0.003347735852613387,-0.0046848632791155476,-0.007584823534567797,-0.0026161613802431205,-0.0030933653676727957,-0.0008976437135732596
2017-11-13,-0.0017459188127455505,-0.004698504417349314,-0.011214306671397112,-0.0006135815220614793,0.009681825190493765,-0.004486857188750859,-0.009981346850820527,-0.0005574693111778384,-0.008474576271186418,0.0004997293483173237,-0.002666058353817058,-0.0016725515392574941,0.0014330539041709223,-0.006849351117519831,0.0034110005685048517,-0.05071521456436934,-0.0024398744356962654,0.007533031445817739,-0.004007557107688742,0.0033945599870879306,0.0017370670617535833,-0.005095266690928746,0.0007153570746862847,-0.002256603268120494,0.0009836343383038404
2017-11-14,0.0015303672264816992,0.019276200145966982,-0.000648104331689825,0.0008186860249963512,0.0,0.009389671361502261,0.003150598613736566,0.014500892359174511,0.01602564102564097,-0.012610808463631606,-0.0051408594460032875,0.005956812994102334,-0.0019318117462726603,-0.00199629771311427,0.0022663456732676668,-0.021917808219178103,0.008036303003623235,-0.004467210486838846,-0.015117571995171497,0.006792530532274688,-0.003915628932916526,0.0033019206186759575,0.0014297986417253217,0.00024372410431383607,-0.0023096094136404455
2017-11-15,0.030124382664824756,0.022771107153119807,0.044747114137484,0.008793455673069328,0.019178109589041092,0.01637211162790697,-0.0018844221105527303,0.015942769876703178,0.007360672975814886,0.001559585197277391,-0.00578757739174085,-0.005366413668275061,-0.0027958920784323382,-0.0034552280976457572,-0.0005652911089517598,0.011904761904761862,-0.004159445407279083,-0.008738396574706875,-0.013190125205792547,-0.008928279532354089,-0.0006739484207467505,-0.012022251407228346,-0.0127305170946872,-0.0049610399610136025,-0.005525675723668133
2017-11-16,0.010383577249069242,0.03811323018867929,0.02219120042857825,0.022704215580611642,0.04435475687218382,0.011715156292968043,0.005663939584644506,0.03030308441558449,0.013569937369519947,0.007407070378321334,0.010395010827235485,0.015813916279069806,-0.0016535657086889088,0.006751806692551154,0.005656108437327223,-0.00761245674740485,0.00591715976331364,0.006051672514763684,0.011947054648687061,0.009408176654698508,0.009216066466132045,0.013732079657426954,0.0026511688605266315,0.01135264353030263,0.00819605830144865
2017-11-17,-0.0060822357382549486,0.0007269429139888928,0.008046135962678003,-0.012487631070611904,-0.03217503383140452,-0.010132096978469285,0.007509386733416834,0.0047267854660302255,0.005149330587023604,-0.005639767005885532,0.0020576749817973194,-0.00824168528357816,-0.006264816240541982,0.0005438281871970041,-0.00534313820744825,0.02440725244072528,0.006920415224913601,-0.005825846496806619,-0.005552401844423072,-0.006515518245913343,-0.0032852386722032056,-0.0010058610852287098,-0.009615324865937191,-0.012987867312348689,-0.0026259631197607103
2017-11-20,0.00633044959549367,-0.0007264148518596469,-0.004518132394032204,-0.0006021477318346458,0.009308590920669824,-0.0010966368323275244,0.0012422981366457808,0.00209100899587078,0.021516393442623016,0.00046215023170903535,0.008418890997558659,-0.0018467774017810745,-0.0005072971014492555,-0.01992759021870305,-0.0005654792356653005,0.05990469707283874,0.059106529209622005,0.0016674893282750958,-0.0009990949632251445,-0.003159579764401732,-0.001452486033519551,0.01033761153025714,0.0015776334568535777,-0.0006967215664842596,0.001275682910981013
2017-11-21,0.020130069618999213,0.006179505499538163,0.0013616339292477075,0.017674171165411368,0.007905111781156382,0.014272606979959468,0.017369663934884372,-0.008346374543557689,0.0030090270812437314,-0.00046193674753425285,0.005497861830628059,0.008695670836182723,0.002972544194938198,0.0031423661050782314,0.005374908366331477,0.026974951830443183,0.008111615833874097,0.011177198573127267,0.01859044637228946,0.011701867434001256,0.017455499120076823,0.009567484205949217,0.014419023560148014,0.015819227519102697,0.0065411390164367145
2017-11-22,0.0002055087274199785,-0.00975427065408685,-0.009215893361054994,-0.005131202097146348,0.00915027450980399,-0.006133862529316136,0.010365853658536706,-0.005260389268806009,0.0040000000000000036,-0.006680157017390886,-0.005872843137447403,-0.008437252384446148,-0.007590017568021357,0.0018426202321724094,-0.00309513215826851,0.034396560350218985,0.01898937882201479,-0.0064910863643156125,0.010511770821300725,0.014629390469678372,-0.0054437809004522775,-0.001184554153034978,-0.007286191981770274,0.0014209620336684825,-0.0007502610505620844
2017-11-24,-0.0020550554870529814,0.0062020502108270925,-0.002744739166064547,-0.0059511803213647685,0.014248809028435838,0.0009075875839534842,0.009052444176222085,0.014807033315705986,0.003984063745019917,-0.002030182355078791,-0.0006111020574456338,0.0005549204484847081,0.005244388059659988,-0.00036786831649571194,0.001693536550945396,0.0018137241950590965,-0.0018951358180668842,0.006107347760120563,5.711019400500561e-05,0.02580954636250632,0.010560093176317231,0.0004611714973665748,0.0018048489735911222,0.004488613628958582,0.00205609524528505
2017-11-27,-0.0028830930213531447,0.00543872394947309,-0.0006116360669224941,-0.010377189974512091,-0.006385695714651529,-0.00979327184971479,-0.014952154004315377,-0.02344976428088774,-0.011904761904761862,-0.0035600593798693625,-0.0012230126126576701,-0.002588260306895962,0.0006522063854867977,0.003679871340565688,0.0,-0.005431502715751324,-0.004746803797468391,-0.000517627417948141,-0.005029456478253369,0.008288327150084429,0.0013677645331424682,0.0009220232065862977,0.007326459108180083,0.01306923457975473,-0.0003842577408612602
2017-11-28,0.016522160946805586,0.027767805024210945,0.02952876331810339,0.019963742690058517,0.008997377429440734,0.028754579807860114,0.010321797833745983,0.007470597652081246,0.008032128514056103,0.018289324068353707,0.02857146938775501,0.030027784429512705,0.013902953776844917,0.006966104618993718,0.010143589171959011,-0.004854368932038944,0.00858499177790173,0.01760831029025356,-0.005858969633154687,-0.0018647969042849821,-0.0033327924566071143,0.0032241414192430984,0.012042374673576717,-0.006450258726022451,0.00984851264624087
2017-11-29,0.0006094880006197734,0.06842105263157894,0.027047109123984114,0.030051323445973832,0.049681554140127426,0.0482464499998736,0.0006010216707343918,0.006355985506143247,0.030876494023904355,0.008145010515099527,0.018253927847066365,0.01997480655029693,-0.0014998285530687383,0.007828163116693876,0.010041869458402797,0.0030488414634146643,-0.009457724131706313,0.031183520085053873,-0.020743120321575326,-0.027086089686717663,-0.03996268545074744,0.007083373731990861,-0.01814327349705258,-0.02458450861088468,-0.000369225815214147
2017-11-30,0.025177705583756316,-0.0016420361247947435,0.0008681377388493061,0.01573896413585274,0.047330120210433924,0.030400763749987014,0.01501501501501501,-0.007368368421052596,0.0,0.026019216000914724,0.005650837879968673,-0.003704992942836882,-0.0034332022521021965,-0.00162574057756959,0.0013808064452032198,0.018237020167962248,0.005092297899427001,0.023734713214852876,0.013984022043521893,0.013330215826978797,0.01170552127832103,0.0027352523073542745,0.00995922773982394,-0.00024469980874941566,0.008190950524173068
2017-12-01,-0.029510832659503494,-0.02960526315789469,-0.03267303838869573,-0.016250888747199155,-0.052143682403537284,-0.012361958541683205,0.013609408284023905,0.006362618962745481,-0.008695652173912993,0.005289928950451994,0.006587870440072363,-0.004781299720536647,0.004665140247396282,0.010855780712863972,0.0024820740475495207,0.029850746268656803,0.010449651678277494,-0.00609194465610674,-0.004655245637230299,-0.012237114085404732,-0.011739401073348033,0.005130830647978035,0.0010693121318594567,-0.011004386384623643,-0.002024530643865985
2017-12-04,0.01897959183673459,0.029152562711864505,0.020475189330432686,0.016327295114727303,0.03911975358827613,0.03521363602181693,0.004086515124723578,0.007376238145416103,0.011695906432748648,0.006828668489600398,0.014051953531242445,0.02117434126024298,-0.0069295687078030355,0.006264578597898307,-0.007977909654905635,0.013913043478260834,-0.019116295832027563,-0.02363524571670894,-0.007307804564564591,-0.024433282218263574,-0.02073103869568116,0.010984828475860242,-0.03774032666175353,-0.011374313425822735,-0.0010521569099137817
2017-12-05,-0.009212878029240867,-0.012187127558884181,-0.002636218550618352,-0.00982802872802857,-0.062352988235294116,-0.004997549653353861,-0.01860476636018793,-0.018828503199345925,-0.016377649325626242,-0.009255902874667488,-0.012718337129840496,0.020212580941149527,0.0047478816181525385,-0.008004286588326415,-0.011924569830156106,0.014865637507146978,-0.011501533913787054,-0.00600669321657199,-0.0009423085761529615,0.006719868891285952,0.007931422359996443,-0.007094471112991774,0.00629000971164273,0.006478582774612551,-0.0037393815432908983
2017-12-06,0.0028299979213664006,-0.01767251785940349,-0.003964699088537471,-0.0017178851253653038,-0.006273526036312482,-0.009721354346705291,-0.006516528822069323,-0.013859275053304976,-0.006856023506366382,-0.009584041319340875,-0.006152643958955761,0.0003416054712486183,0.00995202992699995,-0.025461753630984463,-0.001964636487099769,-0.05070422535211261,0.012605009288784386,-0.0006815121210689279,-0.003713770337184563,0.009443162057456433,0.01868886167113515,-0.008046346647711089,0.014585158209837523,0.013162195377911079,-0.00011410534507194647
2017-12-07,0.02559967696835974,0.004752185918149632,0.022703832442758864,0.021223728895291227,0.04545464876033578,0.03108640430442411,0.005963088849135323,0.018918918918918948,0.01380670611439827,0.010611917185752162,0.012768408062844072,0.013488150930510479,-0.007443662376912852,0.007727727975261445,-0.001687317162898827,0.04629074183976267,-0.02649218001915088,0.0009547694739040491,0.0018342820385606196,0.006456426567409412,0.023173923925638107,-0.0034393184903575014,-0.0035032737799380875,0.01232354223215526,0.002932357628297133
2017-12-08,0.002751552618876829,0.004054094594594604,0.005333645437495482,0.0009361355551396056,-0.02294688294942593,0.004919105046017114,0.0331949595023735,0.028116657824933666,0.02237354085603127,0.007201512771173979,0.010315205742701394,-0.0008423180451091472,0.004142568535910662,0.014606536425050054,0.006760619718309879,0.11741361981926368,-0.009180360655737685,0.017079310027144468,0.00029522795675740454,0.0019054836872935965,-0.006328405719598029,0.008074434742976866,0.020244951393985966,0.005936382372649263,0.005506306498390678
2017-12-11,0.005488024304194372,-0.015814306225532815,-0.000286736457893233,0.017022072896035745,-0.0074165387536084815,-0.0001579346231506129,0.0,-0.004127967189265669,0.0057088487155090295,-0.0008787736957354131,-0.0022688410336328957,-0.007418681378879133,0.003912106235496093,0.013856397336692527,0.013150446941777139,0.04314710440877634,0.0013236598717292214,-0.005091331247531028,0.01948399408358026,0.005955287435456036,0.00022342458100554907,0.0038757574300851694,0.01271386584059564,0.00390523775000573,0.0032019573826136405
2017-12-12,-0.016179298560999866,0.0017094017094017033,0.0011474756002944897,-0.01379437214997925,-0.0024907346206358705,0.0017372078332280605,0.0034423407917383297,0.004145077934978314,0.007568590350047311,0.030184255583411534,0.020466136062156526,0.02480045905895123,0.010344388623667378,0.012957046503372371,0.010218254907988111,0.06423367709166317,0.0026437541308657053,-0.0012568972257144262,-0.0056176753344528985,-0.003285158826483392,-0.01161743789835834,0.008558014064525832,0.004106523380035476,-0.0005955201366750762,0.0015489219942514953
2017-12-13,-0.007529244946914093,0.004436819112627832,-0.01117487057987665,0.00018653487852549056,0.0,-0.004571984865205714,0.0011435105774730836,-0.002579927893701317,0.011267605633802802,-0.008227239434921985,-0.012441931752718016,-0.015415215799263526,0.0020336114151353613,-0.0028035745575609727,0.001640158466913233,0.0082303608490919,0.005273566249176076,0.008359930595533971,0.0033197904093136277,-0.0008153526246056364,0.007572309827044821,-0.01805538413757235,-0.00268759049573275,0.00012494714218336256,-0.0004729568033579046
2017-12-14,0.002395667797963741,-0.0010193272586881408,0.005360794205772068,0.03020695449921762,-0.01872659222787998,0.01124483704854029,0.0005711022272985034,-0.005173305742369294,0.00464252553389044,-0.00031304586252189903,-0.010154212109815708,-0.0030303197632888246,-0.00867803911175058,-0.01581447900193278,-0.004912663889537816,-0.10748295272031527,0.0042622622950820865,-0.013817721939352268,-0.00029026527450481954,0.008701781550592314,0.0005047448036217261,0.0005847313212987704,-0.007732817990224072,0.008206762498055298,-0.004070859267722771
2017-12-15,0.01692893879563706,0.01904763945578236,0.020752313312470072,0.015384579185520275,0.01908396995124595,0.013312435812449008,0.005137043378995454,0.010400416016640657,-0.01201478743068396,0.006615065862142888,0.008738582992754207,0.010975987656602681,0.005718411820052838,0.004106481132172046,0.020296270441477526,0.0015243394308943614,0.008814920300846074,0.002576302824858878,0.010161421437695939,0.00415581298727874,0.010034161163933852,-0.009740259740259716,0.025504734313266386,0.01433533494348005,0.00897434357723248
2017-12-18,0.008421484363073217,0.023698283904573847,0.03854293269679698,-0.0005347237267281368,0.018726592227879868,0.015455951257617562,0.014196478466980134,0.034482758620689724,0.014967259120673537,0.011082069665719674,0.0026366102687989112,0.01753798258790673,-0.0046329072551567485,-0.0003556365449630672,-0.0018817203795236104,0.07559624939605536,0.011003236245954673,0.003831895109443373,0.014082887854227621,0.009701936033440495,0.0035520813900797865,0.005442636065573714,-0.005411640884551261,0.012168949828477826,0.005362807031737971
2017-12-19,-0.000971120568222128,-0.0013042842658904652,-0.005029853317831567,-0.005707151774567487,-0.02696073595491999,0.0033485694070884975,-0.004479283063870021,-0.01243781094527363,0.0,-0.013614253325731851,-0.005822727053992116,-0.009192334510582323,-0.00014107192931445134,0.00017785485275956248,-0.005117209665574718,-0.01603773509255968,-0.008642797695262439,-0.002829321442756716,-0.0106564335109397,-0.002687724569755856,-0.007244839892081245,-0.0006522272138235197,-0.006367156970380705,-0.005997327097721827,-0.003230269308986733
2017-12-20,0.009331240461338153,-0.0026117794036608633,0.00792451132874672,0.008430511210762326,0.0,0.002578853233581535,-0.00956130429913915,-0.007052947103274643,-0.0009216589861751334,-0.005068691298519945,-0.007935046287549485,-0.0036448309535315193,-0.004372936975405195,-0.002134074337542202,-0.012994044748079081,0.0014380632100641222,-0.005166290124839823,0.001531309722208496,-0.0010884840650159378,-0.008219786385909367,-0.009024544844982163,-0.001827311931796971,-0.0036118489196818038,-0.005351835012329387,-0.0008278932913695636
2017-12-21,0.016756606962889276,0.050081793780687445,0.01247126253780384,-0.003379615734976693,0.02518891624209285,-0.0009078075901229887,0.023282167899933537,-0.0005072552261418117,0.0064575645756457245,0.022846685319879434,0.007046334299993573,0.024443000073877563,-0.000708458466747941,0.008732792572931913,-0.006033927757376101,0.037338489101890415,0.008114248883941855,-0.003102810434778114,0.0037854199582256776,-0.002428614503951265,-0.0024734498986646036,-0.009480202866561704,-0.00023382835244956102,-0.001239444162385861,0.0019856556872259734
2017-12-22,-0.00378861519627538,0.0031172070991474232,-0.005489396023848014,0.0,0.004914029363291661,-0.0009086475981925357,-0.0033296892341841966,-0.016243755520621517,-0.005499541704858002,-0.007815826680363736,-0.0030257185509507956,-0.0009739003250461842,-0.006663852355931699,-0.004240229831810272,-0.002759464527623212,-0.005537655745270098,0.0022537025838280655,-0.007623266655029326,0.0,-0.0054479425121050085,-0.001408847586511941,0.0066006600660066805,0.00011698245614044644,-0.0033000291299604134,-0.0004581664731576618
2017-12-26,0.004943867655447631,-0.010254779748469,0.007539001178500149,0.007139050636070898,0.007334938516628808,0.00015161436786992333,-0.0033407017450279852,-0.007739886880283153,-0.0036866359447004227,-0.004826813898031412,-0.004742033293967496,-0.0068236881693531926,-0.00021409506901548525,-0.000354879340757841,0.0019369120624490588,0.004640417848743139,-0.0022486348297023895,-0.0018181545454545311,-0.02536991087069107,0.007189586349963806,-0.006828397406801301,0.0021639475409835907,-0.001286399221461787,-0.003188323035072993,-0.0010584152238849454
2017-12-27,-0.008514588780116905,-0.008163284144427019,-0.006279970939602975,-0.005493549530391606,-0.013349489967245387,-0.0003031827688761979,-0.006145195530726122,-0.008840405616224567,0.0009250693802034249,-0.006867934165497802,0.0019058318676228314,-0.002944544365376389,0.0034264473817244845,0.0,0.0033140845985661915,-0.004618983833718171,0.007083129654962272,0.00373402539888823,0.00017588086177489082,0.004673850193124718,0.009261832795561364,0.00196298499034242,0.0036299413669802494,-0.0069742747220156165,0.0007909408692408082
2017-12-28,0.001144980872328949,-0.015511219034717638,0.002689215973273429,0.004098342909806485,0.00861003647675096,-0.0013644026889690908,0.003934794607375336,0.0020986884626803537,0.010166358595194103,0.0021488689448978526,0.0015218185276772989,0.005742378904965095,-7.120295583395997e-05,0.004614802981895538,0.0011009358050682039,-0.01809740223189804,0.008631649340420378,0.01066149179440612,0.0028135520368792744,0.0032479877247983957,0.0016890159241362834,0.005942584537889761,0.00011669583615336876,-0.0011721127970693024,0.0018339987718805073
2017-12-29,-0.008196721467722656,-0.004823151125401881,-0.014214804881319432,-0.006211144852214523,-0.028048829268292663,-0.006376286334767611,-0.0005599663740220029,-0.003664869109947788,-0.0027447392497712553,-0.0067836452241715195,-0.0034188222822858494,-0.010277341113822835,-0.005976074359363648,-0.005830353562909951,-0.0041242233743254975,-0.017958364839319563,0.0009509033581902582,-0.010369425679051525,-0.010813677811550182,-0.014020744740323665,-0.008205884759508564,-0.0040248963137775595,-0.0020998599848358612,-0.0016600749662247782,-0.005183153291804743
2018-01-02,0.018450951728828713,-0.004523405492730226,0.020405386467000852,0.013214321428571374,0.006273526036312482,0.012834286302564779,0.001680616246498623,0.0157645288615591,0.011926605504587018,0.0035720011691788844,-0.005336420710188361,0.006922729748565448,-0.0035070497888129992,-0.0008885551803803349,0.006073936883657094,0.04860442499497486,0.005699810006333239,0.0031751654620966185,0.01790462726241504,0.016708457236650043,0.028108301049767137,0.005409998766914281,0.004793032443382694,0.017775206014330136,0.008303361788570607
2018-01-03,-0.012266502650820743,0.0061668093573488125,-0.004666017739874184,-0.018505515738261646,-0.03990020149128182,-0.02081757398072759,0.0100671146569975,-0.008794619762027889,-0.0036264732547596212,-0.00930889435059945,0.002682563760922907,0.007693583237845747,0.00955255360346352,-0.0014230166947168943,0.007409440378963961,0.055988937311200804,0.012909256926951995,0.010490106520345321,-0.0001741553506131588,0.012775284372921414,0.017914232365938032,0.02748787682333864,0.004653880325324433,0.01641312676056339,0.006398818767817449
2018-01-04,0.006304891096675425,-0.026774154838709596,-0.010849262745820432,0.0,0.007792181818181865,-0.0032353564482912045,0.012735438135959898,0.03183716075156573,0.005459508644221955,0.013976051552893498,0.015287578242400901,0.012508138198373375,-7.110842446089727e-05,0.016209476597959904,0.002179297253590118,0.0017383311603649254,0.005595275448882608,0.004340437700741662,0.0046449748509544975,0.004476013302877169,-0.0018411003610883103,0.02025359264768789,0.008801424639291788,0.0036213547339691843,0.004028635843774442
2018-01-05,-0.00037964687220981563,-0.0062977259676079145,-0.0014895057952473145,0.00502786864837268,0.007731933188967366,-0.005873215110040908,-0.010388244374617495,-0.06170971168437023,-0.025339366515837236,-0.005100584302097144,-0.0003764351519587317,0.00673829594935671,0.008253318927357034,-0.0010516564601518175,0.0019026908969097533,0.034707203241093554,0.0009274498254991936,0.01906883072936738,0.011385308905970115,0.016162542307332606,0.013671154845427802,0.004885640164854266,0.012398128660336072,0.014571019560286835,0.007033767403822333
2018-01-08,-0.009876561828050856,-0.012675077225153153,-0.013425522468823448,-0.023048078916418135,0.0012788747457226357,-0.004975124378109319,0.003867403314917084,-0.013477089675314802,0.006499535747446661,-0.01451943465060368,-0.004142383653880866,-0.01131472509960163,0.0012701431875590252,-0.005790524450235979,-0.011123168444840736,-0.03102721174004197,-0.01050030850832906,-0.017356713458780426,-0.0037142399999999798,0.014424703275159434,0.007653160043248786,0.006031115575385604,0.0010204898283141528,0.004273120025278132,0.0016623440799481415
2018-01-09,-0.0009591214088026101,0.019256797297297457,-0.0200687147766323,-0.009327029992684754,-0.06257984354636814,-0.025312484375,-0.008805723720418324,-0.009289617993968102,0.0064575645756457245,0.008458774540000435,0.007751938131063341,0.0035460508777234168,0.015857354400291346,0.002470861277797498,-0.0010974210947211072,0.032886195028723586,-0.006554338122523706,0.004983137679817062,-0.00011475766608504134,0.00467567270315139,-0.0021776290746634563,0.0022022450467840127,-0.0006796329936524792,-0.0006142438038561071,0.001302931550569042
2018-01-10,0.03264203023648116,0.02651640597216809,0.010660709627427378,0.03119813665121418,0.028610326195903868,0.009297819664991769,0.016102109938922693,0.020408219548164297,-0.004582951420714965,0.0015357958451933662,0.011819906413131465,0.013813058586991778,-0.001179395040789455,0.008802817056387635,0.0016479263938480315,-0.018433220844858766,-0.006911687087653107,-0.0074376127271647,-0.00022949578385822456,0.0013011934731048669,-0.00015967956990670107,0.002136305900795721,-0.004534130531238634,-0.003299427771957464,-0.0011122269759360481
2018-01-11,0.04908886294326642,0.053600178743292926,0.03830666044524644,0.04761902886467917,0.026490066225165476,0.029860181541616626,0.02459021992296284,0.0032431891891893105,-0.016574585635359074,0.003145531371481658,0.005006508436862678,-0.0017427281644918358,0.005695575427550503,0.005235584733605414,0.002467781670749014,0.016218480580452388,-0.007592533768031262,0.005307769919372429,0.005680234353329983,0.01781835624118666,-0.0003726149994168759,0.00012184188605735002,0.0029606240036437192,0.0026392242402919486,0.007033646798365822
2018-01-12,0.036334687569467894,0.014403960076149414,-0.017243697827661886,0.02238554340396437,0.0,0.0080198185083169,0.011199946666666571,0.007543211613319611,0.0065543071161049404,0.007447160125285679,0.016974132528152497,-0.007300412864637784,0.006699371827443956,0.018402813138986618,-0.0005470459368970282,0.0012600168525835898,0.013069811505584505,0.014419450793821564,0.01032631218621649,0.022339110657085604,-0.04473562774169193,-0.006455529959601636,0.017256993250295505,0.015142186208441544,0.006749602755413919
2018-01-16,-0.008380382959117916,0.02084590332326286,-0.030467873930952405,-0.008022797659274716,-0.012903225806451646,0.001682986510358253,-0.0058016353270904375,-0.010160480740081135,0.019534883720930374,0.005563521789532455,-0.009433980577539525,-0.0007993445371597963,0.0075466934531660534,0.05813160586430288,0.0016419539780527792,-0.036073825503355694,-0.03461299450556965,0.0186318886399226,-0.005082116552761251,-0.0002604704357669352,-0.0054635447807198645,0.0043521331638602945,-0.013950893168546696,-0.0004455295524607994,-0.0035244874939864834
2018-01-17,0.0031045187995859536,-0.013909387639704951,-0.006453409181445324,0.006234254632999425,-0.002614326797385602,0.009164487411570388,-0.006896604774535797,0.0005402485143164437,0.008211678832116709,-0.018610218863622907,0.013736264239423646,0.02208001600000009,0.0008170706739951683,-0.0006444498147253341,0.015847050046286837,-0.012184464751958224,-0.007496707953063897,0.023744092496627456,0.016516283182558045,-0.007556354791583342,-0.004428460140301849,0.029295012659321884,0.02026034001721211,0.009110656387189442,0.009415051661626705
2018-01-18,0.0030949105914719333,0.002100786238867114,-0.014543900028240464,-0.0045210983837726815,0.0,-0.015286847283184524,0.011218002736004262,0.0005400107991360148,0.0018099547511312153,-0.010565712846025144,0.008852791647797398,0.001095804616534135,-0.00040820520909534697,-0.014509076487329908,-0.005110220548682154,-0.026431760950142658,0.0019704104443214465,0.01983815433824221,0.0008932886256487471,-0.0012973389961389303,0.01238737007700319,0.002786842672523271,-0.00044376525897238395,-0.0019346110697117114,-0.0016163899808150362
2018-01-19,-0.00479943435036001,0.008086289453482332,-0.013039174480023341,0.009419629782680738,-0.005242489895544433,-0.00015362742556479514,0.0068673534072900555,0.013491634458087765,0.006323396567299078,0.02052035693301857,0.029011443409742155,0.004222048409350254,0.002994847576842652,0.002453754253987306,-0.0013517977100946377,-0.026244343891402844,0.005899737790888038,0.0007813867283865683,-0.004462724633777282,0.0009742446205185384,0.008286929783866581,-0.039912489354082537,-0.0011098557405073706,0.0068331023761132315,0.004385235280832678
2018-01-22,0.0006888907907527386,-0.003565097975666731,-0.004790853867197464,0.0019997167805270166,-0.0026351250952536542,-0.002459707803549205,0.014690504443363173,0.03248125492645082,0.05385996409335725,0.021083843922455214,-0.0017403063303221833,0.007941482280574785,0.005293146000996396,-0.0004895398252209304,-0.0002706821946584226,0.023698931226765696,0.003258390248993548,0.0008629216964144426,-0.008181149470754212,0.025282411370812108,0.02250539002447849,0.0014165856197754234,0.017888899999999985,0.01608781359207545,0.008066726543333624
2018-01-23,0.003270275499837272,-0.00029816935536386424,0.013420830922501903,-0.0033261433007459873,0.02245714781807906,0.005702003478224693,-0.0010341261633919352,0.004125838273637994,0.0,-0.005468006501025191,-0.00784520558149926,-0.003707786016941772,-0.04259482275276638,0.007346955102040864,-0.0029786081776332907,0.012255923184025352,-0.004222182389666096,0.0067745484215351315,0.00022594350282489906,0.026542389068114458,0.021470632288683067,0.02244768674854769,0.0031656041571268556,0.012251071782721112,0.002174365440882342
2018-01-24,-0.060044603533288665,-0.036981790765826084,-0.06880666375692135,-0.0522276155514767,-0.038759688920938284,-0.046736176931162166,0.016563095238095293,0.01386754051707939,0.010221465076660996,0.021492549063671262,0.005798664558074096,0.015351295250466634,0.0016922019080278794,-0.008427892894199429,0.002987506789788208,-0.10852018423857324,0.011741682974559575,-0.0014681333947352826,-0.015928559237621376,-0.0036916559191109144,-0.014787446059019382,-0.005293263157894801,-0.0008705331693029672,-0.004897545357597899,-0.0005599757903009817
2018-01-25,-0.03175765592703672,-0.032517807974936086,-0.04050087987321449,-0.03503517667315448,-0.0416666386648753,-0.032470664402357574,-0.0010182281577509888,-0.005065906788247143,0.0,0.012609176785095544,-0.007512246418160506,0.002596197193210248,0.01640027370449837,0.001961408957175559,0.008123476848090894,-0.00855130827722883,-0.009026434558349505,0.001347710810348124,-0.017850992997359594,0.015056935749593547,0.004985221040173293,0.0006047409023626216,0.005554367240252711,0.005265241747966387,0.0006026209239333724
2018-01-26,0.0003770216847696073,0.024327804564554523,0.03979379732560018,0.008210125739643859,0.030855482139944934,0.010466871747248252,0.018348571949614145,-0.006619094023375349,0.004215851602023646,-0.00330812178310258,0.013905949411970653,0.0042650112942876905,0.006440498882569257,0.012071810963651064,0.047810851463873316,-0.019786860466101452,0.004879603122966758,0.013418745794645748,0.002337654140611267,0.017489821007294237,0.013441455375324374,0.011301111915748452,0.018737094796120513,0.004673710897723504,0.011841196442722524
2018-01-29,-0.007348784624081395,0.006875037499999959,0.014564641856760874,0.009048136411441865,0.020408163265306145,-0.007563285103584394,-0.018017967967968063,-0.021014864172219427,-0.018471872376154552,0.01618555887676809,-0.0026041146737539878,-0.0016684362202338265,-0.011353533181675757,-0.006608639480840672,0.00025639580909486703,0.003623136645962699,-0.007122013827193685,-0.004266096493475757,-0.020698432061067806,0.011147965089511658,-0.02115791578947368,-0.0032269213153321985,-0.0014884116837848849,-0.0002211270304788293,-0.006731974371398275
2018-01-30,-0.0017084282460135825,-0.010552525988112071,-0.019548044309038892,0.006456259198574621,0.042666613333333325,-0.008780632723978887,-0.011213098307181535,-0.037696387434554945,-0.02566295979469624,-0.012991811718621848,-0.0147955262872842,-0.008204208447280315,-0.008699889065278521,-0.015901330262837354,-0.031266043054843706,-0.038163952458171946,0.011085751548744804,-0.04349060194025134,-0.0058943078878633814,0.014206232177122802,0.006129686119575872,-0.019064795820177616,-0.012563884424273586,-0.010114169554622743,-0.010898815391439554
2018-01-31,0.03289598783038605,-0.0009409912524839248,0.02383187027251732,0.011582341617646819,-0.044757035537444256,0.016212551689368082,-0.003092783505154628,-0.0021762242750938965,-0.0017559262510975504,-0.003904168186925183,-0.0008833745895184819,0.007659313842820481,-0.02976894761203841,-0.02308329684803634,-0.020105767727665924,-0.007506702412868438,-0.00032247662044504466,0.0005493556023501434,0.0027549380128166767,0.009090198697243368,-0.0012291364159132678,0.0004889500210534248,0.024477076223357264,0.005370846459864742,0.0004889853896290486
2018-02-01,-0.008100128865979439,0.04740975196232333,-0.025102706902356386,-0.0061652633433152415,0.04283810135679267,-0.008059177764131231,0.019131282316442677,0.01690294438386042,-0.0008795074758135568,0.0162006635447014,0.015915155011762216,-0.004104545516943614,0.013242651230296776,0.01029537552742621,-0.005669519285380065,0.003781739600215994,-0.02709677419354839,-0.006588385871223901,0.002090473730656406,-0.04196735408645014,0.03317457880664887,-0.007941374611020957,-0.007893905738471596,-0.0019146196496936385,-0.0006480885618234122
2018-02-02,-0.03303643220051167,-0.01678658842709979,0.007490574048359067,-0.031903563697396775,-0.03979458177677586,-0.026529629803852872,-0.02942668845391616,-0.08364611260053612,-0.034330985915492884,-0.04477831799374976,-0.034290704363956426,-0.021981406747629273,-0.01671197638303168,-0.02171734009827364,-0.005973418084528004,-0.031216361679224924,-0.0053050397877983935,-0.014199455768219238,-0.04339015377279776,0.02874097194244607,-0.014552783977477612,-0.02075120150558618,-0.026310237082320387,-0.04778618595660111,-0.021208547694941515
2018-02-05,-0.04491362936328702,-0.03353658536585369,-0.028190769150891137,-0.03844743754023128,-0.04812844662414728,-0.029296491727073715,-0.039728073169266964,-0.040959684025746124,-0.04102096627165008,-0.04203202438744724,-0.05281184210526313,-0.09224285937256127,-0.05294882605056506,-0.03688522819526585,-0.052991066566755785,-0.039999944444444546,-0.0266666333333333,-0.051147148284734656,-0.024984398753894133,-0.027938006482018496,-0.04740384721149804,-0.04087279155425261,-0.041185433004853333,-0.050454153960878156,-0.04097922501640738
2018-02-06,0.02853701883187365,0.008832769716088373,0.007172409717169037,0.011043373952779767,0.00983154549615417,0.02017892541923416,-0.02014158845173708,0.007931727146536227,0.017110266159695797,0.03849709349886754,0.03387256011175177,-0.015130691196698742,0.011043814794415407,-0.016666719267137586,0.01759449192930429,0.05671290181059607,0.007876677812442612,0.02345236299513931,0.041791781154277396,0.03801436402877689,0.022343612003299373,0.01842258584162204,0.03784093181818182,0.023489226983356648,0.017440920907613622
2018-02-07,0.004298593200468881,0.01688562915143077,0.0164583639255953,0.014124294317299224,0.04728792636194923,-0.004299965674233963,0.0016667222222221945,-0.026029055690072633,-0.00747663551401867,-0.006184792909866621,0.004049272812469251,0.0045391411406972,-0.003110096289007269,0.007573061802615522,-0.008503373256898317,-0.02683461117196073,-0.013591539245667694,0.0028422329687167736,-0.021407152057903334,-0.01806155749361882,-0.02768336870847088,-0.009591798882240266,-0.0188328146538308,-0.029631705266667474,-0.005001588613270491
2018-02-08,-0.05447478387257654,-0.03198039242384787,-0.002958150258843828,-0.04865363226197339,-0.02390443432114564,-0.0390395239080934,-0.04658901571885654,-0.03729024238657552,0.006591337099811634,-0.04181252333381902,-0.050595747948593006,-0.037191500917770126,-0.03850248879169815,-0.020579831414104688,-0.03859345340194387,-0.016882442318514213,-0.001033448121479541,-0.0414489403500905,-0.02751661163427921,-0.04678215929312768,-0.047729999634310016,-0.040689046186972444,-0.051333544790385544,-0.044879682975744406,-0.0375364197188327
2018-02-09,-0.004938210079761807,0.013659524027682002,0.010618363356989846,-0.015030275229357626,-0.0013605170068027306,-0.002336886529985871,0.021524024344152348,0.005810200129115595,0.00561272217025266,0.011974820085857818,0.006758022653832407,0.013176876780618185,0.025087036838500776,0.0025579937876849534,0.01575970812489702,0.018317230584844246,-0.0006896551724138167,0.02078905966218514,0.008121250821591985,-0.00807110255460941,0.026401672381376917,0.013009005027684761,0.0372897062159816,0.0362049767112993,0.014936090275087244
2018-02-12,0.03577334500055129,0.025070510340259977,0.01993202997632837,0.03151010763991491,0.03950956295614261,0.02360362162162155,0.0034169705818318796,0.02759948652118105,0.0046511627906977715,0.015483357214399973,0.024741101356752893,0.0065918224373451295,0.005713000893329712,0.010205959726735214,0.014637002341920446,0.01349072436814347,0.008281538992408688,0.021406566121261905,0.04027877909906574,0.03480890178815588,0.0017034978041932103,0.012641288630903746,0.010773383987298768,0.013644425219518252,0.013914584687517051
2018-02-13,0.015571950489119413,0.004280018264505969,0.013331267585781958,0.0023054563363200664,0.015727338625041165,0.0061608694567705236,0.003405164392442428,-0.006870705808869504,0.004629629629629539,0.009361648611761142,-0.0007486618004866052,0.026548672566371723,-0.002379649884711843,-0.009561573155331016,0.00807844777841904,-0.0044370491160814485,0.0013689596635508838,0.00420930033045952,0.010017748877499955,0.020400676949722252,-0.018479734289898908,-0.004293223419810643,0.007853753209483338,0.00015213321004603486,0.0026129295933734475
2018-02-14,0.003931610063526936,0.003044140030441511,-0.001943444490109858,0.0005751006545946513,-0.010322632258064512,0.009972008397480803,0.05542986425339369,0.02264150943396226,0.02580645161290329,0.027589668640040976,0.031091965369768992,0.02672412068965513,-0.0022315249644453417,0.0,0.00715512327289991,0.02339832738727976,0.027341045796309027,0.009442287369582969,0.018437386356027208,0.025832294392883037,0.03678897037674744,0.026600298507462705,0.010909450942681698,0.016728424485773496,0.013402458482258295
2018-02-15,0.011748541217936115,0.01669195751138086,-0.00883768697310694,0.014367815816708429,-0.007822660121129643,0.0077949073272129965,0.004287245444801524,-0.009225030750307561,0.012578616352201255,0.01942267595587932,0.006357911105502545,0.007892544213141006,0.012030523822480488,0.019854279786729156,0.01477692568277722,0.016330919089226237,0.011643413560991744,-0.01206396980533253,0.033578348176575235,0.007380835007986697,0.0024509970487744948,0.008077022747383866,0.020372272224915333,0.018528624761991574,0.012069112628291467
2018-02-16,-0.0017417457612443066,-0.0029850746268657025,-0.018135061754120163,-0.0018886307480900921,0.015768804619416654,0.0015469233413545336,0.0021345250800426374,-0.001862259350573714,0.0053238686779060185,-0.00022414077095411766,-0.004693194776418941,-0.001166261246251299,0.014630786089485204,0.0053580816089271455,0.015401820649728837,0.011247937868237745,-0.0036172640578757687,0.014821657113146536,-0.003237250633279398,-0.008941323411905233,-0.014447687813214927,0.0010896609540946844,-0.0071228574520674215,0.004846197319072765,0.0003734695439001623
2018-02-20,0.0027142108292279588,-0.010479041916167664,-0.008927227813956717,-0.007190104340212056,-0.03363528933323212,-0.0092672043933415,-0.009584717274509047,0.023631778606965304,-0.0044130626654899086,-0.010200956770812342,-0.001450816130772914,0.0,-0.017123538135495497,-0.02327235702127628,-0.006894650132082236,-0.015889778383992637,-0.017491716748901598,-0.011814932463158456,-0.003363591178499825,0.013570905991401316,-0.007611671134350129,-0.00653085571594314,0.007826097826086897,0.0069966310350431105,-0.0058413894815938505
2018-02-21,0.02049493386514034,0.018154311649016597,0.004659155220673394,0.013150352331801729,0.005354779403200949,0.0051965875627923985,-0.0005376344086022167,0.006682928717067327,0.004432624113475336,-0.005625055364959719,0.0007264257042058908,-0.003669741389995984,-0.00733545531196822,-0.007821044016005807,-0.00694251635337495,0.0016146932185145957,-0.005038595901914689,-0.006750194004231935,-0.004538841802090632,0.009922748825651917,0.010794892642318255,-0.007733932515237574,-0.013265778545450968,0.0080547188234803,-0.005496503260010055
2018-02-22,0.0037893331525071794,-0.008320915304606213,-0.008038398267478764,-0.01147481188863797,-0.021304900700529927,-0.012235033814148366,-0.0016138246369015175,-0.008449004224502121,0.030891438658428916,-0.007479123177200897,-0.004355662590042275,-0.0154026284948936,0.0,0.0003666544521843118,-0.0005591722907816177,-0.018269800200440667,0.007764989609554851,0.008706040760759537,0.00835910406925322,0.0016318627627909255,0.0060704905610591275,-0.005066341676640662,0.0026232922204239006,-0.004238091982737169,0.0009735511485315929
2018-02-23,0.007738750471876221,0.01378476426305908,0.012622799209063285,0.017316841433241636,-0.005442204081632651,0.011688799720865228,0.008620690119649277,0.0,0.0034246575342467,0.020426103136528706,0.02205612427896253,0.0061213568080027425,0.016242013201693162,0.005497507788162048,0.014549411608874685,0.02244116037219479,-0.003350083752093891,0.01351890463726102,0.017391304347825987,0.00986981723751712,0.024023620760276643,0.015276218219960391,0.02540057695190523,0.018217501702386896,0.016028376390592625
2018-02-26,0.030155479118851414,0.01211943879820665,0.01800552394557453,0.023007856771564805,0.03419972733788579,0.02603893684983838,0.0021368056697010918,0.003043213633597164,0.0,0.016831057409534944,0.01676472266809359,0.013520416208227859,0.0003787532077335065,0.021687662141200326,0.02289029359571404,0.01017135974304062,0.004369714285714421,0.016944707734711573,0.01977207977207973,0.014633300666666793,0.008947569767215668,0.019675912559775854,0.014458856356769356,0.015051571644218331,0.011757015405636784
2018-02-27,-0.01345458181818171,-0.018691571589221412,-0.01904766382319989,-0.019564820251688042,-0.022486720171606356,-0.017142857142857237,-0.0010660980810236476,-0.004854368932038944,0.0,-0.012276107340702391,-0.005086774428583518,-0.01267303630693617,-0.003028764888306612,-0.023902960686711272,-0.007818846050148376,-0.019607895092321304,-0.011044177076445116,-0.006579483949239351,-0.0032407666089289133,-0.006550787687498616,-0.01876378160031622,-0.012801103382505952,-0.012785590291041649,-0.022260075191256834,-0.01270688867273162
2018-02-28,-0.0001842609725124511,-0.010119029761904708,-0.006010155740640455,0.005221988161544067,-0.02571044585357385,-0.0109439124487003,-0.020277427961579386,-0.028048780487804792,0.0025597269624573205,-0.01866159120154942,-0.01234134322388325,-0.013511214550096629,-0.013594539585243925,-0.00913742673359963,-0.013315163405303365,-0.11405410810810812,-0.02165817332176556,-0.027352485337132637,-0.0015135601771399942,0.0003108314965916126,-0.01730408838791675,-0.004599175893979401,-0.004564755984015512,-0.01212570847195027,-0.011095788577777155
2018-03-01,-0.014193548387096855,-0.015634431467809407,0.0023256124031008074,-0.010204155465523002,-0.012500027777777811,0.00293910788381746,-0.016339977323530652,-0.01505646173149311,-0.015319148936170146,-0.02339023376462057,-0.02731163870046427,-0.018832374593391488,-0.020018524021461204,-0.009590556813158346,-0.018727622728514914,-0.06894442153413183,-0.007609789000345923,-0.007561049565598665,-0.017516259095357145,-0.012562399163977389,-0.01334681979908181,-0.012962869627634377,-0.009811229918243458,-0.0318720055012901,-0.013324399450480251
2018-03-02,-0.0056095736724008916,0.00397073312102747,-0.01964425306591644,-0.0016869728842351384,-0.01969060533588196,-0.003447629837877275,-0.006644407898361626,0.005732484076433009,-0.004321521175453813,0.005218459401894693,0.0045879976293632385,0.0017448786992693144,0.012099371559548766,0.012290502564422656,0.008981195369598849,-0.024901703800786268,0.01812471181161701,0.0032969704160878965,0.006914331428571341,0.004553248667922727,0.0038649141313524815,0.004421084512334472,0.002154065743760203,0.008789011728831397,0.005071602697712896
2018-03-05,0.00018802181271149188,-0.008822707314047884,0.00378665188092997,0.009951239577590476,0.007173601559460563,0.009859885662344192,0.0022295985379265915,0.0063331222292590805,0.00868055555555558,0.019370835645646123,0.013701132126374471,0.003135342274865227,0.007529777575621566,0.0007358535552639545,0.004728734221731923,0.034946236559139754,0.02396443081014832,0.014165828729820973,0.003461778402507054,0.015570728211964813,0.02140187468581911,0.01592330843668499,0.006340633863278766,0.011131510686810397,0.011032026381792903
2018-03-06,0.00714421897244244,0.018723162138360783,0.010688525788879799,0.0009295221987448699,0.011396069025417122,-0.0022268070875847146,0.008898720800889937,0.010698489616110862,0.020654044750430423,0.014480077806325653,0.019282734933042667,-0.009029345372460584,-0.012096402532358663,-0.0018382903735922884,-0.006644463085394903,-0.0051948051948051965,0.0016716482781677922,-0.009633120027298436,-0.0008483655311225524,0.00920841300472297,-0.0034367794934626605,-0.007836865393504922,-0.0034173323731027105,0.0037857651687722704,0.0026388586869583452
2018-03-07,0.01008028747433265,0.032238662830466946,-0.004665676298646559,-0.005757819465081804,0.014084507042253502,-0.011673819742489266,-0.0005512679465967674,0.016812018481445534,-0.004215851602023535,-0.005919106287917253,0.005657708527975425,-0.008235535307517083,0.006395195707415535,0.0031307919545267016,0.001393506092711716,-0.0006527415143603443,0.00534052087251391,0.004819219355091331,-0.009282843719929712,0.0047865462190122,0.021860095794082213,0.016696673409345886,0.005786551650235783,0.013314298042533146,-0.00048387458886944845
2018-03-08,0.012566992929828213,0.015761803576850975,0.01250004687500006,0.020736036255110113,0.02222219444444451,0.0138961090845926,0.0,-0.009185548071034777,0.003386960203217493,0.003730883654097239,0.0014064345744297935,0.0021201944212083657,0.023403635801499068,0.005323976403084796,0.015864180350681822,-0.0026126714565644082,-0.002988047709560182,-0.011176169117328882,0.010912437867794056,0.004440119741100368,-0.0074574652865805335,-0.01332743751078802,0.006072863775060222,0.014743506703838616,0.004463078253377217
2018-03-09,0.023361908681111432,0.001724155172413866,0.0,0.026537354072792008,-0.012228288375768726,0.0227857122286399,0.004964148095099263,-0.003708220024721931,-0.006751054852320637,0.016632849239811565,0.030021050386605408,0.02662198472105093,0.013175867229681337,0.006939390319188776,0.0073972602739726945,0.007203667321545648,0.0013319679876135915,0.003114835635915636,0.017180919697503905,0.017417827807448605,0.015849512248535813,0.01984502183653336,0.02234460446891884,0.030230940497335768,0.017378831277445883
2018-03-12,0.00766898519707504,0.018359133361575353,0.015123394361571174,0.0012479942948830924,0.005502091086772465,0.0010049748575382544,0.008781559208647538,-0.0006203473560577599,0.008496176720475646,0.009639236643762539,0.004090710894518734,-0.003606388459556853,-0.008744379475088548,0.003989880377037958,-0.0043513462061465225,0.02665799739921959,0.006983737944795454,-0.011799623309219576,0.009667763299650245,0.012350448615637166,-0.0025373914060873304,0.005963197614251348,0.0023823906941953243,0.003844661261730886,-0.0012739848320225677
2018-03-13,-0.004778761061946968,0.011831019718309799,0.04575862033685962,0.0076566951566952035,0.03283176560415235,0.009538219864063446,-0.01686610537900468,-0.019863499698106857,-0.009267059814658807,-0.01774089513240007,-0.014938058054659642,-0.007928283350568832,0.012968415404945421,0.00018059970772044132,0.003824064358807444,0.018366054464851178,-0.00033028400494439225,0.01871884870101259,-0.009630200308166414,-0.0063876531410890225,-0.015587735862408914,-0.005865393918176531,-0.02438765188759906,-0.02261052468870761,-0.006363576572474661
2018-03-14,-0.016894913747110052,-0.025890917843287897,-0.04535547251990879,-0.00777518996289106,-0.010596079470198694,-0.011768655336693024,-0.00221355838406212,-0.005699810006333128,-0.009353741496598622,-0.015268335065982575,-0.017921713215952262,-0.016157053228682217,-0.015109779749470253,-0.010294383425941578,-0.010884408163265302,0.054104539800995166,0.0026428807400067367,-0.006874050349219507,-0.008501394676890706,0.0017755833117900632,0.012700664924657268,-0.007532086036124874,-0.0059316383462921785,0.009945742342872599,-0.005724522264141441
2018-03-15,-0.0019898878797012243,-0.012575004502572207,0.003806913470592699,0.003383757671103993,-0.017402865724383654,0.005367326490562263,0.004991680255591824,0.0,0.0008583690987125081,0.00824411775407019,0.004035778065071938,0.0035317145765192404,0.005592434710194771,0.00821169723014048,0.006327483154194402,-0.010029497933363052,-0.041186161449752845,0.018191458465891763,0.0011767988976283394,-0.005455722187303502,-0.0017916336197226768,0.009423261112549541,0.003516270719579717,7.826601430438451e-05,-0.0007819304070728617
2018-03-16,0.004169005045097096,0.03039073806078152,0.008950303669608584,0.006212264820731228,0.029972696730989234,0.016016066333267798,0.007174337352409799,0.007643312101910826,0.00857632933104635,0.003713368049587551,0.005068105468924999,-0.016364595588083897,0.004659514574770984,0.007601773755656183,0.00546738625109966,-0.0029797972002503226,-0.008934707903780148,-0.007059417065703566,-0.0035263813501877905,-0.006724235529544487,0.0066898454982604605,0.004072388922546244,0.004459524315141072,-0.012047857939513351,0.0017034472986976468
2018-03-19,-0.014079476026011672,-0.010674123595505569,-0.021199879079841222,-0.012877050853361216,-0.022486720171606356,-0.004926173894050145,-0.010958958904109584,-0.017699115044247815,0.04846938775510212,-0.01894621407444974,-0.009737385141275867,-0.007513452325100145,-0.02573300553658764,-0.01868146285904304,-0.012234829043904938,-0.03227728631201443,0.0,-0.012332124934906874,-0.015279181771055361,-0.01702000348730004,-0.06769678681067126,-0.018157925189003055,-0.018076099747909025,-0.03161846093029963,-0.014204195427326871
2018-03-20,0.012815836924493507,-0.00028394661156350143,0.001382549965669888,0.009649767863648462,-0.012178646490429101,0.0014851650655169912,0.0005540166511921463,-0.0012870012870012104,-0.010543390105433925,0.0025140098370244335,0.009130816345376491,-0.010454181687094333,0.007447803768127814,0.00018301299317213804,0.0,-0.012971030699750918,-0.00554785020804438,0.007687162750226628,-0.00034227038580103564,0.02691381133556492,-0.02555635171020354,-0.0073086047419662625,0.0025836796488716285,-0.0019184822094506782,0.0014818052561744732
2018-03-21,-0.022234273318871955,-0.009656330423351345,-0.01503302607660617,-0.009734495575221214,-0.019178109589041092,-0.047948591991243905,-0.023255815241185918,-0.04703608247422686,-0.0106557377049179,-0.005091363614944555,-0.006264137702033601,-0.002003661129192702,-0.00015246550516534452,0.0009150805438338239,-0.0016515826230892872,0.027534418022528317,0.0020920502092049986,-0.017461822107160296,-0.02265464454109467,-0.002930977409969171,0.007374398122190762,0.003137035911722874,-0.006979426832795954,-0.006222004211183463,-0.001843989601829854
2018-03-22,-0.03290809761508606,-0.038715226657348056,-0.02164770318716247,-0.022877622468675196,-0.011173100870756958,-0.013499463715809235,-0.04195005906746374,-0.04056795131845836,-0.028169014084507005,-0.03532556726387859,-0.043249902937315565,-0.04124843874341233,-0.02904188537172203,-0.010422380881740412,-0.018472622001654337,-0.028014616321559105,-0.013917884481558729,-0.03415312701251294,-0.01412971298815402,-0.023352219128294105,-0.02656591313870893,-0.0293573676768476,-0.029087390924933176,-0.038317733213929395,-0.02516288868483929
2018-03-23,-0.02485190164687623,-0.00536998190799598,-0.014963371537726866,-0.014084434391235967,0.005649604200587355,-0.004912263157894725,-0.014792899408283988,-0.03100775193798444,-0.011935208866155178,-0.02905784174842818,-0.047035121651448075,-0.029506929935407045,-0.017899191817377758,-0.013118976591259823,-0.031179664673014917,-0.03696741854636598,-0.0028228652081861982,-0.01236003862961621,-0.02315667050486614,-0.03194986380796805,-0.03335557058254335,-0.02104015440963014,-0.02906783573819094,-0.026222928807916324,-0.020966880472765737
2018-03-26,0.016663458798802377,0.027294559579386313,0.00452487064439433,0.02152131645560984,0.016854017800787435,0.015338487035640114,0.013213273273273263,0.023272727272727334,0.032786885245901676,0.03922372256429352,0.04282694449779134,0.025696371125931705,0.018305364001684588,0.011795562628721168,0.015946621284626206,0.02407286922576457,0.011677282377919207,0.03067515364843354,0.04747180677890617,0.040319294191581534,0.004203519695109792,0.030089301028203952,0.07570542555632032,0.030971890113449696,0.027157255734905794
2018-03-27,-0.018511357144015417,-0.01897810218978102,-0.01077860360360361,-0.014529658290416636,0.0262431208220133,-0.015627730508768978,-0.018968700713177133,-0.021321961620469176,-0.022556390977443774,-0.029896460493242683,-0.02117858234214698,-0.022757754393617158,-0.0014129837617786745,-0.005366413668275061,-0.000856249975563439,-0.024777636594663366,-0.004547079398391052,-0.005066873440142006,-0.02564107135171445,-0.037798989990734944,-0.0489816137571113,-0.009519404365893047,-0.045958605736389546,-0.045679386619473905,-0.017276308947907992
2018-03-28,-0.0009823968179805131,0.008928571428571397,0.0013009919889090948,-0.006081791599033992,0.03230137107395037,-0.007761492463600139,0.0018127493542445805,-0.000726216412490932,0.00512820512820511,0.0085335276335341,-0.004515559566677041,0.007436438647218768,0.001886628424547121,0.02493023255813953,0.008283376651435193,0.007817589576547324,0.011946592127427769,0.002477486615239499,-0.011049067626210496,-0.043839553022184896,0.0053212323917932736,0.004015535408714799,-0.0008941768090512392,-0.0005372380985909642,-0.0029166570946984605
2018-03-29,0.021828929078817394,0.017994117994100334,0.0063342374533053025,0.016317467086964577,0.009126545456404012,0.01831109333333325,0.012665922798552609,0.015988372093023395,0.005102040816326481,0.00998518687061778,0.01984500094500108,0.01806526806526798,0.005492326531792768,-0.011254292975131586,0.005382521398938245,0.029088558500323103,-0.005902777982735308,-0.020594965675057253,0.007808770009821497,0.011121768251555864,0.04417430598035876,0.005966358353885148,0.021031413144998456,0.027106435707387133,0.013769718618042104
2018-04-02,-0.041955351076892966,-0.013329486873436935,-0.06794704757822867,-0.05218025812478999,-0.04780369385520178,-0.05132679908042581,-0.020250147692069786,-0.02145922746781126,-0.011844331641285955,-0.017906753680986487,-0.02297994853558094,-0.02022518603319967,-0.028014016137995257,-0.022030493445373778,-0.012397942383885918,-0.053391959798994915,-0.011526371342171604,0.0149532570093458,-0.006556252235069726,-0.05206100693000548,-0.027536104842310283,-0.021899147189558876,-0.03013038337231455,-0.024539942277926996,-0.02233742341975231
2018-04-03,0.03394941811871077,0.021145409691629924,0.040865818181818225,0.03407122167331633,0.05156043699106849,0.029996337872653767,0.0012156838166759165,0.0029239766081872176,0.014554794520547976,0.013058402755809828,0.008535603024741878,0.014216242033738835,0.030427168118612347,0.01539327951942937,0.017974351440066982,0.039814200398141875,-0.0077738165291101335,0.033977924042052354,0.01025922775422261,0.014621140931210475,0.0046335157000678695,-0.0014659891366567424,0.013443312701422627,0.006895389032923305,0.012614865708684864
2018-04-04,0.01107441206383486,0.0,0.018466145092894015,0.0026061056849198128,0.04516129032258065,0.006968018456887215,-0.010321797833746205,0.011661807580174877,0.006751054852320637,0.008141084618556116,0.009403799488576281,0.015936980954800894,0.016049847321393695,0.00831948604178212,0.012612135650224232,0.007657945118059839,0.0014245370370369326,0.018746063596526197,0.019122275669576805,0.013304045363386363,-0.006469764867915173,0.028495087280810516,0.02920525057635981,0.011574823923703237,0.011566482650942955
2018-04-05,0.0019215603012767701,0.013804969325108774,0.014537732529602332,0.006498291747154106,0.017283975308642008,0.008871539941952777,0.011656503782607519,0.03170028818443793,0.0083822296730931,0.012627674226658225,0.022172592590743,0.0066149688149690355,0.0023004600168556877,-0.00018338833547137945,-0.011071159394653862,0.0,0.007112339718622351,0.0012238909417685573,0.006934351145038153,0.02919391138083971,0.02733713627322487,-0.0005839346153624358,0.0005414816302073966,0.002604565192004582,0.006862863853574153
2018-04-06,-0.03548135856312551,-0.021276595744680882,-0.021574641417249296,-0.021398266397311794,-0.03033980508883971,-0.027611677319527295,-0.02001212856276524,-0.03142458100558665,-0.010806317539484578,-0.02282943217880018,-0.033175354845509375,-0.01933905442504913,-0.01996787438011527,-0.021456042938860165,-0.015673159809683646,-0.02216592780240656,-0.009533933615819223,-0.022307590884213857,-0.02557870311160404,-0.032044098501808116,-0.013430394462919493,-0.022463104735850892,-0.023273371615285976,-0.02020809274838975,-0.02192024870852849
2018-04-09,-0.009345814091353821,-0.02521742608695654,-0.015797251933519885,-0.009236531748096688,-0.016270387577712486,-0.007958093543894096,0.004950495049504955,0.010093727469358438,0.009243697478991564,0.00888106969283875,0.00584458887924999,0.0003829216925139711,0.010772755155062042,0.052473743394420014,0.008245692820340933,0.02137305699481873,0.010695223197690673,-0.0054921010964247285,0.009918042287254014,0.0006048661159363533,0.004643740546636188,0.014079796117695498,0.005984639056257235,0.00835124144396171,0.003336548739958589
2018-04-10,-0.04737055399437973,-0.013975563983665618,0.000668734314182684,-0.0038051749656550227,-0.022900687605615477,-0.013126654990944564,0.017857204433497476,0.0049964311206280865,0.023313905079100694,0.01736787725629174,0.014807891839096365,0.007081320574162664,0.005946895457117574,0.005876103988603942,0.013818443706103745,0.010779961953075512,0.0024691358024691024,0.01822833508244659,0.01881797074229996,0.02143549153900315,0.045019947540933636,0.017682867015746062,0.02324556648382403,0.0159436730599003,0.016726953754064633
2018-04-11,-0.043404910311945044,-0.011761139714816515,-0.013199616147021365,-0.016997707849547128,0.002604114447702255,-0.011638665959012306,-0.012099273315228531,0.0078125,-0.0024410089503661414,-0.0141482047821746,-0.02585882943957951,-0.013112866079681984,-0.004760038387715881,-0.0051336694942938355,-0.004450625745462511,0.018193224592220947,0.0007037649542573909,-0.02156179351352605,-0.004675301587301672,-0.00638476151645162,0.00775578074582195,-0.00019304974704315025,-0.010981869433092317,-0.011312128097318852,-0.005525364565647672
2018-04-12,0.025770879921987566,0.00854436343444509,0.020487622409623762,0.02933745814382238,0.018181844155844118,0.026915869158878447,0.009185548071034999,0.015503875968992276,0.015497553017944421,0.026290796028379804,0.021046567271650884,0.014827671865973446,0.006171318129625902,0.009608558547890445,0.014808577401269174,0.024645656192236576,-0.002109774890654781,0.010545340528490543,0.009858478082614752,0.015030973170864659,-0.014730711260732554,0.01744339587124477,0.01872415612100853,0.012294517835368612,0.008250750130306406
2018-04-13,-0.015031157397466188,-0.08593039031770044,0.061058586361373735,-0.0011325405813513711,0.0,0.0023662359367717656,-0.006674696601941865,-0.002081887578070707,-0.01927710843373487,-0.014137671160486476,-0.016155952317769895,-0.034345388342592154,0.0014567354918126885,0.007578357152683957,0.0,0.03126885335350882,-0.006342424465906493,0.000178353545791321,0.0033880555874583607,-0.012226414221608528,0.003966613900244553,-0.008603782753043188,-0.005343021899059108,-0.003137974420219014,-0.0028866253360059213
2018-04-16,0.011554458503476361,-0.03078456741242175,0.0197028613025354,0.026077117387646176,0.005102066196375876,-0.00326858543671682,0.0,-0.003477051460361702,0.009828009828009687,0.007658670738188933,0.007927557568893961,-0.0017685203727357823,0.00872760713243026,0.02588777421332078,0.005781910792951539,0.004664723032069995,0.0,0.026930658226015147,0.006238264894139922,0.007485347750593396,0.0018842571873509684,0.007529780788025908,0.011710313457019561,0.008462269210950168,0.008109038362631216
2018-04-17,-0.014008663189281734,-0.030054605056882622,-0.0033737310745856064,0.004604051650166641,-0.007614314334298822,-0.011295299896070365,0.0054977394320256945,0.0034891835310537633,-0.011354420113544261,-0.016480533261971853,-0.002996254569428758,-0.004527539459203478,-0.009259274789741756,0.01057115053465818,-0.0054748701197608884,0.0,-0.0035461346260236004,0.035732874912599355,0.013764053520006758,0.043239650364204074,0.023236073248364075,0.019127272272640994,0.020176298612642807,0.03485621562758845,0.010661504817983003
2018-04-18,0.04393438251366133,0.005633823943661964,0.015079289585452793,0.012098991972483875,0.02685432362426221,0.028560899207665358,-0.0012149453958048007,0.004172461752433909,0.0024610336341264194,0.0014587982206599737,0.0003755822548618948,-0.0035594423571286837,-0.021602513798204437,-0.005905213430065892,0.004404073525787311,0.009866511897852481,-0.002846975088968029,-0.009012823194137654,-0.002244210003496061,0.015965907517804467,-0.013636920108219486,-0.07532167484129815,0.003851379202664873,-0.001936469365979021,0.0008313658005520974
2018-04-19,-0.018425398594028475,0.00455177861585887,-0.00682134293131198,-0.0025357544382494934,-0.017434644212470984,-0.01827303833751348,0.00912402620900088,0.0013850415512466352,0.004091653027823217,0.000669283464566961,0.02703723345990361,0.02282202863310223,-0.0013310209729797684,-0.004752189570678467,0.0010961084628058337,-0.004022988505747116,-0.005353283369022188,-0.0027072716423165444,-0.0283400366248322,0.019026906382157094,0.01045927500325039,-0.007325734600982292,-0.0034218269717581906,0.014569804157405608,-0.00572612477578982
2018-04-20,-0.0021331484186616345,0.005925451500706558,-0.0019840965499433594,0.005992409660432241,-0.005069733711793867,-0.0005474270172887152,-0.0018083785412899012,-0.013831258644536715,-0.004074979625101838,-0.008694932593893312,-0.004387605038617792,0.019790453632315685,-0.006977647817068333,0.0032401603553915415,0.0027375308715449354,-0.008655510675129707,-0.0046645495276443905,-0.002969108478306448,-0.04097224442193881,-0.018896431622586585,-0.010826930012126201,-0.018957366668057585,-0.011549276750085546,-0.013551522169738539,-0.008536532212991665
2018-04-23,-0.0021376443381282417,-0.006583485656614929,0.0568894640906783,-0.014259945333575996,0.007643286624203771,0.003834215811575614,-0.0012076087685755077,-0.0007012622720897754,-0.0008183306055645767,-0.020995431231274675,-0.015056922788412086,0.0009512937414137834,0.0013421600713039439,0.02413731007522313,0.004640949914251902,0.020954656577415687,0.005046827685652566,-0.0030630562670216355,-0.00289642770938936,-0.006304463572949448,-0.0026461571003496553,0.006625307382690515,0.0036841894736840963,-0.005135336079889363,5.623151071354471e-05
2018-04-24,-0.021208247643530354,0.0017439831847652076,-0.05570827585431515,-0.014649331355991002,-0.007585309926303685,-0.020007257184430638,-0.015114872121228973,0.03719298245614033,-0.009009009009009139,-0.01694568870917168,-0.010626379765592553,-0.0019008363067697376,-0.005046124654322637,-0.0026556016597509835,0.007065271931121497,-0.003990991790707388,0.0014347561490228866,-0.0005120551423070108,-0.013919147569132262,-0.03806017654520355,-0.03708390103916803,-0.0020567873162156136,-0.023387467716569854,-0.04447044187460936,-0.013380561466416863
2018-04-25,-0.009630094323267557,-0.002089157294324906,0.017315307468118046,0.015610499616976359,0.05987256050955403,-0.0009279695447667047,0.04174327552220536,-0.012178619756427533,-0.008264462809917328,-0.013443890192505026,-0.01940830977953656,0.01142645253957153,0.004516998105761116,-0.0076551672491264044,-0.010253669448093139,0.004006983629478045,-0.003223495702005863,0.0029032234527228695,0.004357358429916358,5.484456565318929e-05,0.0,0.0026106348256476064,-0.008698507022170121,0.0011765064251554325,0.0018370592780629913
2018-04-26,-0.0636464309392265,0.09734819754330348,-0.0073805845365354505,-0.02781337501140435,0.01322125063563706,-0.009845866251314672,0.011196288226062778,-0.017808219178082174,-0.012500000000000067,0.0035948669246310683,0.00307455797320233,-0.012615364100633242,0.009861099560411812,-0.0036894347863586363,0.004634623773173363,0.012542701679435497,-0.009342436219906491,0.009067709895301368,0.0034830921348287802,0.039577525396761404,0.09061307419859621,0.005344655264565512,0.021124515678139222,0.01846887534938224,0.010434204752046705
2018-04-27,0.024309724434971036,0.021303694753577185,0.0018208648916278047,0.006964031489478106,0.007117413659909255,0.004315197079084232,-0.011072319347319226,-0.03138075313807531,-0.012658227848101333,-0.0012078512425816035,-0.006513409836907957,-0.0015255149032326054,0.0020311617073338617,0.0010099478202323375,0.004070610804375097,0.01745495495495497,0.0039898440333696605,0.01328943177357056,-0.011569796614297911,0.03600887731188318,-0.003272898408982372,-0.001635802878709014,0.016549946604074828,-0.009605389817112675,0.001113625003076102
2018-04-30,-0.010829538671449868,-0.0021793648002728094,-0.016510103749323046,-0.023925214953270935,-0.029446406844607642,-0.013076723576998295,-0.011785445597256805,-0.016558675305975545,-0.013675213675213738,-0.006130112517137909,-0.004627882672042283,-0.007639457455319687,-0.01387702459259299,-0.010089154025741509,-0.010540513513513594,0.0,0.0043352239884393295,-0.015738192647878013,0.018112295805209566,-0.004126864735685909,-0.00915949096513613,-0.01037676844283919,-0.0240033709037778,-0.012348945580216153,-0.008187490859429492
2018-05-01,0.010016328907523908,0.016536624024960922,0.007854643462190003,0.009957889506742701,0.0024271358634189166,0.002082093428654508,-0.00536672629695889,-0.00512445095168379,-0.011265164644713943,-0.006965149104475765,0.003680782713691988,0.011547382824237395,-0.003794734821641832,-0.015118040005402511,-0.0330510507224514,0.013281627006087593,-0.005755395890481907,0.0019036041092286293,0.02323618596723187,0.010299275889296355,0.010813959302325538,0.0002758898873398419,0.015825524459758045,0.019639685909316862,0.0025490454768968274
2018-05-02,-0.025830234644136696,-0.016881523028171475,-0.03132645075408158,-0.007205176063512453,-0.009685157619495288,-0.013789195575919733,-0.004196582733812959,0.0029433406916852256,-0.005258545135845782,-0.011070245583050142,-0.002123142209551343,-0.007039611738211327,-0.019919069598935524,-0.011728199379096194,-0.014406863592832497,-0.01638443562995273,0.008683068331514887,-0.014312851653463854,0.04417504226256441,-0.00795062500505217,0.012711411407388518,-0.01758622758620687,-0.015684189473684218,-0.0124649846859336,-0.007205863585547867
2018-05-03,-0.0030776750436707356,-0.0159224982549796,-0.007414434570349182,-0.010886172442968411,-0.06479222177055155,0.0005746600378213618,-0.0054184825154436345,0.0,-0.009691629955947079,-0.0027344541414084933,-0.011992243481774745,-0.012454455115049945,-0.0038056761133602457,0.0040139616756362795,-0.0037260247556900605,-0.013881177123820088,0.014347274546171906,0.00295548264932588,0.0018122670074296465,0.001528911572701963,-0.011643113071495459,-0.0032291471371529434,0.005988642797804644,-0.0006443253448704667,-0.0022536744644764406
2018-05-04,0.01781049589621242,0.014911109838409375,-0.001907167892789774,0.010619791260479072,-0.0326797385620915,0.010336848761989037,-0.010895883777239712,0.011005135730007165,0.010676156583629748,0.006554980394070986,0.006264682605141569,0.016880073401628337,0.009428619112644254,0.0038241092269095667,0.002301553642206855,0.014639639639639546,-0.0017680692444105306,0.007473841746073351,0.039233421900616294,0.005642203480902275,0.014883329160249925,0.01352207150073692,0.011587158498990169,0.023922547858549192,0.012811179191865252
2018-05-07,-0.00979939314513778,-0.0021881275808963707,-0.01831205443172057,-0.008406534199465132,-0.027027027027026973,-0.014778306456580181,0.0073438800489595835,0.0,0.0061619718309859906,0.009619455949438471,0.019260641273905144,0.004770082045411073,-0.004831355103770862,-0.00640690909090913,0.002583237657864501,0.007769145394006749,0.002833829259652809,-0.008986837871644782,0.007234967089158273,0.012138312150780983,0.007700583162331798,-0.0047946840443420236,0.011139102095876208,0.006277442730769911,0.003457945524821371
2018-05-08,0.013195122836831441,0.017543783801612145,-0.0003244282133194609,0.009055818533494353,0.016666611111111118,0.0063461923076924,0.003645261460829996,-0.013788098693759077,-0.004374453193350725,-0.0008431576835137289,0.018896774554242546,0.010064546145081676,-0.007929403930072132,-0.010805210686559485,0.0014314342971657457,0.08865638766519823,-0.008477534739580905,-0.007485670320325433,0.004806653601066024,-0.00484332616355454,0.005337961424183968,-0.0015361052818313459,-0.004261099519215383,-0.0008342939992439513,-0.00026564134619455615
2018-05-09,-0.03488372093023251,-0.020320123903452725,-0.02012010351906368,-0.014321176519403789,-0.008196694436977792,-0.014714331560698235,0.014527845036319764,0.013980868285504044,0.026362038664323295,0.019957789029535933,0.014237504416682256,0.010716281457346932,0.007340355539186438,0.02096552223275272,0.00543161806746717,0.02427921092564489,0.0007125044531528513,-0.012153566401558291,0.00704109632806027,0.009802865411712602,0.0209032307277357,-0.002727265734265627,0.011794217968776222,0.027374230313097048,0.009682220184441537
2018-05-10,0.013012072289156462,0.012570709771060562,0.002815068766601536,0.008523866883453524,0.015151488020702208,0.007370015372963223,0.001790035799522638,0.007256894049346929,0.006849315068493178,0.0070740331290950476,0.0166236057743554,0.01655513454446189,0.014897546516111193,0.0018981880604280743,-0.0036962470114443313,-0.01185185185185178,-0.016375970096119574,0.019632650680910357,0.014303970964987256,0.0006716144278606784,0.01571222455464305,0.011429801476545709,0.010006209820379253,0.013677948818963115,0.009370643613678231
2018-05-11,0.01332057532539066,0.009310986617840245,-0.0004954095030481609,0.016135247481074755,0.010854871688188439,0.010011551983279743,0.011911792024312362,-0.0014409221902018654,0.0008503401360544505,-0.0021360663643109623,0.0029069766913703,-0.0036596704973588245,0.015077782450383381,0.02807437085645237,0.013127824967813284,0.04197901049475261,0.0032573291081190447,0.019554113487318503,-0.007629951910332666,-0.003834440903320857,0.007869379657572173,-0.0006933305361436215,-0.0021448982884323398,0.0006287198392365134,0.001707595795878758
2018-05-14,-0.0032863616566366494,-0.01783523304421042,-0.007929952220881331,-0.015311946491041617,-0.001342255033557005,-0.004956119042244023,-0.006474455562095138,-0.015151515151515138,-0.00679694137638065,0.004075440507783856,0.00036231883401605103,0.0005509458117365362,-0.009273813412037368,-0.00016751549953952782,0.010140873239436576,-0.0019185131894484675,0.012265512707991144,0.019388933269216535,-0.002333124817501031,-0.0008546923850624166,-0.0018717898852401715,0.0011100596719166855,0.0033777073708611827,0.001766376798150171,0.0008834895171137003
2018-05-15,0.017192652312591816,-0.009392611322340816,-0.021648609852599643,0.005375292762526351,-0.001344059103654316,-0.009578543877805656,-0.002369609145119078,-0.026373626373626502,-0.010265183917878451,-0.009634725765491736,-0.006700525050696848,0.004955947136563887,-0.007377447364389056,-0.008042878686327026,-0.004740713755138959,0.036040366940911506,0.004989380078024963,-0.013997505491910367,-0.009088429831025535,-0.015872250072419214,-0.012430304395790182,-0.00388078994010832,-0.007242670684919683,-0.019060145368066772,-0.006842140411090436
2018-05-16,0.020143598521500383,0.017699134343220013,0.005957412765957404,0.021195360343619685,0.03499324172310936,0.025338432778753806,-0.0065320665083135054,-0.021820917983446098,-0.008643042350907515,-0.0024838177056121236,0.002187839642218581,0.005296821917808225,0.0017581795354792984,0.00929052349171422,-0.0002801625183570522,0.024118785905323792,0.004255283537046628,0.009269315240083564,0.00933269664594083,0.007080700730530243,-0.006076442911593483,0.006191734861843212,-0.001746794081380898,0.002353566938531282,0.004060561765464099
2018-05-17,-0.009759418752623317,-0.0015527950310558758,-0.008460237172935314,-0.0071054973821989,0.0039010922262394665,-0.01018670100685537,0.0,-0.0007692307692307443,-0.0008718395815169311,-0.007719127431798145,-0.0018192104453482738,-0.014898255543272843,-0.011966494008240791,-0.011380753138075295,0.0008407791479820848,-0.0022644474637680823,-0.013064936440677966,0.005129927167260018,-0.0063236690965530196,-0.003477659202628325,0.003056757691977552,-0.0008988798693605471,-0.009984580339998272,-0.0029396765867110153,-0.0008558722748466252
2018-05-18,-0.005730002160669212,0.005287751166407562,-0.006655273264685069,-0.002824802366282575,0.006476684273403421,-0.005336420710188361,-0.005977346084877433,-0.021555042340261732,-0.00610820244328103,-0.008782960883740087,-0.017313668986944974,-0.009590556813158346,0.00314897057971697,0.0011850177755206026,-0.001960235283120615,0.004993100091098546,-0.0007155992588336879,0.006914685345724481,-0.003636600809955537,-0.00467202037811032,-0.005877242214770484,-0.002906560553633142,0.0018715013516321655,-0.011338860350569968,-0.002632194898025797
2018-05-21,0.020746841384351233,-0.015470296455310728,-0.004638378365201534,0.01945229425019268,0.00900908669287448,0.0005748610955138567,0.0012027060254180544,0.0,0.0017559262510973284,0.002953573839662438,0.008160293329387613,0.015642457809265098,-0.004185423441491087,-0.00963813002431746,0.0044893379486345975,-0.0031616532593339297,0.018259971356963778,0.013325682690180196,0.007085009008319654,0.007044065902691354,0.009908101978085782,0.009786250558214027,0.012868378861889074,0.012397287206908914,0.00738675297338931
2018-05-22,-0.03161693838339963,-0.032369634228675115,0.004142233416331242,-0.008521674694331072,-0.005102066196375876,-0.026235215889789165,0.016216216216216495,0.020456333595594067,0.007011393514460895,0.0012621077147090265,0.00956585707200408,0.01320126488446527,-0.006547017405859834,-0.002048813385692294,-0.0022345810680050038,-0.0018123697326688504,-0.010548593159332098,-0.01097217049549426,-0.0025049298618574634,-0.002560731333410171,-0.003740050849909138,-0.00274939161628307,-0.0010245696931264758,-0.009123896701913159,-0.0031357620237913997
2018-05-23,-0.0018657182400718675,-0.022409854285349473,0.004125094534204177,-0.0022421150971599912,-0.011538487179487134,-0.010422773271298813,-0.01891252955082745,-0.006939090208172738,-0.013925152306353383,-0.0007983277310924519,-0.009657488891080757,0.016648607189598374,0.004393401533043573,0.012318169164787562,0.006998879983234119,0.0077167495362346905,-0.021321891304971197,-0.0037523371656185134,0.006411604906783497,0.012937878265771419,0.01686610962677726,-0.0028947412749258383,0.011897476923076855,0.009310724375510171,0.0032484100188134857
2018-05-24,0.017757056489650758,0.00863789368770762,0.0248202849989827,0.018726591058929154,0.010376187039589757,0.017686784578696324,-0.01686746987951815,-0.048913043478260976,-0.013239187996469615,-0.007190580776170741,-0.006439705848747201,-0.026877928088287595,-0.009720510564289464,-0.0006759675739721471,-0.0022241311586285173,0.0009008107702337398,0.0029048655444856575,-0.006263813278142405,-0.001114928859630604,0.0007553475405654986,-0.005189946662063516,-0.0041473077230566036,-0.003547597666831659,-0.00041674093914711996,-0.0020232133879297676
2018-05-25,0.03099171186887717,0.02667986113280918,0.033405712934787335,0.02702200268301458,0.019255455218088358,0.03222030916266938,-0.001838174019607841,-0.01632653061224487,-0.0017889087656529634,-0.004616734317236748,-0.018333370370370305,0.004207133865269164,-0.006380359918200407,-0.0006764924627685742,-0.005851184336895687,0.0009001350540114306,-0.008327371168451392,0.009145968922604775,0.002285453193110021,0.004416574596552314,-0.005432125197788795,-0.002984715618150946,0.0005086257859552301,-0.003317108366231003,-0.002357220567948737
2018-05-29,-0.029392117568470155,-0.01219126677479887,-0.021011783109936677,-0.029353839795128733,-0.04282118280047398,-0.025917498563800656,-0.063229032337076,-0.06224066390041494,-0.05197132616487454,-0.033955985574145475,-0.05753629720944342,-0.035519142604038545,-0.017041236379013447,-0.01167706887798281,0.0005605661434977538,-0.022032374100719343,-0.0069367654960483804,-0.011349251006522842,-0.0036059391239793293,0.0016892655711937543,0.004434387891351754,-0.016847660936004316,-0.00355834685280243,-0.014261093203356778,-0.011564187400276094
2018-05-30,-0.00665292498279435,0.0022735044288439976,-0.004787865279841541,0.0014752166697400426,-0.005263184210526295,-0.003107399374348341,0.0183486238532109,0.023893805309734395,0.01512287334593565,0.009382042062203277,0.020216213375024328,0.02417372947736096,0.013149070131506235,0.022602721828673955,0.009803865271600376,0.01977011494252867,-0.0022059558012516023,0.01143826247213342,-0.0021287494253857675,0.007452565945961442,0.010390830989802202,0.009913567413159852,0.009590806864793189,0.007054571620781269,0.012695791469277351
2018-05-31,0.005542771490595122,-0.019118580315257594,0.008792335912281679,-0.0047873687205418625,-0.02116399526888879,-0.004870445943095825,-0.009009009009008917,-0.04235090751944681,-0.005586592178770999,-0.014313139041488121,-0.016284127598898857,-0.004425557809330627,-0.011159775058611432,-0.0031815471670874063,-0.0033286824779107382,-0.008115419296663595,-0.012159175097979813,-0.014003457875369829,-0.0033600213333333517,0.002910953945396866,0.021900149431450577,-0.009185226797967405,-0.0011116827017184638,0.016098464329626694,-0.006879559888254616
2018-06-01,0.010564974493225243,-0.0016518003970215078,0.0008222331718099607,0.006845495038769522,0.004054108108108023,-0.0023493147083274435,0.014285714285714235,-0.0036101083032491488,0.0196629213483146,0.010935013924760595,0.02134024773315213,0.012965307910157264,0.013710073222452657,0.01730223445829404,0.008906206512663495,0.0036363636363636598,0.021260724403607822,0.007618777848096947,0.018033970525691112,0.007314615699717031,0.011523652161453901,0.0045290425947071,0.01972890609991529,0.03180675427245183,0.010849230126019016
2018-06-04,0.019545477272727263,0.021839760879956538,0.015773890637957866,0.014149228744918307,0.021534292245798614,0.01354009053257621,0.004481434058898781,0.015398550724637916,0.012855831037649201,0.006744002450343567,0.006639328385849019,0.0025599378782215076,0.005690211022757463,0.024108305414327846,0.005517268965517186,-0.0036231884057970065,-0.013878707592356099,0.005259909465545665,0.008357842549246541,0.014455925799078173,-0.0036600133084175868,0.007678732110153019,0.008730995051781099,0.01767756945064769,0.004479598436304411
2018-06-05,-0.015158292127545825,-0.022344541023751607,-0.009382044645745768,-0.009422015028483721,-0.017127851986090903,-0.01452081260325988,-0.02294455066921608,-0.01605709188224813,-0.025385312783318126,-0.0067423681184146655,-0.014936954702947758,-0.00601863921143031,-0.0038539894347024983,-0.010158029667849067,-0.000274403284652891,0.07227272727272727,-0.012962962962963065,-0.000817610251857781,0.007715143616743969,0.018663613484136476,-0.0017590904478430591,0.0046141221497402185,0.00511462585058764,0.00032475926878539063,0.0007025931033490806
2018-06-06,0.00022632412856493644,-0.005630944133109161,0.012573415657302078,-0.009145784128252621,0.012064370296631877,-0.002946993990294966,0.016307893020221842,0.02901178603807808,0.023255813953488413,0.017035999247367872,0.022252875585917264,0.019816550458715554,0.010783651363591051,0.008796237315462418,-0.0016464874216928216,0.0771513353115727,-0.0015009005628516814,0.017264661133464143,0.003465935615662552,-0.0003536864494287917,-0.008292764504065797,0.007028601399344359,0.0029356687946830995,-0.0024393493823263723,0.008567392527720319
2018-06-07,-0.007920321518902873,-0.0006662624650395355,0.0025802290785430504,-0.013106867753622464,0.00927147019867558,-0.002167507389162493,-0.003209242618742003,0.014096916299559448,-0.006363636363636349,0.0052534169616917925,0.004430726256983375,0.0008995861497089752,0.0043977603681262245,0.0009688680768609181,0.0030236667668039896,-0.0181030696576151,-0.00037583613769875956,0.0013271747756407049,-0.0026806269240258196,-0.0038035978180746,-0.01651512002749289,0.004491700425389489,-0.015708859707461387,-0.011452413572881848,-0.0007141886594439484
2018-06-08,-0.01665143704379579,-0.0036666866666666964,0.0025736529700386424,0.011784530710522434,0.017060420843066693,-0.003159537977084237,-0.009014810045073984,-0.022589052997393555,-0.005489478499542622,-0.0002570057861256414,-0.0044111815192019455,0.0008987776218087884,0.0059190463647280644,0.009517663832306456,0.004932748427912026,0.033667333319946646,-0.007894774436090324,0.006827845719782122,-0.009097549504908486,-0.003143348633147358,0.004889005389643097,0.005365974096271264,0.007434575954636369,-0.0026604648620887072,0.0031259043500577732
2018-06-11,0.024356274081274165,0.019069963581197058,0.008663516487613876,0.014790146052874764,0.02193543225806449,0.009904912836766977,0.031189083820662766,0.016000000000000014,0.0064397424103035394,0.0029992587642970747,-0.002504353689077199,-0.003053196839080452,-0.011284813981699338,-0.003994886417549193,-0.010089965098989073,0.025978983095037433,0.007199735020831044,0.012366387771520326,-0.0024517475733281113,0.003046339366898465,0.012903156650349246,0.0030108320994310933,-0.005706917417305446,0.008136532372784222,0.0010687077753774865
2018-06-12,-0.016983695652173947,-0.004267951327617592,-0.009384444240248868,-0.006194206707855865,-0.044191921423834435,-0.00019613573950560959,-0.005671077504725841,-0.0017497812773402677,-0.01279707495429605,-0.00623687908474313,-0.008883719754417041,-0.002341866414767302,-0.00097833846475337,0.0017647520691559393,0.0,0.005291043283864205,-0.0022573363431150906,-0.0007880723492318387,0.005490791308702336,0.005701196497884142,0.004489929160642614,0.001978394024035879,0.0025729341146085716,0.008256671371044577,0.0017433853342918582
2018-06-13,-0.011287767795438719,-0.015496149640467416,-0.010276172290882513,0.0018332355973096348,-0.030383013494478917,0.007455306897090175,-0.005703422053231932,-0.0035056967572305586,-0.0009259259259261077,0.005158393045643361,0.005455923616523695,-0.003972571253655355,0.0007344214074227473,0.0024023222678142275,-0.0022038017136032373,0.009774473684210472,-0.00037707390648555883,-0.0027999329379294613,-0.00821720407738713,0.003596753495217042,5.202702864948172e-05,-0.003540471285506497,-0.004540519288135703,-0.00397597445379938,-0.004026127924157796
2018-06-14,0.003727959167192818,0.0016744808772710673,0.013951995683841645,0.004574565248872231,0.012261607295324106,0.011489795968443905,-0.0006373486297004405,-0.01319261213720302,0.000926784059314345,-0.0007698242246947373,-0.0056200971170580205,-0.007614176939811479,-0.0017939574768154332,-0.016456286946796683,-0.0016565709095371917,-0.0022338792913670913,-0.00264047529234257,0.009728346773606011,0.0005244258106853472,0.011144610212667994,0.02286780265333821,-0.007857936131550392,0.005651958466077689,0.015271508741186546,0.0024715496262726067
2018-06-15,-0.007195960668711088,-0.0006687127916674696,0.008640015999999973,0.005100145533692313,0.021534292245798614,0.0046207355529599425,-0.01658163265306123,-0.010695187165775444,-0.020370370370370483,-0.007404220177296472,-0.002923426175727495,0.004384325744087425,0.0016338288821557967,0.0076347951976154516,0.005531001106194644,0.002238880680555333,0.007564220591368409,0.0025457016210730377,-0.010272578400994048,-0.004576945963508772,-0.004877760325976976,0.0013085537460444385,-0.01271939484755269,0.00012152813995736089,-0.0010171026706909947
2018-06-18,-0.00771571194762688,-0.0003345801338491272,-0.004283010718860725,-0.006886571221457083,0.019762845329042378,0.003641222690686119,-0.012970168612191912,-0.0018018018018017834,-0.001890359168241873,-0.002285266490904325,-0.00762314308053158,0.0018188795925790924,-0.010521172738592544,-0.01676603283517708,-0.005500577406474805,-0.12285934017649514,-0.009384384736651041,-0.004336280245898605,-0.0005295064717116826,0.004557228932999813,0.012560591905215412,-0.006259048120634381,0.007290562487483054,0.018398582625461568,-0.0021261277232105247
2018-06-19,-0.02191331342868308,-0.01706819345655386,-0.0047793372630237085,-0.018613139025787317,-0.005167984362584366,-0.012602635337075285,-0.006570302233902869,0.008122743682310363,-0.017045454545454475,-0.013267608856336044,-0.016742209966515764,0.0,0.010303330036267822,0.000655796010631482,0.0016593196902656704,0.028862522447475447,0.005305115775108504,-0.007258567255043036,-0.016159796203034982,0.0063754806277773746,-0.004134904988501997,-0.004014410410144276,0.0,-0.004601692583868333,-0.00402340225326725
2018-06-20,0.012527126597307703,-0.003064432969788311,0.01168560890530479,0.0011156749928538101,0.020779194805194745,0.005608219021624672,0.005291005291005346,-0.008057296329453845,-0.0019267822736032114,-0.0021899088326499117,-0.0006009415304863985,-0.010893282102640511,-0.004324051562372477,0.004096346126435391,0.0066261179838178474,0.01650160891089114,0.02110814093071478,-0.0008299976155244915,0.004362087255919356,0.00881951990698182,0.022836573425576656,-0.00882549724081283,0.010013900356792504,0.0015238146243301554,0.0017121541196234435
2018-06-21,-0.012847894666854542,-0.0017076503432097434,0.013449398521370393,-0.002043090638930267,-0.008905801753328224,0.022115423076923157,-0.011842105263157876,-0.017148014440433124,-0.01158301158301156,-0.0036871695820815953,-0.0020043696533248445,-0.002019107929515318,-0.004834513234722171,-0.0016318374939920943,-0.004388370937695396,0.0032467533785209834,0.0,-0.0036390926279743496,-0.005576364611260098,-0.011348044374722255,-0.0024752475247524774,-0.009675418576897687,-0.007166034931794352,-0.010411622404769227,-0.006345510301846269
2018-06-22,-0.0033744033080547187,-0.013684571208398388,-0.017798640852522807,-0.018797673552949812,-0.014120641485991237,-0.023330234305541597,0.026631158455392878,0.011019283746556363,0.0126953125,-0.004229412357554141,-0.018075958664873215,-0.007908773365988053,0.011445031159613706,0.00474012749264463,0.005785096578101889,-0.018203843778472728,0.025101513473606563,0.009845551668766328,-0.0029117220786488707,-0.00840929317882666,0.0011910918114144131,0.00021238230088505006,-0.007217668649571629,-0.0018831556207976607,0.0018619344893302525
2018-06-25,-0.040386894335520895,-0.015955519221179992,-0.01859796534732161,-0.026745067777976805,-0.027343852742507724,-0.01213640916971681,-0.027237354085603127,-0.01089918256130784,-0.012536162005785778,-0.019821303073687235,-0.01963589731306814,0.00037078235763421397,-0.002035167764088852,-0.00634454194982037,-0.0035605863358305623,-0.049855830243098365,-0.012243428159884773,-0.014388442316083716,-0.014871295695435882,-0.030611958391225436,-0.026717551632855274,-0.017624617905043993,-0.020117567169900652,-0.02654301375260537,-0.013724669170993464
2018-06-26,-0.014868951612903136,-0.017624250223859717,-0.017978635633992934,-0.004677470187537058,-0.013386881573594689,-0.0021451053460432856,-0.0020000000000000018,-0.010101010101010166,-0.001953125,0.00018059493213029576,-0.0029209054871688345,-0.009822072087140032,-0.0019577290792961444,-0.005893925805699807,0.0,0.010841284078112912,0.0014582209259934586,-0.0037493637021037696,0.012405950485810058,0.016799411716810875,0.013496276643862215,0.0020895526668121,0.00701293837801531,-0.005645484719122629,0.0022045773020529236
2018-06-27,-0.021233103095420813,-0.013275966417970686,-0.010226010057298174,-0.02310556099471306,-0.018995821926503176,-0.0156341417093665,-0.01603206412825653,-0.03710575139146555,-0.026418786692759433,-0.006318300331092153,-0.012554969396213145,-0.002807430282612877,-0.006048197892083329,-0.01383399186702916,-0.004672952043074385,-0.021450022370228305,-0.004732399152981404,-0.006405917341459455,-0.001463905068108562,-0.018082985893608017,-0.01587941708542706,-0.011504213236925409,-0.015543005338251703,-0.012946356154809102,-0.008604355207870173
2018-06-28,-0.0015681391305876202,0.009818225454545582,0.005332511425846009,-0.0018039687673676585,-0.0027663345634116876,0.006551558597410301,0.00746775288526802,0.00867052023121384,0.015075376884422065,0.014715256167711743,0.023310066185845857,0.006569106729900742,0.003206964861385053,0.007013994538844548,0.00414255741901548,0.024550724443258343,-0.003291880029261174,-0.013176467850074314,0.007276259616067371,0.024655040170459497,0.001991421609301769,0.018620869031739096,0.011174861480675924,0.00927552236952689,0.006178689940068205
2018-06-29,-0.006282774704639338,0.0007201368071960701,0.0009944803250627743,-0.005220843478330295,-0.0027738697024651815,0.0035502957879625097,0.0026954177897575704,0.014326647564469885,-0.006930693069306937,-0.012756203676986821,-0.018430295745903935,0.03374972899963202,-0.005409868852458977,0.006633532448317325,-0.0022002749669891575,-0.005562729757692342,0.01394491743119275,0.001796659905185738,-0.0021024258760107273,-0.0009697035161277956,-0.009733420164774409,-0.0024278493073047747,-0.0002027375099687978,0.0012834566218702381,0.0007584031112997103
2018-07-02,0.010537460762314321,0.0107952503230353,0.013081652808108135,0.007670508525020159,0.004172378187138337,0.012971697858260578,-0.0020161290322581182,0.0018832391713747842,-0.0079760717846461,0.012195620050916567,0.006751033470420609,0.01587303419684405,0.0019779628145033534,-0.003953904382966944,0.0013782525186949446,-0.013339070567986222,-0.0014476656332851334,0.008722589202292186,0.011182496893738847,0.008224484996470327,0.015644266624589065,0.0011453400389123125,0.014197353065638962,0.010585700484868177,0.003067957504331309
2018-07-03,-0.01590200688472343,-0.007119971672195913,0.008009120627656019,-0.022836519344411887,-0.001385013927147627,-0.00038806751284292673,0.0013468013468012074,0.005639097744360777,-0.005025125628140614,-0.012899713627602671,-0.014668922576091314,-0.013494300426136419,0.009294266996310752,0.004134965334683605,0.0005503990888853227,0.0030527692978630228,0.007973867343240348,-0.0020203653146979583,-0.017416348644784696,-0.011565117847455064,-0.02345969282803162,-0.0020734591586339945,-0.00959902990502881,-0.021792300258900332,-0.004947350540742024
2018-07-05,0.0063576688741719956,0.019361757318646644,0.007621226126843794,0.009840078102502758,0.008321747803654578,0.00659939829192524,0.008742434431741719,0.040186915887850505,0.01414141414141401,0.0016335420266462286,-0.006805593364525797,-0.005759521134637846,0.018661894048259242,0.01531872863315309,0.014305392809099926,-0.003043478260869592,0.01114714171690534,0.014252182593767593,0.008046933449325833,0.003406231040191665,0.029678831104214876,0.013326545150921909,0.007168086607730828,0.019385437087305668,0.008620803418080136
2018-07-06,0.0026322188664271717,0.013366226381972268,0.0032185549278815895,0.00649622438068298,0.0,0.01696878100715815,0.0020000000000000018,0.029649595687331498,0.0009960159362552012,0.004756672901226056,0.008351156138090898,0.011766780891861783,0.006000000000000005,0.00908504232779106,0.006509411622170003,0.0013082860880941904,0.007112339718622351,0.0010379041916168674,0.013861963920688947,0.006412797990419605,0.024086667030788655,0.007424189012015248,0.014033700600767807,0.01414253134669563,0.008481281619413306
2018-07-09,0.03202943029666572,-0.02256161008202129,0.018447256977863313,0.018757482099335254,0.020632738411705098,0.009859612822919583,0.021290751829674104,0.00698080279232105,0.011940298507462588,0.027954426239600316,0.028031429178169365,0.015745231986853403,0.0023857097415507234,-0.0028939067058857404,0.0013473187456933822,0.025696865230699695,-0.0045903601694915475,0.011604733841217296,0.0138851944459224,0.016596233502872426,0.007430049843626385,0.013405411662139599,0.006820818235633963,0.012173627147145094,0.008822986064321858
2018-07-10,-0.004833426486048675,0.014559680087506743,-0.009450354088821666,0.0017818254516659415,-0.006738544837657456,-0.004881674986168871,-0.009120521172638396,-0.009532062391681029,-0.009832841691248762,-0.005000214812048376,-0.006403676926254875,-0.002642258234983319,0.010551320653280793,0.004514656562399244,0.0072658772874059085,0.010615711703427344,0.0028378502008568063,0.007371762584237551,-0.0012068002938399047,0.0023288553055300643,-0.005861150584615782,0.0022162753806791446,0.0026510064339912986,-0.0010485533110531353,0.0034732671751058763
2018-07-11,-0.08077709817937362,-0.026251311463018068,-0.04293210435573391,-0.015019723913823002,-0.020352782651440027,-0.00886794339622643,-0.02366863905325456,-0.024496937882764636,-0.002979145978153075,-0.005245765785873546,-0.007276465999021431,-0.009713864530446203,-0.00894959198342582,-0.006420497695353022,-0.005877664974619168,-0.0016806303227154817,-0.008135797665369648,-0.0037176059561055963,-0.012976117132603382,0.006844277263443832,-0.004913039375018524,0.001589351039144038,-0.0013709361132705489,0.0009195187808053173,-0.007094202737347177
2018-07-12,0.010289293945753286,-0.0003594751821938136,0.011131450591982839,0.017857142857142794,0.00831036057121115,0.004568836942106191,-0.002693602693602637,0.004484304932735439,0.01294820717131473,0.006913041621677829,0.005654450261780131,-0.0007134118066702833,0.012040589544369373,0.012277834821394551,0.008331120890382238,0.019781144781144677,0.024250997708594957,0.005734679378367913,0.016765999217245087,0.023715096866096852,0.021625383387862573,0.010418069402261976,0.02167090542250727,0.025634765044428187,0.008749042481676073
2018-07-13,0.021745030457196224,0.02984533556608393,0.009365740891131402,0.0007884880741180211,0.009615329142014906,0.0060640515444381204,0.0,0.0035714285714285587,-0.001966568338249708,-0.003564813821121393,0.0012495210329028783,-0.011957844225554903,-0.014323747427618216,0.003670587296521033,0.00026649786780374995,-0.03425505571605458,0.011490251096457182,0.010349635321990514,0.0015704339632518494,0.009133836896878078,0.0019331577608077133,-0.003755568530329212,0.011901314677007058,0.0045120881554752135,0.0010792376622543731
2018-07-16,0.004310344943705413,-0.03107539869571363,-0.0003255738238646666,-0.001969706519598269,-0.014965959183673494,-0.0001883217178376695,0.02903443619176227,0.08007117437722422,0.01871921182266001,0.022216323974801,0.01705490777641816,0.029443659150222956,-0.009846724370682125,-0.004770217916524322,-0.00399674937374761,-0.014957307692307631,0.0013769707875033177,-0.006648631311234832,-0.002195139288141079,0.005217762998232178,-0.00043416456184086627,-0.003015675243961957,-0.004932144550886863,-0.004172171754594722,-0.0010281357433985505
2018-07-17,0.0026824571534995734,0.0018018018018017834,0.006350740921674092,0.009275725647354571,0.0082872649644401,0.0026375093203652167,-0.006561679790026198,-0.02224052718286662,-0.025145067698259194,-0.0018147165415250965,0.005725930236158305,-0.007545200647650407,0.03544790223036487,-0.0009586355647868139,0.007223140523725524,0.00216924087502135,-0.0010313166036438615,-0.02603322326108848,0.0028285159954215544,0.011764160087375686,0.013318578648237711,-0.013543255226159845,0.009913191882062966,0.01261978966203503,0.003973698563198402
2018-07-18,0.0264846969907786,0.029136712230215744,0.022491909749060124,0.032459914596400186,0.03643841095890421,0.012777169996671,0.00858652575957719,0.017691659646166924,-0.003968253968254065,0.0009523028144351464,0.02806020740138271,0.0001767857111600879,-0.010146371232698015,0.0065568528155581784,0.0002655511147116041,-0.003030259740259833,0.006194115835998382,0.02049624492977631,-0.00548448170247029,-0.0005477485427437534,-0.003000161841036131,0.007178193352213036,-0.007833827498834212,-0.002435805706244132,0.0021605124999144465
2018-07-19,-0.006254834669138232,0.005242921945272538,0.009495205087754366,0.003787897799013118,-0.002114776520498185,-0.0022264006595028585,-0.0052390307793058755,-0.004966887417218624,-0.019920318725099584,-0.006962463091107374,-0.01404278057668551,-0.004242496022626829,-0.014553998093411624,-0.006831919396757535,-0.007965985130111486,-0.01563182737160962,-0.011285909712722253,-0.00974866893546833,0.007773172595511468,-0.016251422896781942,-0.006066130081839205,0.0326598454840894,-0.006849324385959088,-0.007458979130602672,-0.003952993137390615
2018-07-20,-0.0065565170061233635,0.0027815993856410426,-0.049537544293187796,-0.019056566037735867,-0.0066225165562914245,-0.006507977064112547,0.0039499670836076195,0.0008319467554076532,0.012195121951219523,0.008970940012826167,0.008425316285870288,0.001420166823356439,-0.0007146577621938155,0.00016000640409563616,-0.0008029710705842463,-0.0035288928098810013,0.019370425458318907,-0.000909326716345582,-0.0022930998062727914,0.00040264318310656577,0.008890412973048267,-0.019364774210507307,0.017911829158777204,-0.0017270397210981114,-0.0009484476712288137
2018-07-23,0.004223864724818727,0.003814167901820431,0.01500907116923833,0.004808616856756487,0.010666719999999907,0.002433108740407919,0.011803278688524488,0.012468827930174564,0.00401606425702794,0.008934321645868826,0.009349552416948459,0.028186491756780674,0.00619784674132462,0.002719113883557167,-0.003214652921797234,0.0035413899955734074,-0.0027146251345309125,0.00015832212297173243,0.0008879857733392615,-0.006450874629813641,0.004620377206626891,-0.004441468898880752,0.015997026893677102,0.017376817993930427,0.0018380493665326458
2018-07-24,-0.015509989077024389,-0.03557854231433499,-0.04111152029393039,-0.01071979285146274,-0.040897201008063266,-0.03080659016417875,0.01620220349967605,0.008210180623973606,0.014000000000000012,0.009069173705278377,0.004729956455263862,0.006034448275862081,0.02155890440398589,0.01164458464898055,0.013168557193457442,-0.002205513895015554,0.002041578837753688,0.004035728336715172,0.007254318668127979,0.015116531631520491,0.017827480577924604,0.004667179231307772,-0.002871140104925951,0.035321406885109985,0.004780911191251125
2018-07-25,0.01975962564059741,-0.002149018532277114,0.001694678925425297,-0.0003869969040248833,0.09628611258795661,0.007320381429396949,0.0006377551020408934,-0.008143322475570036,0.0,0.003433936674708704,0.001176951745782695,-0.002056521064490946,-0.005720516344152049,0.016871649854041326,0.007692334013465807,0.007515472700465375,0.028183360672890956,0.004334828269523028,0.009430093264248818,0.018789221309337245,0.013183034547752825,0.0016394998756830148,0.029444527979025414,0.012515219818176382,0.009101605053168704
2018-07-26,0.04791833066033857,-0.15254845328323507,0.09558451876865992,0.04490902051877654,0.017565897995779123,0.08433734778471336,-0.007010834926704845,0.0016420361247946325,-0.007889546351084853,0.001774468699358156,-0.0009796042127820925,0.0013738794435858015,0.012906267023257367,-0.007442952626545263,0.0044748089247270695,-0.012724922653579496,0.001981472853980426,0.00839676289572,-0.00313109524151145,-0.02983992651230616,-0.18960921839080458,0.0006139135388729677,-0.010917612362760676,0.0036638483655364595,-0.003032296041138749
2018-07-27,-0.008245902048975573,0.05760266689700977,-0.017140209476831036,0.008892163764357308,-0.0308261413274018,0.02962962910706124,0.007060333761232274,0.0180327868852459,0.010934393638170947,0.002235241017944256,0.0011766424327654956,0.005487909355377907,0.009748265349618146,-0.008123730413256425,0.006551362683438144,0.0004444444444444695,0.00856954515491104,-0.004085614785992231,-0.016631542489818463,0.005127223451327323,-0.007772586173056539,-0.010633310105424454,-0.01769752733905683,-0.023519081812177878,-0.006562208676543113
2018-07-30,-0.018140539635689956,-0.0024028434505861673,-0.019952882326696564,-0.012302570919988542,0.012722646634164114,-0.00822197656351531,0.009560229445506607,0.029790660225442744,0.012782694198623545,0.005512531583540481,-0.002938237080083006,-0.002387838949550858,0.004712998752268938,0.020790612039987,0.004686279614683819,-0.03553980453131944,0.0019607843137254832,-0.00824380162036098,-0.005602639137137766,-0.02093802714029258,-0.0218994855160356,0.00234248028973405,-0.021452423848439928,-0.015147363746467524,-0.005754170045876084
2018-07-31,0.014626635498418139,-0.007627498812665667,0.007213866508273936,0.011712158176014897,0.007537663505971404,0.004490466166132467,0.013888825757575773,0.02111024237685699,0.003883495145631022,-0.0063611802430781905,-0.006679783627513425,-0.020516343972769913,0.0026481501497790383,0.016355578347649447,0.03472402176729705,0.0013818978066280074,0.0003261578604045745,-0.0024424637951854233,0.0020008845874177617,-0.0010004552719804494,0.008885794561975802,-0.0038491441388018854,0.006738151084611843,-0.002033203814199802,0.004884728652428727
2018-08-01,-0.035407232286109314,-0.013349522869733454,-0.027852935608692175,-0.015251709491058696,-0.0274313729392206,-0.028198074277854035,-0.002490597913486936,-0.008422664624808673,-0.009671179883945835,-0.0058543572462641524,-0.007515842414639207,0.00628383651101716,0.0009054859370514201,-0.00576901446322986,0.008514901076884573,0.0059798068077276945,-0.003260515161395583,0.0005923465737605049,0.058910129125445465,0.011100292361439612,-0.005388851484658175,-0.009866784441230125,0.0018853412163397643,0.0022591722207321308,-0.0010403516539227997
2018-08-02,-0.005506004339433823,-0.004510004210988128,0.008513359249726182,0.005971263295390772,0.020512794871794915,0.0030077671620665214,-0.0074906367041197575,-0.031660231660231686,-0.025390625,-0.008684918068100456,-0.0073734356317257665,0.011101456683383804,-0.010479485905303676,-0.00412272115201473,-0.015396026818972008,0.02286236749600512,0.0160287536800785,0.010695788978485998,0.02923076923076917,0.020676903737663288,0.02749782210886642,-0.003763017421602899,0.01213775886467583,0.005032757067296556,0.004926445059597828
2018-08-03,0.012918481413129346,0.03047772602178367,0.019480536346770716,0.00649226488592114,0.03391967421908726,0.01270067053626156,-0.006918238993710801,-0.0031897926634768536,0.007014028056112176,0.0004273302186561523,0.0020076088735672126,0.009264041700737025,0.005333310476190345,0.010886215717782699,0.022446379700056474,0.01922208228779243,-0.004829330483880567,0.004451788729589401,0.002893119243936537,-0.006018501177440294,0.007994579803668023,0.033156056015022584,0.004369257227851753,-0.001990019942290533,0.004644183025969362
2018-08-06,-0.00026022906091782705,0.013189464639320025,0.00509554148241298,0.002948765313260715,0.0012150424682846328,0.006619073332172043,-0.012032932235592098,0.0016000000000000458,-0.010945273631840946,0.007860212018628854,0.0016029252654778947,0.0010198367832794375,0.000530557041240387,0.004398619748217758,0.012333497475740085,-0.013157851454291714,-0.00970556454221938,-0.0017883173867183633,0.005192576466318988,0.013415288010576454,0.04449321096013725,-0.011306689464590791,0.0008329877745929526,0.0008662665450018814,0.003538227209060052
2018-08-07,-0.003905285082009713,0.01183431952662728,0.011723732758614158,0.005145222533819327,-0.012135922035535818,0.005191192157965263,0.010897435897435859,0.007987220447284393,0.001006036217303885,0.008053274515207542,0.0028005399959776245,-0.0011886398571683277,-0.0042417586959019316,0.0054364390601564505,-0.004873318594704523,0.045333333333333226,0.005227017143841328,0.003466209554984667,-0.00937488843449985,0.007971846840752361,-0.01012442231542432,0.006710922459158608,0.006936095633111039,0.014247532773540739,0.002824182317137769
2018-08-08,0.00313651349380617,0.00545806627680312,0.004541199427792186,0.009689195435298004,0.014741965239755128,0.012566706834222785,0.0012682308180087531,-0.007923930269413626,0.01407035175879412,-0.006138868047438462,-0.00019952124078348454,0.006290360421625341,-0.002206062563194555,0.0016521477425011089,0.013956904995102715,0.008078188775510142,-0.010399707507312339,0.004502247339466248,0.0006759692916806781,0.012907542769936109,0.007453321445550554,-0.0008162438207008904,0.00560250750190594,0.002728996537763706,-0.0002623799656654713
2018-08-09,-0.011985486920649158,0.010856991334400767,-0.006235416797025217,0.0019916711931922126,0.015738547596575003,0.002890207412444612,-0.007599746675110763,-0.009584664536741117,-0.011892963330029649,-0.010957380610005063,-0.013567438419142874,-0.012671059514631877,0.00022870321306256436,-0.010346408446651467,-0.009900990099009799,-0.022775159121685262,-0.004926173894050145,0.010741462932200907,0.007864916767189367,0.006360918449198394,-0.011286300243028902,-0.01443253464791694,0.001643985782153523,0.002801832870663601,-0.0014416744482073085
2018-08-10,-0.017405064209127796,0.00345222078470786,-0.008156862745098081,-0.011384188651969662,0.0011918712469161097,0.0,-0.02552648372686661,-0.04677419354838708,-0.026078234704112302,-0.01783727443680927,-0.021237864507238302,-0.006673511407828792,-0.0034298552613534206,0.0010606060606059842,-0.0017073170731707332,-0.05697022011221409,-0.008910825376594933,-0.004702056725441439,-0.006463060006452359,-0.006436577371462193,-0.015456884929966441,-0.0020032326586106874,-0.006109218676196293,-0.009198615980119063,-0.007113887974094513
2018-08-13,-0.012613983500482373,0.011085603721278092,-0.02119248774315985,-0.008956278723382893,-0.0023809047619047785,-0.002542837682900756,-0.017681728880157177,-0.03130287648054153,-0.016477857878475777,-0.0119768302252653,-0.021492064920274223,-0.007579638373464981,-0.0040535296367113505,0.009838065687906905,-0.002931810408013713,-0.02151034324942791,-0.00432903748488056,0.002112532768812514,0.006456878523586784,0.005248317734630081,-0.0011649395641001314,-0.012250754768847072,-0.007247715596330306,-0.002100803186393274,-0.004005991954140198
2018-08-14,0.00815436237688627,0.01928168620037818,0.013895637645752634,0.009959369052759737,0.005966586827370612,0.004248810333106645,0.006000000000000005,0.003493449781659441,0.003141361256544517,0.011901600053329853,0.01077091914555095,0.007984707377457045,-0.0055291122290807015,-0.0038969124116170484,-0.002450428756421652,0.006548222944257276,0.01036785953177266,0.009850166573145192,0.004213166164852122,0.012366877758663186,0.005887242334564169,0.004554649065359628,0.012475732487531088,0.0057408166270651595,0.0063892546712602805
2018-08-15,0.009436478835265438,0.008902054698025408,0.015776924302788764,0.008582944068040277,0.013048611480492855,0.020984972076493413,-0.014579191517561374,-0.026109660574412552,-0.025052192066805867,-0.0013504007784492789,-0.008566652558155918,-0.0013776132254176288,0.00718141312741305,0.013692506977016405,0.01105381997184507,-0.02927513940520443,-0.008937372027056356,-0.010892765599588516,0.002336133492252701,-0.019289989600729474,-0.008723990896560174,0.0038365164352920367,-0.017342041207412118,-0.022317020799942466,-0.007602164923620203
2018-08-16,0.01923079645381387,-0.002205904411764714,0.008942516192578687,0.003983360492485932,-0.004683864058925957,-0.013426188847134424,-0.0026899798251512896,0.0017873100983021306,0.01070663811563155,0.016357688113413316,0.017913550728902994,0.011553681270781713,0.01571726680994301,0.02196815992423229,0.006316763848396523,0.03829593290071487,0.00033400132484961986,0.009554587864313735,0.014649942643646385,0.0020715943793001568,-0.026903592864165327,0.009936710167835372,-0.0001858164523196315,-0.00649715490004299,0.007919408407494277
2018-08-17,-0.00969599056603776,0.0,0.010729311482796211,0.003606870989957267,0.00588235294117645,0.0026881720430107503,-0.0013486176668914274,-0.000892060660125038,0.010593220338982912,0.001630922746781227,0.0014492753923245338,0.003409495397204143,0.015021173460784132,0.0030501090210632853,0.01617580956908804,0.009220746462851759,0.005676126688610061,-0.0029267160107931955,0.019969959873618714,-0.0022793550847129973,-0.005151654352919088,0.004953915094369377,-0.0005573857353901035,-0.004583568074195132,0.0033231159317150816
2018-08-20,0.05821648430228943,0.007737678874082832,0.028307630769230707,0.031805856898261986,0.028070198830409288,0.03267427949061652,0.0033760972316001503,0.0017857142857145014,0.004192872117400492,0.010283631624740108,-0.0016538764038428466,0.0028881752822260687,0.017922242746172268,0.016072980482855215,0.005702114516512147,0.019643719490348044,0.013944222644614257,0.00026686617416693537,-0.00974350583693362,-0.0029273996051973894,-0.007479879042349591,0.00308090514967696,-0.006599730310471563,0.005670512940605832,0.002428017769041446
2018-08-21,0.008502125106170322,-0.0010968482632540688,-0.0037402755080955252,0.0031347963474328555,-0.005688282009367884,-0.010222310397171697,0.013458950201884257,0.02852049910873422,0.010438413361169019,0.012172342913615797,0.005177055183742896,-0.001185837729727801,-0.011177666160956168,-0.014251104866783715,-0.004016111315090498,0.0022401881720428563,0.010478061215518641,-0.002705762256991484,-0.0019493919261340809,0.003575450197122798,0.0006956231884056585,-0.003685714411498009,-0.008327874754527675,-0.0050920497264868025,0.002068536391957476
2018-08-22,-0.028266871893534717,-0.01134701999939891,-0.025379097484853452,-0.011979132360386613,-0.04004576567400997,-0.006393426229508226,-0.0073041168658699585,0.0060658578856152,0.005165289256198413,0.0028912718095439605,0.0012360321129782914,0.00356171987044962,-0.005467343680797487,-0.0018793841804072287,-0.0021347248576849553,0.04157344472179503,-0.006480913594267279,-0.003630295359927538,4.655878149395498e-05,0.0114047740271368,0.005908956259673248,-0.005001000171261261,0.01019055453319817,0.0047518858072930215,-0.0003981519181294191
2018-08-23,-0.00918594052528554,0.008515320062599363,-0.003081741045246833,0.000527130557020028,-0.017878426272266323,0.006599521422215648,-0.004682274247491569,-0.02670111972437539,-0.0174717368961973,-0.012534470001411724,-0.009670720562581114,-0.009295234385507278,0.003714434264063371,-0.001013904967933077,0.0030901117185642146,-0.0025750644882002183,-0.004566210045662156,0.002608050264940154,0.002046035767569565,-0.0010499238672905253,-0.004261719674393705,0.0008950013462198925,0.004670278435835673,-0.0016150936952318284,-0.0016912621635861713
2018-08-24,-0.00025758432873634884,-0.005873737280625679,0.002009350943246613,0.004214980755443909,0.004854393086058506,-0.0003277495599984803,0.0047043010752687575,0.007964601769911539,0.0020920502092049986,-0.005204345522625831,0.00020772906279398207,0.0011941317160377718,0.006217126739566758,0.0010149340145726438,0.004739360077266275,-0.013339070567986222,0.001965923984272644,0.01094019530937751,0.003109192944281469,0.0013085243410559944,0.010121457841114845,0.004608915340473363,0.007809631978609843,0.012668219927872482,0.006198839727256322
2018-08-27,0.01803194229778482,0.007754823091055796,0.013111182689767853,0.009968520461699937,0.009661762818272246,-0.0013117231903025939,0.014715719063545185,0.029850746268656803,0.017745302713987554,0.03185744956889347,0.03635230652996069,0.006985840977778768,-0.0075763076331660795,-0.000724261287307959,-0.01933962172926318,0.017444395987788797,0.009156344015696538,0.010594778305565322,0.008234640854281272,0.011698412831243843,0.016089396487468433,0.004450897227857187,0.011070073596493035,0.017343154535505168,0.007670409488520269
2018-08-28,0.029605237854250843,0.0014657164118516697,0.018727222898903717,0.018008675324675316,0.010765574420229074,0.006895452306681982,0.0,-0.01534526854219942,-0.01333333333333342,-0.0009481079732538422,0.002204870759768829,-0.0005075803894274422,-0.0044470131106879585,-0.005218162203744381,-0.0019240499315031911,0.0055721817402487606,0.002268276012045378,0.005354287365604948,0.008075580286765582,0.0026663615620936554,-0.006762154585060909,-0.0006817506212862812,0.006021934416458707,-0.008592165099593263,0.0002692785692512967
2018-08-29,-0.004669427492490219,-0.013172250852788059,0.006874891234500469,-0.004592634723717626,-0.003550343195266259,-0.0017935919845558645,0.005273566249176076,0.00952380952380949,0.0010395010395012338,-0.004002149688537182,-0.0009999800000000114,-0.0018622143219908516,0.0040202052699416235,0.0026227744116029683,0.0,-0.002983802343725639,0.008406110572259928,0.001824848168602733,0.014929449520791005,0.033774501414421954,-0.0020424430398968685,0.0064806400567742894,0.015962225358929327,0.014742334115407374,0.00570143394557121
2018-08-30,-0.002469086419753075,0.0022246050178149623,-0.0026718271038222996,-0.0013670710868080027,-0.017814727687160414,-0.006533828707386058,-0.013114754098360604,-0.020583190394511175,-0.018691588785046842,-0.00828500434842594,-0.01301305279253151,-0.008480325788336573,0.0006673290770624618,-0.003923804793599772,0.0,0.00897823894733829,-0.0019237575529412743,-0.002267602230483279,0.009193667758429669,0.0021420494727035777,0.009892012844525677,-0.010912295488586743,-0.0006248884295185775,-0.008148606099990574,-0.004430328968448305
2018-08-31,0.0019801484168242567,0.008139149454938321,0.004464890475817995,0.0006844798200629221,0.003627618071468941,0.007892124301216663,-0.006644518272425293,-0.014010507880910739,-0.00952380952380949,-0.006641587468043109,-0.009533407901286206,0.0003421313777305368,-0.0019266024881794408,0.0007294280605567582,0.0004819277108434328,-0.0207626694915255,-0.005460970300705803,0.00026072504970042765,0.01155403279562739,0.0051588389687300396,-0.010752099812835425,0.0037689510476437427,0.0033944172414761553,-0.01689106308061794,0.00013447760553075838
2018-09-04,0.007164031620553457,-0.009541306422018336,0.00563053802431579,0.006839962380301046,-0.0024095903614457237,0.011256166578403892,0.01070234113712365,0.014209591474245054,0.013888888888889062,-0.0006307304203417852,-0.0024575669687664226,0.0054719391244870685,-0.0072017297913470335,-0.009330792204740757,-0.0036127408477842904,-0.05625278856543536,-0.0019379522589778597,0.00018631826594983636,0.0032069410322550507,0.013315405358596433,-0.026005759426523944,-0.005461517079779266,-0.005519478224526364,-0.01739461169955603,-0.0016543222059174356
2018-09-05,-0.02698067206279131,-0.008521630422859472,0.0075142769626812544,-0.02836280522481638,-0.006038647051273105,-0.009517663832306344,-0.001323626737260053,0.004378283712784592,-0.009483667017913588,-0.00042079440510311983,0.0002053377172108739,0.0025510544651539124,0.016003589470508617,0.009860280052698123,0.011602586695735662,-0.021549702959637984,-0.012944983818770184,-0.00324008404751841,-0.006524802942722174,-0.021912157224469708,-0.023253160241805015,0.0067271488679985225,-0.028824644425965773,-0.008788654970760201,-0.0028031266678487654
2018-09-06,-0.029997430299845362,-0.0052316665493646886,-0.019596315571642986,-0.013459185692347275,-0.04131229446841822,-0.0060261072955666295,-0.004638833664678654,-0.007846556233653046,-0.009574468085106314,-0.012796741983471471,-0.016215126924976953,-0.017302815652199932,0.007434079144456707,0.011075400273590885,-0.0016726165673891513,-0.02296157450796621,-0.000983639344262266,0.007510009293640207,-0.01661739351377245,-0.01830234707308276,-0.02781429713303074,-0.0018410268146453745,0.0023043598913146113,-0.012676184388715872,-0.003652305145078638
2018-09-07,-0.0012993762993762648,-0.004132253758125315,-0.0023866944751388397,0.007441566396909405,-0.008872065681316488,0.014255333676148396,-0.011318242343541951,-0.02196836555360282,-0.010741138560687369,-0.002601057434742371,0.006050511162111416,-0.009148938373899518,0.00328787912938866,0.004179893521759626,0.01005270488398069,-0.010071990407673925,0.0065638663132217,-0.005080641685458409,-0.008068148522881291,-0.0031864785514027494,0.0031378453401700312,-0.006421217340127128,-0.004874002296744617,-0.0056426153562404435,-0.0022133447617470603
2018-09-10,0.026021337496747288,0.0,0.01898931006231952,0.012310938932273308,0.005115115351156829,0.009854539261565876,-0.0006734006734006037,-0.0017969451931717506,0.017372421281215855,-0.008550296976609806,-0.005806760559793456,0.0010452438660193408,-0.0008010486046655663,-0.0015788718696391202,-0.003317535466409116,0.0014535368921289038,0.0006521356374307175,-0.03186964377467438,-0.013420713720366573,-0.006690301250096731,0.006992149466051423,0.001375022372809065,0.010812291015731335,-0.00016306328577975204,0.001897826752650822
2018-09-11,0.01902104996195786,-0.044134333214613464,0.012032266704849137,0.012334937242270083,-0.015267125070410281,0.007518829227926016,0.006064690026954089,0.011701170117011772,-0.010672358591248599,-0.00733041684566571,-0.0016687109234191366,-0.0013922381028931285,0.00947444015508303,-0.006900460232905692,0.005943889540088287,0.0,-0.006190974056990095,0.0050436913122065,0.02528286538725788,0.024827109582585383,0.010719996802533549,0.005767326018564889,0.017004946526008702,0.010921804021992276,0.0037398415912945904
2018-09-12,-0.022897013439522107,-0.01894233667582479,-0.017543844895695937,-0.015102128024712558,-0.010335968725168732,-0.025563686884725212,-0.010046885465505695,0.0,-0.010787486515641764,-0.008948407703232464,-0.007939845216467956,-0.025095886631302022,0.006136784569229059,0.011291241711313349,0.002363483754112883,0.13884862119013053,0.011147540983606596,0.006244268862249269,-0.012419030157014732,0.0014342027353642095,-0.023743533521230153,0.0005461259967873833,0.004225107950828866,-0.012349696936574617,0.00035667183935816915
2018-09-13,0.0056037190832254336,-0.006838342554183252,0.00974020042089152,0.007492612083857875,0.014360287581208553,0.016131693272473324,0.010825439783491264,0.010676156583629748,-0.0032715376226826187,0.0007889897205082264,0.005054780960404459,-0.016803700693666435,0.0038030855065793734,0.013884926798097164,0.010374864418769114,-0.017841970355056525,0.003566828793774235,0.010735816273020893,0.02415522597710318,-6.532914572865423e-05,-0.0039506111111110576,0.016237906026708382,0.010742144935477205,0.010758337989499767,0.005282254410650333
2018-09-14,0.006585663627153071,-0.005670287703611665,0.007161736543751296,0.0019024558976132866,-0.0025739512264582043,0.0011224983784077214,0.0,0.0035211267605634866,-0.005470459518599591,0.003985472745714702,0.009849077748342872,-0.004909090909090974,-0.00285934664993448,-0.012000550275291455,0.0025671179727944082,-0.03330454008198347,-0.006462067642582614,-0.0006779615306775622,-0.011351123866417012,-0.009890120484981724,0.005949466993372177,-0.004162437143251374,0.004074032270869443,-0.00238224762817163,0.0002754815537373556
2018-09-17,0.014594815571473907,0.046843177189409335,0.0053692494343782204,0.000517849128258252,0.030967767741935548,0.010731987826365419,0.008032128514056325,0.009649122807017463,0.007700770077007757,-0.00588905064803158,-0.010583087997158902,-0.007674017906084352,0.0033694313796890363,0.006287438998823891,0.0011638501202013707,0.008948501118568153,-0.0022764227642276813,-0.005427624329483405,-0.0266261262799522,-0.031550212853309945,-0.01071959662988431,-0.0026292725324713606,-0.010849466062023416,-0.014055060077271642,-0.005569722032989777
2018-09-18,0.011656770833333274,0.016342459143968924,-0.0005773816480569849,-0.002242874434832287,0.012515644242411916,-0.0007923772041957822,0.0019920318725099584,0.006081668114682914,-0.0065502183406114245,0.004388081988626391,0.0035653942953020046,0.003498416433466822,0.004143940918779787,0.0,0.011625203981641574,0.05587583396345175,-0.00032594524119944346,-0.0021979990563156804,0.0016522856314982182,0.017305817779663446,-0.0017436729138912144,0.004190861103273491,0.009541644458191945,0.004472057247410843,0.005369014724770915
2018-09-19,0.019857734252078263,-0.02143953193999093,0.006354737329715254,0.0012104443641554052,-0.012360939125811155,0.0009516574298438218,0.02054340622929085,0.031951640759930955,0.025274725274725407,0.029228026690672593,0.02612330307725408,0.013211027522935792,-0.0005691333711680402,-0.006248154110995774,-0.005745805826053996,0.010919824062151307,-0.0039126507988263,0.0077480266256515495,0.0005956378189948541,-0.007537160109569063,0.017217685267292282,0.0033656435563496068,-0.013338062126473482,0.008499677276046391,0.001253272524646798
2018-09-20,0.006971178219768337,-0.005868544463179748,0.0010045924225028369,0.003972348740160614,0.006257822121205958,-0.009665678820065304,0.03051948051948039,0.025104602510460206,0.018220793140407254,0.007725579355415624,0.01588600879372737,0.005976059290545788,0.010821507363302452,0.011431780018643423,0.011326907597175584,0.039052762775238836,0.0016366939979277628,0.003995130787836532,0.007601795257623278,0.009281467484564931,0.01815286419910289,0.014021172870269272,0.016741298569596275,0.013474651357400447,0.007840591957973375
2018-09-21,0.04082117547913988,0.01574183355194414,0.004731211469533925,0.0254601750307899,-0.0012437561879662384,0.020320000000000116,0.00441083805923137,0.007346938775510292,-0.008421052631578996,-0.00867732962116241,-0.009422634133467667,-0.010080954276884935,0.0063389845425831925,0.004521037079980639,0.007085737142857207,-0.0035985605757696826,0.0006536274509802986,0.001051082939426129,-0.01077124028541565,-0.015064567331088963,-0.0186122812043783,0.0013232683290747005,0.0060755657303865895,-0.017508260456108315,-0.000368532969376445
2018-09-24,-0.037155919135592685,-0.01743510226807199,-0.039811656968845255,-0.03690657545870535,-0.027397333629024523,-0.02681510114473895,-0.015683814303638632,-0.008103727714748765,-0.007430997876857748,-0.010367986918806693,-0.017202975106253682,-0.013275213192390778,-0.01686732863706164,-0.004500689296784488,-0.002950544644790165,-0.0024076645264847762,-0.014696309121609685,0.0025873625318344473,0.014380170644488377,0.010104372770354475,0.015221328831702463,-0.00872155234668448,0.0035882722984723614,0.006243110919625261,-0.003515687867310602
2018-09-25,-0.02787039066222008,0.010646616467351322,-0.016941580963864222,-0.005399790977181573,-0.008962817130929945,-0.0066064936093056525,-0.0031867431485022024,-0.007352941176470562,0.0010695187165774556,-0.001717449593407805,-0.005766103670385103,-0.0005528566366701515,-0.013027706890953894,-0.0018366346685029233,-0.00318686546778979,-0.00321802078769029,0.012595260192243884,-0.014399967145419912,0.006340921467128613,0.020776931032307155,-0.003022791777455014,-0.007465140355030098,-0.001918557633532103,0.00961336070298957,-0.001305095910180576
2018-09-26,0.0056358734223014295,0.0011705736014315793,0.014663657908884131,0.007180385540468848,0.011627932516074191,0.007137031398636529,-0.005754475703324768,-0.020576131687242816,-0.009615384615384581,-0.015569870967741872,-0.012013214830431052,-0.01973077632306841,-0.0034621682303964674,-0.00452937000624587,-0.0025120118174922768,0.01049233210281142,-0.00032726678648986596,-0.002276976119427121,-0.00796617295168689,0.000151896377684535,0.01237034109828783,0.0181317368039291,-0.004106544450149685,-0.0035116143297355684,-0.003289278151000996
2018-09-27,0.011208552358466184,0.0011690880474881649,0.027711560144000558,0.008520292419415432,0.011494150115241242,0.00998548880657113,-0.01028938906752408,-0.007563025210084007,0.0010787486515642097,-0.004980775843656637,0.0014674842459647675,-0.006395786305492757,0.00043425737017210864,0.0055452721300932595,0.005036675824175774,0.0015974040895605501,-0.007531171986536522,0.006618196240261609,0.020551655929589074,0.019307797788888914,0.01132074893059154,-0.0007255523994094126,0.0037726003569240607,0.011986569238083833,0.0027632869851152986
2018-09-28,-0.004096337349397627,-0.012845418750768722,-0.001739663594969687,-0.002931000000000017,0.012626263263952664,-0.004146037380737377,-0.0292397660818714,-0.03810330228619818,-0.03556034482758619,-0.0153684022269166,-0.02512036843207044,-0.004922358954941308,-0.0003617638521070665,0.003110873824789806,0.0038723916231255817,0.02352472089314217,-0.004948828932656912,0.00525227671080164,0.0035119271573580413,-0.004957813837771052,-0.025941655435718136,-0.0019141452145214899,-0.0003496285167510216,-0.0009794113584918884,-6.870281400117584e-06
2018-10-01,-0.04161628155740238,-0.0072555676516821155,-0.015974426140365483,-0.021269305852695597,-0.05162092526787665,-0.01200960749384139,-0.004016064257028051,-0.009683098591549255,0.007821229050279266,0.004860849873776996,0.0012884045522869592,-0.005898040222640066,0.011000969979025443,0.008316844986838268,0.004538234626730198,0.06505648617062709,0.007625961538461512,0.01150201810435214,0.006733374559521943,0.0006789740389416821,-0.012282651793879551,0.011837794571360583,0.010841986250538005,0.001541796647349436,0.0036411053174085772
2018-10-02,-0.02802325099663583,-0.02986967023839382,-0.022136953301742812,-0.033745566563447515,-0.002892479697409356,-0.008427892894199429,-0.01814516129032262,-0.010666666666666602,-0.016629711751663057,0.003284094410117566,0.0,-0.002296631578947328,0.00565533673626839,0.0030756466248516023,-0.0011294104359611534,-0.002926115581565414,0.003948700360273172,0.005685614886236756,0.008888515513306716,-0.016489017066462774,-0.019145530421749157,0.004901960784313708,-0.003978885875106863,0.004015632566512384,-0.00039669012240728385
2018-10-03,0.007792181818181865,0.007697305739502669,0.006489586281630544,-0.006765386848882504,0.011867115604805578,0.008172605426610025,0.004106776180698102,0.017070979335130243,0.015783540022547893,0.0075639932191446935,0.010293802052459666,0.009975081335601654,-0.01032173292487848,-0.005296125435540144,0.01334237871229349,0.038884812912692635,0.003933103900360502,0.0009976314341051395,0.012168562456385201,-0.00941001082772841,0.01945641725404612,-0.003447147967479691,0.0001736517555597228,0.00236642144094823,0.0007115197040405974
2018-10-04,-0.02268043872887726,-0.010320144812614007,0.00194928769082936,-0.013991145066273969,-0.016940266274179328,-0.001621238651102419,-0.00749829584185413,-0.010600706713780994,0.006659267480577213,-0.0013170734977481224,0.003396285217654782,0.01633420640705774,0.0023017118773049905,-0.0021017513478316374,-0.0024548091395936167,-0.06426553672316382,0.0,-0.009523761746558113,-0.017580918944079982,-0.02219421013235523,-0.022040184413478325,-0.012465755041993432,-0.020665078070071674,-0.02889564106229381,-0.008169482558017305
2018-10-05,-0.039029511552189367,-0.01371211089816815,-0.011074498653097842,-0.01605675847541521,-0.03207855164160789,-0.008606738921508983,-0.01717032967032972,-0.0071428571428571175,-0.0055126791620728754,-0.007780855596638991,-0.011000634651999186,-0.005980172153996377,-0.0017940436974218654,-0.002667817991184651,0.004697964100716545,-0.0067924528301887,0.0071825336984177035,0.0032796846192688633,-0.016228834313279705,-0.01035393970128451,-0.009568800394001875,-0.015068396207367662,-0.005851617999365066,-0.009279282948388423,-0.005527978745767492
2018-10-08,-0.014818798430812241,-0.006160555956696068,-0.011652602552887359,-0.010626223707282278,-0.0035605863358305623,-0.007043407158778159,-0.009783368273934334,-0.006294964028776828,-0.012195121951219412,-0.0015949713740427418,0.005775401069518793,0.009024234048208957,0.002084780643359485,0.006053780178146839,0.0082386773547094,0.006458966565349389,-0.002269011345218841,-0.0007058023459523,-0.002318373616955749,-0.013351668128785743,-0.00050849805493558,-0.004294437390421124,-0.0114153128890212,-0.007240683608049747,-0.0003951163801717561
2018-10-09,-0.0654596899465354,-0.0031830876993572677,-0.041341250691815934,-0.02454925248464246,-0.04672899816577791,-0.01864066345497639,-0.00917431192660556,-0.0018099547511313263,-0.008978675645342271,-0.010827610095559659,-0.018290089323692138,-0.0026085150962741332,-0.0013630963581540145,0.01231453977490271,0.004196157336487705,-0.029822536806341948,-0.002274268931960033,0.00408897423556831,0.013853474302123026,0.003164470377255979,0.004133507154213012,-0.007749807990766189,0.012719928059899521,-0.008834021128651393,-0.0014179037440387177
2018-10-10,-0.05782408518104576,-0.036974806722689046,-0.038013112314117414,-0.022611128143705583,-0.018742820069204247,-0.03630862207737018,-0.019943019943019946,-0.009972801450589208,0.010192525481313774,-0.0359786678753099,-0.03336224003466193,-0.020549206436562772,-0.010560352239088022,-0.026126611895306184,-0.021112887153884152,-0.052918324789170246,-0.006512504282399911,-0.026026427716102307,-0.04632607301672442,-0.06152420405187731,-0.041291888839463664,-0.030901948149213987,-0.05433812481136424,-0.05057864959453395,-0.03286422891323515
2018-10-11,-0.010756121140268249,0.028272234350300796,-0.006973252531960794,0.035606538636220764,-0.03878930469554209,-0.0052329145217892,-0.02470930232558144,-0.008241758241758212,-0.020179372197309364,-0.00893479458762525,-0.025324899715932325,-0.01888233835590314,-0.028243665962206177,-0.029524401541138445,-0.0381935986606875,-0.009038578471651681,-0.028843035070468703,-0.02265467650338604,-0.00882789794786476,-0.020447238285144498,0.013013614314519195,-0.02572007813133248,-0.0023549358570107426,-0.0017572973594287555,-0.02057300781100646
2018-10-12,-0.011512631915574056,0.016038756484682892,0.029426500093186814,0.011072241647241743,0.024763100726478138,0.00613715599048148,0.005961251862891315,0.0009233610341643494,-0.005720823798627039,0.004225919123698407,-0.0013796734247102371,0.013024922492708368,0.00022414077179133685,0.02106179518523632,0.02265821016916103,0.022388017313929698,0.002362538048010121,0.009684155446564757,0.035719301202505216,0.04027661490563306,0.002543195205352511,0.013163587594199777,0.034557604208947046,0.028499436255206456,0.014206197963573475
2018-10-15,0.028146263345195655,0.018959299616821967,0.004710102322559528,-0.004034562997782154,-0.008353162291169669,0.005228285025648649,0.001481481481481417,0.017527675276752808,-0.00460299194476399,0.0063122739587664345,0.0009210453603500923,0.021684916106603058,0.0005976096435948985,-0.005013594184603676,-0.015075377228765952,0.0008110300081103361,-0.0006734343207598359,0.002465294237430804,-0.021385799828913643,-0.015464541868807635,-0.0014309938392417232,0.0019879232380011214,-0.017979392169389374,-0.016061866448113804,-0.005904979054429216
2018-10-16,0.04719943212084843,0.005573770491803298,0.03233106963577326,0.02449847608024669,0.04422373380121969,0.021844642857142826,0.005177514792899407,0.011786038077969296,0.0,0.030108707229306253,0.05682074863536335,0.009203568399565487,0.019484890320677017,0.025338353373716593,0.01878481026866452,0.05024311183144259,0.03537735849056611,0.04733912391930817,0.022037136547662817,0.03351032774468665,0.03426260332822828,0.028271734277909077,0.031598532185846295,0.02657819089036395,0.02149560023181407
2018-10-17,0.008713972617607535,0.0064395255950440156,0.009865283278025716,0.022406288412609943,0.010083607320184429,0.004411299701583049,-0.0007358351729211954,0.008960573476702427,0.009248554913294793,0.029679756829225523,0.027209404162155115,0.01358643216080413,0.021236152917928353,0.00842458567221871,0.01456863191440938,-0.04012349537037041,-0.0302636186137325,-0.01933455209545487,-0.004321350594511886,0.006467185681124921,0.004030728076777512,-0.07628164540661664,-0.00261262162162168,-0.004985452211242358,-0.00025266236039023227
2018-10-18,-0.04498060768543344,-0.03531222130629119,-0.032873299205250395,-0.021546924890366914,-0.02880781435231561,-0.02094597937591247,-0.03166421207658321,-0.0257548845470692,-0.026345933562428425,-0.014587357694880732,-0.02458147964783819,-0.02497247566971139,0.0002867703857207804,0.0054302283486493685,-0.012788871438187077,-0.012057838105218655,0.0013423154812857163,-0.0018331089487365615,-0.02337356981104799,-0.03330731585230706,-0.028227324403805376,-0.026109659990085965,-0.019962054195303502,-0.024845585660792535,-0.014391922484002562
2018-10-19,-0.0006238302986953936,0.007136243748331328,0.003367051521036668,0.004893619331947763,0.005286373136163647,0.002933091838045021,-0.0007604562737641984,-0.004557885141294515,0.003529411764705781,0.008935363533256746,0.008472713631821005,-0.003954783576451293,-0.0032257849462364874,0.0019387758196756089,0.011363636363636465,-0.01301871440195268,0.025469168900804418,-0.0056594955635809185,0.015230033974075852,-0.003778091459725186,-0.005615769501881807,-0.01110683237594412,0.001474691244239601,0.007803515010801787,-0.00036116989776224795
2018-10-22,0.0037452870241796443,0.00933647056799325,0.015340347863843196,0.01592064086759004,0.010809173239848091,-0.0044727678569969065,-0.009893455098934578,-0.01831501831501825,-0.004689331770222682,-0.023616499976579552,-0.02822053115986789,-0.023444829333424733,-0.002660985199691157,0.0030408017426619693,-0.002921370786516886,0.007831863149216689,0.0035947385620913597,-0.011722525973125952,0.00611005437253298,0.014325164302517734,0.004738695136539572,0.007126242891111856,0.008926863282648245,0.004286588810514802,-0.004299527374037604
2018-10-23,0.006840827114428016,0.0018995374644938945,-0.00865594887227028,-0.014564914654686012,-0.014450867887333407,-0.006739225967500095,-0.012298232129131503,-0.001865671641791189,0.015312131919905658,-0.013718447281991453,-0.013079161758386859,-0.0017425168734747087,0.0018027113687553165,-0.006476533002618079,-0.006085215372666597,-0.009407034380080392,0.002930641580287885,0.010183389830402456,0.00942671232908987,-0.011512936587417477,-0.00251970540457247,0.009152460878250723,-0.013956025192630506,0.002297492573182236,-0.005511830212086233
2018-10-24,-0.06300188193323408,-0.04838839417011598,-0.029846022230639035,-0.03629565881579677,-0.07595302498258205,-0.05027835768963107,-0.046692607003890996,-0.06542056074766345,0.006960556844547661,-0.04291729999009253,-0.023135624438454738,-0.02657102353430907,-0.01050883231527977,-0.021636574802678887,-0.03673465019204769,-0.06977696407006473,-0.045779222265559194,-0.03224336813278916,-0.03430162141250159,-0.05908294391081825,-0.05408385293143225,-0.030485540634107244,-0.05346899266362615,-0.04800259387341832,-0.030864433708665207
2018-10-25,0.06690833882663161,-0.03707551910818574,0.03190967056276106,0.042710174440309556,0.0679150111075848,-0.08572998717713876,0.017142857142857126,0.0,0.010368663594469973,0.023090171917158564,0.02437334907457589,0.03327360098174137,0.007274314342952559,-0.008222313464384623,0.021892655367231617,0.03018188947261935,-0.006464716109721547,0.03089880923731414,0.021897847819942307,0.0708869706005657,0.03362095477503879,-0.005974388852876267,0.05844412627052398,0.042694926920941345,0.01862503978568064
2018-10-26,0.0027803522638354394,-0.034454856622711194,-0.025214081426988777,-0.00800595807123372,-0.023774263074338053,-0.006611861350430681,0.0016051364365969878,-0.03300000000000003,-0.022805017103762704,-0.007709892241247851,-0.013019035084602226,-0.0117624563871489,-0.010832671258520499,0.006289351147646505,-0.01865934116562995,-0.015510513378307222,0.004109554653782377,-0.022933686154014588,-0.015923566589198024,-0.07819679467129459,-0.036965896726715464,-0.013127687144191769,-0.012373074449499422,-0.021997659837229677,-0.017327264059605163
2018-10-29,0.004312969941865807,0.07444328567141922,-0.007646022325589419,0.002627608908175816,0.037443046419668,-0.03368297564812528,0.0016025641025640969,-0.0031023784901756946,0.022170361726954413,0.010030156291061632,-0.0004548555730077286,0.019121951219512212,0.004234518476786908,0.014914701280832388,0.014788780037031879,-0.03938726477024079,-0.008185538881309795,-0.006429638411215022,-0.018770226190102157,-0.06326358511784591,-0.022563108707542967,-0.0412693481747789,-0.0290762998230768,-0.04796210383015953,-0.006559599421901985
2018-10-30,0.06319024927547523,0.02922304890738836,0.03672134426229512,0.0318233070693863,0.03785202242652441,0.0258819035691924,0.024799999999999933,0.010373443983402453,-0.0091324200913242,0.022332014957993085,0.012514197667481186,0.00880717978173462,0.023264245221426894,0.019874122597933752,-0.007864931760351412,0.010933940276357967,0.028198074277854257,0.006861102742367509,0.004994345929243416,-0.005497479317758791,0.029066120882992985,-0.035439627511197225,-0.001155464634674308,0.015812430134096056,0.015666780123047896
2018-10-31,0.012117772648586378,-0.0383351834470439,-0.028779315977883746,-0.007075453684242672,-0.021487080053352647,-0.0010173753400865015,0.00936768149882905,0.0030800821355234653,0.012672811059907696,0.027772692574665525,0.026067415730337107,0.010248643200771346,-0.005399609236234504,0.010155042809590675,0.003963674608619128,0.031094996345426118,0.01538464882943158,0.011886352067083772,0.02606655366026156,0.044164323556128204,0.0380932291198659,0.0002599480024272349,0.029692421776947198,0.03914270324216651,0.010851331816018606
2018-11-01,0.03677300246448101,0.056772420332682705,0.03695866287719518,0.023935702539740644,0.01560245548678263,0.03767827037386029,-0.0007733952049496784,0.0491299897645856,0.03868031854380005,0.007099463262622896,0.005037209811651566,0.006199530340033954,0.005929009003178498,-0.006656676991486532,0.01416620961063142,0.08304204908400559,0.007905105141465585,-0.0016070900721539827,0.015352279996344587,0.04225256323644677,-0.0002634758669499693,0.012128580091830488,-0.00833255328775484,-0.0062873407266669235,0.010557843711262338
2018-11-02,-0.0010997250783537638,0.018902329160114473,0.0029832313233353336,0.0014275160344840998,0.013086741787383005,0.017075544316476066,-0.006191950464396245,0.02634146341463417,0.0010952902519167917,0.011983966991302886,0.0013075180062653846,0.0009335324695007863,-0.0009942763317716263,-0.011624808056968972,-0.016945226331359087,-0.02461666567325793,-0.025490196078431393,0.0003066607984771874,-0.06633068130681308,0.0,-0.009225660626029586,-0.009928990671420057,0.00226591771650142,-0.01141117850467288,-0.0063166861631632765
2018-11-05,-0.01679055784252359,-0.02359643574293835,0.00031310268764705995,-0.0012473271783202122,0.01376009509238707,-0.007719065997684349,-0.006230529595015577,-0.005703422053231821,-0.00328227571115991,-0.004223087603090314,-0.0028291838339676856,0.0009326431461920137,0.010804692036059382,0.011761533627848264,0.013743303051479305,0.0579230450972279,0.02213279678068414,0.0,-0.02838827893557505,-0.02265343725003477,-0.011107502050914486,0.037952797405598426,0.012716634788370929,-0.016733068328695033,0.005600317168766411
2018-11-06,-0.015397619949674812,-0.006666691666666669,0.01095455364774467,-0.010347868159640727,-0.008864238718240491,0.008557040395061888,0.0023510971786833146,-0.0019120458891014325,-0.003293084522502654,-0.002273539689255255,-0.00218243125272799,-0.0020499627282891675,0.002602039436048642,0.0025983997839824635,-0.011718795955882322,0.04497454047712157,0.0,0.00969311100367376,0.010814068372718255,0.009221040390815283,0.00847463720286834,0.025487298442233852,0.001953297331349635,0.015114166575855625,0.006259295562117462
2018-11-07,0.05118007115041645,0.008389261956105676,0.024613065777494336,0.02379664640712731,0.03130248829800153,0.019668337453367934,0.020328381548084584,0.016283524904214586,0.020925110132158586,0.013496941457014966,0.019466316284638685,0.0005602801225075282,0.01529068452665494,0.024144101054265565,0.032318160070595514,0.01497013529079827,0.013779527559055094,0.042080881920285584,0.030328271476109947,0.0685897498512944,0.010604221547229287,0.01397005326583689,0.03936128816040396,0.03559348168703136,0.02120885628091007
2018-11-08,-0.0029753853671793395,-0.0004991514267674857,-0.007251895837682709,-0.0010565416260513993,-0.008130189261236431,-0.0030257185509507956,-0.011494252873563204,-0.025447690857681393,0.0021574973031284195,0.0015997708474566608,-0.003861853596613285,-0.007838782835431823,0.0037996753022453422,0.005327663683333483,-0.012387476919483054,0.006268436347034223,0.003236245954692629,0.007355310647866098,-0.006953998703577047,-0.0003303670219162447,-0.024153659500783187,-0.011694961925503344,-0.0018756609670923519,-0.010051299947164694,-0.002508916577568465
2018-11-09,-0.01736299464560498,0.015315498712464626,0.003956810286970258,-0.0014101533580115344,0.004371584938338113,-0.004362651662317085,-0.005426356589147363,-0.021276595744680882,-0.015069967707211918,-0.038851716957091775,-0.015076459185871305,-0.0022573175319788863,0.000275244316409351,-0.00821412262000043,0.009806180606895198,-0.0032979112019819734,0.009677387096774126,-0.000361489254180114,-0.01928151912741105,-0.02420635769183832,-0.019679367676992188,0.0012968390654117812,-0.019507829977628677,-0.015012933887370239,-0.009199013578477078
2018-11-12,0.01766979520514078,-0.0007378586472078785,-0.003183249913850883,0.0008825948496877789,-0.029923777471369983,-0.011430805432242064,-0.026500389711613392,-0.03853754940711451,-0.04590163934426228,-0.07455644036532061,-0.03498795101683794,-0.013009106089571842,0.0019265103048440313,-0.002270892302018379,-0.0038391599783007546,-0.036397131014811346,-0.012779521175064645,-0.015078586805073346,-0.05037413801535684,-0.04413615483064859,-0.02352375714220256,-0.021369588624173708,-0.02464175412977998,-0.0258125201711763,-0.01970148931610638
2018-11-13,0.024959250543699074,-0.00016404955422144596,0.02767639818502432,0.0021163844423917055,0.04178356702187336,0.016188109774293746,0.0016012810248198228,0.013360739979444869,0.04810996563573888,-0.004853190902404436,0.012463154034372259,0.007449933426931565,-0.006455171214639788,-0.0010711072145909162,-0.013375674147003358,0.016024418772393023,0.006472491909385258,-0.011601453638272585,-0.009991265386001924,-0.003470038233974404,0.004309438269669119,-0.0004963275352137808,0.0006549920280249921,-0.002483999102259715,-0.001481919670083709
2018-11-14,0.00873483347630577,-0.0037745055278286532,-0.005475036831161906,-0.006863780359028571,-0.01749668815630212,-0.0047411340792717915,-0.007194244604316502,0.0010141987829614951,-0.016393442622950838,-0.012484749878301726,-0.018576589077887173,-0.011186954448731301,-0.002972028067488197,-0.006969642045709046,-0.01401654411764719,-0.006759219179843012,-0.007395466237942183,-0.01582352716802804,-0.028247370925399196,-0.01971592975134362,0.014490693176964164,-0.005296251416625375,-0.0184215537979886,0.007345190521775624,-0.007567410867240221
2018-11-15,-0.007609577339029672,0.00016469812487618363,0.007439369252185246,-0.005847988658514991,-0.015616438356164442,0.014291158536585469,0.0,0.003039513677811634,-0.05111111111111122,0.0061731442003767345,0.01026228096977344,0.01284751628580949,0.0017331022530329143,0.010122824139442432,0.006991353996737448,-0.029489639716837712,0.00453511485147029,-7.544157864958212e-05,0.0246788003280769,0.01277661232402183,-0.0025654902054812467,0.010316181621868203,0.02200626824801133,0.02016933322561254,0.010593753349405599
2018-11-16,-0.028291909042834518,-0.010788083669603932,0.004135268116013391,-0.0035649912144382068,0.0075146395769551955,-0.012211121547999193,-0.0032206119162639935,-0.009090909090909038,-0.010538641686182681,-0.007951359380795164,-0.0038374267231924275,0.002271847784929948,0.010311453287197292,0.016301470673515173,0.006942814324064184,-0.01324503311258296,0.012576588197355631,0.02328822734741287,0.0110756802450096,-0.016073400649811442,-0.030031329995217404,0.001070470996862971,0.009414634688801549,-0.003024270569400578,0.0022233056585385658
2018-11-19,-0.025306122448979562,-0.009740309447045181,-0.010148478015839846,0.005187781567521199,0.005801077187815418,-0.0036135981889083846,-0.00646203554119551,-0.003058103975535298,0.008284023668639007,-0.019295438830779665,0.006344867293340828,0.007177956312390599,0.011918562507070352,0.003812779484953621,0.015398805580271402,-0.0722463482037109,-0.013375796178343946,-0.018664000885102117,-0.03963209838267967,-0.050909680037825145,-0.05719197346228033,-0.010364415563050122,-0.03389046048674438,-0.03908655794295346,-0.016643108928262818
2018-11-20,-0.0064209938581797354,-0.012274056635747543,-0.004160564450494952,-0.013881456022094008,0.0013732216424060528,-0.01565182316571534,-0.047154471544715415,-0.056237218813905865,-0.03403755868544589,-0.034708934342099984,-0.029497905877054698,-0.01462863840960249,-0.008664448890934762,-0.020563183249854067,-0.014712562245359995,-0.03191489361702127,-0.0009683344092963342,-0.017102004154196715,-0.047777918863660895,-0.011128869175868417,0.006689395514494878,-0.025849896531458638,-0.027814986776477202,0.005647068627451013,-0.018151240504630684
2018-11-21,0.02023042989603807,0.030130232873099683,0.022381379694779824,0.010106497022198235,0.02194182726115823,0.013185960829939836,0.020477815699658786,0.022751895991332427,0.027946537059538423,0.006585188807048947,0.014617216455555138,-0.002093661931982016,-0.03045402588844026,0.00013375234198642616,-0.009878268088175157,0.01582421978021986,0.0022616800561654493,-0.003632933078393963,-0.0011300486186021086,0.01422306150261421,0.018047376926162206,0.011689445691709377,0.013764644713053276,0.011552385435653845,0.0030432907220330208
2018-11-23,0.045166619521712414,0.019664587454883753,0.012989011076576684,0.021261371783788174,0.008856736921993402,0.008229665071770365,-0.014214046822742632,-0.0201271186440678,-0.009456264775413725,-0.01817237741934441,-0.014863892064943873,-0.01144379172229637,0.00169019643319257,-0.0016045326700824258,0.000928097490862978,0.0064906531159389935,0.0009670857511283604,0.004106724426331754,-0.025398846023305777,-0.009672071623454181,-0.022919528553354884,-0.011638677574428491,-0.0003879449094370546,-0.013232312909941868,-0.006554842371583214
2018-11-26,0.003952490014427212,0.006725500146649299,-0.007347672822494045,-0.007872655703288878,0.002660255387070931,0.0015185649202733575,0.025445292620865256,0.05189189189189203,0.029832935560859086,0.027710152478789496,0.027855082272280285,0.020258517450954416,-0.00604655153052247,0.010312093486329,0.004636091901624839,0.012897635425623388,0.012560451290191565,0.01735344808029682,0.013523733868418653,0.05277411946681698,0.03529954559476356,0.020223534086124317,0.032987299893276534,0.024162977965372034,0.015532368144919984
2018-11-27,0.004986955642359847,-0.002736606611986603,0.026850478175602932,0.02821375468548326,-0.013000743247565505,0.0005686694681070747,-0.013234077750206796,0.01130524152106882,-0.0034762456546930665,-0.003550488907080207,-0.005194218726156663,0.005862291870985414,0.013086270534281352,0.011929930754773777,0.01684356252884167,-0.033531368146492824,-0.002226463033509485,0.018748083577575958,-0.002176108170337976,5.6969767541659166e-05,-0.010118822036998876,0.003931089058733628,0.0062928336029601795,-0.004014763231746321,0.0032616922552592964
2018-11-28,0.016975658997762988,0.013962832704393247,0.05639573144876331,0.009603807072477988,0.04462365471441787,0.005493483510258024,0.015088013411567402,0.005081300813008172,0.0034883720930234396,0.0242706539923776,0.028603905303153265,0.021808592250584624,0.022482900275918816,0.011658462753914689,0.01883371908327658,0.023276196750109834,0.019126489667628643,0.036142423812851154,0.038452708024501625,0.06091357976995515,0.013036999999999965,0.024743822583885855,0.037147694951910504,0.040041693050222094,0.022973979573244874
2018-11-29,-0.01335390378412693,0.0035819868721320702,-0.024083436555617732,-0.00016983183573693328,-0.003345367901560259,0.0028258853494391722,-0.014863748967795187,-0.04752275025278063,-0.008111239860950192,-0.017645575468245744,-0.017656212366889967,-0.0057037168612223965,-0.004028926467782967,0.008804881180698665,0.013585656410438629,0.018025751846598936,-0.003753487762073404,0.005694877848946289,-0.007682104395222544,-0.0024914641633139167,0.014039178635535832,-0.012357699186991922,-0.00836933922688965,0.0019057373098834152,-0.002183108005663237
2018-11-30,0.04528896643878011,0.06606917725144057,0.004387167414664939,0.03143047856896919,0.03640586108959476,0.025925248919782096,-0.009220452640402277,-0.027600849256900206,-0.033878504672897325,-0.02134977609392541,-0.002696001019815819,0.0044411176084175885,0.00719909466441826,0.018354407991045596,0.015820743389177716,0.026559908370991092,0.018210361067503955,-0.0042116547532821125,-0.005402417033641416,0.009918974728051033,0.013916989453554462,0.0229666935388535,0.006352636240082754,0.005632642400073884,0.00817074753438285
2018-12-03,-0.01269915338645411,-0.0054312251936246,-0.005733087476574195,-0.009718333218882158,-0.020428475845253535,-0.004394836030125582,0.02284263959390853,0.025109170305676942,0.007255139056832061,0.004929482354297798,0.02297817127682289,-0.0007368644203549213,-0.004696984534934723,-0.0015124149993656077,-0.005191390871728263,0.03819305954825447,0.0024667900092507633,0.017664210495319743,0.034942367566356713,0.04862820832245207,0.0034136618774365246,0.008368882474504291,0.010821507898110871,0.010964611174685501,0.010941426018481248
2018-12-04,-0.07465328753325162,-0.05363548305990706,-0.03857766549026165,-0.05289421245665693,-0.03331642929806711,-0.02887621903395654,-0.03722084367245648,-0.03514376996805113,-0.05162064825930368,-0.038198647440415234,-0.050429442853996864,-0.04535403593827303,-0.0012311606003820863,-0.012749330816090199,-0.018482343184068495,-0.03204121708697705,-0.01691784170518873,-0.02717144327604093,-0.04398876554534081,-0.05865623342878623,-0.022397073425390213,-0.029606576164816434,-0.0318493989419002,-0.0502608436917964,-0.03236490293878813
2018-12-06,0.006813845920246475,0.06813692880978706,-0.005997401199448915,0.020021127854252363,-0.12759795462236034,0.015151496499081318,-0.026632302405498298,-0.017660044150110354,-0.0037974683544304,-0.0011936520123015937,-0.0118274121481311,-0.013325589287863648,-0.0008217147217813858,0.002045825368186094,-0.0035445060599138545,-0.008990560236639245,-0.009073811297678591,-0.006102969209246467,-0.011149493210719452,0.018454756986985066,0.01232518006435357,0.018996760180867822,0.006174023392204964,0.017043865667163427,-0.001522228361661715
2018-12-07,-0.09122899543121266,-0.06519651205518728,-0.06708804673052637,-0.03460747126007335,-0.0793123944511459,-0.04179099036533551,-0.019417475728155442,-0.019101123595505642,-0.017789072426937724,-0.024009984768536885,-0.030274606189284015,-0.016245879819925646,-0.003289774428352321,-0.02105399944925357,-0.0235660738105824,-0.02432989690721654,-0.005367856015156325,-0.027704579497101367,-0.03565702838827833,-0.04123137402683108,-0.01582759378974463,-0.03688167099082651,-0.04002199761842673,-0.030082457310685706,-0.02332011874948936
2018-12-10,0.008042895442359255,-0.007837222925902498,-0.022482321451114395,0.004458712323880842,0.0016377005686962764,-0.0042835279539810145,-0.009900990099009799,-0.04009163802978233,-0.011642949547218673,-0.004675215725220783,-0.01476285091965146,-0.029048926742894055,-0.0011689335637937726,0.009124048369081983,0.010929053320995141,-0.03423499577345723,0.0009524126984126191,-0.009844691540652706,0.006587951650829149,0.0073045269336868834,0.03223699653961587,0.014999170940143136,0.026426216370921685,0.0028652811419014323,0.0017621541550396636
2018-12-11,0.007683156028368776,-0.001675568472423672,-0.016540642722117194,-0.007634960937499935,-0.04185745585349898,-0.0011731912626748997,-0.0072727272727273196,-0.005966587112171906,-0.023560209424083767,-0.011351557218010955,-0.002210759081571201,-0.021311496338350278,0.008536452173222298,-0.004004094652650503,-0.008783873478203863,0.010065645514222954,0.002220076047571462,0.002588834287280628,-0.005719362937765871,0.0013466913834274674,0.0016214028217946819,-0.0019813258973332415,0.00929454444816602,0.011735799552639037,-0.00035634639398196555
2018-12-12,0.007331378729113158,0.004235925409944219,-0.006567355438090616,0.006799087614941524,0.02730378932777433,-0.0035238839653921605,0.03663003663003672,0.08403361344537807,0.06702412868632712,-0.0005656447867821157,0.004677548121062136,-0.00041867673445061815,0.004095604095563088,0.011671650736977623,0.003408361890859357,0.045493890814558124,0.02088601265822798,0.012798495573690172,0.002787190825186636,0.012353672697558826,0.01703264334131971,0.0022334767328437977,0.004512441459156191,0.011343051105300539,0.005419503653256719
2018-12-13,-0.05502180815265245,-0.038280986258957705,-0.01096420509513063,-0.04833838635151955,-0.028903654485049834,-0.011002003496974222,-0.005300353356890497,-0.017718715393133966,-0.006281407035175879,-0.004414255875737294,-0.005145870983928713,-0.014872286766975829,0.005030523248245267,0.0128188690470743,0.00928442028985521,-0.019892209693005092,-0.011159269135726735,0.005579289522282815,0.010940200546885714,-0.0031018393780902764,0.0035293771626296877,-0.003549034217595448,0.0033919599671441425,-0.0016734637387493256,-0.00019993021172759473
2018-12-14,-0.001540326603214237,-0.019860924192681928,0.015650456472122487,-0.0007469841409333267,0.0003421142661648169,-0.004966229638458497,-0.014209591474245165,-0.007891770011273835,-0.007585335018963413,-0.01790583240002075,-0.02364529673129534,-0.010418839260447399,-0.1003787635383866,-0.03202124966406161,-0.01727621718644834,-0.0329809302325581,-0.025391849529780575,-0.026198806383218143,-0.031997660883244516,-0.04008126653697808,-0.006551251863707752,-0.006874852806886711,-0.03124712739827662,-0.018645868304453583,-0.019086709597145535
2018-12-17,-0.011416198704103708,-0.014606576923225756,-0.016211846167124344,-0.020930649259228162,-0.04343368673050607,-0.013974865242563417,-0.014414414414414378,-0.022727272727272818,-0.03439490445859872,-0.02755113092432404,-0.0010091069881208448,0.0015040824773511208,-0.029022563909774535,-0.01634414161829989,-0.015753379355100017,-0.05728036478879028,-0.00128661949179798,-0.026224369060705244,-0.009306212456036134,-0.0446005103828625,-0.026863779353932915,-0.03169311039711242,-0.029614260394362546,-0.02453694231732706,-0.02077348065074347
2018-12-18,0.046816477939560563,0.0157656071953185,0.022352732544416165,0.010689101177497662,0.014301108841655585,0.004251852687828572,-0.00457038391224851,0.010465116279069653,0.0026385224274405594,0.020772603439455972,0.007323257945619277,-0.001930937525618015,0.00991171604391905,-0.011963325323807394,-0.01646947305800328,-0.03246744120906497,-0.003864702217864835,-0.01976210276926904,0.012992582335181746,0.020099772712788955,0.024752136033210137,0.004737329969635384,0.010496666444714364,0.01198187131961248,8.640070272569744e-05
2018-12-19,-0.03339305207534127,-0.028848636975572273,-0.010054277050750127,-0.019263474612587816,-0.02502647074281028,-0.016532238569848423,-0.015610651974288348,-0.03682393555811281,-0.018421052631578894,-0.013119533527696792,-0.01479067472526141,-0.018271754084264957,-0.02154575251565327,-0.007534037198061561,-0.010141532540493658,-0.056088204406126385,-0.022308438409311404,-0.010515092657172431,-0.03119171283474631,-0.03635240204646406,-0.07253235911089073,-0.0018860008249291793,-0.0026930748995567244,-0.005540872759178139,-0.015395714469955912
2018-12-20,-0.016347903537810238,-0.028750083264572734,-0.021763646973458672,-0.019641825534373214,-0.030007230657989936,-0.035055330771941895,-0.017723880597015018,-0.03703703703703687,-0.006702412868632712,-0.004963048744460963,-0.009923638929354772,0.008101664466900083,0.005172031931885979,-0.00379556745813614,-0.00047653084401888535,-0.04926368464887321,0.012566170634920715,-0.03144099741473372,-0.025234632357511222,-0.022908473799377216,0.001200757985561518,-0.029288009963068018,-0.02102420636465996,-0.013294138734771477,-0.015772106302099798
2018-12-21,-0.03480708795255849,-0.05329993739939187,-0.022083058668424416,-0.028678039677862865,-0.04025344763324634,-0.023794327597195686,-0.0018993352326684976,-0.023573200992555887,-0.00809716599190291,-0.04964076243356652,-0.0316114109483423,-0.019982666811844685,-0.0014033522599717907,-0.008028248959810802,-0.00047678187182886855,-0.03258536498853448,-0.013716524699003085,-0.016911425367831745,-0.03889564496588671,-0.05707714621920035,-0.06334330869610083,-0.01840377858088238,-0.03231207699119154,-0.029591539413094337,-0.02058822843532193
2018-12-24,-0.03443801057706264,-0.013130549658694979,-0.029659555106167912,-0.03013148574051594,-0.027572776699029133,-0.033732295239775945,-0.008563273073263544,0.0050825921219821435,-0.013605442176870652,-0.02311775651763026,-0.01778136942675146,-0.03368796617216241,-0.04098680743186234,-0.02400548630986321,-0.032912020033389,-0.025952621427243527,-0.007947085829566713,-0.02265668410936794,-0.02587405362898032,-0.024313035820783924,-0.007122841307471206,-0.030376797721709203,-0.04173883614764817,-0.0033893532418949324,-0.027112254234371247
2018-12-26,0.08647382525147451,-0.0034459653159187864,0.055748504489457895,0.05108425877990519,0.05031940693612591,0.05225222737602575,0.03646833013435713,0.031605562579013924,0.02344827586206888,0.042084980796227134,0.06187519923670348,0.04564224980010323,0.03150442141010812,0.04005619001950267,0.04044389742155108,0.06859416488629066,0.02303074175670039,0.044689636432646784,0.07042157597221266,0.09445226545703611,0.08157339322220536,0.03551175048805444,0.06830979714149987,0.06478047149068211,0.04959374256297622
2018-12-27,-0.007742334848487631,-0.02286041664719607,-0.0008224872376626502,0.001785360047609652,-0.007224258829819696,0.001712285922254031,-0.012037037037037068,-0.04289215686274517,0.0013477088948787852,0.015221328831702463,0.009160331021891288,-0.0013161000219348296,0.00552446535809703,0.01864860810810809,0.015643494089677468,-0.015384668435013293,-0.018923327895595365,0.010766365051990023,-0.006489839027804201,-0.006295471377326001,0.0025339917851985305,0.021456145268481386,0.006165493360491325,0.004252250366380439,0.008562680803813727
2018-12-28,-0.006554338122523706,-0.01258238437287773,-0.007079370856787226,-0.006336633663366342,-0.0011490233186893795,-0.0008547222404854393,0.018744142455482615,0.030729833546735197,0.014804845222072816,-0.014388519088603502,-0.007312178517397849,0.005490885251282274,-0.001098869755941645,-0.00013258159190432384,0.0025671179727944082,0.012392349805622205,0.02560691719321584,0.0010977110985173066,0.0005123535324933481,0.011206593163775702,-0.009812719006460968,-0.006591668189415256,-0.007807877050800549,-0.006514205624620573,-0.0012415825521053803
2018-12-31,0.008796764059063822,-0.0022896566139269936,0.008953689123633035,-0.0055798724591470394,0.012653374233128956,-0.005987981436611833,-0.0009199632014719183,0.012422360248447228,0.0,0.024658063084451065,0.007112090604828314,0.0065531456215193185,0.01398606145955994,0.013798606323526474,0.016061522720240307,-0.017030440817964787,0.0077821011673151474,0.01169586558447322,0.009665288604372657,0.016204077533401806,-0.015840848705124144,0.005662204774504076,0.011754168858991498,-0.0014174133744419004,0.008492484364786668
2019-01-02,0.011522858563598248,0.03661941691658943,0.011010715234534674,0.0038075749976924644,0.015524422567209317,0.014199634251291116,0.016574585635359185,0.006134969325153339,0.007957559681697646,0.029811409222183505,0.018915509764665384,0.018663128530246098,-0.010073637890578024,-0.010731683772716494,-0.009163848377372386,0.095289718207348,-0.009330727155727137,-0.022599510729758965,0.0011410929088095934,0.02474086347762272,0.03501409062519145,0.01354799883079072,-0.004430412523382832,0.00988788361286419,0.0012684966694007649
2019-01-03,-0.07450741995073884,-0.02367888173721122,-0.05526659622886876,-0.0894389898183271,-0.045861297539149914,-0.032456470777608715,-0.008152173913043459,-0.013414634146341364,-0.003947368421052588,-0.014648631137874957,-0.017821830800899496,-0.007882381931878624,-0.01589040313111545,-0.020505292790331642,-0.027976855491329555,0.012852199703410783,0.022409840129592684,-0.02727010909544314,-0.09960737082066873,-0.02524151687888121,-0.02903882814911407,-0.019963501605446576,-0.036787983481369135,-0.028483987841101288,-0.024756730111614167
2019-01-04,0.06586833219788191,0.06566100759144233,0.03234688631016658,0.047796534799462,0.043376357952325195,0.04933128591687597,0.03287671232876721,0.05315203955500625,0.04095112285336855,0.032682485773184,0.04082658770161296,0.02963283229546909,0.016783335851230152,0.03011880024150737,0.02283537053198459,0.03709126403123486,0.010165152477763728,0.01169511897753539,0.04268930184431263,0.0500639777562486,0.04713824020273871,0.039057619730489046,0.046509218757510906,0.0537861574194165,0.03433571429840443
2019-01-07,0.02840199661666687,0.011656971474029776,0.0019999833333332884,0.0012554299800078272,0.027340785492854458,0.00020890095677184028,0.007073386383731117,0.021126760563380254,0.010152284263959421,0.005541279539423849,0.009927361015190428,-0.006465109354220844,-0.006414769515531993,-0.01101346575377471,0.005348837209302237,0.05223534117647066,-0.008805000276886799,0.001919735454464222,-0.002225846545955701,0.03435339470524701,0.0007249438359901994,0.0070746846232527805,0.0012753654468751208,-0.0021667361699272414,0.007010434849805236
2019-01-08,-0.016085067797114827,0.01719254718230534,0.008815751976309905,-0.007941421439557783,0.04666419978126135,-0.006893628721404421,0.014047410008779737,0.0045977011494253706,0.006281407035175768,-0.0036928132327506136,-0.0062334693414881626,-0.0020990344689135743,0.023226556598274772,0.0074240753016039385,0.004626416840157299,0.01431122476246749,0.026332423857867937,0.013370505553394585,0.019063125481680654,0.016612322620835007,0.03245198046102171,0.014219212624304367,0.007250686013143159,0.007384956700480005,0.009695285141339438
2019-01-09,0.030845159213149786,0.04926724671579841,0.025226676826820116,0.02106593593709838,0.02403347349472207,0.03239379401779985,0.0008658008658009031,-0.020594965675057142,0.0,0.006272486921152121,0.0069964051388080595,0.005469036485716616,-0.007925622841802316,-0.007632504477760316,-0.0020723002532810897,0.0286596119929452,0.0009274498254991936,0.0014386370589438702,0.016981731343283624,0.0017144285669481452,0.01192729258350722,0.007176833728167686,0.01429955211188072,-0.0015051798382853532,0.004098045517469284
2019-01-10,-0.04129255184276204,0.030417299549458487,0.019620488903184352,0.005364122026735529,0.003401360544217802,-0.0018337407565713892,0.016435986159169413,0.005841121495326895,0.012484394506866447,-0.0026633478627339224,-0.0019166745607727131,-0.0010460042059833308,0.006049903376633248,-0.012332594492370008,-0.02376555145362258,-0.03429057008144021,0.006794224620314315,0.005048415716008892,0.003196190808067101,-0.0019284285564529213,-0.00020799418173733653,0.009114251236817417,-0.006425616373615162,-0.004029253776082986,0.004518418921847234
2019-01-11,-0.0074906988923001405,0.008897388842551202,0.011671876603410958,-0.0034885901908474626,0.038644033898305175,-0.009593835084962699,0.005957446808510625,-0.00580720092915199,0.0,0.005284051136363654,0.0019203552568411997,0.0025130680628271396,0.0003083262496470507,0.0056390840907996065,0.013471992118364584,0.003994673591004361,-0.005828159866758331,0.01143465127281118,-0.009818023151676791,-0.009455212637331512,-0.0027738835528546835,-0.0027095984669546214,-0.0077219596085319475,-0.012276602113526103,-0.0001462979140943732
2019-01-14,-0.0028301887682449234,-0.0069232999765382885,0.0034300281170880353,-0.016680415636729506,-0.0009790470293422615,0.004946372629843321,0.006768189509306355,0.002336448598130758,0.018495684340320562,0.010117041037807528,0.017728748551569362,0.011489429945465313,-0.011329487475915223,-0.020427222418498814,-0.011893703080837148,-0.016357249497911064,-0.0024683122493056597,0.0015746759928507714,-0.015037048527785202,-0.014233004071934396,0.011056995596863795,-0.008809484676514767,-0.007295719631447817,-0.01182379770675479,-0.005257525420190867
2019-01-15,0.012298928170890289,-0.00871438308099226,-0.001243039135440549,0.0016754345549738758,0.00653374692800579,0.017432383815930264,-0.001680672268907557,0.005827505827505908,-0.004842615012106477,0.006658476909923383,0.009416219397363479,-0.0154894678021259,0.008419098911904399,0.015401348695597061,0.008496601569426554,0.0040449438202248,0.004948963504548987,0.03551558925675713,0.02046671999999994,0.03546236999711372,0.02448585201517206,0.011130525883632503,0.029005378863144138,0.031071499519683687,0.010721688854600231
2019-01-16,0.02305302324317915,0.0013395512166853862,0.009645348625472172,-0.006899477026992451,0.015254852815801634,0.0034266880986355552,0.026094276094275948,0.07647740440324435,0.015815085158150666,0.09543659395394166,0.03754666423631847,0.02664151569714779,-0.01020414339669029,0.0014765234899327684,-0.014509688743271743,0.00044762757385852225,-0.001539027298305351,0.01786894572875264,0.01221660614272646,0.0055059058350561685,-0.00946629089223805,-0.0009036391792416332,0.0035234262732419808,0.003546346297997216,0.0022219855538148092
2019-01-17,0.022533556638245855,0.020150535454022345,-0.007396055242032129,0.015157915789473675,0.07065220362365077,0.016271615433339104,-0.003281378178835004,-0.03982777179763175,0.0023952095808381646,0.010198873450386836,-0.044054909235562656,0.005925643766359734,0.00820058620278119,0.013268958406795983,0.008549038030182032,0.030425100671140903,-0.0006165536564906038,-0.006463711688875495,0.0059377563976312775,0.005606398601607276,0.0051512134747084826,0.0046867208184495635,0.007022262488771913,0.008261148079570457,0.007591400273706306
2019-01-18,0.011614025514352422,0.005573313571456184,0.006830223745116992,-0.002281211068411393,0.0008957300151850589,0.019371417276141445,0.01810699588477349,0.024663677130045025,0.0238948626045401,0.01732883153003839,0.027274865442625584,0.015843956936827164,0.012394500345324744,0.0035714948034786254,0.0014127148242824017,0.002605253903375848,0.005860672785976018,0.02205801764113713,0.00615942512511225,0.0017599485306329932,0.011732906033724122,0.013339863927655848,0.014982999953364162,0.007670415465556468,0.013183053048657412
2019-01-22,-0.03620838868977383,-0.025918982379672717,-0.013876071324759875,-0.02099361835390523,-0.023866318615751725,-0.019972833042466664,-0.013742926434923142,-0.03172866520787754,-0.018669778296382722,-0.02399526102481897,-0.029297299823696554,-0.002999340251923388,-0.014461695394265783,-0.0005272307686610134,-0.006113308396738848,-0.007362494586400925,-0.012266236974356248,0.0007156384180790898,-0.022446140928649827,-0.03774903245472394,-0.01646218418578571,-0.010499135842351737,-0.018846894613748777,-0.02525812626101176,-0.014157306316348373
2019-01-23,-0.0332926674836489,-0.003932733596640703,-0.003908692994194718,0.004246305912794401,-0.0479829141814514,0.009497407805749924,0.00901639344262306,0.02259887005649719,0.01189060642092743,-0.003945766023980002,-0.0061305824098089046,0.005214560665572465,0.0,-0.005143083076801003,-0.0026023184291461554,0.016143150087259972,0.00838252121647054,0.005005784899651644,0.004044331270858903,0.004809533191015847,-0.02215900145616989,0.08463926096896635,0.009746394776684264,0.004717264418838463,0.002202912839790905
2019-01-24,0.06350710900473922,0.020245261926703062,0.032490975239224174,0.004651184030680433,0.011235955056179803,0.0625244805958447,0.0,-0.020994475138121693,-0.003525264394829586,0.00457089399403432,-0.0023725503026074124,-0.002793276193002403,-0.013742266760661481,-0.030090190082444623,-0.028700166034155483,0.0017174323006683423,-0.012623152709359542,-0.0033330238808452206,-0.007926221413721346,0.009091373165066585,0.010602903452469059,-0.0027090074701556777,-0.004779327193134009,-0.0015525926567681037,0.0013757255722175454
2019-01-25,0.03921568627450989,0.0027171840934669955,-0.03496502029439075,0.003577420033670009,-0.017460285714285706,0.014204040107065774,0.01380991064175463,0.04288939051918739,0.01650943396226401,0.014863508369107548,0.022116552250096344,0.0030012204881952886,0.00944656387819065,-0.0030067104826216884,-0.007570256225390537,0.019717145306472394,-0.0003117867165575161,0.007214455205830639,0.03313687054713488,0.009450485210657833,0.021806164413273432,0.010865479596057215,0.009133719655378236,0.01591392645317602,0.008488694197122282
2019-01-28,0.045454545454545636,0.018640203798983457,0.016540626969124173,0.006709981268819165,0.05363489325896942,0.00982175336486013,-0.01041666666666674,0.0032467532467532756,-0.017401392111368708,-0.005081219361332545,-0.007677943229408957,-0.006183941628088108,0.005926920562330906,-0.0004112268846288014,-0.0273129927980561,0.01639339989939459,0.0021834060454333226,-0.00477522498527394,-0.009254513419232113,-0.019562144690947414,-0.010334836934931868,0.0022393296839642307,-0.019501689269416755,-0.01916610985587508,-0.007846827452202776
2019-01-29,-0.007656521739130562,0.007658177968766333,0.0004648845570258686,0.00437415140071451,0.011959490586952226,0.015309780259366024,-0.0008097165991902688,-0.004314994606256617,-0.0011806375442738881,0.0039054626281520566,-0.0037514652402595994,0.0006021276595744585,0.010388378541422716,0.004251302914188182,0.031368606915472164,-0.0008271298593879317,0.004357267215771454,0.0021366983675212836,-0.010364759811522517,-0.026869942179847728,-0.022241804962081724,0.00044684589418797493,-0.02036543547077574,-0.008840424443946948,-0.0014562467073728769
2019-01-30,0.0013777624310344905,0.005919983999999934,0.0015490397010236023,0.04251345826392661,-0.0669696666666667,0.01986877807111531,0.006482982171799101,0.006500541711809138,0.0023640661938533203,0.009875291770573558,0.007060460952672987,0.004814483643510004,0.010051384791661233,0.0019117847093355067,0.019867598724552238,0.0,0.00030985435388886096,0.011333878377106199,0.06833468157924405,0.04802748560736214,0.04320685147088077,0.0003722400004133597,0.03341747555046681,0.026814565192126105,0.015549260984848434
2019-01-31,-0.015685195376995087,0.033879450196905525,-0.01098055917225127,-0.01670976725681328,0.039948001300812,-0.012697929633051608,-0.0249597423510467,-0.04413347685683511,-0.014150943396226578,-0.022076259819760136,-0.011451320134346243,-0.02355759632661225,0.010938947211629912,0.014447280314272337,0.020923495867075648,0.01614234271523185,0.031598513990040766,-0.000628705119442019,0.007201234493191988,0.028914665348807267,0.10816383603462087,0.00029761124060079247,-0.018330485570515642,0.0250766115002663,0.0085973960122816
2019-02-01,0.009505199888174332,0.04500004615384623,0.006411258695679933,0.009912967833299646,-0.03185509056839486,0.006518728207143276,-0.008257638315441795,-0.0033783783783785104,-0.010765550239234423,-0.007423877769402454,-0.011347494358096788,0.0,0.008415952683859862,0.027139553943302364,0.010129563954545118,0.0036659879293681197,-0.008708739000262367,-0.005477464597595905,0.0004806536774657477,-0.0538188086996656,-0.005879146848891459,-0.002380538645745167,-0.015800067030546816,-0.005034168801715255,0.00089860985612078
2019-02-04,0.018554361158837906,0.023408118215320517,0.001864543165560173,0.00841350193964363,-0.02677419354838706,0.02030456817250892,-0.0024979184013321776,-0.005649717514124131,0.0048367593712213,0.006003907815342213,0.01530365853658533,0.003066877939071899,-0.009836006181132673,0.005493865487005811,-0.010261240432340446,0.022727354818480316,0.012117601461229865,-0.0018979234820709623,0.02840497169337075,0.004353676347794266,0.021362578302226654,0.008128232298513005,0.028799367861445546,0.01985149583614665,0.006776236658558865
2019-02-05,0.004078330725348911,-0.02337624989841225,0.004032180333490398,0.003973003575685308,0.004308882996354013,-0.007033796413899451,0.013355592654423987,0.011363636363636243,0.0036101083032489267,0.0014666902616493616,-0.0002354686819470153,0.00428045241988495,0.0,0.0036425001830688863,-0.007775636375486283,0.021428530895693187,0.0020951810835079243,-0.007083975480987936,0.0171094423357665,0.015612467369246819,0.011285104874446006,0.0026629262125463793,0.013996624058948859,0.011643662102278185,0.004708420383032985
2019-02-06,-0.004603357703763744,-0.005081772021518383,0.0012357430100629063,-0.0003957459359763549,0.014191452613579347,-0.0046648236927294695,-0.0016474464579901982,0.00561797752808979,0.0,-0.007019847659710421,-0.0016489987832980502,-0.0010147960219200058,0.0009030327775798597,0.0031107841060069585,0.005224435876883593,-0.009712509712509698,-0.00059740143369158,0.011978528872205407,0.00034454014672369304,-0.011182744461522454,-0.0039144600627608606,0.005680590062399293,-0.011098694169943135,-0.02684142991510774,-0.0022244380717381107
2019-02-07,-0.016050055280198983,0.007624539421853038,0.006325254551064585,-0.0021773555027713165,0.0009762447120078566,-0.0022565700007538547,-0.02310231023102305,-0.06592178770949719,-0.0227817745803357,-0.018055071153877278,-0.021236455374316843,-0.023161295750481647,-0.00714283458646614,-0.007365279847077022,-0.014883084579112471,-0.034523303256178806,-0.007471608113317596,-0.0018552875695733162,-0.018939393504605384,-0.015784092059892396,-0.024106985039973328,-0.022960716250550184,-0.007167801633196302,-0.01481310518571255,-0.009357139928022673
2019-02-08,-0.004699972612660863,-0.002644725339579823,0.0006131227680612472,0.0011902598690738397,-0.0035760728218466875,0.0029575852470424824,-0.011824324324324342,-0.020334928229665095,-0.0024539877300613355,-0.0072513023734442905,-0.016152338476374095,-0.008943427248609526,0.00265044295379524,0.009112171309554995,0.012709807848685584,-0.005282445945451242,0.016561247111148703,-0.02639407434944241,-0.0031005030279512846,-0.016198284210553582,0.005709802689331633,0.003904234493516956,0.0037997626237227244,-0.003321988631720507,0.0006762010926872897
2019-02-11,0.01638888888888901,0.01068070163084478,0.01578069629756529,0.0027739250490601552,0.0022838172920065514,0.010927961459567648,-0.0017094017094017033,0.01587301587301604,-0.009840098400983988,-0.0017738613426603322,-0.014702327500555445,0.0,-0.003021102855941149,-0.010448891013244088,-0.013023916646933364,0.024918300653594683,-0.003258175548470188,-0.018174796139934224,-0.0057509065019445416,0.0017504055173476196,-0.00920342426100007,0.0020940691447275395,-0.0039746191724164825,-4.570434250483757e-05,0.0007091030928123576
2019-02-12,-0.022957092101667187,-0.009328867682369513,0.005882337592051146,-0.014226476699733648,-0.0055338543468052,-0.009951921927795482,0.017123287671233056,0.026442307692307487,0.009937888198757738,0.016515982684200292,0.02337734452567375,0.02938083822116111,0.016363666666666665,0.023595333380202588,0.004558517274472207,0.009964129135113575,0.006537800502953939,0.024733548374413772,0.008617175641488561,0.02954746071653047,-0.004523795353559179,0.01537426616261417,0.01558193824228038,0.024072825599101177,0.012890224506745485
2019-02-13,0.012867104895105008,0.016331943752840417,0.00014987254011455953,0.010422950699998879,0.005892013286154407,0.005199289337967317,0.0092592592592593,0.0,-0.0036900369003691758,0.0010283150540306707,0.0009719805116898961,-0.0006116004202160186,0.0021615458508783547,0.006367804624342943,-0.004060138620972986,-0.0015785714285714292,-0.008266873583314682,0.001138474383301613,-0.004154766223886663,0.0012148826856070993,-0.005877278484857973,0.010804858269646722,-0.0007484423308864452,-0.0010790024750038096,0.003023994731897073
2019-02-14,-0.0027616128904065507,0.011509309222264674,-0.0019489805974054475,0.001388613370363112,0.01789785226163354,0.0,-0.03586321934945791,-0.023419203747072515,-0.006172839506172756,-0.01109457587863183,-0.01141048825954083,-0.010199918400652819,-0.001041271871504712,-0.0010123386868768902,0.006474819988613545,0.007905178178070349,0.004763322417385973,0.005799844843056068,0.0036432720010939335,-0.010579253658536514,-0.0007314560546096693,-0.0075625943117337835,0.0008426551978777397,0.0013480305975637208,-0.002651641617818279
2019-02-15,-0.029354803950296104,-0.0037927435311027047,-0.003755445395823953,0.011885935023771887,0.010549871785490161,-0.005172396551724079,0.016435986159169413,0.05515587529976029,0.017391304347825987,0.031008159928365142,0.03118862890008267,0.014427061005770847,0.015412158668932419,0.011020977678718458,0.010245436972946331,-0.0019607450980392294,0.008000000000000007,0.021859640011213433,-0.0022248477230715213,-0.009059299776647323,-0.008844141668389316,0.011356997695105564,0.012347979188999325,-0.007150070595983493,0.010878752906358091
2019-02-19,0.01198293900093983,0.015659736300422722,-0.026538027744270165,0.014487039370123744,0.026257449343326522,-0.0005199826599656676,0.01276595744680864,-0.021590909090909216,0.013431013431013605,0.0008564130982366969,0.004048535172729961,0.003250711027007025,-0.005059414684726149,-0.007141962339104357,0.0047168865699580564,-0.010216109618227609,0.00970011757789524,-0.002655556326198405,0.002992559558737229,0.012208094529180924,-0.0012923507692307323,0.004854002788190925,-0.0004620495244681555,0.004408956938162678,0.0014987432818573954
2019-02-20,-0.01155906367186188,-0.03508031710220183,-0.018897119544520224,-0.011192551138556661,-0.05117133326668721,-0.05652849164308971,0.010084033613445342,0.015098722415795685,0.010843373493975905,-0.0003523028172577325,0.00616693548387115,0.008707978762495294,0.004864057707066882,0.0023978041998438115,-0.0093896013797935,-0.04525613158967323,0.00786029157847401,-0.003328257041851135,0.006435430009263721,-0.0033669497954913474,0.0016637193397377459,-0.005046842214423419,-0.009429564748628438,-0.0042554800358735045,0.001777110607472876
2019-02-21,-0.0022818310815222453,0.004324642895789044,-0.007578133880644211,0.004683801534590026,0.029889537690398482,-0.001837879066348025,-0.01081530782029938,-0.009153318077803174,-0.0023837902264601807,-0.011278977504159737,-0.010843918474489178,-0.005019072374642164,-0.006820740440598216,0.005035905829031684,-0.0014218483075391086,-0.022453181806785016,-0.0017330445330169253,-0.01153951944122611,-0.005638574667209184,-0.0016398711789389342,-0.015501999452534387,-0.0011594492753622676,0.021091945476585217,-0.015110502118500069,-0.003526436662044552
2019-02-22,0.014579817038307574,0.027441212160525197,-0.007317833163890564,0.0007770007770009357,-0.007886435082446797,-0.012704879162127036,-0.001682085786375187,-0.0011547344110853786,-0.02508960573476693,-0.0018333723679294645,-0.004051430029824554,-0.01089590373494942,0.008713690868611623,0.011774958993487239,0.019458946831014456,0.010208421948107116,0.004918952403965449,0.0026651314414067873,0.011165696508025125,0.007484141704270808,0.011559648093711017,0.010229280621859571,0.01425826654754525,0.012215488440202815,0.006411102372030131
2019-02-25,0.011552549363057274,0.000923462146067866,0.005608942127918404,-0.0021350931677019958,-0.0019078536754260078,0.0063409176863282735,0.017691659646166924,0.01387283236994219,0.013480392156862697,0.013520377551020424,0.009571619775744944,0.013055895552835484,-0.0029283234438511885,-0.004828525621958346,0.0027933659868100147,-0.01684210526315788,-0.0037432191189172848,-0.009396799599236227,0.007284477076949791,0.0008825547009789769,0.016863277638293095,0.00150812926391386,0.005587050503856439,-0.0008735565661606159,0.0012318623740310564
2019-02-26,0.009749247367729863,0.002483791001808733,0.003027872509960172,-0.00564094534137316,-0.029308697970968356,-0.005003706541951591,0.009105960264900625,0.01710376282782211,0.045949214026602236,0.0012584948781826366,0.005214529632958653,-0.0014095851792185199,-0.0006607635975204307,0.004478738659320802,-0.0013928040207611403,-0.008137044967880147,0.006069451217887378,-0.006122429944313779,0.0005739769402279826,0.0020820722596448515,-0.002976491403732462,0.0018642907425066024,0.00690030493414473,0.005164936791095531,-0.0007904570690784318
2019-02-27,-0.015448303448275857,-0.06066822386621218,-0.01525260589851618,-0.013497633284382471,-0.032490942976401205,0.0029800522067433555,0.011484823625922846,0.02130044843049328,0.03121387283236987,-0.004022061458684556,0.0035369252534780404,0.0062513006654567604,-0.0017633237692800119,-0.0014861902770917368,-0.0020920502092051096,0.03756481001727119,-0.0002873312184047405,-0.04905319210744119,0.0030975506223827054,0.0028660119354777525,-0.008042447814462728,-0.003936465760546404,-0.0016910199208701737,0.000825055371010297,-0.0005440491976509421
2019-02-28,-0.0016810871863571775,-0.004446423928759824,-0.004517570183930286,-0.016855006940313277,0.00915875169606517,0.04066858089762593,-0.0016220600162205612,0.014270032930845389,-0.029147982062780242,-0.007067183026738588,-0.0136278427249098,-0.00020046091380909736,0.0056672115134766,0.008310567787996881,0.009783321686466229,-0.013732833386065901,-0.0043102587445476015,-0.031429946165787426,-0.009835901179982787,-0.0007677884979524485,-0.008353301496877408,-0.0074728247103946766,-0.0012480966612837818,0.0034675819453326984,-0.0028255084661058527
2019-03-01,-0.027785629307167214,-0.0062831337040212265,-0.006320907515058205,-0.01250510235961666,-0.00436971428571431,-0.030335491964034622,0.004061738424045336,0.005411255411255311,-0.011547344110854452,0.007625826247470657,0.012386850881372258,0.002806173638127296,0.01251468832343905,0.004428601249494291,0.0002307497222953092,0.02236282606064033,0.004328917499052398,0.016224890528342417,0.010511164216513436,0.019453251163805474,0.005140922981869078,0.0077462677280000225,0.004463090283522986,0.01881379488909296,0.006895320532289029
2019-03-04,-0.026558834484954774,-0.007998803748036742,-0.029522116628247996,-0.0034721814434679477,-0.10938561413282855,-0.009385314685314783,0.004854368932038833,-0.009687836383207693,0.004672897196261516,-0.01120081248033522,-0.0117647058823529,0.0015990805836314514,0.0009395735046082709,-0.0034292589484566927,-0.006688214790400826,-0.0020635575732562694,-0.0002872988588304981,-0.04115372840512843,0.0050294793393153014,0.014619624157245603,0.031365516584702435,-0.005531638050250809,-0.002399333532385417,0.005968552800362348,-0.0038805582032795938
2019-03-05,-0.014531464574986441,-0.0022270618781519147,-0.028907579831932817,0.01906128265912521,-0.007202350538375812,-0.008173936162959805,-0.015297906602254385,-0.004347826086956386,0.010465116279069653,0.00010207164204656394,-0.0023809047619047785,-0.00439038107382983,0.0020942230529816808,0.004055474841263118,-0.004179266310657015,-0.009098469809760146,0.0014371658109468832,0.022921739294606613,-0.0018197781372861765,-0.0022049617096056018,0.023241919795719657,-0.00397304072680249,-0.004988464190478159,0.012397612295275362,-0.0011315330914882793
2019-03-06,-0.014143906108937565,-0.002385884835690022,-0.03374865063600985,-0.00020116652853652273,0.0003818251095142333,-0.006180895414513943,-0.00817661488143906,0.0010917030567685337,-0.008055235903337232,-0.00642854591836739,-0.006682648845696915,-0.0014030667749662662,0.00230591619785514,-0.011505447178902561,-0.02401487582221684,-0.016694491514795073,-0.0005740528128588274,-0.00977503238381816,-0.005753979376744711,-0.013873603192347872,0.007298844076224498,-0.006527480181045875,0.00044765444353589423,-0.003588585403071387,-0.006524098592784688
2019-03-07,-0.01648342591473906,-0.020135728287907995,0.00214936406414612,-0.002413981138885135,-0.012213816327716898,-0.01187336954629914,-0.02390766694146751,-0.055616139585605184,-0.023201856148491795,-0.010116057047446447,-0.010812133849402605,-0.002810116419108777,-0.006111086522714526,-0.0038385957444627694,-0.01122795004233268,-0.0016977504965089985,-0.03790924755887426,-0.009913456019600142,-0.01157462728456049,-0.025764703114215748,-0.019593009668802064,-0.011826507864695746,-0.012170031319910457,-0.012574867590747663,-0.008125717367500784
2019-03-08,-0.009621383934780292,-0.001495960924400297,-0.005898158965180311,0.0,-0.010046290960057713,-0.012588212855235481,-0.007601351351351315,-0.002309468822170868,-0.015439429928741144,0.012813201995887313,0.004615084023078975,0.0024154388083736933,-0.0013021339228104223,-0.008079478237892235,-0.012080212903605059,-0.006377508503401352,0.0035820597014926125,0.002492589807679746,0.002376834782608528,-0.0031673188936921504,0.0027789332827135027,-0.0019947177748617095,0.0010870821730870617,-0.0008572579008083725,-0.0021316891099282254
2019-03-11,0.00438730805390164,0.011118088629553657,-0.0035958468823417133,0.0308529743899979,0.0007805620304230931,-0.0030905736913271475,0.015319148936170146,0.05555555555555536,0.016887816646562248,0.0037389673289549563,0.011847122537545385,-0.000803232947856003,0.0036216138435696266,0.013408520799178314,0.014918097699146315,0.0042789043954256645,-0.00029738251925592873,0.02469552519224849,0.034642229260488655,0.030737872960170387,0.014563684626284656,0.019394559757037744,0.020993574862119724,0.02927381607674384,0.014666042063348428
2019-03-12,-0.03525738019523805,-0.011775676886085273,-0.023998521255810923,-0.00880283663542325,-0.002730070309285071,-0.023445048954755854,-0.010058675607711565,-0.028508771929824595,0.009489916963226541,0.0033678828220244927,0.0043010993692280675,-0.002210530635471497,0.004474559822092328,0.004451588804813111,0.005542168674698811,0.012782318397201342,-0.0017852424342384987,0.011227682777569914,0.011235394577323365,0.0014844674476675035,-0.0008717905148920568,0.004139074657079966,0.007001692688084926,0.014832908800836098,0.0029533183111010164
2019-03-13,0.02975420439844756,0.007654679548179777,0.03586613052320198,0.006907480043713443,0.055142745404771265,0.004166646660053619,0.014394580863674955,0.02257336343115135,0.01762632197414815,0.003153104735973411,0.009041185083064063,0.0054379856822563966,0.0016526154014104844,0.004554905654749364,0.00670975317517386,0.005889777029869592,0.005663278857325649,0.025906925616013377,0.004422110343881291,0.01058519111472389,0.008434138069266295,0.0020248698439750967,0.007745088688300816,0.0001005657097952195,0.006949583689534133
2019-03-14,0.00910807160804028,-0.002584391846121248,-0.009637640721714136,-0.0015680321442571588,-0.01519644180874724,0.010867397532752454,0.004173622704507496,-0.01655629139072856,0.004618937644341736,0.0011153409378961143,0.006602192879038071,0.008613782396385439,-0.009970590058945739,-0.001348039248726396,-0.019519139229666305,0.009619364282726917,0.01392996360818266,0.004043623389494488,0.011116547856846681,-0.002714727166169495,-0.018457617190333342,0.0016598946544441606,0.0007859912663754631,-0.006511159916537723,-0.0008680225932099495
2019-03-15,-0.021786522820214094,-0.011542101040027397,0.0048656693146271746,0.004907734686056875,-0.022581896876176066,0.004104749804534791,0.0024937655860350905,-0.0033670033670032407,0.008045977011494232,0.004000577282622375,0.014991871983880856,0.006156941654694714,-0.0030430226621351864,0.0009817401149032623,0.014323865363531585,-0.006627962163544332,-0.00818471231174267,-0.007383464170514276,0.01300821886481729,0.015502137591513643,-0.02462244842948158,0.0046112834662366264,0.011519400000677305,-0.0009194786849525682,0.004984902901105981
2019-03-18,-0.0015908685968819558,0.0017475732921405918,0.000896753977645437,-0.008790721015642156,0.0,-0.005645259989201068,0.024046434494195523,0.04279279279279269,0.0,0.0212347730564606,0.01615501887121984,0.02112120015791552,-0.0031250580032679,-0.0026970945200440744,0.0007180947993801201,0.023352835696413665,-0.0020630415561451176,0.014319833277323113,0.010208510857694364,0.01739706560592169,-0.03319674137117101,0.005594305667073973,0.014321421298544523,-0.00016881195361917456,0.0037059469240239284
2019-03-19,0.00669219269254917,0.001110134001188312,0.005375380659821127,0.0043357704242898976,-0.003080477592625308,-0.006656225267963056,0.0008097165991902688,-0.022678185745140245,0.007981755986317118,-0.006667684068416668,-0.0018168976111037072,-0.006185965590566389,0.009258613534426141,0.006883909204275618,0.011719636170302916,0.07131214053332768,-0.004725339494230818,0.008352960784313579,-0.007924709968626487,0.01130783900847332,0.006854901184926154,0.001996990129242482,0.000680462703070539,0.012319900931215377,-0.00013056153949719818
2019-03-20,-0.01994305159860721,-0.004752459405940601,-0.01639639963649253,-0.021389325380481328,-0.02162993517303735,-0.020496668486532532,-0.028317152103559895,-0.0298342541436466,-0.02714932126696834,-0.033810601476993773,-0.020932923300729933,-0.01964594436879974,-0.008306912621974583,0.002075424144772242,-0.003073309765326493,-0.03499429307743285,0.011572670279742736,-0.02578464150848514,0.00873856216158253,0.02010389334080287,0.023952434439146852,-0.0063349631171270016,-0.001105014855843356,0.020953409936924405,-0.002944353643434705
2019-03-21,0.01582693849570216,0.011301217488241644,0.000543612983214592,0.008622418460445536,0.008290604026845783,0.02092557301960607,-0.008326394671107407,-0.03986332574031892,-0.02674418604651163,0.0013379733976646158,0.002324006561097214,-0.010714305130384738,0.005900014868527315,0.010599354030230268,0.004268437480125176,0.003941584393315711,0.0008799941331767425,0.006067880239520873,0.03683031384289315,0.012235217722042613,0.0038684719068124984,0.01318048653952042,0.022974847421073363,0.006184847814375116,0.010852481284119753
2019-03-22,-0.027980953005375064,-0.03871880066105293,-0.017566117030675232,-0.010735606575260515,-0.041112018750508295,-0.02798584832535078,-0.033585222502099055,-0.02609727164887299,-0.02389486260453999,-0.028882695766443756,-0.03269186105513877,-0.031087043098936062,-0.008616958351182258,-0.007956552427602737,-0.0118063760003011,-0.030624186518421248,-0.010551026100557581,-0.019561970961638364,-0.020708350416902,-0.029951732957621657,-0.010476914613717248,-0.01406960528747725,-0.026368307882479458,-0.021144289406249683,-0.01897450128202116
2019-03-25,-0.01177628393850183,-0.0014736061977306258,-0.011981603686635922,-0.014670398499614268,0.0049000000000001265,-0.012773742903487428,-0.010425716768027726,-0.004872107186358221,-0.004895960832313251,-0.002381519810167987,-0.011265603756816844,-0.00476089826617887,-0.002191242358008938,0.0007290922259193255,0.0009558184447227003,-0.022276305294600784,0.002073578321894365,-0.0009308146979775112,-0.012091075381500671,0.005377465557806715,0.0118656264297341,-0.0019362065672902107,0.005211456508890544,-0.010369141435089158,-0.0008390208314040803
2019-03-26,0.0,0.01672543234627022,0.005783619618791702,0.001223760987635547,0.014628118056557504,0.0012323064537338446,0.005267778753292207,0.01346389228886169,-0.0012300123001232066,0.011564410682839421,0.015272751515151617,0.019342678063948515,0.014347456157327798,0.006921675942238803,0.012652160722180783,0.0033140017942834277,0.01330171366824029,-0.014056558316225654,-0.010331736561794203,0.005354344879812789,0.008358891445740646,0.00747239583493875,0.00212476620347557,-0.0070243126571667425,0.007182726036481402
2019-03-27,0.02416425104813813,0.019111321359385203,0.020033426080504624,0.017926278264412288,0.03484185161561282,0.022153887179487297,0.0026200873362447474,0.021739130434782705,0.013546798029556717,-0.0034611305945656534,-0.012177697894515283,-0.004896919195956695,0.0009380817885069614,-0.007597648518997802,-0.009429467677013914,0.0037159373953732366,-0.002333664012067138,-0.006902469316333759,0.008994100711776865,-0.010124713469722768,-0.010794358752150068,-0.006988988682149588,-0.009668450185108979,-0.00979214857841404,-0.004644324979289682
2019-03-28,-0.0012928571010711876,0.0031650736627253373,0.0032732495627114666,0.0070041823693378635,0.012770897832817374,0.01244228326541097,0.0017421602787455193,-0.03191489361702138,-0.025516403402187193,0.006051644509033505,0.013536403517921292,0.006561410703301185,0.0012978226668600712,0.004131680591424436,0.006425535459305021,0.00863846189380757,-0.002924064241986435,0.002151292809321026,0.0013264710564016013,0.004372256450269285,-0.0019291735072397564,0.004883603674102011,0.0013702406792046595,-0.0038618522469888727,0.0035894814516554963
2019-03-29,0.02783171521035599,0.021217873648981422,0.0172195221032998,0.02643088235294111,0.003056935422239171,0.02893952370783892,0.01304347826086949,-0.008547008547008628,-0.0024937655860348684,0.0042369077814539136,0.006439327450512788,-0.01568547565695666,0.006552332713409603,0.006535169062150681,0.004256325271782435,0.007340986949428974,0.008504428651286311,0.020765384481945093,0.006517571004662992,0.004133231731985543,0.006886130953437597,0.008433447804937932,0.008637663559394548,0.004125040900007981,0.006734280040534557
2019-04-01,0.018576763224181336,0.003243979275168174,0.021382769447305217,0.010261335517470105,0.025142857142857133,0.009632055480639501,0.032618025751072866,0.05295566502463078,0.03875000000000006,0.024740871276085485,0.03151653953752276,0.010140749172185437,-0.0057943847239481094,0.001563123760084606,0.008712008271438476,0.014979715992724074,0.002035475488091798,-0.0069562486240444255,0.00679130311747933,0.018778571388460064,0.012058281695863204,0.015591756955701364,0.00915715602582412,0.018000352795066288,0.011568600103627924
2019-04-02,0.019783741563137003,0.026099007052883483,0.014305635031402808,0.06036799540053672,0.008175362318840529,0.005724079374165303,0.0024937655860350905,-0.005847953216374324,0.00962695547533099,0.00386294083910399,0.0039053986654125072,-0.012292603722749318,-0.009137926583333678,-0.0010804801531640873,0.0016339869281043473,-0.005983246908655704,0.0029019733865922603,-0.00460205682257242,0.014536707497663448,-0.00011573264477715561,0.03260225309903242,-0.0020935310099051696,0.001428373418628226,0.00507349591523254,1.7455767155283297e-05
2019-04-03,0.021824703132785617,0.00765309129391567,-0.006019917544202391,0.030182503879179423,0.015481017894619198,0.003414911846232327,0.014925373134328401,0.010588235294117565,0.023837902264600697,0.017012663291139374,0.015560640376186763,0.013482721706756129,-0.003921349012784514,-0.0003605215762589875,-0.0016313213703097462,-0.004815449438202335,-0.0052083331826292545,0.005850791606713646,0.006854983880940413,0.0037045452949264757,-0.003788771592229012,0.0044056293706293825,0.006544164669113783,0.0045231980651498915,0.0021483768437535744
2019-04-04,0.006526283195677163,0.012285882078498567,0.0005191036421681172,0.0038596666666668167,0.004718729753855788,0.005483097097430445,0.006535947712418277,-0.010477299185098987,-0.0034924330616995514,0.006820646187291279,0.012392946994300491,0.006344596677351655,-0.011664292653849828,-0.01598944457802365,-0.0023342203548087914,0.006451613163371395,-0.0029087259188853576,0.006304926070695105,0.0017404452832168182,-0.0010105816716199367,0.014290717414054521,-0.005918025276125283,-0.005084604442072149,0.007529484268195885,0.0020846353463821465
2019-04-05,0.0038314470969642578,0.007649930290178686,0.012452455897613124,0.008912949861709984,0.019508634393063717,0.001316284317412597,-0.006493506493506551,-0.01764705882352946,-0.012850467289719725,0.0007417742321471632,-0.0006676608056976896,-0.007931645634803641,0.004499417042886034,-0.008552181027542627,0.005849321204991931,0.006410336795285909,-0.0017502334232855077,0.00561865882056134,0.006694240754371972,0.010127246820485825,-0.001704368782993626,0.003501891045677885,0.004440331732235903,-0.006460885596707766,0.004636432541648805
2019-04-08,-0.005284791389172261,0.006788765355545401,-0.0035872735977574566,-0.00034645764767005094,-0.023742027772573726,-0.024600957746478858,0.0,-0.003592814371257358,-0.0011834319526626835,0.0007905326417991798,0.0017816925709712716,0.0020500615426417568,-0.0002936848439991646,-0.002464633334204991,0.00348911358506121,0.027866201119976175,0.002922238371646957,-0.0001205844526110944,0.01573608121827408,0.006847054233124705,-0.004495834256226794,0.0007677275318795918,0.00033364751300068995,-0.002742043602030342,0.0010474601970706932
2019-04-09,-0.0168240845093246,-0.029364871365499923,-0.008400514027069539,-0.013169260321768572,0.06424686258609302,-0.0009626492291614497,-0.002450980392156854,-0.009615384615384581,-0.007109004739336289,-0.009479599419162765,-0.016007158737216365,-0.015139156809755305,-0.004186807728711606,-0.0018529216251853553,-0.006954079901578147,0.012780790085205274,-0.004079254079254135,0.00016077587939711258,-0.002998540609753464,-0.007578962253189103,0.015148968764893356,-0.00892668951061204,-0.00541983657133327,-0.005474121300272583,-0.006067494614092284
2019-04-10,0.02131488978340168,0.0215134466838518,0.016251711618257225,0.015978928604408527,-0.021487005457025976,0.014068221508348744,0.0,-0.003640776699029069,0.007159904534606021,0.011763538325280098,0.004292883158286465,-0.007270419760499136,7.372574672803722e-05,0.00024748761457327184,-0.0025676937441644343,-0.0011471892925429827,0.0011703042715038858,-0.01109366967183445,0.005614015037593845,0.0062587100252724515,0.0013515316887990902,0.006403511319375665,0.0076291331960860465,0.004101093338901629,0.003477871645617192
2019-04-11,0.023221663727219122,-0.002632548446069527,0.015821708333135787,0.009160006754925565,0.032763958425794604,0.007221607890946613,0.018837018837018826,0.02192448233861133,0.009478672985782088,-0.000738959517961546,0.007873970576513623,-0.0010462230373252668,-0.00272897916021575,-0.012125760950259745,-0.010765270301895447,-0.004211370436011719,-0.008766890450996878,-0.04312482641598514,-0.008324195161483194,-0.001764714521849009,-0.0017434033730523435,0.005313906997233886,0.0011648223452063178,0.0020462841305868285,3.8122920939631655e-05
2019-04-12,-0.0034473426185767098,-0.01627686059298228,0.015407838141146213,-0.0058229149824099435,-0.0013499494211930418,0.002452849056603812,0.032154340836012985,0.026221692491060544,0.01760563380281699,0.024700458268496206,0.04218750094168522,-0.026183492828508848,0.005694763406084435,-0.005135220698157306,-0.013248190205819688,-0.047673971549404115,-0.024469282103141476,-0.051822262779901984,-0.00040211109127141764,-0.0005476402899958766,0.008957304066173899,0.003964438753404131,0.00515245566105782,0.010999319333064861,0.006609324295980379
2019-04-15,-0.02709711810599935,-0.00924204381369964,-0.009401286336775727,-0.010335883037655202,-0.0003379520108145462,-0.015810276382264732,0.005451713395638658,0.0034843205574914826,0.008073817762399127,-0.03815431174276984,-0.013064832149600192,0.006022757323176808,0.003971231180209811,-0.011330744051366026,0.009110549247435928,-0.017359709325797335,0.013599304925959288,0.03126958143862746,0.0018102278234068958,0.0009820276833421016,0.0030708430015351507,-0.0031175059320747156,0.0008268375566806707,0.0026521558239063214,-0.0006293691138795632
2019-04-16,0.008296266666666607,0.0118859706853367,0.015151514899242269,0.011488250452771798,0.011156186612576224,0.00937077817229337,0.0271107668474051,0.02662037037037024,0.0011441647597254523,0.009654304243823741,0.02039926126739333,0.018815522771006954,0.010987400791462099,-0.01235198029227036,-0.02779762413875042,-0.00862781429745263,-0.014311269698530915,-0.04013896663951744,0.00010040656729226605,0.00984895632171634,-0.004341770253552091,0.0086171303106517,-0.002313143271875817,0.004938194348142355,0.0005093581867543495
2019-04-17,0.010285101683370712,-0.006393584357801907,0.006724618554623252,0.005506780149599377,0.023737913741223693,-0.00037895036716451,0.02564102564102555,0.006764374295377795,0.012571428571428456,0.030023771899004403,0.02637171416418549,-0.0020986987576622207,0.0036226632771290124,-0.04693140915243432,-0.025415372698698535,-0.044757565054188486,-0.010284331207370379,-0.01864595795382995,0.019473043914680188,0.0009553777496673632,-0.0005031363700769287,-0.04154607993348536,0.008280202242614942,0.007505285472992673,-0.00227381198387544
2019-04-18,-0.00029092494790794454,-0.01870557510088633,0.004724617062159986,-0.0044498031832962415,-0.005225408059261638,-0.010993139158193332,-0.0117647058823529,-0.016797312430011258,-0.01241534988713311,-0.009571861748105759,-0.014711956680976357,0.0006309779312507757,-0.007219173918014077,-0.00987548728018095,-0.012537612524132102,0.0034707159857143566,-0.0009169315123188637,0.022643442587040097,0.003593737929528107,-0.0016784489069380237,-0.0027967334310142755,0.008770045224857581,0.01313957493158191,2.4288626774060518e-05,0.0015790922365066518
2019-04-22,-0.025894647247443947,-0.0060997944079203,-0.022214999909680566,-0.007220182472758574,-0.025278989667727902,-0.009007301648141008,-0.0029761904761904656,-0.003416856492027276,-0.005714285714285783,-0.006361992980195241,-0.005467886550323597,-0.006725598708465785,0.002254202959447227,0.0036889874658014854,-0.010157465460704396,-0.009079075187162777,-0.006423952475495764,0.024171368658399084,0.0032865692141665903,0.01376175346698072,0.017724944007880383,-0.01026154763398368,0.0031612141567347596,0.010085954083672188,0.0010120177659616036
2019-04-23,0.0146356332138593,0.013655534469250385,0.009784411439210938,0.008484883116883113,0.0252610297992244,0.020885747841534297,-0.010447761194029903,-0.024000000000000132,-0.012643678160919491,-0.002248323492229143,0.0012687037160350467,0.0019043589464391442,0.01501844279157738,0.015518636203629699,0.011287788609543492,0.02399646596858629,0.012623121921182534,0.015278944056717148,0.014423292426538836,0.01931847966693856,0.012896808720273434,0.011159932400892414,0.013574660414113593,0.012579740741577083,0.008841205808999053
2019-04-24,0.0005887842040390723,0.007568303656690256,-0.0014780752418800391,-0.006696497022785075,-0.06898820404112338,0.0026519984343247316,-0.004524886877828038,-0.004683840749414414,-0.0093131548311991,-0.01763498588044954,0.0006336431101856554,0.00274555449822822,-0.005003552752118057,0.0017426944166942793,-0.0012683663758683572,-0.01959944693649107,-0.0036484950942078376,-0.0009974672478317848,-0.0015422788035913682,-0.01144628503983025,-0.00652952990820288,-0.003489070015820661,-0.0034279336188148823,-0.006761336972594512,-0.0021917632969649103
2019-04-25,-0.017063900143342137,0.051453397000923884,-0.026809227414625436,-0.01970611995526772,-0.048341601976005566,0.007934970716040102,0.008333333333333526,-0.01764705882352946,-0.02820211515863691,0.0042884263988181015,-0.001899535628967275,0.0006318028643641505,0.0032327371386364767,0.021544131344408024,0.006096063146966202,0.03085610604085187,-0.009764998474214304,0.0019100802628153613,-0.009075130158811895,0.0002629157355067413,0.05849486736230847,-0.009431883017475107,0.03311728608723641,0.005931489649681598,-0.00036897361004351037
2019-04-26,-0.010475875486381181,0.007072474841333776,0.02450567938163517,0.0070534651217326605,0.009269559112701442,-0.006935295480236081,0.007513148009015813,-0.01916167664670665,0.00846432889963733,0.008341648709284444,0.012687629251689092,0.009471711617415668,0.005298997721403298,0.0037988081634168225,0.009088613756914832,0.003372681423805979,0.006471463591017912,0.02690760946467896,-0.004773947778643817,0.02543304244973066,-0.009158594876296111,0.0058428692980281305,0.005729810564296223,0.006909733933734508,0.004685292161922483
2019-04-29,0.021476073155593856,0.022770745387169278,-0.0013196634991696765,0.010856224639183676,0.02608379963570151,0.016043827859569815,0.00820283370618946,0.01587301587301604,0.023980815347721673,0.018908784529162892,0.011902276297813152,0.00646374075195455,-0.003917679349794589,0.0019574840907274904,-0.009507155128667621,-0.007142857442977157,-0.00030612369871385603,0.0018987215189874007,0.0015173567984854142,-0.006254364471339091,0.01718102205908867,-0.002796894681627915,-0.0009238201626284859,0.012105127691304007,0.0010715220095269817
2019-04-30,0.012140953509031549,0.018726675898784517,0.02246450243699205,0.00970034644032558,0.010025026852846342,0.007430763238686078,-0.016272189349112343,-0.004807692307692402,0.0023419203747074846,-0.004832785664341643,-0.004333450357685842,0.0029003521856223458,0.009725407886882254,0.02513675469050214,0.025764107097751898,-0.02285226503818305,0.012557395861721554,-0.01844594674810629,-0.0192561458384245,-0.0061441649521597475,-0.0070849420222043324,0.008773829368417863,0.006395946477739223,-0.07696607541784373,0.0009514170675830602
2019-05-01,-0.00789935634874206,-0.0089869754565981,0.002746332706095922,-0.019042734276158213,-0.01453385375873284,-0.006085155817812993,-0.009022556390977488,-0.015700483091787287,-0.009345794392523366,-0.005778953047581137,-0.014093264248704607,-0.00371824003305099,0.005311614843731105,0.00012707407098311307,0.003939891555284847,-0.013425682113469062,-0.00030254082569447505,-0.004805466024635274,0.04908558329595869,-0.007786059757634911,-0.0019131076084727416,0.002067398529481901,-0.020827020482679037,-0.017164802389014633,-0.007502163198430001
2019-05-02,0.0011796225302271868,0.0066639256205540676,0.004349927501208439,0.008394543546694555,-0.02877694348118498,-0.009833079412501666,0.004552352048558417,0.008588957055214674,0.007075471698112956,0.0012700093053290562,0.005045217574101368,0.0014513580758863664,-0.004719957831348154,0.010162550683910698,0.005886632327691821,0.0320456087776293,-0.004235975922419977,0.0021556370186113227,-0.006507752108915965,-0.0055976782288682525,-0.002590270955759588,-0.006900981885329838,-0.013059102589750626,-0.004682873780945118,-0.0021239854714627526
2019-05-03,0.02474226731245155,0.0049818877020533225,0.0022457491177412248,0.002428009018383692,0.03888885185185176,0.004684279645573941,-0.020392749244712904,0.0,0.00819672131147553,0.012342060287280798,0.005229031473979573,0.007246439073425259,0.005167015891612614,0.006036255257906964,0.009266057511146508,-0.002977413866439904,0.009723488301428107,-0.0021510002428608566,0.012431308149416509,0.03242811878616503,0.015270357945620594,0.00472816117854169,0.021313644095663165,0.01960248001826681,0.00963827936303252
2019-05-06,-0.0011497843877612546,-0.0011544140008967751,-0.004641501280409632,-0.001211055384274351,0.006773654430433318,-0.002610947456377244,-0.021588280647648506,-0.013381995133820102,-0.013937282229965042,-0.005252558688269904,-0.007282604925455516,-0.0045221375324917545,0.0005633476714086427,-0.006499962500000067,0.006281783191151913,0.08703067034852086,-0.006620583809810232,0.036861405952076876,-0.015442757969303389,-0.006068868785445769,-0.00813422004330977,0.0009269518716579217,-0.005818464196359896,0.0033659447606015913,-0.004470988470551718
2019-05-07,-0.02417266187050371,-0.01645249891773759,-0.017687715351145106,-0.009700363762341846,-0.02337110481586402,-0.023747213911742615,-0.02206461780929858,-0.03575832305795301,-0.024734982332155542,-0.01840811959917077,-0.020959966903373872,-0.02601697295065042,-0.014920086281091982,-0.0198792267282627,-0.01968787420466389,0.0003924646781789942,-0.01605568106971733,-0.01018709771309767,-0.02695700358704911,-0.015149597937848092,-0.021198684206759744,-0.019518491967570606,-0.020522802365484205,-0.012855361830156231,-0.01651165143337796
2019-05-08,-0.004718372161604201,-0.017557150999614857,-0.006547732853167454,-0.012593965807030427,-0.01740391588107315,0.003830703003844027,0.003223207091055613,0.006393861892583175,-0.0024154589371979673,-0.008291012972141076,-0.0038535646297060966,-0.0036039433370338436,-0.0012860470008855263,0.0035943259667696736,0.0029389907940733373,0.03766186739898014,0.0036945197044335742,0.004620840101396739,0.0001971408853396195,-0.0016814055179594778,-0.0012120514051313647,0.002615526028883597,-7.962874632638783e-05,-0.0066689005706955795,-0.0016054253294270904
2019-05-09,0.005925955555555529,0.0016182086252654049,-0.00642609995758936,0.002480053100442081,-0.014391180811808124,0.0009539973287542303,-0.011244979919678655,-0.01143583227445999,-0.006053268765133013,0.0033839662112560287,-0.0017192779221851806,-0.005531872340425625,-0.007582781694538077,0.0019186748529034237,-0.007570256225390537,-0.013610623303946245,-0.0144170867740544,-0.004934112605497254,-0.01074416996527039,-0.009333770375657413,-0.004695573667136355,-0.019275391304347744,-7.969086001613501e-05,-0.003335432561320517,-0.0030214248826746504
2019-05-10,0.0011782326604348192,0.006462475369046983,0.016086252339738927,0.0005301113270894664,0.00037439162764485445,0.0053374572119224695,0.0016246953696181787,0.011568123393316254,0.008526187576126443,0.002083013388805899,-0.0023681592601041412,0.008771929449211457,0.0023066893190135662,-0.0017873100526665242,0.00196855319804512,-0.02951322345726326,-0.002178649169665481,0.011009770092827775,-0.017636548425667642,-0.005205627240825961,-0.0016432441550990884,-0.0001476946992078343,0.012988023904382473,0.001625987191684386,0.0037202970362448795
2019-05-13,-0.054427857933047274,-0.02177550964388275,-0.018606153092867728,-0.032144119253693426,-0.046407149940387415,-0.032233616525080944,-0.04622871046228716,-0.029224904701397714,-0.03623188405797084,-0.03504084085561732,-0.04661199827362972,-0.017391303610124975,-0.013304609565524483,-0.013045197261920993,-0.003683717984191648,-0.02962085308056872,-0.00218343723694836,-0.004322677656140028,-0.058119446520719986,-0.03560880364457619,-0.03610493333556197,-0.02882063847365901,-0.029733336656965426,-0.02769116308603392,-0.0241305571474959
2019-05-14,0.006222806665302061,0.030964582449640954,0.020788291688204064,0.00821169723014048,0.027865031397174223,0.011951430016625686,0.008503401360544283,0.005235602094240788,0.016290726817042467,0.006718972115099975,-0.003847940244454451,0.003453485713210025,-0.0027696064745540427,0.0032396009651316504,0.0022183879714072763,0.0146520146520146,0.0012503594873396473,-0.013024462370806233,0.015830303682963454,0.009568295303241436,-0.0044618102414492045,0.014381372917080748,0.011187718057360518,-0.010238322043663706,0.008015944571454048
2019-05-15,-0.00556586270872006,6.916955017310933e-05,0.0017921309580948286,-0.003619927601809958,0.029400457067565666,0.0069699126052309435,0.0,-0.0013020833333332593,0.006165228113440335,0.0006113460393892822,-0.002499341172430891,-0.013981543816668274,0.000657776607188687,0.0016792172999022803,0.012051205115592767,0.014039350180505394,0.00031226975686138303,-0.001480315570622115,0.011979200424484304,0.016863046477574972,0.030653505907231926,0.008176400992819577,0.010342291100562395,0.0390650300817863,0.00583897513550613
2019-05-16,0.004975124378109541,-0.0017299841440032715,0.018702178607832964,0.005994586848221406,-0.009272997376594816,0.01115174047882106,0.005059021922428464,-0.0013037809647978849,0.004901960784313708,0.013951146047387342,0.008655967714989998,0.0013089441535776292,0.009495310510691413,0.020373874131249137,0.011907581438270753,-0.0015823179753829963,0.01779026161703312,0.0030074169518179428,-0.004399748585794949,0.019463924074962335,0.0038653620257611543,0.01101198709874951,0.023091541574945307,0.012686731341237989,0.008895286972429028
2019-05-17,-0.017945544554455517,-0.0049216139235274126,-0.003991060089256981,-0.008847995506536699,0.008236653247347459,-0.006655219623502684,-0.01090604026845643,-0.010443864229765065,-0.02195121951219514,-0.008586953944897835,-0.009033378704457418,-0.00435732007157652,0.0028941030297466863,-0.005181296796965662,-0.004082564939542843,-0.007131576862123512,0.007053020329561122,0.01938431578905453,-0.005681818181818232,-0.020219413752495807,-0.009037926920211548,-0.011480703139509107,-0.00667017797790459,-0.014147764409027652,-0.005837333329762107
2019-05-20,-0.024574700693131613,-0.011076251945463356,-0.007052380302169925,-0.011113135564094434,-0.017823950984032666,-0.004402832909539245,-0.0050890585241729624,-0.01978891820580475,-0.009975062344139585,-0.000962305661430074,-0.00022793983072155743,-0.005470459398895899,-0.0013707741045324573,0.002032469486376254,0.002893633882478097,-0.033120472191559225,0.00822171132764904,0.019098516465769322,-0.03126986243386232,-0.005366521669341928,-0.013923378080031745,0.005955836497238964,-0.01444527132726714,-0.02017557602288289,-0.0067493779761946815
2019-05-21,0.010981912499415714,0.030431049499737073,0.010815141068359235,0.01013270099728647,0.013988619508936928,0.026148837767692168,0.01449275362318847,0.01211305518169592,0.006297229219143663,0.009480815010119326,0.011853202914365202,0.019361957769813865,-0.0021673385662092093,0.007860078899343703,0.0019234912238517143,0.010730499380932734,-0.0018122016970038013,0.016057550793578068,0.019170965517963046,-0.0007799754824550087,0.011493027520287802,0.009843117593365758,0.00538742667257619,0.009465714736073272,0.00849583560835443
2019-05-22,-0.04408942632873558,-0.022422744205788492,-0.030980501931978655,-0.014043424619973544,-0.02050708426547354,-0.014989676128717933,-0.013445378151260567,-0.02393617021276595,-0.03254067584480602,-0.018030219386117152,-0.020274769548879856,-0.004964472049882485,0.0046336520646415025,0.018616389937106792,0.007679482010054306,-0.0020416088199264326,0.01391827576152127,-0.002400600124825125,-0.02047163899371318,0.0011628590684045204,0.002705334817999505,-0.0007328032407357687,0.006067738281044344,0.0015570566114442297,-0.0028243959201321722
2019-05-23,-0.014037433155080326,-0.0020279230769231216,0.011206344759393527,-0.001109896390863896,-0.019033117624666973,-0.030625851245957736,-0.017035775127768438,-0.014986376021798309,-0.019404915912031084,-0.01815672528320944,-0.017935225664050147,-0.011713601375861193,0.007422874294568782,0.0004938750125758062,-0.0016671587679371047,-0.03150576794166238,0.007162101292873757,-0.011390053924601906,-0.01706967939599524,-0.02376756899926391,-0.0240125827320955,-0.029042954350878558,-0.011670698075831432,-0.009249468997432175,-0.01191415018948383
2019-05-24,-0.011186440677966036,-0.005255412817687044,-0.012548907878929039,0.002222203703703629,-0.017074117190531646,0.0037284733855664776,0.008665511265164794,-0.006915629322268413,0.006596306068601621,0.0053654164433745155,0.0058534302470951705,0.013388871523510204,-0.006724279612775996,0.0018514071285389289,0.0007157204539942619,-0.006337135614702283,0.007407407407407307,0.004584198782961568,-0.003840609955680474,0.004296411464697059,0.00105049485958153,-0.0008308784714167183,0.0004754953241401516,-0.006399229355624092,0.0013535592343441039
2019-05-28,-0.015083990401097092,0.003381198762550053,-0.00891237828024427,-0.00443455292746775,0.007106198183971735,-0.0218964409815664,-0.010309278350515538,-0.02228412256267409,-0.007863695937090354,-0.018445585492227967,-0.018389222960643048,-0.012562227098212086,-0.012819581729078267,-0.01121098955798927,-0.0011918712469159987,-0.040391156462584954,-0.022352882352941306,-0.02249326368991511,-0.004134793540816917,0.007212290372758723,0.017949851076437096,-0.013758633306309664,-0.0006336660429921981,0.000599974430200545,-0.00837567691621377
2019-05-29,-0.011138183083884479,0.003650694978226676,-0.01298915925044386,-0.01243507772021013,-0.0007840062720503305,-0.009394323593730158,-0.004340277777777679,-0.014245014245014231,0.010568031704095038,-0.007337410184360071,0.0004742945446665203,-0.0024128098267165443,-0.04187644785047684,-0.011213568123260242,-0.004295966382054095,-0.021710234824989016,-0.005415192213285569,0.0014045939139435415,-0.004769073775886645,-0.009387840806922343,-0.01150233857633709,-0.005902230252064933,-0.009670275533599337,-0.015597639311957567,-0.006911912239044082
2019-05-30,-0.008447729672650395,-0.003777343127858157,-0.00826726843259673,-0.0033828228412484673,0.011377049823460217,-0.00343022591948694,-0.0026155187445511263,-0.0014450867052022698,-0.014379084967320321,-0.0036161020428168156,-0.008532756779633943,-0.00945472735268249,0.005939229331619167,0.004032245412900259,0.004314501334743426,-0.028532563405797018,-0.00030254082569447505,0.00453797866018113,0.005186604911791459,-0.001577622509512322,0.004500757401605382,-0.0009252448002891045,0.006323042959451852,0.0013345664439818883,0.0020984710702871556
2019-05-31,-0.03336883209087682,-0.016219611237461073,-0.00986726794602355,-0.02885157512448744,-0.031031845188834506,-0.036242175263052845,-0.014860139860139898,-0.02026049204052105,-0.009283819628647216,-0.026044671666880292,-0.027253237998888902,-0.015094339957699043,-0.007266724644109379,-0.0058986069277109365,-0.009069259710297817,-0.03356647862160933,-0.005143661275148537,-0.0069815071868583045,-0.01811551277362844,-0.022710756489154327,-0.030271537901522816,-0.0199120850553014,-0.016304803555918124,-0.012809111881252777,-0.01319537251353431
2019-06-03,-0.0011016893132574923,-0.007636913798894307,0.014948436169270884,0.01165044660194181,0.033626901521216945,0.003991659831582339,0.0026619343389531203,-0.005908419497784201,0.008032128514056325,0.003835810076283419,0.00098306711681162,0.003380685223815405,0.0022112696398597365,0.013255940073929384,0.009633863198458492,-0.01013024602026058,0.010036435217870121,-0.021670822725341266,-0.010110264003643565,-0.04640944160292826,-0.0750549778832762,0.010079581228121581,-0.031047897800776214,-0.0610712147138478,-0.0027652405241348488
2019-06-04,0.07058823269896197,0.027977561822805752,0.030303047232097535,0.0424184853135694,0.042989930286599476,0.024272859923145873,0.038938053097345104,0.050520059435364084,0.038512616201859196,0.036519476646984295,0.04296587282101649,0.02605570530098822,0.017422352139039088,0.010216795160308934,0.007395086230681525,0.040935721247563395,-0.0009033122825449214,0.01775446836113015,0.03658393452777986,0.02178196792391751,0.020408200563199586,0.03445854729995945,0.027703672486771413,0.01623198452528829,0.0214323708029609
2019-06-05,0.04258241612010938,0.00818591658365242,0.012323364897742994,0.011600036612041231,-0.02116594875603417,0.025944841145151498,-0.0025553662691651935,-0.021216407355021283,-0.01406649616368294,-0.00758375269686784,-0.0011770244821092124,0.003940477232924566,0.004860607338984746,0.007523433460201678,0.005919962112242549,-0.001872705904835903,0.002712477396021873,0.008348600439205045,0.01614335337341366,0.005168910413651195,0.003999988059701476,-0.009043612796086897,0.02167909965316328,-0.010284485538255672,0.008161854490207121
2019-06-06,0.0006586956304777125,-0.012074982148161717,-0.010712546490625696,-0.004550418721339988,-0.00493175246844646,-0.004778992338132504,-0.009393680614859234,-0.024566473988439252,-0.0077821011673151474,0.007270197333154371,0.00895595097808144,0.0013082642540718226,0.01711555227282502,-0.003060350029125969,0.005414289077212864,-0.009849859287054397,0.01593023745115718,-0.00391315642108736,0.014681758066473316,0.009122798389416209,0.0009514420045364513,0.005551722353345445,0.01581497233068463,0.002034114734882575,0.006135586788134972
2019-06-07,0.01777488537771177,-7.020932796986123e-05,-0.006890926876276904,0.006948272206038997,-0.025162028211971,0.007803101240496213,-0.005172413793103514,0.001481481481481417,0.0013071895424836555,0.0,-0.0025694930490658408,-0.006315265954497606,0.013681665904094809,0.01252452081226596,0.004916857993838786,0.006158171190991268,0.013017840621829535,0.020469757905515307,0.026616952812871242,0.028312344344766815,0.02982239612876625,0.00824381327905166,0.028008089500860534,0.02077874418913117,0.010497697584650245
2019-06-10,-0.005174644243208237,0.0002809483548598113,0.0018172807172853744,-0.006173960414018631,0.011732538130621695,-0.001389716128443852,0.0077989601386483365,0.019230769230769162,0.005221932114882533,0.022706901877739716,0.013817329887181984,0.01402583795691803,0.0033922843004197123,0.00024259034977669458,0.0034949209457093566,0.020715630885122405,-0.0005841413210195823,0.005551707978251663,0.01277942730599757,0.031374187286324906,0.008479959325758513,0.010726929873631663,0.00913251183253494,0.013451620460195546,0.004660044265529351
2019-06-11,-0.0058517555266580645,0.0018962357040257505,0.001978875362448562,0.0027407454778001217,0.01352910655086581,0.0055666601504307245,0.007738607050730817,0.013062409288824517,0.0012987012987013546,0.0031423913852872687,0.008777939275169011,-0.00021616598227791606,0.005466803180353752,0.006062075434211556,-0.0092872533085675,0.020756411439114553,-0.0035068087812155646,-0.009148077734940308,0.0115795825111642,0.001649949743769863,0.01876214888837069,0.00898019856834642,-0.0037707388942350706,-0.001536527881224492,-0.0003498799704155786
2019-06-12,0.01700457815565737,0.008621862929430568,0.0032916558028852627,0.0103862971868387,0.00839061816897857,0.004547231927748863,-0.019624573378839605,-0.014326647564469996,-0.016861219195849486,-0.023160247997951022,-0.02404394431160728,-0.029182837405224427,0.013592745840554699,0.008797252031914171,0.009608718519274362,-0.023497425372680847,0.01583580738039947,-0.0055720300478306894,-0.003182547162518423,-0.004496434630211543,-0.017181431201074737,-0.007944111981113222,-0.004617721213426851,-0.0015666178854863988,-0.002037579203488127
2019-06-13,0.06398713826366564,0.014455500830186319,0.01968505609719573,0.019296645278690017,0.023449242683462934,0.0308994286380746,0.004351610095735259,-0.0014534883720930258,0.0,0.006466175972735799,0.007742890843333905,0.008461389445557854,-0.0068463159791376516,-0.009676227567509521,-0.013463369848497275,0.009717676551703969,0.002309526625563718,0.0018814192229037463,-0.0002060456211741002,0.0080741346161326,0.013882587392470835,0.006598947378918529,0.006312282062807872,0.010900337672943294,0.0040973820210257195
2019-06-14,-0.012390450287095955,-0.02726584896029427,0.015443999356499427,-0.009377176220806915,-0.014412380429134508,-0.010691122361757843,-0.0077989601386481144,-0.011644832605531286,-0.007915567282322011,0.0010969287191997523,-0.0030267985325541646,0.006623956577082035,-0.004406303526088062,-0.0014475632943892203,0.006117600000000056,-0.01604037580201645,-0.0048963708267175665,0.001673693616444094,-0.00726236445067685,-0.0003368470210631802,0.021750160467965518,-0.004493230866721931,0.0009823911209436709,-0.0031411996447145984,-0.0016115122119045866
2019-06-17,-0.0036719400244797917,-0.0027466651613963222,-0.009505687729811196,-0.0057153775418689046,-0.022497187851518663,-0.012350443844075687,-0.004366812227074135,0.004418262150220897,-0.0026595744680850686,-0.004330595756431133,-0.0072396543671181535,-0.0070190831322658465,-0.00463983166935078,0.006281758954841177,0.002806431375417695,0.024685655551264674,-0.0031837916985177905,0.0024453112125628618,0.005966566234999027,0.008750199027096395,0.042353680666699534,-0.0014798150860443338,0.0030200755685936276,0.006587758933160881,0.0009317494470466592
2019-06-18,-0.0012285319033005226,0.005579046373769048,0.0067178342930260815,0.006466696837316155,0.009973149213655441,0.010160238374365083,0.01754385964912264,0.038123167155425186,0.013333333333333197,0.02174707308340329,0.019524865656309842,0.0183343936381708,0.005665476109215861,0.014285653747215354,0.004430946725024532,0.02000004545454548,0.011614431231545819,-0.0010977110985173066,0.023518469235133344,0.008133468589645698,-0.0028569600247860816,0.010596576745385278,0.0173880157747226,0.010160161098398124,0.009717399826955075
2019-06-19,0.02121768142681435,0.0021069106124511627,-0.0012710200392599402,0.005889737745667256,-0.013672654766425985,-0.0036751063118934946,0.011206896551724244,0.012711864406779627,0.00657894736842124,0.003384978015898543,-0.0046146977388094035,-0.00976130194192193,0.001568858348965474,0.010297112328017777,0.009983747387973141,0.019607753136909434,0.011194029850746023,0.01827433884746843,-0.0029226506006078123,0.003902472438038096,-0.0052528518849002115,0.005132695221707895,0.003921263571433409,-0.001150797415385152,0.00298516356781775
2019-06-20,-0.03191800758560703,-0.022286123452433526,-0.03404390655354894,-0.006919801154723126,0.0003850982050479512,0.0001941758957164641,0.007672634271099765,0.0,0.0,0.00030667552804475307,0.007417709954049778,0.004600196950703239,0.012531221342781507,-0.008903502707315991,0.002298804597701043,0.06206293977547794,0.015043939824013863,-0.009712646311102358,0.00803563972377086,0.004924534290279947,0.010934515914967191,0.01291219706868696,0.009285835223143524,0.008246249637436032,0.009472185291927948
2019-06-21,-0.018040496544914686,-0.03153891590348057,0.022397908063275462,0.0003573521465543017,-0.011162394149345722,-0.005240683229813747,-0.010152284263959421,0.001394700139470073,-0.014379084967320321,0.0012263924562041506,0.0027612287795957258,0.02245961573354527,-0.000843899824855332,-0.00035458629679885334,0.0016055046608030032,-0.019753046080372205,-0.004474273180887889,0.018243477927096352,-0.0034092448246567653,-0.0035918716143450435,0.008494697454200839,0.0025206408705520378,0.00014606791119531337,0.009411348172518652,-0.0012592228928592908
2019-06-24,0.007918910357934683,-0.002072378046981127,0.005476739514280293,0.0014287908044725572,0.0011676916633831524,-0.0005853463414633442,-0.0034188034188032956,-0.011142061281337101,-0.0026525198938992522,0.0079106001029845,-0.011702661234389122,-0.01322241444278982,0.006826673427452246,0.011115076268180202,0.002060911475196381,-0.0025188916876573986,-0.005898848646002652,-0.010464563225244139,-0.0010061374383740773,0.0013603175500154219,0.007638416907180368,0.0010776508852943234,0.005913689085831342,-0.005669042118279011,-0.0017318869151060623
2019-06-25,-0.017598994343180352,-0.0023734109267461445,-0.0076898272249223965,-0.0026752630640271002,-0.00038880250345274536,-0.0042952166283636295,-0.006861063464837058,0.0028169014084507005,-0.010638297872340274,-0.007240908217101882,-0.009519387044346517,-0.002809617462718794,0.00824833647767842,-0.0031575721399235146,0.0,0.02609423400673405,-0.005651314090175719,-0.00793140124952496,-0.015157578809547823,-0.018616439496946358,-0.019522377377288347,-0.007104448922664486,-0.03157211519503644,-0.026149278791069985,-0.009496397395675538
2019-06-26,0.006397920665387025,0.021485384784974526,-0.0004843235467278939,0.008226091138272329,0.019836640211460255,-0.005882333333333323,0.012089810017271274,0.0351123595505618,0.013440860215053752,0.004845440220804242,0.007735630567276219,-0.007368877489572601,-0.016569598704603394,-0.01994365368239448,-0.017595887458678683,0.025430722946297113,-0.006251719416076051,-0.01691836765051491,0.02162906287757571,0.010413804081268463,-0.006248633896391409,0.0011564252590601232,0.00374728341625552,-0.006029297321032079,-0.0012339339216592693
2019-06-27,0.021932708898051878,0.02103347253421295,0.01938299143918587,0.0078041680063112295,0.03165522622636252,0.0007889743434126295,0.025597269624573205,0.023066485753052923,0.009283819628647327,0.011725354340524685,0.0116306112290947,0.010698733858050868,-0.008177680302671408,0.0034714028792026674,0.010234891359158338,-0.006399999999999961,-0.0005719187711776819,0.011787879361778275,-0.0003003002942882915,0.003398656965871938,0.00980494490450945,0.0,0.0016426566975180634,-0.0035099452009749177,0.0038231756993074573
2019-06-28,0.014307899576491367,0.022881225747869216,0.012676263465754012,-0.0012319605772614928,0.014048096637637508,0.0007882735203676994,-0.004159733777038155,0.011936339522546469,0.0,0.026490060277792438,0.0073579900042313184,0.022251004055930057,-0.010022055440726985,0.00023853035336918182,-0.0025328114206769614,0.015297866344605504,0.004291759533855188,-0.009458476243541125,-0.009111865242578121,-0.005592677462249451,0.01846965699208436,-0.004475960020907888,-0.00141622816621223,0.004553883285900007,0.005757452665057894
2019-07-01,0.008279668559347808,-0.0029268153310103573,-0.0031294163667656694,0.018326008810572558,0.00802041560335387,0.014966561933173805,0.005847953216374213,0.001310615989515096,0.009198423127463773,0.011045918542152977,0.00319561736599816,0.00781908284023669,0.0005743969024583073,0.010733476702050826,0.010387811634348987,-0.006344171544178101,0.006837664207274496,-0.005614507717194184,0.01834076394502837,0.015082109981669811,0.0,0.01435831099456042,0.012839548448217109,0.015764417448270285,0.007672300909413732
2019-07-02,-0.020985461648860615,-0.011532072804975257,-0.009731580752340041,0.0129780236549919,-0.002893309222423035,-0.002134284009812082,-0.005813953488371992,-0.00654450261780104,0.0026041666666667407,-0.0042541090387020475,-0.0027303526113685583,-0.009645607247758647,0.004807677921873754,0.008967575221239033,0.010281037240118751,0.006783759249152421,0.005376315789473507,0.005481379844548995,0.0058545868349375585,0.0063053695899035755,0.010362694300518172,0.002430626164189764,0.006633321391754654,0.012113529389829125,0.0029281260087796745
2019-07-03,0.016464803245256565,0.012373613000178807,0.011887779362814932,0.010420242391181445,-0.005803409503083112,0.008944176550651495,0.010860484544694904,0.02898550724637672,0.006493506493506551,0.00029127585768096154,0.0036504675496020766,0.00910438280753767,0.015068199779105784,0.016255408343926803,0.0040705788315109626,0.017043202536662694,0.002533070715819763,0.005082616694336961,0.008286923657809364,0.0024246066333464267,0.011282035897435927,0.00941372122797235,0.0064431467792773756,0.0092957984251969,0.007672378472751928
2019-07-05,-0.007946271150786388,0.01082555577440214,0.00360275689223033,-0.0076077934874795305,0.0215249908792412,-0.00019267682005552622,0.012396694214876103,0.028169014084507005,0.011612903225806326,0.00902737848569024,0.005001068197269198,0.0023080151070080657,-0.011045391944880967,-0.014959769506104337,-0.010810900413923408,-0.014809002338269761,-0.01684444179799094,0.0072590756869070905,-0.0008806222615209691,0.002016520887055284,-0.00405681040654382,-0.0011303377696224581,-0.0029100027617485758,0.008924918768787204,-0.0018059015151773439
2019-07-08,0.010166420522686792,0.010847834197411421,0.009520836584985481,0.011413935069609193,0.004285749999999977,0.003855069316594628,-0.017959183673469492,-0.06102117061021162,-0.005102040816326481,-0.010341481779936879,-0.016285840675997476,-0.005024094620054598,0.002845514548491135,-0.0182242644444921,-0.014116553466145376,-0.015427293693540567,-0.009137607081667665,0.0034413983675170012,-0.020613974844322036,0.004843205210396384,-0.003258650812382302,-0.005729225996278675,-0.0007295418171537893,-0.013467766998563224,-0.004835444445918546
2019-07-09,-0.013113753793420169,-0.015037573170794793,-0.015306137909709472,-0.00690584481903056,-0.03698438702046991,-0.007488536578781235,-0.007481296758104716,-0.03448275862068961,-0.0064102564102563875,0.00981775941676788,0.006668130298085551,0.0063118663225725236,0.0031212527266704093,0.00975725833225538,0.0016166282128551313,0.004017718120438607,0.0,-0.007424128589802015,0.006099389939018263,0.01842940911079527,0.017623682509799732,-0.008821262988199186,-0.0036507007479927855,0.007596166240254387,0.0012365570861712083
2019-07-10,0.017923299816956284,0.01040943745692835,-0.011775789162753791,0.00864996622540648,0.005539143279172931,0.003288876055114631,0.005862646566164198,0.016483516483516425,0.003870967741935516,-0.008663440175897597,-0.01073545022237199,-0.01421701801308728,-0.0014143058789531926,-0.0004713763790787917,0.015909661422865096,-0.0028011204481791507,0.0011527665373840534,0.006016243902438934,0.009888650171165692,0.014640639884629492,0.017669739853982458,0.008182006629124938,0.010186127280500612,0.013913235433071991,0.004510689423770975
2019-07-11,0.0027322405201042343,-0.007554985952404447,0.005878646423238765,0.011602471639440504,-0.03011384502387071,-0.0003856729582398799,0.01582014987510405,0.010810810810810922,0.01670951156812328,0.02612033293139615,0.02008771599889836,-0.00021215269513663593,-0.007789858688980744,-0.04503654798396595,-0.024512051191283524,-0.04213479133226339,-0.01698330357033362,0.055277227335982504,-0.007282369872211203,-0.008099537389333666,-0.007399003746835775,0.005481625930934486,0.003989756808570499,0.0032705361474210104,0.002285226822160702
2019-07-12,0.02270663102351289,0.028858117647058812,0.014689574874592104,0.024767320478723542,0.046194585384324194,0.012924344135802457,0.00901639344262306,0.025401069518716568,-0.005056890012642201,0.012254534783405546,0.01561790402897234,0.004666992037908102,-0.04146740388646497,-0.01567897530864204,-0.013494602140530443,-0.010892333016659594,-0.023718944438129053,0.018149754661513917,0.0076827955390335045,0.004962372264822434,0.01808874955202988,0.010620220524631074,0.003612716919626502,0.0006030912363295116,0.004620174740767258
2019-07-15,-0.005032504589476128,-0.002959588389851109,-0.01369858386359235,0.0008110137611998525,0.018458198279341254,-0.00476099808649777,-0.0032493907392364685,0.01303780964797907,-0.008894536213468918,-0.011031130120303434,-0.00980608446191411,-0.013724704102096474,0.003052896432176544,0.015427015599134064,0.008254669421949634,-0.007200338534504969,0.00629871025794837,0.00022563746278247976,0.009395002274569464,0.004967672799602196,-0.004685854558643454,0.004063345801340157,0.0,0.004751455922757497,0.00017586909302380604
2019-07-16,0.018149359769433104,0.002158854541155053,0.032354844817631845,0.023662868336095988,0.027363220588600523,0.01951781551924281,0.008149959250203676,0.025740025740025763,0.0,0.018621807178166083,0.0,-0.030186256266029998,-0.016405663166508377,0.007781583594140162,0.0023391345029240007,-0.011518813501756986,0.0032787184285756332,-0.004887904361524753,-0.0034599092262594944,-0.005487392839585548,-0.00034332793206148793,0.0014651966909267067,-0.013102894734466242,0.002816549972845195,-0.0034037785997461656
2019-07-17,-0.028053856573528435,-0.0047121978179966995,-0.024919811960262273,-0.014407853071564225,-0.046696679349705894,-0.018393393738614705,-0.004042037186742009,-0.01129234629861986,-0.011538461538461497,-0.01030067260021017,-0.014854827819041128,-0.001986755010745078,-0.00483018113207534,0.004044638021553526,-0.0025670012866745306,-0.011221406991799854,0.015151455733808827,0.007519043187197871,-0.005623432762836167,-0.008890987007620477,-0.010007815149289945,-0.003204849182783076,-0.005908943596309557,-0.006267428592526714,-0.006531243507170825
2019-07-18,0.014431870982072548,-0.0034495094981599195,0.00909379129968313,0.0065863453815260264,-0.0003628447156330816,0.00267686429592473,0.008928571428571397,0.006345177664974555,0.011673151750972721,0.005719648302114688,0.015078821110349416,0.01349261255236911,0.00159264370095058,0.009399463120103979,0.007487107745105082,0.008293321693583655,0.008779719565684685,-0.02268887356509741,0.011359704495315315,-0.007093269074409103,-0.005054529161726551,0.04585166477275715,0.0011007117898080843,-1.7464125632749017e-05,0.0035819976006714604
2019-07-19,-0.01956135035202422,-0.023415210354695737,-0.01351769711750006,-0.027928503032237484,-0.00798544493595088,-0.008009134401394613,-0.01528559935639573,-0.02648171500630514,-0.0038461538461538325,-0.004661569929860665,-0.0009003151024081779,0.004583129637712791,-0.013326333813247992,-0.01572140486826934,-0.006734811733980162,0.0034632034632033903,-0.024078966519322176,-0.015157374938817192,-0.01492758893459889,-0.006764752433209953,-0.012052983424907793,0.0003340773797340102,0.0014660387254954443,-0.014158209785106624,-0.006176734523636651
2019-07-22,-0.005441353963642426,0.010216151297631315,-0.009765364316731251,0.00623872927269753,-0.008415660446395745,0.012687427912341231,0.005718954248365993,0.010362694300518172,0.006435006435006496,0.002248014195428638,0.002478058177023179,0.009776254828943287,-0.012815586107215005,-0.0022115739306005633,0.0011690437222351413,0.003451251078516071,0.0014863258467991969,-0.0051821041538773205,0.022854060375222085,0.01074561968576937,0.019963732506736553,0.00040093534745144765,0.013248412137623067,0.007052446835907222,0.0028286949574616305
2019-07-23,0.025227901201951175,0.01582280533968894,0.03547000215476381,0.02936855882903333,0.021402214022140154,0.027334832953682664,0.024370430544272903,0.019230769230769384,0.011508951406649537,0.025373799065420588,0.013483101123595409,0.015490555077452672,0.0015547030593494604,0.010097278784598984,0.006305464736104716,0.016766981943250103,0.007123805494918534,-0.0012142095860118163,0.00781775890358083,0.004462052334870847,0.0001976769405707124,0.004274074920726845,0.006212526500669613,0.007152473385849234,0.006847482873345578
2019-07-24,0.025496590572191113,0.007517269199044607,0.007219693002141092,0.001109526073862721,0.03143059971098272,0.011086511660874265,-0.010309278350515427,-0.0037735849056603765,0.008849557522123908,0.011848908913741907,0.008869224340098736,0.026483050286375986,0.007295894358767319,-0.0034133731977736836,-0.00464147133905779,0.005919704016913441,-0.0002947833775419628,-0.015215050688503373,-0.0008140011647961298,0.0031687644619364796,0.011365897354388643,-0.00232747698073299,0.010266408729017407,-0.007328414763270508,0.0046881479888192246
2019-07-25,-0.08441746169413133,0.021778523310384656,-0.02607898429159672,-0.014724509183027257,-0.054290684913859355,0.0034722038839143377,-0.028044871794871806,-0.002525252525252486,-0.018796992481203034,-0.009233000086623422,-0.0138461758241758,-0.007430361043748945,0.010325134923140133,0.0,-0.005129424227778734,-0.0117696926536488,-0.019162678016667267,-0.009676294953285258,-0.007907202760339183,-0.013489592816966045,-0.019300287905789304,0.002399520111974418,-0.003766337380853191,-0.005000890926382562,-0.005262401372888137
2019-07-26,-0.013577518155983737,0.004078744953580182,0.016598762658960986,-0.0011248593925758943,0.004074111111111112,-0.030231287561464204,-0.0065952184666117075,0.0037974683544304,0.005108556832694733,0.00981908827746314,0.019389414294392893,0.025161135371178922,-0.002974367105489817,-0.003914373088684919,0.009843028349802108,0.012760484900042446,0.017733724075743806,0.017048673305774198,0.0034779247709801897,-0.015589009049359448,-0.004783054987387847,0.006449910276281168,0.008203109947883647,0.10448542515142134,0.007387690916858425
2019-07-29,-0.016005121638924424,-0.003079348651007563,-0.014633349187718747,0.004826238738738775,-0.024714126716557594,-0.0069483380281689655,-0.004149377593361092,-0.01261034047919285,-0.01270648030495558,-0.008192995445183149,-0.011150021375163077,-0.020689655592082357,0.01751708154263243,0.013017290924720593,-0.03805985147365987,0.026459555920182787,0.0011813644069296192,0.0034791056892615746,0.009338538378000694,-0.01574848677508245,-0.01907383229036297,-0.003171220909281014,-0.0021932716058660207,-0.00879711430722574,-0.0016161143698240066
2019-07-30,-0.000975959661678516,-0.005914885491196342,0.000625308728696039,0.002721773978894726,0.009455370292913434,-0.00624058233281799,-0.005833333333333357,-0.010217113665389577,-0.018018018018017945,0.004901901623487026,-0.012381207163387087,0.0055923779120210515,-0.007066621348169488,0.009455679705556497,-0.06417370170871661,0.008592430090326175,-0.012389438797083319,0.004373122564762966,-0.0042922168749415235,-0.007278581064420253,0.0056139174684708415,-0.007356846256732386,-0.004821619547767275,-0.011513557748072945,-0.0025786548938854237
2019-07-31,-0.006512504282399911,-0.009321625324660299,-0.010154678639129,-0.025387194229806953,-0.026227087814646444,-0.01941008600209493,0.011735121542330251,0.00774193548387081,-0.019659239842725995,-0.005736174500528546,-0.002462435749381542,-0.0028836045908054997,-0.014082381676523648,-0.0033625436542288334,0.0012889661951802633,-0.02758624746450289,0.0020907706093191702,-0.023222053750262317,0.02040421496311917,-0.01672346474115216,-0.014261049024702377,-0.010215657068420758,-0.029070194695966056,-0.006905301350393023,-0.01088552616843852
2019-08-01,-0.02196001311045559,-0.01147815102523253,-0.003472253733076691,-0.011795560095092306,-0.001923778376298535,-0.01106151777724651,-0.01988400994200501,-0.025608194622279035,-0.016042780748663166,-0.03874982422319029,-0.036579913900809835,-0.027886779590993505,0.000537490396732565,0.008434799576691132,-0.015190525231719931,-0.005006216312316125,0.005663278857325649,0.0009638368130564512,-0.021639129614687613,-0.006138957360787067,-0.007722803021630087,0.014031313612003826,0.013135642088922372,-0.006304076387858681,-0.008998793795710336
2019-08-02,-0.013069671581769415,-0.0032404710983438,0.0020589325634927658,-0.0031498507957560262,0.044333036070430376,-0.006671899659966729,-0.0076077768385460764,0.036793692509855314,0.0040760869565217295,-0.010538804048994321,-0.018867947822035824,0.008074755459525074,0.0059867529503974115,0.009320097757913759,-0.006535947712418277,0.002096436058700135,0.009187818068297826,0.003209640922768431,-0.02115812584208132,-0.017290794544177257,-0.019249686488863937,-0.0204231430085019,-0.00840217308999247,-0.012423404170160635,-0.007282740005389532
2019-08-05,-0.031239387733806967,-0.013139092982286216,-0.027659238185553936,-0.03841677967043444,-0.0860095976375046,-0.032793362955222394,-0.03151618398637146,-0.03041825095057027,-0.03788903924221909,-0.03672924575462688,-0.03869888505932784,-0.027403035990789082,-0.006942877480734522,-0.01598198157947217,-0.027368447368420923,-0.024267782426778184,-0.010572687535174374,-0.019956028554816707,-0.05234784722384378,-0.03187182450950965,-0.03856738887805755,-0.04407473684210528,-0.03425848944887466,-0.034899826924009614,-0.02977782013979524
2019-08-06,-0.0059586398191853185,0.0074805843637082425,0.015442148894668328,0.016776219301279705,0.03473348142164778,0.015318627763860837,0.011433597185576128,-0.002614379084967422,0.011251758087201136,0.021469665560728268,0.01802911741026847,0.01712182525188166,0.004686539499491715,0.014797821891320284,-0.00027050866532774,-0.03173241852487141,0.005936479843766218,0.013139643459884498,0.018930402791567102,0.012860214791940994,0.015297414082373173,-0.00021312163303222054,0.01875799764536734,0.015299574620050826,0.01301701741817185
2019-08-07,0.009520380482356261,0.0017710830700732316,0.010244917396431408,0.007654379866399497,0.006635440802676085,0.004425689085207907,-0.006086956521739184,-0.020969855832241202,-0.002781641168289384,-0.0013105674799904765,-0.016011644444162032,-0.023865310036224163,-0.004282304678984383,-0.0011855127726262404,-0.010013504465128387,-0.008414570416297562,-0.0002950132869582456,-0.007370718573266988,0.010355289340101548,0.0031155468568511147,0.0034686413600519828,-0.011511369615899048,0.004380406795153391,0.003453172502419166,0.000766875907745046
2019-08-08,0.01571781403135919,0.011423956363714849,0.022500364086510016,0.01333553297314194,0.031407482302928225,0.011215742038854337,0.013123359580052618,0.025435073627844806,-0.02092050209205021,0.006124210019339715,0.01750490588005671,0.012879305547275566,0.01128934736943843,0.005697364985163267,0.007927746969505378,0.016078651901681562,0.02125138662185977,0.004747405210964617,0.0220558690536925,0.02201962221006415,0.027059196123981444,0.007116706152564767,0.026685393455687212,0.026243885605872874,0.018762303613494513
2019-08-09,-0.01031633425034384,-0.01741300869258411,-0.009297985577219725,-0.00832916888770896,-0.033082744360902305,-0.00079225586087317,0.0,-0.016971279373368175,-0.011396011396011319,-0.0004831207729468767,0.0055730554882480465,-0.002155236976067343,0.0027339005098521163,0.009323663071273636,-0.014103634773627194,-0.005714241758241867,0.008959595893618166,0.004078870932858303,-0.011994239276183039,-0.013808825839448868,-0.012147654351121973,-0.028336908136891825,-0.008495874494174327,-0.01393595477850118,-0.006616606508901501
2019-08-12,-0.039610908978078174,-0.014026603381181002,-0.02846862193023625,-0.014614463541314682,-0.0046655911611815926,-0.00792868170607175,-0.025043177892918878,-0.0770252324037185,-0.02017291066282434,-0.02600285237320976,-0.027469855421686784,-0.018790475567828868,-0.0008330809287456775,0.002455636194655053,-0.02640987765666447,-0.014146860559378305,-0.000572930392437554,-0.021839713191495136,-0.0025374794260912825,-0.01253604960864041,-0.013202081026284396,-0.014765370793896726,-0.013942443558222939,-0.011195233110872449,-0.01231732212053438
2019-08-13,-0.004703292500119027,-0.01006253948386382,-0.015134486956456472,0.003068530514831247,-0.0007812500000000666,-0.0025974226293191682,0.008857395925597977,0.037410071942445944,0.0,0.012852307208171876,0.008176362532795967,0.01166627779000673,0.011293906458404779,0.004082573052050398,-0.005368691872525977,0.017488879708021488,0.009744941523214035,0.024753306226397598,0.042348384723631005,0.02208497917456298,0.016615429050424346,0.012451521490140394,0.020693815044235286,0.01920479075600512,0.015131688258040343
2019-08-14,-0.05125408942202836,-0.004556565210931507,-0.031714861262542526,-0.02736233854520742,-0.0332290852228303,-0.023237180418156145,-0.037752414398595224,-0.07212205270457694,-0.026470588235294024,-0.0418891918970693,-0.03342337265724682,-0.04329847787855701,-0.023684627847168627,-0.031133828272912778,-0.027272698088843916,-0.07095640938931647,-0.021288674425205767,-0.024155380691134765,-0.029765038043738312,-0.0336450476029313,-0.0463782973687179,-0.03343392911140375,-0.03333340404040108,-0.027545984154852543,-0.029292752675063927
2019-08-15,-0.026436781609195492,-0.007816908450704263,-0.003545500590916628,-0.002096784903022897,-0.038414840274969775,-0.011279717443794857,0.0036496350364962904,-0.03736920777279518,-0.004531722054380682,0.0031703569561296607,-0.005848054622524579,-0.013418239403724441,0.0021495317883284404,0.000719388471956961,0.007009286973756579,-0.00948771347248567,0.0023202146171694693,0.004317446599310548,-0.0049814845869297075,0.007464737878978944,0.016025757541704433,0.005104746666666715,-0.0022391626284270494,0.0025508858622125263,0.0024642680273538886
2019-08-16,0.014954781582054322,0.013627645777753328,0.022704185022026424,0.016284363223877385,0.03952893021324955,0.03277332571610292,0.024545454545454426,0.07763975155279512,0.022761760242792084,0.016515471075585042,0.021483402633422077,0.023282572077395924,0.006281661130470573,0.019170848540268848,0.004930452436195054,0.02011494349209486,0.004050925808711581,0.005895606960081956,0.023594705589477405,0.009261734030532098,0.006079199432152738,0.013947824650512919,0.01832743961918082,0.008858322834172982,0.014426124661553574
2019-08-19,0.012020123613023515,-0.005391814374228865,0.0038104538798799936,0.00258439003128208,0.01658576118874433,0.017071660633226404,0.010647737355812037,0.015850144092218965,0.008902077151335286,0.013940422364260519,0.010766149493393717,0.01937375578674816,0.006775266391783719,0.013284787521391728,0.01529575669288552,0.02488267722453874,0.006916368676761708,-0.003988745948237615,0.018644106537530236,0.01313759000174608,0.013445841264766,0.009569363395984132,0.016748688138224832,0.01770548184861731,0.012105865247517444
2019-08-20,-0.010344827586207028,-0.003942530467457961,-0.007922082851955836,-0.008764375472836816,0.011540032293674285,-0.012243266434503686,-0.009657594381036083,-0.01134751773049647,-0.016176470588235237,-0.010979233595141968,-0.011642234620813374,-0.012596685082872927,-0.012476325141776878,-0.006265227839303278,-0.016202359295054092,-0.026110856619331102,-0.006582713411067864,-0.018593448857201822,4.750178093648749e-05,-0.008116198291181709,-0.012676586052281058,-0.015106584017669511,-0.00830871300314373,-0.013150328044028603,-0.007914727404321087
2019-08-21,0.02284165698799856,0.0129347049175772,-0.004990850025106464,0.00572118585298198,-0.05192761605035401,0.01139544182327068,0.005319148936170359,0.0057388809182210565,0.002989536621823552,0.003500335103516994,0.001002431027447015,0.0071620411817368,0.007120926165960384,0.014711056282286972,0.007512221684131237,0.05362182502351831,0.0020167099399799326,0.0007911475551107827,0.01083856246434678,0.012301698663519822,-0.001414476920890917,0.009398496240601517,0.011146714670942526,0.007237787946993146,0.008246798638009256
2019-08-22,0.004163550340650968,-0.008303698392348124,-0.0013375856656481222,-0.000861903149867338,0.004149419087136952,0.011860031626803602,0.012345679012345734,0.022824536376604865,0.011922503725782407,0.008670545448942635,0.008262418834812824,0.013777755555555604,-0.001976697346435796,-0.0021862040185846032,0.006022455004945693,-0.013392857142856984,-0.006325417088137275,-0.03083005539845929,-0.0008464635063958337,-0.010353490790557807,-0.008226695588776423,0.0005214674115456841,-0.007277138489372281,-0.0014438371458551646,-0.0005060750417732462
2019-08-23,-0.04183946317981657,-0.009991542710087953,-0.030135610246107447,-0.03036573551355659,-0.02768594926917567,-0.012307052399043839,-0.016550522648083765,-0.02789400278940035,-0.016200294550810068,-0.030728194157970457,-0.023342388875093212,-0.026304275017629886,-0.026967326061786423,-0.020525818490246484,-0.021094696630860943,-0.034841628959276116,-0.004340306587375498,-0.00978791955191971,-0.04622050094246444,-0.03049884075839182,-0.023566211629111655,-0.03536330965200141,-0.031862389547557046,-0.032147141364852416,-0.0259463368416738
2019-08-26,-0.00904795436664052,-0.0019900426863548315,0.00776801311928188,0.0014234519319669126,-0.007649850928608037,0.0025711629238298617,0.010628875110717528,0.01434720229555242,0.0014970059880241582,0.017584082837676984,0.021103431421132246,0.012606979405987317,0.0005480309900252056,0.011066576146301355,0.014560279557367606,0.007032348804500765,0.0017437082243536572,0.001820853172273429,0.018999230161863556,0.01100238912164464,0.014683549929676465,0.003241475475107336,0.015443421661619494,0.015287178212092467,0.01098298795087671
2019-08-27,-0.02937673563411125,-0.011394324332635208,-0.0063378381922261084,-0.0024875622332544145,0.0064239828693790635,-0.003945492285371777,-0.00876424189307623,0.008486562942008335,-0.004484304932735439,-0.00791378436004353,-0.009213122509960203,-0.005113383726100373,0.01439746445076362,-0.004191895814807722,-0.014351320321469574,-0.02327746741154557,-0.0002901653527657144,-0.035269209492217346,-0.011283839192525846,-0.0039799640560922445,0.005211809685008673,0.009077567156028588,0.002141070553143054,-0.0008983300280821505,-0.003203180738739153
2019-08-28,0.03599177766904793,0.006627272393092465,0.01258410662244791,0.009618828101511046,0.02127659574468077,0.013269914308975395,0.0035366931918654476,0.004207573632538653,-0.006006006006005982,0.011864446493405678,0.014827845819858299,0.01608940782122903,-0.007405168215096847,0.0112255148933178,0.021549271986021967,0.0009532888465204614,-0.004352814984121212,0.019826910414876275,0.006710403473542348,0.0013735968058428139,0.0025371869409180903,0.012121651477039919,-0.0013261160554693951,0.0027230220685905415,0.006545480062458031
2019-08-29,0.03908409001184365,0.012594782718091446,0.020769440899917058,0.021171506704304788,0.035833374999999945,0.02228301407349509,0.01585903083700435,0.008379888268156277,0.009063444108761365,0.015068376559908003,0.022535908307679264,0.015834571897194394,-0.003419241715376886,0.002775184917604534,0.007126567438622056,0.024285714285714466,-0.002040192304278987,0.014383060979554108,0.016931815306767906,0.012554923621935776,0.02096177434423896,0.015968741185927282,0.018884604881743705,0.01864182988092722,0.012687291892681252
2019-08-30,-0.00037997720364735255,0.003462932862190682,-0.004002635156815093,-0.00034554249575780016,-0.01810140715601738,0.00038242830559132024,0.013009540329575131,0.0041551246537396835,-0.005988023952095856,0.002310273276540764,0.004843811943719745,0.008226910764817186,0.0009357142492314452,-0.0028828412951701354,0.0062269172812388085,-0.007903300790330192,-0.0017523947574534793,0.014656166305094365,-0.001291765968934766,-0.005659418307307429,0.0005388316873857768,0.004819053795260375,-0.001882377710772265,-0.003982059852931541,0.0006427873232610626
2019-09-03,0.007601710665211314,-0.0030284314730462114,0.011888797523630146,-0.00985136519441121,-0.03277341253584598,-0.017966341743119285,-0.0042808219178080975,0.006896551724137945,-0.0030120481927710108,-0.024226388617990424,-0.012051096068879441,-0.010307064633884422,0.002960454947331881,0.0020816583545546496,0.01603375572528143,0.009840627928772161,0.004388589818607347,-0.0144444658119659,-0.014563609953748946,0.007628217634789047,-0.01766574586810732,-0.01055111791154073,-0.013201856860569738,-0.016589480176877003,-0.006899100370093891
2019-09-04,0.018483591097698815,0.012079726081940079,0.02217441668045672,-0.0010473206310469552,-0.016518508406670462,0.014013176060467591,0.018056749785038573,0.024657534246575352,0.010574018126888296,0.013871412706079278,0.013173871033233864,0.008895638967237884,0.0009320801253660527,-0.006924396839598446,-0.008028710078314183,-0.010208770775349096,0.007573492130877435,-0.016867570394318965,0.01696649522540583,0.006022901044103746,0.026043094610686435,0.01655481655981439,0.011687827711076126,0.011143555519002035,0.010842078947640221
2019-09-05,0.025555592592592546,0.02903600812351481,0.02622630726890085,0.016774401537655192,0.0267011639406185,0.008061459042666419,0.027027027027026973,0.045454545454545414,0.022421524663676973,0.026371918432992913,0.022634289011179698,0.024086000000000052,-0.0021728930453757123,0.0005809993986867212,0.014233825607936179,0.018284060009376546,-0.009251228678808898,0.012614122747128809,0.019551584309927206,0.022270093696254767,0.020091883189547355,0.03411086972728805,0.01758336054699705,0.02536796720654899,0.013009813744635501
2019-09-06,0.0036114119316934534,0.00013568473817948679,-0.004732591966123856,-0.0036088503799425187,0.015520092281879228,-0.007235357958872757,0.005756578947368363,0.0038363171355497716,0.004385964912280826,0.000772779510657573,-0.006828372808373673,-0.009869739812468303,-0.002877547007659964,0.005458792229007914,0.004402861860208995,0.021178684216329735,0.009045871024219387,-0.00256978095857463,-9.379219804950267e-05,-0.003916924417396883,-0.017862698308937608,-0.002837440570068517,-0.006783270115317319,-0.005324465463667605,0.0009106051747311827
2019-09-09,0.023389707686588324,0.010172940186631507,0.02662857822158826,0.0022421697136942864,0.05204461181514297,0.01802844300016182,0.029435813573180702,0.03566878980891741,0.013100436681222627,0.023020070647456814,0.022048387861545615,0.02672318020262221,-0.009827704010654914,-0.03580916021716529,0.009041150684931498,-0.004057709648331853,-0.007808009959050954,0.007336213973799133,0.00426711064929397,-0.0011780868324793303,0.006773641080227266,0.014441195837743726,-0.011358748611412728,-0.00043157691873785264,-9.401015999088713e-05
2019-09-10,0.02390998509458564,-0.011748909266510399,0.0033966498408204426,0.009120598707269112,0.06321166325919347,0.005651827217338923,0.024622716441620396,0.02091020910209096,0.050287356321839116,0.01721864831056985,0.010902365787465396,-0.0020656682503614743,0.02048055188217135,-0.021325014719958957,0.014933450180100394,0.018107741059302684,-0.0002915184992270392,0.0077163779001847566,0.011813027034598633,-0.005897249101228019,-0.013721111827747268,0.01718090390543181,-0.010471218427247853,0.001320120187573881,0.00032230437576741267
2019-09-11,0.0219779868826242,0.027241916316071535,0.012925127340363884,0.002387448881095544,0.03729689807976366,0.0249156608296055,0.010852713178294504,-0.001204819277108582,0.006839945280437965,0.005425951736169443,0.008260600814107288,0.011177747646910596,0.012504785507415184,0.015056873177699215,0.0008025414445547163,0.02667852378835045,-0.01078714317163687,0.0075281766639541114,0.03179510903175098,0.0013402218748890249,0.012461766261607776,-0.009996532023511917,0.0002938932937404104,0.01174962189054729,0.0072296811674792405
2019-09-12,0.006048420698924639,0.003438853091250804,-0.002278626696684438,0.011228309139644566,-0.013883908864364525,0.004935130779293084,-0.004601226993864893,0.00361881785283491,0.0,0.00894834858466309,0.008648179532275257,-0.004094084098017703,-0.005641572091813263,0.004703328622849057,-0.003475033413525841,0.02858380251190984,-0.000589448865310982,-0.017548357786437263,-0.0022362360076253474,0.011278207292844122,-0.005411448739682467,0.00013919915852911302,0.010285109105389045,0.011539339184104769,0.0028791528612071016
2019-09-13,0.00033400132484961986,-0.0056019971159821935,0.00289285931790495,0.009589485356485294,0.02382671394127378,0.014732648235722179,0.010785824345146189,0.015624999999999778,0.05570652173913038,0.005303049161034856,0.018953068592057587,0.0055497633895267295,0.0026834778715352225,-0.008402316850373626,-0.009924866146053257,-0.021473684210526423,0.01710415806546739,0.01525421516068981,-0.0194540144238472,-0.002283682508258278,-0.0014935669627483827,0.0003481618280241072,-0.0014543120577570345,0.004302255620822315,-0.0007244141025927187
2019-09-16,-0.07278801092527509,-0.0013256362233021735,-0.018369499694724456,-0.01566402318493665,-0.010578349415431898,0.0003584871776576293,-0.012957317073170715,-0.026035502958579704,-0.020592020592020477,-0.012187326389831554,-0.009078830823737727,0.00122653316543464,-0.00948161805690173,-0.0070209658997582025,-0.0021673801137902515,0.0055938468158347465,-0.0014497824615955501,0.0035100894503228286,0.005257106285714297,-0.01712570845100636,-0.005181906029361527,-0.008282884503137522,-0.007209473853289294,-0.006663662595472464,-0.0031355867830603623
2019-09-17,0.031328736046092986,0.005574801161558396,0.004020940054380473,0.005078703233451831,-0.010334961166605927,-0.00143345276055451,-0.013127413127413168,-0.00486026731470246,-0.01708278580814715,-0.0060307383941131665,-0.012067061452513905,-0.004491670069415976,0.0010035896790574483,0.00585155438073337,-0.008960140702680364,-0.012409113718052533,0.02148667309775476,-0.008147374726065859,0.003638035603020784,0.008136828080279379,0.009988191332895635,-0.0019651811332167535,0.007775229109143522,-0.0017461422191495934,0.00258175229178792
2019-09-18,-0.0013966131772560342,0.004619832243404565,0.00015406654818450605,-0.0010105777498834456,-0.009362621534029447,0.008971828458639974,0.0,-0.015873015873015706,-0.016042780748663166,0.0054189151883856645,0.0033929428498742364,0.0034865054752462044,0.005706840529140722,0.006181008212798211,-0.003287643835616416,0.004766074523396835,0.0031268050028423477,-0.008214359913738867,0.009379284266049615,-0.00279283853016421,0.000318997231826712,0.00014067510845316988,0.008224798080099127,0.0026522474363146475,0.00034269189100433195
2019-09-19,-0.010489545454545501,-0.0051899093076474,-0.005390389650392957,-0.010453582693414565,-0.02471828426026912,-0.020451680597545763,0.006259780907668322,0.001240694789081953,0.010869565217391353,-0.008522231356898557,-0.007664585039121041,-0.0004087471898631678,-0.0023004600168555767,0.011443074371587869,0.00357330941249856,-0.0017249244620558546,0.009917766791789129,0.009713390530708077,-0.008124953842529092,0.0022229039905654613,0.010630381687203094,0.005273519861668463,0.01840891514845766,0.005111875776889319,1.9974856538373942e-05
2019-09-20,-0.010954028655619452,-0.0075942287073869075,0.006503530303390237,-0.0010222866079789839,0.0052180022363028655,-0.010711691695290848,-0.0031104199066873672,-0.009913258983890949,0.008064516129032251,-0.006922785056410086,-0.007950976828714262,-0.005724780208546276,0.011836084760309618,0.014171763556368289,0.004930183781439723,-0.012526954643628407,0.001964085352527567,0.0001717543438670699,-0.014618084191959202,-0.015009588800439233,-0.0011044809146127932,-0.007623949026901,-0.011554582257871537,-0.0070879441325490955,-0.004895576614619701
2019-09-23,-0.017506252232940334,-0.001264326598777732,-0.005538476923076852,-0.01040424679508356,0.010752725648970118,-0.00018355660915558847,-0.017940717628705194,-0.0250312891113893,-0.013333333333333308,-0.0013099934193414597,-0.002518823105968515,0.006785893341848759,0.000683714425387727,-0.009394116515072048,-0.012264840890292783,-0.013123446495037272,0.0002800896185968238,-0.017690733898796496,0.004546934359930921,-0.0049382356267557714,-0.016374380638238595,0.0013391739026227256,-0.0021514844786075793,0.0033335025733098878,-9.693589836079486e-05
2019-09-24,-0.018181818181818188,-0.004730435198359251,0.00015474938358206458,-0.00034470872113068207,-0.003668378576669129,0.004588839941262801,-0.015091342335186608,-0.02695763799743256,-0.020270270270270285,-0.026749774256308312,-0.02341597742387569,-0.0063316382012181815,-0.0014422498314008436,-0.009009044464093785,-0.006346688391462907,-0.02393612694752345,-0.0019596583997856243,-0.016479450688823727,-0.004754974396488643,-0.024472112698631254,-0.029654254321915374,-0.0027452240499995506,-0.012649087341160437,-0.012374106497533233,-0.008416371108813214
2019-09-25,0.016296333333333246,-0.005891049474794241,0.006187176916096604,0.005344844827586126,0.004786487481590607,0.0016444363237713144,-0.012903225806451646,0.0,0.0013793103448276334,0.01097472442839953,0.011753643353228815,0.012538457860700625,-0.004256921225611832,-0.005980861387101966,-0.003054596115223407,-0.01044500454132602,-0.00224409524577307,-0.012577786666666646,0.015389599977567059,0.015342109444784757,0.00838484117599747,0.010446153819332782,0.014412548609239018,0.02277725702535971,0.006158571562212556
2019-09-26,-0.009110786839985896,0.006599299663299751,-0.007378985055542797,0.008060332566277806,-0.0381092327552498,-0.004377927763589917,-0.004084967320261534,-0.02110817941952503,0.00688705234159781,-0.008617807020986579,-0.009758410553940222,-0.00791715419882888,-0.016337116713599498,0.009386269780656376,-0.003342701763637934,0.0027535106583980173,0.018836154062412014,-0.030112085611127326,-0.005157670904402223,-0.01611124094987626,-0.01471554680444942,0.0027242175824473414,0.0012915614143831355,-0.004115461378630725,-0.0024289164070183666
2019-09-27,-0.006620117446851093,-0.0030772813239839936,-0.006039956636208599,-0.008506294802761105,-0.003809523809523818,-0.004397251579433714,-0.0024610336341263084,0.018867924528301883,0.008207934336525335,0.0036019594486507156,0.005161919407834947,0.03765091134951737,-0.0019402404994843803,-0.011564056207584272,0.012297429074830557,-0.006864942791762085,0.006070557060124049,-0.0010209810844807876,-0.004866033016508231,-0.008270884265915268,-0.016711981474032633,-0.0021595123198987487,-0.012971170207812799,-0.013130481801080007,-0.005316352448595407
2019-09-30,-0.00148097001110703,0.004294725424916601,0.01137432221875967,-0.01166782792841159,0.00420650095602304,-0.006072911299227046,0.004111842105263275,-0.007936507936507908,-0.004070556309362261,-0.008326577937854296,-0.003968300653594881,-0.0053243937157246846,0.006065310759005849,0.015317765513556125,-0.008006653561384636,0.006912395994820519,-0.0002742183289693445,0.009569878509009477,0.023535288418415456,0.006062234951490497,0.005533574064362279,0.01521916311019389,0.009438779044181445,-0.004971035735346185,0.005047606617330613
2019-10-01,-0.006303300196637052,0.002472237004617517,0.000616129988221692,-0.010243055911217103,0.013328293983244421,-0.01184963939454331,-0.027027027027027084,-0.033333333333333326,-0.010899182561307952,-0.02190799636940599,-0.030231944233979124,-0.027359199590785144,0.0047147934489566445,-0.006771192682347493,-0.013915947676036766,-0.09977116704805489,-0.006584416828959716,-0.0005061660061514983,0.0027682100281287703,-0.0001497831079418921,-0.012747102282714473,-0.012102833339332042,-0.014097619320273425,-0.011402808859721114,-0.0122583732951429
2019-10-02,-0.053358136319333505,-0.0054655202657171165,-0.034334043156306726,-0.04665848260510386,-0.018038405936174118,-0.024920330240216115,-0.02441077441077444,-0.008275862068965467,-0.02892561983471076,-0.021905382387829797,-0.027791226974595795,-0.012026090256296529,0.015462688842884598,-0.023800956538680085,-0.020603979678238793,-0.03965434672089485,-0.02375037348109299,-0.00211779837565218,-0.02506784852518551,-0.012917376020501248,-0.006882384470535019,-0.013712946854713914,-0.017655306605477983,-0.023624571875354494,-0.017903203128985634
2019-10-03,-0.003941702643212364,-0.01615175850772521,-0.0066964603524162225,-0.02796680875682822,-0.02296203685273779,0.004227459565191216,-0.008628127696289845,-0.0055632823365785455,-0.0028368794326240065,-0.005094552332913005,0.000497141436738735,0.00020629254783788298,-0.006136348484848564,0.013722065165814756,0.0216138322301489,0.03229227275237023,0.0,-0.006412913494809658,0.00849470191835211,0.0065315597617547905,0.027376854729317834,0.002329042242514845,0.012105496269090077,0.009518668529959973,0.007971912809210835
2019-10-04,0.02216066481994461,0.005517697434924473,0.01942213514321245,0.01855004661934334,0.00665883248496546,0.010141657487242828,0.005221932114882533,0.005594405594405494,0.011379800853485111,0.018049066668802904,0.013167677018633528,0.01505773514851505,0.018827669504875688,0.027314503923483224,0.013540168870517011,-0.02051282051282044,0.023196606687219568,0.020616651092976168,0.028031825811726252,0.008831943268690079,0.005964945758586637,0.006830030789183761,0.013501585071188593,0.017822453368064428,0.014216897600648926
2019-10-07,0.0,0.007519815679697617,0.00708551431539961,-0.008362757696287804,-0.019066224939057408,0.004735745316617912,-0.0060606060606061,-0.013908205841446475,-0.007032348804500765,-0.0019920766634650144,-0.002452157980680547,-0.008128388704092493,-0.003740834842411056,-0.007176482352941105,-0.0027831338714165987,0.009947696335078415,0.005529472243819278,0.00655141938282866,0.00022025461821528758,-0.004018043803964533,-0.004267132240517557,-0.011958919786036692,-0.00724008135100207,-0.001091766749379719,-0.004478294773804015
2019-10-08,0.016647309330236393,-0.006320615880038849,-0.012195106507115527,-0.0029985006934313274,0.07100361249518494,-0.00018857465707811105,-0.004355400696864131,-0.023977433004231274,-0.008498583569405027,-0.015119755941709223,-0.021140609636184804,-0.020282749021045876,-0.009912946533104483,-0.013034696208492624,-0.011163884389400858,0.005702384359648205,-0.01099802064883193,-0.005107593448119729,-0.011714983030300163,-0.01566956209945114,-0.010741279358798761,-0.020526571492968326,-0.010574657620137762,-0.015360069033648172,-0.015560819042234386
2019-10-09,0.03084539223153082,0.005413472766365279,0.014719863880974904,0.01353377794109445,0.018148148148148024,0.00867439201724296,-0.0008748906386701893,0.0028901734104047616,0.0028571428571428914,-0.002634589923356745,0.015570040180813649,0.006900920117105747,-0.019872535493705712,0.010685544354837928,0.007338385548969706,-0.009278402061855484,0.003892132224294187,0.008950074921856954,0.011720178670951098,0.009662787027558961,0.011814379746835524,0.009322105458805074,0.01894307538797202,0.011083778850572212,0.009104492289421895
2019-10-10,0.004063538973032799,0.005047785636723923,0.012010544189509531,-0.015207715697615587,0.008002873772280816,0.003365040068609604,0.017513134851138368,0.027377521613832778,0.05555555555555558,0.0153415743355374,0.01508407554609481,0.01038421556036484,-0.0012382216279350766,-0.004989284865763888,0.002801961412215226,0.003121852399680103,-0.003323151389555523,0.0074297279590263,0.013478377306963996,-0.0010046399863219424,0.0010007950736459215,0.010453261408366554,0.006221071823601321,0.005289804366512385,0.006415695563724677
2019-10-11,0.006622553348049953,0.004620652184816665,0.018495762260901216,-0.002824802366282575,-0.006856694581620193,0.004658095944031881,0.027538726333907082,0.04628330995792429,0.08097165991902822,0.024065633263262054,0.021437296502735625,0.011510729228747074,0.017588749691441974,0.006924474524248492,0.008941044734813053,0.06950207108391737,0.009447068105192136,-0.007419608589274707,0.026598340242484753,0.006778064904269909,0.023107276693369316,0.011549563822377706,0.004169568475791419,0.005609394419640479,0.010938977608158984
2019-10-14,0.009502923629278959,-0.0006666177665213269,0.001967266889610686,0.0007554485220877538,0.03015988372093026,0.002040077968845644,0.003350083752093891,0.012064343163538771,-0.014981273408239737,0.005569738318292883,0.007631767231099484,0.0012192847230092507,-0.004644795482452002,0.004149940912968608,0.005261644827980083,0.013579000311396694,-0.00853294750713196,-0.0066646145510320665,-0.0014394479001076377,0.002604052084058006,-0.004940566752369091,-0.005043443718248941,-0.0009306271944041766,0.0013904842388692273,-0.0013871190067763495
2019-10-15,0.023533634195016973,0.009538473979969098,0.016915919300950266,0.012266408293398534,0.005291005291005346,0.0024060892542308032,0.017529215358931483,0.030463576158940464,0.0583016476552598,0.0031095130610891974,0.006627195266272201,0.017048934442865704,0.016217831883278633,0.004132707423952997,0.005509669573269038,0.021052631578947434,0.00527481954469744,0.08159934868487873,-0.0023317421008477446,0.017823897328144378,0.030608904575561313,0.006758709147500319,0.014475126883372491,0.021254740359514024,0.009955676879340736
2019-10-16,-0.007782136540502305,-0.0015857614171485013,-0.0074261099828869526,-0.008762136628675199,0.03649126315789464,-0.009047304283604118,0.010664479081214262,0.007712082262210762,0.0,0.00464976735179512,0.006113378935184155,-0.010377189974512091,0.01753991320505599,-0.00693795852612944,-0.004383561643835576,0.03889409559512669,-0.012979757331669783,-0.006706027188164376,-0.004037106780992561,0.005686410942506992,0.0034941182883907462,-0.006223769230769172,-0.008193847161426016,0.0005068382353574652,-0.001999543053987307
2019-10-17,-0.0042780393682010365,0.008669161480582499,0.0022445158687860456,0.003761538603029413,-0.014895090897254826,0.0035402088146154753,-0.0024350649350650677,0.007653061224489832,0.00359281437125758,-0.004628247079628278,0.015190417967038794,0.0004033272837264956,0.007398091401910056,-0.007696791274012571,0.003302118877270166,0.02841673432566516,0.022943451430137207,0.028186813194927662,0.003882766631954082,0.005654189304036716,0.004431527231365973,-0.05523894127620199,-0.005127853995360532,0.007582524594144768,0.00276283165244795
2019-10-18,0.01038306480486928,-0.0027555308063971218,-0.0020902805871776398,0.008619130759211835,-0.023367697594501746,-0.0070553470654409756,0.0032546786004883366,0.0025316455696202667,0.01193317422434359,0.0002905986533265903,0.005064479858758686,0.007256601345361879,-0.062201667947443195,0.010501157141963313,0.0,-0.011403421552781623,0.006838074211212408,0.006853523263869343,0.004802805168309998,-0.016766604569187993,-0.02384575357868446,-0.0012661925095408533,-0.01632184098615741,-0.0060491084509659565,-0.0039193449497315624
2019-10-21,0.014174415810574548,0.006249980263157928,0.0329144992767505,0.013932750736290078,0.03694577762139328,-0.004674644727000743,0.012976480129764711,0.02020202020202011,0.004716981132075304,0.013219039062191795,0.03023362345396241,0.009805843309869111,0.002505928015017922,-0.0018895016532829434,0.0,0.014196982511225364,-0.00217334957420956,-0.005787878141157332,0.017342717865695745,0.016016992130815755,0.02103841201920642,-0.0112610488854068,0.007422960267143397,0.0005299392249631385,0.006871616213484977
2019-10-22,-0.012578650853296458,0.0005230598337311321,0.002172667987070387,0.0012825210229929773,0.022395657359879806,-0.005823821153484787,-0.0016012810248198228,-0.02103960396039606,-0.011737089201877882,0.0016726690561530422,0.008892863494886605,0.003170828441752427,0.00921725482839375,-0.038097422081072696,-0.0008227921234995605,-0.012248512150108914,-0.012796133950449096,0.022794350793656548,-0.002286757345420276,-0.011161169327038811,-0.03910201936925639,0.010408847331288884,-0.014881153681774784,-0.002688259788534153,-0.003568666554747746
2019-10-23,0.0010616065109694262,-0.002091040986022752,-0.004046798553351771,-0.015370557534471807,-0.07102552509211846,0.006046939004041407,0.010425020048115297,0.010113780025284402,0.013064133016627011,0.008206111406313665,0.011679131518749886,0.006124081511736046,0.005417933562335886,0.019311192399340982,0.009332967334614528,-0.0008857838795393036,0.006067347273433166,-0.006733978783613592,0.013418836025376413,-0.0020161270637768514,0.020895020750137494,0.0031352491643272806,0.00637977584438576,0.01313964866121431,0.002847149032029872
2019-10-24,0.03958992436939113,0.01093574699397415,-0.002176781182598675,-0.0003716781198350727,-0.01643440514469452,0.057287732633819255,-0.007936507936507908,-0.01126408010012514,-0.007033997655333968,-0.0012777020208976086,-0.003267305597908776,0.0033378755154132023,-0.018475705241371987,-0.003499468921221105,-0.010334539026380152,0.0044326686361997325,0.006030729166666804,-0.013276868281555276,0.001644905062748725,0.010560833821551485,0.001235621850194768,-0.0023068759373837677,0.019673541982164755,0.001477198535984492,0.0019204461816166862
2019-10-25,0.049302992179530714,0.0764346911376248,0.040866752738023315,0.015058505018432644,0.005811841416206276,0.007994332776792845,0.005600000000000049,0.008860759493670711,0.02597402597402576,0.015067486163456767,0.013330442016190602,0.009197691162336374,0.006666713725490325,-0.0038750301798248232,0.010442457005838346,0.038393689320388225,0.008174359450289881,0.0016359617528109993,0.012316282124969158,-0.010922220983645148,0.008101695243542872,0.01021850472492325,0.005645233590892751,0.0032831466013460986,0.004072700584051514
2019-10-28,0.016202202974653135,0.0275003441599615,-0.020818750873270897,0.010439560821961846,0.0111953408741301,0.015861772440543875,0.009546539379474916,0.010037641154328814,0.0023014959723821615,0.01643095768904379,0.010135885489236385,0.0015513282916423954,0.006466591049477444,-0.0007294553676281401,0.013869975523524536,0.022099361576737753,0.000540540540540535,0.008737899493889367,0.010017049233514541,0.008942106472638711,0.008036590601078197,0.0039131644431016355,0.02458613016659217,0.019658054825756777,0.005581337852645696
2019-10-29,-0.014030643685247313,-0.017745235724743846,-0.004566209915347841,0.003806471046092774,0.003214285714285614,-0.00746009728417929,0.0015760441292356209,-0.008695652173913104,0.00344431687715252,-0.0005051710677382859,-0.00021345004269857082,0.010067685960593042,-0.00046445272682438254,0.03527981880583275,0.024946352600492494,0.017463618189755614,-0.0018908427876823675,0.02121024058437282,-0.023127933778310572,-0.008086296258917436,-0.0004751636898150391,-0.015812267295636673,-0.009431999314349016,-0.021224810077519418,-0.0008324052170899376
2019-10-30,-0.02037512936610608,-0.0008347185736063967,0.008887542749783872,-0.0010834416561313898,0.007831933072267816,-0.002971473570555494,-0.014162077104642123,-0.07769423558897248,-0.004576659038901698,-0.008408385445728528,-0.012171769712928882,-0.0026835155331997873,0.02881041778231186,0.013161022635981734,0.007066239389328155,0.017163874833014736,0.014884952235860505,0.00994890827873629,-0.00012329319325232735,0.009803103960561277,-0.005599271096078162,0.010685943246139473,0.01246236067405504,-0.0010533303806898875,0.0032533701741288557
2019-10-31,-0.007593330881699223,-0.0014918247822911512,-0.013498110833963128,-0.004338358640636253,0.010597033224903907,-0.015953716410348484,-0.011971268954509062,-0.014945652173913082,-0.008045977011494121,-0.011259872214075983,-0.0045395375935815,-0.007687834089714185,-0.006022305209945955,0.005103259045427411,-0.0028586538461538025,-0.002008798795050115,0.003199973333333439,-0.008241781692600703,0.022609553935863724,-0.0018707723182196379,0.01806105710491357,-0.011238476894639526,-0.00857482879071425,-0.0009355928957748283,-0.003022860583353104
2019-11-01,0.016633400420272837,0.002629546373877467,0.010370185798646014,0.01706604876303386,-0.004893463652797414,0.0023159985334759714,0.019386106623586308,0.0193103448275862,0.004634994206257126,0.018792735523649462,0.027795939800129066,0.010652701711162171,-0.006361678616569,-0.019847702753394647,0.000521240566099701,0.04347826086956519,0.0021265816620570366,-0.001939018622149069,0.02838081730794051,0.008318928054414698,0.010279160248760633,0.013459979464891303,0.002441277897791805,0.010816520115107142,0.009662311997104212
2019-11-04,0.01276184596733776,0.000655665478794365,0.006842408928227961,0.015351677972152755,0.02774854329991361,0.012797760853102025,0.03565768621236143,0.03653585926928282,0.0034602076124565784,0.011408050100777611,0.03169237136309433,0.01034881180528946,-0.007393300473932163,-0.012243936608336892,-0.00937744228646653,0.010416705246913516,-0.002917798331092847,-0.003806379498653256,0.0065670860271414,0.007379590405146574,0.005681262413006483,0.015789854761232514,0.0057751321613197515,0.013841133306963238,0.0037040892383408686
2019-11-05,0.007431308322090269,-0.004229252911923775,0.010618717709983683,0.0110758964297486,0.031100478468899517,0.015795033345033405,-0.002295332823259444,-0.00652741514360311,-0.0011494252873562871,-0.005594196697916831,-0.001638377979177652,0.011001479305738249,0.0014589726317737473,-0.011680619507017376,-0.014462240716861419,-0.0022910270221064843,-0.01569566374035658,-0.003781082587064666,-0.0014368776699029695,-0.0016346973637251239,-0.00205420089331243,0.0015980315478758556,-0.0006225942451208999,0.0005111114572551312,-0.0011856994273685695
2019-11-06,-0.007055837075048088,0.005922151174518664,-0.00014001121350570855,0.0012172492163884385,0.01524690089492875,-0.00034554249575780016,-0.004601226993864893,0.005256241787122251,-0.009205983889528202,-0.001006224849095405,-0.0038974153846154103,0.00938086321540088,0.004140538324498344,0.003979763723583218,0.003468543223052345,-0.01760424866453303,0.0029729999999998924,0.0008789492503522567,0.0004277524920817122,-0.0032968353001185946,-0.01425485745273769,0.006454420236815084,-0.00276899474329928,-0.0001779989588771569,0.0007024971924360912
2019-11-07,-0.002260981985173882,-0.00023792221127683089,-0.006165097120704788,0.0013893365269419533,-0.014691446774125039,0.00656759407937102,0.011556240369799742,0.01437908496732021,0.004645760743321903,0.02229647030763182,0.0020592874369997904,0.003717490775418053,0.003588775006708733,-0.004444480480480406,-0.018612097351446533,0.013245033112582849,0.0013473187456933822,0.023710629511246584,0.008513450739028317,-0.004215500267679029,-0.005899269027941578,-0.007854136099251674,0.0013882896208285977,0.013206328652183075,0.002730095398704835
2019-11-08,-0.004208449472594578,0.0011896978702623517,0.0033835894543916556,-0.0013874089490113484,-0.001325414181577167,-0.0010302540854995046,-0.005331302361005319,-0.01675257731958757,-0.015028901734104094,-0.0017017735317856886,0.010069913686806542,0.0018518148148147784,0.011945576227794463,0.008566590561049248,0.0037929829314549135,0.007304921184159818,0.0061894241119484494,0.00198865327106712,0.0027368616655547573,-0.0012973638650994879,0.0022056401870145237,-0.0005810225785309875,0.011784361977830393,0.0019177070341866997,0.0025606759327254647
2019-11-11,-0.005526657997399265,0.01027801763339986,0.01039772405220507,-0.006425894184581615,0.0033178833217610837,0.001375008594018512,0.0022970903522203656,-0.002621231979030081,0.03169014084507027,-0.01740615015196889,-0.0012207934396420983,-0.0009241959676227207,-0.007669203007518832,-0.003708541869053228,-0.0032388394936259113,0.012213701823904577,0.004546723844523148,-0.011207553367289846,0.007918797083490636,-0.007968049902658425,-0.0064451636228288756,-0.015551195294301379,0.001027637659677616,-0.0092880377364436,-0.0019624671353238865
2019-11-12,-0.03497875122589078,-0.010820323243393326,-0.014879821172030572,0.00017482957830505796,-0.02050261243386242,-0.0070374187105191055,-0.0038197097020626902,0.0026281208935610145,0.0011376564277589818,0.0063005296365818975,-0.0016297005500102157,0.003145272953659184,-0.004773374898420113,0.01008650348326734,0.001083157324668349,0.018476621417798045,-0.0018636580973467876,0.00456532731812076,-0.0009154080435359591,0.003584215795432888,0.02563155938172268,0.0008857680601923601,0.006570433190264513,-0.000300103924527062,0.0015646460440210674
2019-11-13,-0.029132791327913243,0.02300692490905143,-0.004517208047273069,-0.012583030189041833,0.013841998182241744,-0.004494347605681792,-0.014570552147239235,-0.04587155963302747,-0.010227272727272751,-0.004945315458548705,-0.012650459606221576,-0.017152341992764053,-0.0006090749626612713,0.008321409593863072,-0.010008195563749211,0.013698593113661506,0.002934008912562902,-0.006581755142017642,0.00958164634544656,-0.013998883577052812,-0.006581986905013659,-0.008186444669561088,0.0016318147044080966,-0.0006159908914509238,0.0007115345352233238
2019-11-14,0.0038381018841591175,-0.011622501027167553,-0.0015597419835398085,0.0008849380530973061,0.008658008369696768,0.0006945823927764216,0.0,-0.009615384615384692,0.0022962112514350874,0.0005014863965420169,0.004546435307841046,0.003753068047418484,-0.002361521981823156,-0.0031831761377032475,-0.0013660929708247949,0.013513550530078522,-0.0069148407933424805,0.008912706304417206,-0.00691943887775559,0.0008499130190053883,-0.00020709146221764563,-0.003569274347688056,0.0050913041218016986,0.01036976964560865,0.0008370428201818214
2019-11-15,0.0031282933611400665,0.0012935148013462072,-0.00042617523498500454,0.005305022198143661,0.011224760276501877,0.00277633172347147,0.01322957198443575,0.01386962552011095,0.00572737686139746,0.0037369868575805043,0.00781734194985928,0.005795419487925946,0.0303909192674372,0.004139550414918425,0.019972640765325345,0.02630630630630626,0.005088350294589983,0.053043004705914054,0.011879347433484844,-0.008611641517542123,0.010095842922987597,0.0029850298507461126,0.01290019604079684,0.01785036119756911,0.007695487966070225
2019-11-18,-0.009009043346879908,-0.0014093070802823071,-0.004546732219951832,0.004045804891672944,-0.006203003793764483,-0.00017307492346296804,-0.0007680491551459445,0.00547195622435015,0.001138952164009055,-0.0023609716231555167,0.0008164318915520052,0.003717490775418053,-0.0008151771036729594,-0.009069552200952846,0.0,-0.002808988764045006,0.0,0.013103188859016957,0.005042143135395971,0.00749647257240027,0.011788764373487526,-0.0006696131251314741,0.0024671267422344823,-0.010615298907816095,0.0005031527465895191
2019-11-19,0.024125909090908948,0.006762372183492404,0.00014276334977925131,-0.00017522774438583077,0.019053843000859327,-0.003980616199041442,0.003074558032282848,0.0,-0.0011376564277587597,0.0014108087454751672,0.006118764146823663,0.0005555370370369239,-7.413038531289828e-05,0.006180970147900977,0.010193160144666313,-0.0066901760563380375,0.02051692034417596,0.004763192149424,-0.003032571979556087,0.00014836265039530616,0.009726509920765292,0.0015635917141476607,0.0003325994501155449,-0.0039675855185975495,-0.0005925942360627268
2019-11-20,-0.03618985878491432,-0.013550656533762084,-0.023262423290994483,-0.024531312423339724,-0.015796228239845278,-0.012510808210439706,-0.0030651340996169507,-0.006802721088435382,-0.01708428246013649,-0.009680008488275216,-0.004662558091929503,-0.009068998872274636,0.008307335275542505,0.007324217192576032,-0.016197583643122626,-0.017015207976434188,-0.003394282072957777,0.004849895878099364,-0.011641458210478572,-0.0041419735612725495,-0.009080934860693612,-0.009812719006460968,-0.00512004790956877,-0.00943389564709074,-0.0037561843404613215
2019-11-21,-0.01062699256110522,-0.00947365746624218,-0.006429017930186576,-0.006466624985328684,-0.016049786568955504,-0.004223156634764802,0.010760953112989968,0.010958904109588996,0.002317497103128563,0.0014684594287832642,-0.0052952751647769025,0.0003735524771470988,0.003678093222331924,0.0022282397875537097,0.018623563255696585,0.0007212405337180261,0.0015719675961207713,0.0035926477253058753,-0.004483437752445751,-0.006198729222778643,0.0021264645366427803,0.00480479740551365,-0.0009356971305872763,-0.0013046874149651444,-0.0015827522508661263
2019-11-22,0.02685284640171859,0.011536900476766698,0.011176499999999923,0.014463930311626516,0.017975998070040022,0.007421770630853475,0.009125475285171047,-0.0027100271002709064,0.005780346820809079,0.009393772797393174,0.00839475839475834,0.01344283021951398,0.011946679684158967,-0.00011703721176037352,0.015633279510690157,-0.006126126126126175,-0.004185194873136178,0.0010486639399167608,-0.0008778595968748082,0.00634688809514472,0.004496610071622609,0.0037358040566588535,0.0007358844189426783,-0.004618288785368185,0.0021749356912357243
2019-11-25,0.010808926080892567,0.0011818756578307887,0.00043628561849096137,0.00427725887939312,0.006213211249182615,0.009647483236185916,0.0045214770158252815,0.0027173913043476716,0.01379310344827589,0.011213006224863875,0.014416223350253832,-0.0012896094563301652,-0.006446106720339406,0.0029256876392869113,0.009131176147603615,0.0043510152284265136,0.010769634883109891,0.021059157218019875,0.017533791733516768,0.016107964316803836,0.0048787142432804576,0.012133430463999506,0.010963299978963725,0.008762159199834363,0.007507291508899616
2019-11-26,0.002069644705070761,0.0013575493018245233,0.009449062226354776,0.0196983325536233,0.002924959376015668,0.0005211778922658006,-0.004501125281320406,-0.012195121951219523,-0.003401360544217802,-0.0013468148148148007,-0.011008787249975893,-0.00737867565723449,-7.286047900589843e-05,0.019136511755070362,-0.010082704239917306,0.009386209047429261,0.007796231808731902,-0.004492938555884174,-0.007808642231612373,0.013022581203923522,-0.004104269626757584,-0.006472052611075418,0.00528997567387357,0.0052499891403081644,0.0021955704021285882
2019-11-27,-0.0034422720634172954,0.01473622215394843,-0.0038883063396225603,-0.0067873130314534125,-0.006156869534774123,0.002778260114603137,0.0015071590052750938,0.009602194787380114,0.018202502844141044,0.0022476961417985386,0.007488342440801432,0.009849451591721792,0.004228344451824073,0.0030914244603355012,0.008879602797607689,0.007510765647738449,-0.0059308923654174395,-0.0025941045329234136,0.013432168801478017,0.012003778483545835,0.015228421293519645,-0.009771204671588096,0.0019075708867168917,-0.0004263705067243384,0.004174424272576305
2019-11-29,-0.0072539203021099175,-0.014057496859395724,-0.0023130837736905496,0.00420537935868226,-0.012389925008151392,-0.0019047792207791403,-0.015048908954100826,-0.02038043478260876,-0.01564245810055853,-0.007176456701185718,-0.006026496706036499,0.002208299595141794,-0.0018874410163339794,-0.004908126870127427,-0.002847553641015854,0.002484913028043989,0.0005188326982836777,-0.002850386442957764,-0.002202792744964044,-0.009738720657358368,-0.0017821831683169087,0.005083299541502662,-0.006171231334042626,-0.006115834135186349,-0.004011219917781306
2019-12-02,-0.022964509394572064,-0.001237212071813154,-0.013041602288317633,-0.009771435879053603,-0.0069330139672164615,-0.015961103677326616,0.0015278838808250317,-0.002773925104022079,-0.009080590238365494,-0.016760817255184635,-0.008084033953112302,-0.01542416480764175,-0.0009455523694248402,-0.0016058614361091905,-0.005970898234683442,0.010623264872521299,-0.003889084780917873,-0.0007503162316488954,-0.01156219270346115,-0.010661968279411127,-0.009621116889610759,-0.011454020337389847,-0.012088796007108105,-0.011525194220115997,-0.008631020628154462
2019-12-03,-0.028133867521367484,-0.004129288482083826,-0.0220231974449685,-0.019911911894273104,-0.0332446808510638,-0.01392808508589416,-0.02135774218154074,-0.018080667593880495,-0.010309278350515427,-0.024811588057395584,-0.01976367075127672,-0.01939569226773019,-0.0014560061047176331,0.003906203999239466,-0.006268007148915955,-0.00946044115415412,-0.005986439666134324,-0.009869162413371102,-0.01783007241323331,-0.006533461583297595,-0.004406559905957286,-0.005943939329051573,-0.0016048478447706627,0.00415528468212556,-0.006638095111017095
2019-12-04,0.0032978379150665482,-0.001777058331717818,0.004653910754332635,0.007910859545323001,0.0061898211829436445,-0.002681941712855407,0.008573655494933607,0.015580736543909346,0.0057870370370369795,0.01743308006424149,0.015173539489221843,0.012552300777774805,0.016185483634135966,0.01476311563617938,0.00236530886636821,0.014503006720905542,0.008641031909951247,0.008739664328053287,0.008826285966793357,-0.0052374179101557505,-0.0005532642396497423,-0.0009838783296955977,0.003616690156274638,0.019501582232763548,0.006323567603082392
2019-12-05,-0.0051131849931770335,0.006052628624433343,0.005529034833503754,-0.0032108454653790863,0.0064935406698565235,-0.004481893232016754,0.003863987635239541,0.001394700139470073,0.010356731875719172,0.005557085250003757,0.004709254709254651,-0.00018786625890809816,0.0012913832224357158,0.0009022442968815714,-0.0028841112449952133,0.009414260808926045,-0.00233644859813098,0.00959470475740054,0.014671032770567471,-0.011478432703785235,0.003271068275892297,-0.000606114076592501,0.0005337804257410372,0.005747622772382943,0.0015002512191744088
2019-12-06,0.01798825256975034,0.009732270072701832,0.015306865577249473,0.004652791613228624,0.01595921847337123,0.007383396495288963,0.006928406466512715,0.0055710306406684396,0.013667425968109548,0.03440177781340048,0.01487668636641537,0.021416475671613755,0.005875659298877345,0.0011267380281689832,0.006836760632047412,0.005526770102702194,0.0036429872495447047,-0.006418432624113457,0.01931622950446088,0.006389039878528235,0.00847713679535933,0.009930990525934602,0.012139045454367503,0.009404192325283667,0.009135724177039783
2019-12-09,-0.00865488640461598,0.0034464454296811997,-0.004830240046838297,-0.006056287959677387,-0.006684525401069563,-0.008401823532388608,0.003058103975535076,-0.0013850415512465242,0.008988764044943753,-0.012466065569359919,-0.004016084417993615,-0.008276641682483765,0.0008547869762505211,-0.001463106391966451,0.000783468248016117,0.0034351767971425584,-0.004407518796992527,-0.009457842824812879,-0.014000148173326399,-0.0011931753988559946,0.001442392418168792,0.0052544437377688435,-0.0025700098846787034,0.002193062919369604,-0.003162821338922095
2019-12-10,-0.017824663514005024,0.002386791258509602,-0.011031034300074571,-0.0048387097641345855,-0.0144683046590951,-0.01009556498836206,-0.004573170731707266,-0.002773925104022079,-0.005567928730512373,0.0003156169723241842,0.0014112903794876175,-0.004265560247238898,-0.0036298576512455716,0.004283104099604307,0.0041753653444676075,0.0010270798023648275,0.0,0.007134034502391362,0.005844447511863526,-0.0058873907214740395,-0.002334364802510591,-7.46266438863552e-05,-0.0015195295882695081,0.000818701771187591,-0.0010969339668811529
2019-12-11,-0.005185148148148078,-0.004820262444738099,-0.007436050191435117,-0.00810367383583055,-0.005804028480572709,-0.016572573301766425,-0.008422664624808673,0.009735744089012455,0.004479283314669846,-0.003109802525919414,-0.00442917271709975,-0.00968524883004751,0.007071869166659361,-0.001346745260308535,-0.006756730769230557,0.0030779753761969175,0.002343749877929513,0.0035060497945282876,0.008529409630688045,0.005468005711358748,0.006919898614026421,-0.0011202225040630731,0.003771534315770042,0.0002677152521066706,0.0029081579500966903
2019-12-12,0.032017794787126075,0.00204251866221683,0.01423440258418962,0.029230155075157693,0.034340658161378546,0.009074111111111005,0.027799227799227832,0.04269972451790638,0.012263099219620877,0.021972064542049363,0.025075793223947596,0.02238109920560838,0.002553553768011252,0.00663066958988523,0.008372579582088369,0.08728261166041595,-0.0012991165861721,0.011087290552584728,0.002548303100711413,0.00663913330466559,-0.02724213950465093,0.011662769574714682,0.010151667966084466,0.0039032876254139204,0.008575225600500724
2019-12-13,-0.00865797289530934,0.014093517566509783,-0.0041364749848877835,0.0007056094673769664,-0.01925630746160989,-0.0062396767759339555,0.002253944402704766,-0.011889035667106973,0.07268722466960353,-0.004645003256204316,-0.00887743162117649,-0.01048565102123522,0.0002830692028603643,-0.004242469576867136,-0.005448858187626859,-0.027908404763512196,-0.0072840532592106655,0.006593653604967331,0.013593163297521915,0.000346517423009729,-0.013418038119440867,-0.008202778174553393,0.008418128151327142,-0.0018070933693691282,7.258195181569782e-05
2019-12-16,0.01601164483260553,0.005857629189179647,0.023586944157428125,0.02979019918914161,0.010155686859997015,0.0036933701313621725,0.011994002998500841,0.02807486631016043,0.04106776180698146,0.013511080000000009,0.009554119842590802,0.007994050790220308,0.0028999008735357545,0.0011211906913064507,0.02113219300119007,-0.021935483870967776,0.011792479035639403,0.022943771008892,0.017117907094105878,0.004696366870583724,0.019628030397052854,-0.000596095639872618,0.006471235400706821,0.009897456233714852,0.007147785170966481
2019-12-17,0.01289401862464179,0.01775621528140059,0.015362289855072264,0.004621722171233245,0.03518763404825731,-0.0031278382015763606,0.009629629629629655,0.015604681404421283,-0.03254437869822491,0.013637963056769564,0.0035489155451711163,0.0022131869750425803,0.012483285756280438,-0.003023899618950665,-0.006131757949201844,-0.02704485488126651,0.001036026909193799,-0.005341910096023916,0.0019653399251249315,0.012124096897959902,0.002374701923754108,0.000670960982965596,-0.005400868034468487,-0.004444741512398376,0.0003352924270878521
2019-12-18,-0.009901025109581796,-0.011668361148557183,-0.014701670416833124,-0.0018742034737468938,-0.010683069300196468,-0.010705094130675552,-0.0014673514306677848,-0.007682458386683688,-0.012232415902140747,-0.003028323678000988,-0.004715166808834437,-0.012329812292970255,-0.0025772917606199375,0.006740126041567818,-0.0002571465163420106,-0.012881322033898357,0.007244449819174603,0.008365727929336098,-0.0023894011998232267,-0.0037025481521413273,0.02071677514348913,0.0014156086915837474,-0.0020686986609516067,-0.0018448550749927684,-0.0004323001864839915
2019-12-19,0.019642821428571322,0.012089936909011056,0.00246266844071652,0.009559525108927103,-0.005235569543048824,0.008955298841615722,-0.005143277002204294,0.01806451612903226,-0.013415892672858476,-0.0022130397337345453,0.003947907619423541,-0.0007452394538938201,0.01508488001836894,0.004128486806678655,0.0020571355633103305,0.026785679025217002,0.011559234523503825,0.005872314903495823,0.0010009151641072744,0.004624361622783013,0.01758023703703704,0.001115943720974899,0.008680521107744976,0.0025284588521847784,0.0044592918133157244
2019-12-20,0.017162942807808834,0.006505540984863778,0.0020231070241232274,-0.002874501232237092,-0.0036183881578947252,0.010170099475957928,-0.02215657311669117,-0.01520912547528519,-0.030334728033472924,-0.0043924893068409965,-0.003342548105730425,-0.005593865269553078,0.004884705680713974,0.017668674689824915,0.0066717729876371035,0.0033444816053511683,0.012696800083880078,-0.006890228207355853,-0.0020712235727973205,-0.0032249586596269086,0.001164733584050559,0.0076545631339857145,0.010917711923293494,-0.0047565505549206355,0.0049447812331995245
2019-12-23,0.008953098865251308,0.003287440779587536,-0.0007210124442463828,0.007970120265047953,0.016837173428947638,0.011349057086782688,0.0,-0.01287001287001277,0.003236245954692629,0.0006989167207986924,0.0005918721758113588,0.009000543446445075,0.0026016979679814867,0.0017470626392868116,0.002294162630639862,-0.0030000000000000027,0.011785280547008892,0.008544379623970366,0.01631833643976055,0.003638399104394008,-0.0005817256338092047,-0.0002949553888917933,0.0,-0.0005557243450934335,0.0008661435807297835
2019-12-24,-0.004095529150018096,0.0004998111796046256,-0.0028864915155651927,-0.0008411844017695014,-0.001948019543766888,-0.00561087782805425,-0.0015105740181268201,-0.006518904823989535,0.008602150537634357,0.0035794142665224182,-0.0005915220703565094,0.00018582047601145568,-0.003482716423344412,-0.003270067653587616,-0.0007629450661241766,-0.0013373119358074392,-0.00024778192058383386,-0.0018637941219803444,0.0009506619718311349,-0.0021137975460122638,-0.0051411292850320756,-0.004205141920948563,-0.00019057873856587193,-0.00391440581024427,-0.00019544821450478977
2019-12-26,0.016792323509253082,-0.006772140108980529,-0.0002894196143824468,0.0028624684772262654,-0.01203640208197787,-0.0007280123903897762,0.00302571860816947,0.005249343832020914,0.004264392324093702,0.005654399449273262,0.00828569753966657,0.0061315867707172345,-0.0006851984156539537,-0.001093678891214478,0.0022906591425131406,-0.006026112955269003,0.000495810609816294,0.0037685372651699023,0.01984034980154159,0.04446658622196198,0.01301676123773321,-0.0005185360947855822,0.008196676572732153,0.012533838652909912,0.0051281665829021605
2019-12-27,-0.04145598247387938,-0.008718482429047048,-0.011292876791660467,-0.008059083142057055,-0.01778073698449989,-0.010564699068681294,0.011312217194570096,0.0,0.0031847133757960666,-0.0023788027479277885,-0.00039133241261324336,-0.004247534469158487,-0.0005485976747089394,0.001751740825563397,-0.0015236414036657875,0.0003368137306563046,0.006937512216612873,0.0010823845983234381,-0.00037948328268111453,0.0005511801821391771,0.0014919534647657162,0.002668445551302634,0.001827749440067361,-0.006255519589729253,3.3984895565053463e-05
2019-12-30,-0.004922714313547294,-0.011557693284030335,-0.008932508289171026,-0.007109038351082009,-0.018437780757626587,-0.004418225331369707,0.001491424310216205,0.007832898172323688,-0.0031746031746030523,-0.0037284357282850733,-0.0025445488353885715,-0.00593471832102066,-0.0030874579759861964,-0.005136622950819625,-0.010427263479145576,-0.008754208459454293,0.002214591589925874,-0.0071628712127483896,0.0059351279200192675,-0.012252665204631197,-0.01773186878235855,-0.01818589433914697,-0.00861858920275449,-0.011650356038763965,-0.005780822613559056
2019-12-31,0.013427597647618361,-0.007301014994825938,0.001034278959810786,-0.003068530514831247,0.00034153004298054235,-0.001849149339898437,0.0014892032762472418,0.007772020725388629,0.010615711252653925,0.0005656657889598904,0.0031397174870431144,0.0037313620795285107,0.003922862960986873,-0.0008788531349979145,0.006939090208172738,0.016304313304880802,-0.001718634912840633,0.0004424195928041108,0.007306545306251744,0.0005143516897512246,0.0041093683457880115,0.009261313293597029,0.000698020196662652,0.0006586173530622741,0.0029460215892096464
2020-01-02,0.014295676429567639,0.011549127102067791,0.006199232472324789,0.00957594049247601,-0.002048514781546107,0.01593182660244552,0.02230483271375472,0.07069408740359884,0.025210084033613578,0.019092828833339848,0.017996909585229037,-0.0009293494596532836,0.0006855830769034732,0.011984651302407556,-0.0010209545686573618,-0.0003342245989305104,0.005656640432857962,-0.005034393307781659,0.022816332990058363,0.027150643412374276,0.022070640682094966,0.010295472038706954,0.018516157612862738,0.022699716194227282,0.008378802876399583
2020-01-03,-0.04950154692334141,-0.01431413778504731,-0.018336512199985666,-0.016598915708012862,-0.004789599726308658,-0.00893512035010946,-0.019636363636363563,-0.025210084033613578,-0.02561475409836067,-0.011693431709397295,-0.0161414293593114,-0.006139572093023293,-0.011577735071742534,-0.008583235456505522,-0.005365329723181711,-0.01638248077566029,-0.005869332498638635,-0.010119627350427374,-0.009722044022718923,-0.012139050309855848,-0.0052912622999869985,-0.007975203189708902,-0.012451749858415795,-0.00490720216513163,-0.007059870561300419
2020-01-06,-0.011934900542495464,-0.014579605915862492,-0.004781829192523346,-0.006889441837935939,-0.00034376074252329136,-0.004047783037636865,0.0037091988130562026,-0.007389162561576179,-0.002103049421661396,0.01023402271151208,-0.0035156444625850103,-0.005990266042316228,-0.0012475256532265,0.004273961643835644,-0.001284330850244042,-0.01903463630183555,0.009102041372593295,0.006941973259384726,0.007968248205446393,0.014885589866334925,0.018833603477582894,-0.0017864374508392844,0.002584819145909245,0.024657097409829687,0.0035333726923132414
2020-01-07,-0.003660358711566558,0.0005848304093567513,-0.006306276465653848,-0.0008671349288934538,0.0024071526822557754,0.0029558469803094845,0.01921655580192172,0.023573200992555776,0.0021074815595363283,0.006582637400076585,-0.001960054880439155,-0.008286215001364061,0.006106800578481453,-0.026625949657638093,-0.003343647033342445,-0.010048544350362287,-0.007801048269137079,-0.006036628614095485,-0.004703042216265829,0.002091555951790003,0.00216364998597407,0.0006711110810837528,-0.009117757713121732,-0.0006240057267816734,-0.002803238450998058
2020-01-08,0.022777407155672558,0.015429566963311547,0.004835297673012828,0.021523988517202053,-0.002058319039451084,0.001473531009881679,0.009427121102248082,0.038787878787878816,0.002103049421661396,0.00963943246763277,0.012765161538301761,0.0030383592859857256,-0.00013787419334743145,-0.006726446414566545,0.00800002580645165,-0.0024501225061253074,0.003439778785263581,0.021084180993969248,0.016086288892454004,-0.007808656176714557,0.010138003474495338,0.008346344610681289,0.015928379033781193,0.007880330908415223,0.004902451310513145
2020-01-09,0.003951185344827524,0.008057982961379606,-0.0019548421052631992,0.0018691759343816283,-0.007906462701959382,-0.0012874747339980397,0.0021551724137931494,0.004667444574095514,-0.0020986358866735833,0.020356708873584983,0.00950166763622251,-0.0017039000378644698,0.0029662802099617025,0.008803600650194143,-0.004352329637677066,-0.017192982456140316,0.0004897404505386227,-0.005677570240166907,0.02124080581495691,0.004799271732204513,0.014310946871522345,0.010568376477250396,0.012492973015003406,0.011044498829613447,0.0066552624994673515
2020-01-10,-0.022540285418952255,-0.002683573156809227,-0.0072322431565957634,0.004749033323423024,0.008315973377824859,-0.006629834376239985,-0.01505376344086018,-0.010452961672473893,-0.01051524710830698,-0.0020198062155035723,0.002881252345730889,-0.004361843352929995,-0.002269764098423166,0.0016782502241525776,0.015428208162206358,-0.012852552659764482,0.004160499163962328,0.0030929372473218475,0.0022607111421928394,-0.00941059653290588,-0.0010994273783861974,-0.0003656793781746659,-0.004627059155458357,0.006972682861186241,-0.0028551785323552847
2020-01-13,0.0025621888726208297,0.00017174672435738003,-0.0003034754940579587,0.0042201213970249896,0.01477666666666666,0.0009270115114388133,0.013100436681222627,-0.004694835680751019,0.0010626992561104665,0.012804122040377841,0.01091744897371072,-0.0074285523809524134,0.004411960628870171,-0.00022335530239425694,-0.002025879867010416,0.016998227848101344,0.0034121131711459807,-0.03144376662074733,0.021364367790327687,0.004322529606105574,0.017655718771491413,-0.0006583948985529053,0.012024315409056907,0.006644611313249449,0.006976215203984504
2020-01-14,0.005111427714911576,-0.0034344076147865277,0.004706193804181469,0.03294669581621479,0.002709109288550282,0.009260973911429105,0.007183908045977017,0.011792452830188704,-0.006369426751592355,0.0018351494113371114,0.0015157635755165266,-0.05392442805748554,0.005628050905176041,0.004692190711826916,0.016747018523217472,0.014224714999121035,0.00024294390298496005,0.008360972362547292,-0.013503281511945464,-0.011558244294213482,-0.012843071283978658,-0.005710094917565356,-0.00704307941599136,-0.00580169612642456,-0.0015145329342819425
2020-01-15,0.0018161641185556743,0.011085542409458693,0.006195164702326839,0.0027664442186094984,0.0016885848804935044,0.009910019823453187,-0.012838801711840153,-0.019813519813519753,-0.013888888888888729,-0.0018317878070213123,0.0015133938419713555,-0.019878276265279382,0.0033441918278953597,0.01790282441899249,0.014973745944596883,0.018583415147265026,0.008742132102962596,0.02834448474689455,-0.0042855188508513775,-0.0039690609135221155,0.009540746914459497,0.00589006007045767,0.006476210248682834,0.005814565841249619,0.0018701969703727173
2020-01-16,0.023567802755620093,0.008918974089183518,-0.0007507884517667929,0.004219441808170021,0.02629807821982455,0.00490641477205922,0.007225433526011571,0.01545778834720557,0.003250270855904569,0.018392373358563585,0.06611258152838273,0.01924668874172175,0.00809470131605683,-0.0039327178945518515,-0.001475215218845194,0.024096420795057583,0.005055344124811345,0.014608096695683637,0.012526485675165233,0.008549811940260499,0.002803572312102487,0.009954626334161443,0.01832335536379137,0.008685381062801367,0.008366553169135038
2020-01-17,0.006021962451292939,0.0010697465854816457,0.0012023143792858626,0.0024240141819000804,-0.012812154638234041,-0.005244141143655345,-0.005021520803443313,-0.014051522248243464,-0.015118790496760348,-0.0010411420749594225,0.01895816830188113,-0.0014213197969543678,0.0065452160569206,-0.00230312568545743,-0.002462521485778635,0.01680672268907557,0.01604785628742511,-0.00754801182243825,0.011070993809694007,-0.0070396127753481474,0.0016683726082269423,0.0023916655280957766,0.005596726311569267,0.019763081193353127,0.0038621620690157954
2020-01-21,-0.04225348591549294,-0.04347823445833643,-0.024467200939633615,-0.027244865826936304,-0.054908454406271345,-0.02672236054253274,-0.016582552271088624,-0.017814726840855166,-0.00877192982456143,-0.01507259638616143,-0.02764736663701506,-0.004880052867019091,0.0006704163125350604,-0.010992634813755786,-0.0041964455293234115,-0.01719008264462807,0.0007072843332052159,0.0069018594602408,-0.006776908099887402,0.014629558016354904,-0.0031511524405831715,0.0062179163649469515,-0.003590700050603246,0.002708751720403857,-0.002651977609973044
2020-01-22,0.004411727778980579,0.0028813654343333717,0.00923215907777064,-0.011600944647000344,0.025352147887323984,-0.0011206761090647444,-0.004398826979472137,0.01571946795646917,0.013274336283185972,0.005494529981618257,-0.0010729077636948414,-0.007764569018483214,-0.0068332817891529896,-0.003556729981585738,-0.0037184184432326184,-0.007399932727884306,0.003062449868964645,0.0001996373080879188,0.0035695232379691078,-0.002399597780126883,-0.0005418849300768969,0.03391536299368192,-0.004804822822822796,0.0010441437449073554,0.000289076089944329
2020-01-23,0.05417273060029282,0.024919378043048113,0.0242415626919692,0.010563397226079685,0.024725239535534405,0.035901308900523565,-0.002945508100147376,0.01904761904761898,-0.015283842794759916,-0.005950216483097903,-0.005907661906414896,-0.0070016473022723735,0.0018886947723439906,-0.012158438100202229,0.012938542247786566,-0.010843747882073984,-0.004462259067061547,-0.0037592901129017697,0.0048158638407604926,-0.0015258628312698752,-0.007048671383785066,-0.007088776197711977,0.006155727329313132,0.0004711282499985092,0.0011409765936629679
2020-01-24,-0.04027777917631181,-0.01029749982326944,-0.0068472610896102015,-0.024224307283889246,-0.027479892761394065,0.020758067842669092,-0.005908419497784201,0.001168224299065379,-0.0022172949002217113,-0.0149035099364484,-0.017648118452154082,-0.013479904324348757,-0.0014138019350555808,-0.029132735526936182,-0.021861926353768824,-0.027064096366423596,-0.028072612127214347,-0.022206615908166527,-0.002881984667531756,-0.012172442419842944,-0.008281730257593156,-0.01616852439870231,-0.010076823356065079,-0.013412748581101197,-0.009042160866312154
2020-01-27,-0.05535448825450384,-0.03647397687861276,-0.02068352786745309,-0.03366772600462975,-0.054789800137835964,-0.005305022198143661,-0.025260029717682153,-0.003500583430571913,-0.01777777777777778,-0.015624995995576985,-0.026397764003625368,-0.009880218625183956,0.0028990896690019863,0.0013956152106671116,0.008538422903063614,-0.0017605633802816323,-0.005582524136346412,-0.02978041070851689,-0.029405246827372666,-0.017887480249504595,-0.014086477800436148,-0.013801956656260161,-0.01672318296814279,-0.022369751261272053,-0.015730711690954746
2020-01-28,0.030256567205799723,0.024416539391486802,0.0030609888620134473,0.011437585379638016,0.0054684651841050425,0.02399996444444441,-0.008384146341463339,0.015222482435597318,0.009049773755656076,0.01864450751089497,0.017134230519031846,0.005732505551274025,0.005042016806722671,0.0017421835480182501,-0.05029882968127475,0.030335061728395063,0.005369733820606903,0.006265616618193137,0.028289340218572212,0.013624399435132162,0.01358960333200554,0.006709046555657627,0.019595809832362532,0.013013483986105134,0.010053584464402299
2020-01-29,-0.00371750929368031,-0.04450685888108641,0.02059807719563511,-0.014439770354905956,-0.010514829586656949,-0.012326371955776794,0.001537279016141424,0.011534025374855705,-0.0033632286995515237,-0.01014101319036187,-0.006293965198074902,-0.0021110196772433643,0.006956474916387956,0.01147823768115952,-0.014682669498759071,-0.002054056900173129,0.00679781516867739,-0.010389341490701143,0.020932329995500876,0.0025630648860111016,0.024978204577103646,-0.013328562952449441,0.01559280726973511,0.004178791756245026,-0.0008668742243146399
2020-01-30,0.034328359489864235,0.04026717233961352,-0.01315588298932402,0.007943441908439874,0.022352472614420194,-0.018632396179159794,-0.002302379125095899,0.06043329532497155,0.014623172103486848,0.016700025335249613,0.002608047690014992,0.01353924264861428,-0.0011956424097880891,-0.00848232481619271,-0.01357110092756253,-0.027444253859348122,0.02507829695977093,-0.006786790529235587,-0.0014490966448675868,0.006824571582346506,-0.06137166709441677,-0.006681661606773637,0.028207606507100857,-0.0019127804792414826,0.0031343588645345033
2020-01-31,-0.03174599681623369,-0.009957008424132607,-0.021511982381094308,-0.023817794179257334,-0.0007168817204300515,-0.015224824817308913,-0.030000000000000027,-0.016129032258064502,-0.024390243902438935,-0.026133637280677635,-0.028985544407283514,-0.020246316009183807,-0.009909590250667955,-0.012254312138728296,0.004585972484488776,-0.032451499118165805,-0.016701929743680566,-0.03035802785273567,-0.04433874140042282,0.07379130210151907,-0.03636708364609886,0.05088829272827988,-0.014758670070370794,-0.014843654869136857,-0.017705820200054956
2020-02-03,0.011922503725782407,-0.013687146487800783,0.0009290293190296062,0.005382113190451676,-0.010043006099103469,0.004365241906147732,-0.007137192704202988,-0.02076502732240426,-0.00454545454545463,0.005299663512092545,0.0065059321280493965,0.0038346826551913793,0.008732471576962109,0.022237756970089784,0.0072501607277035696,0.017863652934743124,0.0016746411883885592,0.005762440561023041,-0.002746289224999865,-0.0022501991642716046,0.011292149744100977,0.017672080085495923,0.024378835090849815,0.03605416266643657,0.007254613784725583
2020-02-04,0.04675994108983805,0.03179672885855167,0.017323974715422352,0.03372589161802475,0.05760873188405791,0.00833029684298614,0.015175718849840258,0.0033482142857141906,0.01255707762557079,0.012258930845130411,0.026996236767917736,0.0029711163618657555,0.009522594519845606,0.011678555606986718,0.004798747256664626,0.0322349570200573,0.012419393657019162,0.024888720800583464,0.033013684532965826,0.022687342636303676,0.02762133280159329,0.019416127178064624,0.0329165605884687,-0.026158523590019023,0.014980414158696442
2020-02-05,0.02356665494196286,0.0042688148140113125,0.00851459670889132,0.016571707232867272,0.026721410526844513,0.022808926005747132,0.02124311565696302,0.013348164627363657,0.012401352874859217,0.009754488635575154,0.017956349500185098,0.02221758452042244,0.01576516428370045,-0.02863285390863679,0.012735447406087674,0.0083275156141569,0.027600897088957188,0.05301956705625366,0.008154316872402312,-0.00478122203717446,0.001334408794410713,0.048420635447517624,-0.0012214135360152367,0.0008016433505557696,0.01125059574111642
2020-02-06,-0.02749144329896913,-0.0230581453633939,-0.03482594497735714,-0.012056359518701987,-0.039706307631174886,0.013520631896038138,0.008474576271186418,0.13830954994511524,0.011135857461024523,-0.010151436633424882,0.0003636297376385933,-0.006830904433224982,-0.0029872458280651992,-0.0017476639462269405,0.0023578727984214787,-0.004817584474108183,-0.0029844122363541503,-0.011057450642031674,0.011696935323181723,0.005078747677741191,0.0035219884654609235,0.00275054688478793,0.020733802803795554,0.019333945841944145,0.003325672909989974
2020-02-07,0.002826855223563962,-0.030992949284735616,-0.0009371759264531487,-0.004468924028875887,-0.01528842893368898,-0.00796955980648717,-0.0022918258212375475,0.0038572806171650598,-0.0011013215859030367,-0.015796902197592,0.0003635884516846044,-0.002917882451021092,-0.010681951479723617,-0.007002777777777913,-0.005488735258167066,-0.026625172890733184,-0.0025328114206769614,-0.011078404225212335,-0.01592814528281783,0.014169166036680503,0.007019188797177556,-0.021370190781136555,0.001415857936724274,0.002032203681434419,-0.005400853565797892
2020-02-10,0.014446864497775325,-0.016484241401350297,0.007348358463858062,-0.0036256734677372338,-0.0028228652081861982,0.0027942718405262745,0.009188361408882129,-0.01056676272814594,0.00330760749724357,-0.0026890714285713324,0.005814991928311697,-0.0014632107023411223,-0.00019749819077929942,0.006817136652159439,-0.006307437747895883,0.0014209946714032196,0.0025392428439519055,-0.007572097339146544,0.004749517232759404,0.02627346112022888,0.0034380256823056676,0.006648777611660828,0.026156930916074517,0.01990905700816037,0.007326397818839148
2020-02-11,0.036470960872839076,0.02576616732080672,0.0018625329815302738,0.016461636050279393,0.010969568294409093,0.008881957815463526,0.019726858877086473,0.01941747572815533,0.013186813186813362,-0.003791683502731402,0.007768762701671594,0.004605442746493438,0.000856077960910806,-0.004786411170375371,0.007405421650213739,-0.000709506892177747,-0.0004605111673958717,0.013099710877259252,-0.006033288982738139,0.007915112491402976,-0.027550906106739048,-0.006151635323845439,-0.022575490554989308,7.290147417826631e-05,0.0016884725205512652
2020-02-12,0.02111256702412878,0.01438849495455452,0.015336916405720435,0.013808404364132443,0.019250997549877358,0.009494217158639628,0.014136904761904878,0.033333333333333215,-0.0010845986984815426,0.009261553476990203,0.007171047098799788,-0.004167555567095027,-0.005921501219767644,-0.02346041055718473,-0.00918871094775553,0.013489492367767086,-0.0004607463718035998,0.043639745545728026,0.02374778129584354,0.004277455267995611,0.01723052736878694,0.011923390980541848,0.0014639177893740474,0.00628316780662419,0.006462646415010154
2020-02-13,-0.012471250819535706,0.004327449082598633,0.014647528003546961,-0.005717168224026126,-0.02094783581909898,0.0010260088919289423,0.0014673514306675628,0.015668202764977046,-0.006514657980456029,-0.0012570207732751637,-0.004449982200071201,0.006905168300791686,-0.006618571887446523,-0.015375363363363426,-0.02146269096647102,-0.03922938841433932,0.0066835908431339686,-0.004217737424557999,-0.0071210755334568665,-0.004689760648148189,0.011292484610279097,-0.00643873551527574,-0.00541389184182095,-0.0023776969527462555,-0.0016304458062382787
2020-02-14,-0.029577899634430027,-0.009874380255857185,-0.005864646616541402,-0.0038897175056702427,-0.019291511750263113,-0.009736931845969576,-0.002197802197802301,0.001814882032667775,-0.007650273224043769,-0.005328315368282377,-0.0016091543000178454,0.0020781795943096704,0.0002665667337349298,0.00829573004397055,-0.011372921743839637,0.011301494713817029,-0.006639217032966993,-0.011317051172056392,0.0002463016005946894,-0.006977165681493092,0.004879393848547409,-0.02339447246963222,0.00892710760171056,0.004014073035216947,0.0018435334086464028
2020-02-18,-0.019520615769841876,0.00048354186431320834,-0.00937835411619492,-0.0030560440388439636,-0.032904078430045725,-0.006382663336507499,0.0022026431718062955,-0.029891304347825942,0.0,-0.016323582619170107,-0.005730659025787954,-0.025508066663043172,-0.006594324698783738,-0.002298886816723855,-0.005203999189482333,0.011175162220619983,0.016363194661516367,0.011245786234841182,-0.01831054556169709,0.009742890133863868,0.016901718733364657,0.002654339800683747,0.010142918473927676,-0.0007035693195652781,-0.002919942623117011
2020-02-19,-0.010478484473576244,-0.003987216842791241,-0.0048862423235986885,-0.0035763453069423967,-0.012573964032027929,-0.008506892656489407,0.00805860805860803,-0.0037348272642391267,0.0,0.01766645888398788,0.014229124639769442,0.00212806971151025,-0.0013410017523199924,-0.005578450225302567,-0.0024779735682820547,-0.056684493999447194,0.014285760285068339,0.010491768195616258,0.014482746081504683,0.006749664617716977,-0.0014233149482555385,-0.0015883851123076331,0.00026706724920289027,0.004619356042264711,0.00470578579780212
2020-02-20,0.006353688669255231,-0.007521016786589785,0.002915498017968199,-0.0022217912227582293,0.0033707863906071722,-0.002976746577188716,-0.0014534883720930258,0.0,0.026431718061673992,-0.019382319813067705,-0.04546263460375355,0.0053089827988956895,-0.003827091394828952,0.005975585365853631,-0.010488600607231557,-0.0018896070253063835,-0.019450011178180238,-0.01041562025754561,-0.010258970524182454,-0.007888542741642746,-0.013379938999955376,0.0023863184251204927,-0.015271257023020457,-0.0055937468183004935,-0.0038155198009305336
2020-02-21,-0.02420203437390389,-0.0047057628581017585,0.0010709761158052,-0.008735902556767705,0.0007464725365258218,-0.0072005621215414095,-0.008733624454148492,-0.0402999062792877,-0.005364806866952843,-0.009066304456946783,-0.024744223255813935,0.007604583861427816,0.010514241777793476,-0.0018184265200248406,-0.0036261368829084706,0.0034078000757289395,0.003875923304242468,-0.002316923140420868,-0.02263503050771265,-0.02653389271268325,-0.020505214647169256,-0.009125810017683977,-0.03161263454736607,-0.021763355714309762,-0.010518102889622738
2020-02-24,-0.08519047447879224,-0.049981578963640194,-0.03698612257374301,-0.06289958636425763,-0.054084224322425434,-0.04280909327452842,-0.058002936857562304,-0.05859375,-0.06472491909385114,-0.02636372444635593,-0.0522700897470465,-0.027463353721942196,-0.026812440390096004,-0.012266140989368068,-0.029395379916142828,-0.018867924528301883,-0.03384051859733184,-0.07842611733730165,-0.04750038834053538,-0.041355521882140533,-0.045009003306989315,-0.0227576287441974,-0.0431155001537713,-0.04277125575988905,-0.033513626544828146
2020-02-25,-0.09155205927103904,-0.04298082960844862,-0.06665604083974108,-0.0615895445325465,-0.04613564486846833,-0.08223989868342452,-0.03585346843335935,-0.032157676348547715,-0.02422145328719716,-0.03086306322277299,-0.03321258051529796,-0.027376590372420684,-0.008635528513863844,-0.013033382195170584,-0.021344045073207085,-0.04730769230769227,-0.018570780005388254,-0.05183769586184073,-0.0338721720805466,-0.018190529137441236,-0.019679139997612838,-0.032233737797146556,-0.016501796573829886,-0.023311936488443097,-0.030279995672499505
2020-02-26,-0.03503468706597368,-0.022556971986906205,-0.02448566528675966,-0.025545274622622793,-0.03803228449639173,-0.015304027386226271,-0.014551333872271588,0.012861736334405016,-0.004728132387706974,-0.008409549154866358,-0.016447991181511412,-0.021719858637408107,-0.006705848878223897,-0.004111062817156896,0.02328325965222522,-0.013322527250706484,0.009580886227544827,-0.001480750893309346,0.0158636635322269,0.003472315680081106,0.002185256854494888,-0.013831112152862923,0.01249473976638793,0.0034067508134472124,-0.0037785404903645237
2020-02-27,-0.07664720200121922,-0.09514260609804759,-0.07686944530014717,-0.028231518451300674,-0.05156854318865489,-0.04642128644493715,-0.04922067268252661,-0.04973544973544963,-0.06888361045130642,-0.04676057580295012,-0.03873839802123635,-0.037834119570324454,-0.031737181390313784,-0.023267450005818313,-0.017857228748351828,-0.078559775836343,-0.03250303523117282,-0.03452472243346005,-0.0653682027095357,-0.048136189128370255,-0.03777889002706225,-0.04751340966010731,-0.07045898302237741,-0.053898336962553084,-0.04416324263826643
2020-02-28,-0.07524276699029131,0.034972401918091034,-0.0472054389578066,-0.04274741736350729,-0.05391939284096048,-0.009436028105596628,-0.026747195858498718,-0.028953229398663627,-0.017857142857142794,-0.023919480539457583,-0.00836822285840122,-0.03814464237945281,-0.0333524954482638,-0.019467263845613147,-0.019941350143187653,-0.017317984014209475,-0.02182442427230058,0.004095813674352744,-0.0005849810142577461,-0.00029191157761310205,0.014334656126482104,-0.02223729981040279,0.02421293570293681,0.01611421871638763,-0.00823834042273175
2020-03-02,-0.00997364881751428,0.013944223827722757,-0.008521601437209814,0.02232818074293985,-0.043582377566205865,0.016453821529634594,0.007978723404255206,-0.01490825688073405,-0.02467532467532474,0.04333315150006167,0.03220077797470089,0.034516525557724664,0.04119577754895243,0.06282660822431052,0.04368650770116744,0.04338007426028345,0.032840361816002916,0.07118754903391578,0.09310072245248602,0.037266065560716655,0.020626596245510553,0.03188635567666642,0.06653909223316745,0.037167860523833474,0.04603922874232036
2020-03-03,-0.053552542229451605,-0.04002037604702491,-0.05316810020324003,-0.020780322307039745,-0.04106154436963183,-0.037060744684542124,-0.038698328935795945,-0.052386495925494714,-0.05193075898801591,-0.02883471605082011,-0.04475038726333902,-0.04093703459238229,-0.03163839361124421,-0.027528645906526483,-0.016628497229687622,-0.003031615417929845,0.009465994915873965,-0.042876466050847606,-0.03175927220319641,-0.023009781277657737,-0.053705980923376306,-0.04020855457464145,-0.04791943014894395,-0.03435290978777328,-0.02810789603432695
2020-03-04,0.038095294117646894,0.032972077850409676,0.048976146273509436,0.050238198354265906,-0.007832898172323688,0.038044703340957664,0.025617566331198605,0.007371007371007154,0.011235955056179803,0.02610240467343483,0.018918918066715307,0.02146565559994218,0.05819013373228499,0.0485277915529303,0.061224579044448335,0.004778410078192907,0.04929067083433525,0.10719211799216799,0.04638456943496272,0.03501326164628038,0.03157779348850287,0.04127236033851167,0.0367151430525543,0.03364420824319314,0.04220259077712596
2020-03-05,-0.1343766792025537,-0.09377751022730785,-0.12537734202812112,-0.07195880412371125,-0.11473684210526314,-0.035797997016833616,-0.05619982158786807,-0.05487804878048774,-0.043055555555555625,-0.047667010451590164,-0.05857652260934898,-0.06038647051273094,-0.010245337614868566,-0.01675303101418546,-0.02582425682284295,-0.029398963657542798,-0.01260309378100577,-0.022320578086630016,-0.03243700951144901,-0.02621679403265409,-0.034365859260686804,-0.03479360725082992,-0.025095273671733698,-0.04866859477441943,-0.033922077118805904
2020-03-06,-0.0043641518476214,-0.014089052631579002,0.040266913029611384,0.019551233928070788,0.04756248513674177,0.010607734806629798,-0.021739130434782594,-0.020645161290322567,-0.021770682148040565,-0.02988071436774986,-0.017609767551068356,-0.046529612003618825,0.0001408633244441848,0.0075998404609012304,-0.012408319582862926,-0.06636979659822739,-0.02459969830587161,0.0032160165003680685,-0.013280116894164307,-0.011922923579276379,-0.022033817811025647,-0.014048629547310787,-0.02826725739418401,-0.01564016587065864,-0.01705385193032183
2020-03-09,-0.07639323731997494,-0.027595268929118455,-0.044680381435089234,-0.0516452179482505,-0.04370039479566412,-0.04614041110868128,-0.13719806763285025,-0.12779973649538867,-0.10682492581602387,-0.1039149980633135,-0.10372848948374769,-0.1242922620652469,-0.03935786129238805,-0.03941603550180184,-0.03597949743004003,-0.1283396530696399,-0.05829162641664576,-0.036742146699935696,-0.07909209424627195,-0.05285388003568048,-0.06400130463308429,-0.0776638594457717,-0.06777255385029479,-0.06380879139139495,-0.07596969728248681
2020-03-10,0.15254237288135597,0.07263511701629866,0.08312109477011087,0.04480700827205886,0.03620172106824926,0.04447505833276155,0.0806270996640539,0.051359516616314105,0.02657807308970095,0.0667785899748694,0.05333333333333323,0.08004932266009868,0.03811196807223727,0.03875377455361928,0.024585368755057457,0.05966070060207995,0.033602777483437096,0.02399063031019133,0.07202157694609124,0.050655034549305755,0.051268448377581155,0.05907816923993159,0.0683840349350695,0.053333404236178605,0.04939630595567479
2020-03-11,-0.043529411764705817,-0.0553543228346457,-0.02308674696636903,-0.061579127741827056,-0.09851083038435449,-0.06738364645777783,-0.060103626943005195,-0.06465517241379315,-0.05016181229773453,-0.06758886137492193,-0.06658230379746832,-0.07839224182484372,-0.06947187284292478,-0.03377221532939101,-0.06996247470367167,-0.047004129803505657,-0.0425324370569542,-0.007928575000000104,-0.034730511456234736,-0.03750883436345798,-0.04461528094039757,-0.05450024976757839,-0.04530197048598017,-0.05075014662622146,-0.048868444911533415
2020-03-12,-0.17281672816728177,-0.14520294952735724,-0.2323850933832583,-0.2099835814381804,-0.22109275730622624,-0.15109441510499333,-0.14994487320837935,-0.15053763440860213,-0.14821124361158433,-0.12339290315546514,-0.1508001125793358,-0.158676173295628,-0.04848254062634583,-0.06056786119873825,-0.06683239458081414,-0.12086731052209698,-0.08960934846103397,-0.09853119410515943,-0.09875466285458134,-0.07922080840279433,-0.09263394934698221,-0.12850727194619593,-0.09483829021550838,-0.08268814407368963,-0.09511268088633595
2020-03-13,0.06394052044609677,0.10492437528256326,0.08181296568911245,0.13794132714154017,0.15252854812398042,0.14444133629054612,0.05836575875486383,0.07956600361663635,0.08000000000000007,0.17580306763088305,0.19770045345577936,0.13566168618890861,0.07080766060736288,0.030893258464469886,0.08960689540306466,0.15906289513334726,0.13011775098149192,0.08637835811064476,0.11980826040056836,0.06464831771832724,0.10234995725804397,0.04999512790575089,0.14216887878856443,0.09401650608877743,0.09287124973282035
2020-03-16,0.11250873515024451,-0.22319302309051303,-0.14281954827879983,-0.0664754935746742,-0.06864826610049546,-0.09108524929954565,-0.1825980392156863,-0.082077051926298,-0.21851851851851867,-0.1270530803979577,-0.15600000000000003,-0.14211716225694926,-0.053317420308451435,-0.08899025407166117,-0.07734634904758031,-0.2042552768220891,-0.07344910852231035,-0.17276876358285953,-0.12864694751232164,-0.05369746554621846,-0.14252997499723974,-0.08216762618344498,-0.147390314834851,-0.11100819543682938,-0.11984055248695646
2020-03-17,-0.021356783919597944,0.17620998101147411,0.0,-0.11365542826988473,-0.07370820668693012,0.019456289978677876,0.0854572713643178,0.05656934306569328,0.007109004739336511,0.025927802251964227,0.06761456556082135,0.11811316981132092,0.07441201308295486,0.06521746468013334,0.06560636182902568,-0.016711229946524075,0.05222284413497569,0.08522933077055317,0.04397007410197529,0.07026607483859593,0.023354586102136254,0.07640290519977988,0.0823365024713707,0.03271153102773816,0.059954849490479356
2020-03-18,-0.2522464698331194,-0.28329954876170726,-0.22748233100160853,-0.25992438563327036,-0.26497128794093505,-0.08104569934640526,-0.05386740331491724,-0.039723661485319584,-0.0894117647058823,-0.1175395111557258,-0.08996747292194507,-0.05096179719749583,-0.011933443500503627,-0.03826538513968636,0.006218936567164102,-0.11760707002039428,-0.04021384473876688,-0.11121121484230934,-0.02447994937910314,0.012257740959799035,-0.016463599470801782,-0.029067031803712506,-0.042096013545254274,-0.020539381133747425,-0.051830762440945644
2020-03-19,-0.11673819742489278,-0.022911011707992368,-0.037803383915773425,-0.08429118773946342,-0.036830357142857095,-0.1220483856586978,0.0948905109489051,0.05395683453237421,0.015503875968992276,0.06763320046755594,0.0055284552845529245,0.006045518988424092,-0.05860998510469839,-0.012564484680908317,-0.05995058529200892,0.08859784283513106,0.032882578437618104,0.012623260965845873,-0.0076620586208293595,0.02783063060109292,0.04198419778246221,-0.030999583843565937,0.016453084748707214,0.01685812287924149,0.004707808072488717
2020-03-20,0.008746355685131268,-0.05075862068965531,-0.025641066997518558,-0.007438400743840057,0.002317497103128563,0.03499675842525085,-0.06666666666666665,-0.017064846416382395,0.020356234096692072,-0.07411867435551966,-0.04042690815006467,-0.06327327453965093,-0.056355795599627,0.008907082896631557,-0.04635108481262329,-0.03326256192498234,-0.07342749490558409,-0.06010012201865156,-0.0634855625459596,-0.018522798296464416,-0.022203414673695132,-0.049332242349302,-0.037558690610953294,-0.038528177870689184,-0.043359512424085644
2020-03-23,-0.012524084778420153,0.04199359197907593,0.019949151950303445,0.04074936768149873,0.01387283236994219,0.05604254677387144,-0.03857142857142848,0.01388888888888884,-0.04239401496259354,-0.024853716498700384,-0.06268961914391646,-0.047169811320754707,-0.07298356887966939,-0.06950671146991716,-0.01792485349879358,-0.02855051244509521,-0.022998115821557197,-0.0567791046377677,-0.021244145502632317,0.03073522474256274,-0.010886195442094238,-0.006499654119925036,-0.0099745900265924,-0.014641106936940318,-0.029293868023585024
2020-03-24,0.358048780487805,0.2924278523557087,0.20307943391263295,0.21017102656035203,0.16419612314709253,0.11651348947524465,0.16344725111441294,0.12671232876712324,0.15104166666666674,0.1380307095055886,0.19453441907710967,0.14534653465346548,0.07234120093882668,0.039909652412359886,0.04247107757107771,0.12358703843255459,0.05416903313494226,0.12798933527666345,0.10032539288363695,0.01958662668857003,0.08696819364072139,0.11301051323236821,0.09089572263261436,0.07366883682718872,0.09382773987446069
2020-03-25,0.1056034482758621,-0.0015105632283125559,0.03216879972327913,0.15656382136719316,0.24583741429970618,0.04620292087095068,0.054916985951468655,0.045592705167173175,0.11085972850678738,0.009960930600484419,0.023178837351630177,0.0017288727524205072,0.0018459640879342487,-0.012020303605200566,0.0016834679567856448,0.057679409792085856,0.003228490892035918,0.0668334931733372,-0.0055087491006360345,-0.027967636034855525,-0.02963094246815612,0.003507726483473972,-0.009572590254081081,-0.028180783896347705,0.011535011665884554
2020-03-26,0.01754385964912286,0.050464641771508,0.08880703753351193,0.019292636655948492,-0.009433962264151052,0.04644664738849502,0.07627118644067798,0.015988372093023395,0.05295315682281054,0.06871648073498093,0.050603027325506034,0.06662067886160439,0.06005023349999594,0.07783638115162161,0.0672268907563025,-0.020925808497146536,0.0399570383492347,0.08912957292145562,0.05262300337857595,0.03693315724331203,0.0456436123199202,0.06650922185185126,0.06255106946026512,0.053751063989252224,0.062414162984360866
2020-03-27,-0.10344827586206906,-0.06480809654159136,-0.08064022279838579,-0.06782340480052351,-0.12142857142857133,-0.11763276740237683,-0.06299212598425197,-0.07439198855507878,-0.06769825918762085,-0.044936349083505855,-0.047605742022003406,-0.020064692556634345,-0.026941581733428088,-0.02447975009492398,-0.026771653543307128,-0.06023316062176165,0.004899484396583054,-0.05066761443544232,-0.04140225907131623,-0.028325388666397666,-0.04010042341374864,-0.043050757755786706,-0.04106081582819299,-0.04393375425005375,-0.03368735231733755
2020-03-30,-0.1274928774928774,-0.06511941194062643,-0.051556777651262875,-0.02978000100778333,-0.042457091237579125,-0.035184248620553915,0.006002400960384291,0.0061823802163833985,-0.03526970954356845,0.008083864041527278,0.02440464712758872,-0.011889068299568262,0.07997718967271217,0.07277281167825955,0.0572814886731392,0.0509993108201241,0.04901205930171759,0.036419889087480506,0.028537950616970287,0.03360348182015871,0.05842212136587044,0.04535778066609075,0.07034067609233152,0.032510724012494885,0.03351600922771647
2020-03-31,-0.004897959183673528,-0.03753376956191945,0.004941722555594996,-0.004883118242064999,-0.015094339622641506,0.014530000827920109,-0.03460620525059677,-0.013824884792626668,-0.02580645161290329,-0.03151233653402863,-0.024110218140068973,-0.04077536764705891,-0.014134200967378385,-0.00012988954372528116,-0.0009182430926379936,0.016393442622950838,-0.007583194530743742,-0.007561262366926336,-0.0020407519648483197,-0.007245591972827259,0.005122060954300567,-0.01771008589391654,-0.0157273236154859,0.013943002173769203,-0.01601272174414059
2020-04-01,-0.12305168170631664,-0.12848412731720804,-0.07446431592779468,-0.16333683269061228,-0.05747126436781602,-0.10025273517964806,-0.05191594561186652,-0.07165109034267914,-0.10596026490066235,-0.060159151566314795,-0.06999997058823537,-0.07421606013184456,-0.017692419061526077,-0.04081100751726008,-0.027267127060880192,-0.11290322580645162,0.005669189055952595,-0.04835992364343733,-0.052617045188314115,-0.021551823146401916,-0.0431654488639307,-0.052195086991796646,-0.03550824774232608,-0.04918263611271345,-0.044142430372115515
2020-04-02,-0.05893358278765193,-0.02510872457415181,-0.0641366223908919,-0.04985341223906936,-0.029471544715447107,-0.016853963269227057,0.028683181225554133,0.010067114093959662,-0.00987654320987652,0.03193612928317768,0.07210629120473477,0.024463643206624086,0.0336930057246021,0.041598914298146994,0.035275559055118144,-0.012363636363636354,0.020833407373367807,0.013146784543959678,0.016686679395846227,0.005834253439156223,-0.008834611196693931,0.04622409212691725,0.020708658071733277,0.013766005561431705,0.022829347095729702
2020-04-03,-0.06660039761431413,-0.0021583021582733952,0.001216585563665884,-0.008818342151675429,-0.0010471204188483574,-0.030476158730158742,-0.019011406844106404,-0.019933554817275656,-0.029925187032418865,-0.02000933862512755,-0.0014750441607643827,-0.03637028054262603,0.007660563619702465,-0.008065603952168376,0.02342561677595434,-0.01988217967599404,-0.012725161453773781,-0.04554149438078947,-0.014371404544038069,-0.006378882069110303,-0.025349320116956564,-0.03327276363636367,-0.009210312031763257,-0.020484602348663894,-0.01513712512700871
2020-04-06,0.011714589989350266,0.0794521003446893,0.08019436694231019,-0.007117437722419906,0.022012578616352307,0.00523903060775921,0.07364341085271331,0.08135593220338966,0.08740359897172234,0.07690739493875842,0.09335303358068159,0.09149824628288217,0.04166353941512324,0.05324587540983594,0.0276456904769824,0.09842223891810664,0.012889178329017037,0.08213861427211189,0.08723746179135161,0.04772919275921539,0.07374504161509465,0.07974425727832446,0.07436782065438696,0.0811017949088162,0.07033131894499789
2020-04-07,0.07578947368421063,0.0904354249207131,0.08848897637795261,-0.0031362007168458383,0.08923076923076922,0.06742667532812141,0.00962695547533099,0.04075235109717856,0.07092198581560272,0.04923218224691106,-0.0018913537904001743,0.004890010649319265,-0.016313674023814895,-0.021790562116562384,-0.027769713624530068,0.015731874145006763,-0.03913570040164693,-0.0012080333608445182,-0.01158230654931991,0.007013456334111323,0.01981273899463476,0.0010451315101900338,-0.01077024842330132,-0.00034546050685790863,-0.001603052960193252
2020-04-08,0.10861056751467713,-0.02952341159586236,0.003789114578397701,0.044044943820224836,0.0555555555555558,0.04668901434238615,0.009535160905840279,-0.015060240963855387,0.008830022075055233,0.06589569170230836,0.06578235153715073,0.05248526242613827,0.04204247285546914,0.03895118480018289,0.029455429055179172,0.05589225589225588,0.008245827086456714,0.0797854965267637,0.02559463518003713,0.01560947721944106,0.03228097456280299,0.03784582324959418,0.010031194261692189,0.02003355959887787,0.03405645274589775
2020-04-09,0.10414827890556033,0.051880850140357815,0.08476328362262464,0.04993538527765806,0.05441570026761822,0.06326536627595836,0.04722550177095619,0.022935779816513735,0.06783369803063444,0.041252190954083945,0.0434341641715561,0.09643328611514912,-0.014170034000070997,0.010659090517308734,0.022832400163722566,0.1485969387755104,-0.014869839646584393,-0.013814666690029842,0.007216085775439973,-0.00011746940773371684,0.005221499915202488,0.018526271954679485,6.0522011126717956e-05,0.0009666539742596569,0.014487410195618944
2020-04-13,-0.075939248601119,-0.08940363399967266,-0.06643470210583036,-0.04674042832064074,-0.0346869712351946,-0.06059783217444936,-0.02480270574971799,-0.025411061285500858,-0.032786885245901676,-0.02756975001546058,-0.036514117014892045,-0.053313281526708445,-0.010337690585221049,-0.023639193202550368,-0.007064142612719482,-0.00943920044419777,-0.00905662893081749,-0.0023473099922894924,0.01962762848248456,0.061735155565337374,-0.0022832866912119165,-0.0028806419753086843,0.0022404989841378065,0.005043632215227856,-0.010104660627883844
2020-04-14,0.03373702422145319,0.04217191785076091,0.052185665875974285,0.055483913978494614,0.005258545135845782,0.015178080278930306,0.009248554913294793,0.05061349693251538,-0.0063559322033897026,-0.0053019144832759935,0.007074254316611572,-0.039770919503658964,0.04478782872468123,0.028557176203660495,0.036994878685113086,0.029148038116592057,0.035795888189791514,0.02652646857703811,0.05050315827996332,0.05276938904866668,0.01933752008331502,0.022781691741119436,0.049483428478141134,0.042437266743488244,0.03057258922339079
2020-04-15,0.028451882845188292,-0.01719778661614091,-0.031239904387758588,-0.007742501721984429,0.019180470793373816,-0.05635419943514075,-0.07331042382588782,-0.09051094890510936,-0.07675906183368875,0.0016271559586411577,-0.03662817268870611,-0.05765404241219352,0.01116212429748753,-0.009294978720182479,-0.012897859849008153,-0.044662306935604246,-0.017401936701027743,0.041330842883549046,-0.009127316180204681,0.01066861555740517,-0.006735123833811807,-0.042127365277140894,-0.010477789472846055,-0.005326071008817546,-0.022030438817243536
2020-04-16,-0.09926769731489005,-0.06652081746627858,-0.06050531914893609,-0.0644763449691993,-0.0795551753635586,-0.06520414381474715,-0.03213844252163167,-0.0016051364365972098,-0.006928406466512715,-0.008290449063624195,-0.0010416926540786076,-0.05450077164202627,0.013612311699517488,0.011331789935421055,-0.0025020850013321994,-0.035347831508105276,0.042404614617111314,0.05946464220481573,0.007945758406518344,0.0435545708077858,-0.00406849181178448,-0.024938907659636023,0.03002087415578103,0.0007920980482474249,0.0058166896763673925
2020-04-17,0.04516711833785014,0.033631907637550196,0.059094125973106815,0.06540820608392428,0.06970260223048319,0.016623239895697584,0.0523627075351214,0.05144694533762073,0.058139534883721034,0.036432513867078464,0.019030213268242724,0.0554109354931549,0.015701249625192037,0.005542156626505923,0.028706771775173445,0.02895981087470445,0.02010050203157454,-0.026371327227823316,-0.01356871863589637,-0.013782110968463712,0.016964567375886475,0.037933119210236343,0.008811641785367641,0.015655321815321477,0.026793594930297315
2020-04-20,-0.04407951598962834,-0.040005335111490514,-0.023387905111927787,-0.025958014009064723,0.0026064291920069316,-0.004168066554406269,-0.013349514563106735,-0.032110091743119296,-0.02417582417582409,-0.016840214266711673,-0.01867482732156578,-0.02466522285642092,-0.0023023680488786225,-0.00431345559925056,-0.022487076672988215,-0.009764503159104043,0.013605394942402205,-0.028978465920831975,-0.02075670526548945,0.007835834526315866,-0.005579111649768098,0.0024142606789645527,-0.019820872794371613,-0.012967087473212513,-0.017881048210862893
2020-04-21,-0.005424954792043413,0.010140339217678429,-0.03215870680807387,-0.02284259825899304,-0.009532062391681029,-0.030585899246165504,-0.045510455104551206,-0.03949447077409163,-0.04054054054054068,-0.03652991252316773,-0.03675703762364335,-0.030346820809248554,-0.013120623895570893,-0.05463297363737607,-0.012749528118097153,-0.058004640371229654,0.0032399676750742845,-0.028177545110005142,-0.03091032480151157,-0.02736034152282263,-0.04174148222224294,-0.03031311252178015,-0.04135719800476634,-0.03968863311937343,-0.030674795512610764
2020-04-22,-0.0663636363636364,-0.0225522411640231,-0.026864615522636526,-0.027272770562770554,-0.0017497812773402677,-0.01328468903073099,0.01675257731958757,0.00164473684210531,0.0023474178403755097,0.012484885938494727,0.023274694904608983,-0.0014903502235469324,0.022113924069999236,0.018075420521268315,0.0176867214398293,0.007389224137931194,0.029757809908088184,0.010321262552819288,0.028803562675463912,0.015192460535746521,0.06721309015433685,0.02183963648784437,0.033964943166758355,0.03853363065437576,0.022930247700439832
2020-04-23,-0.0019474196689386325,-0.014631414895007855,0.024337085930363767,0.0004450823518060698,-0.012269938650306789,0.014473241820035065,-0.0012674271229403677,0.01477832512315258,0.02810304449648715,-0.005284651785081307,-0.008992329833580226,-0.010074552614722121,0.016471598912621843,0.011252737762462939,0.01213790344827581,-0.002445048750302603,-0.010304637327612887,0.029997828062869436,-0.003875436323783177,0.01521477186370479,0.01563531937478224,0.01709831559967001,-0.012102385613130817,0.010370483454412716,-0.0005394222033908713
2020-04-24,0.005853658536585371,-0.006567661242609213,-0.006737623874552345,-0.0031138790035587505,0.015084294587400127,-0.02687455298190289,0.025380710659898442,-0.03721682847896435,0.006833712984054774,0.011139657049877405,0.013344008184040357,0.01470030099131936,-0.004179757063203504,0.006800235168159086,0.018806269250647878,0.03676470588235303,0.019918537799909375,0.02088817254248143,0.028869577864233165,0.004488537048047858,0.026683961900179298,0.027770935768783422,0.01825927567680874,0.0023505260174401243,0.013918057158487152
2020-04-27,-0.02812803103782746,-0.00014374819937490457,-0.005712245626561918,-0.011155734047300303,0.006993006993007089,-0.0075008182748038665,0.03712871287128716,0.12436974789915967,0.024886877828054432,0.03694911299435044,0.03529101829625958,0.05534918276374445,-0.0036807955335089737,0.03131527692496605,0.025414686318494306,0.07033102836879435,-0.003772791749383164,0.009234789786422004,0.0007068311128386462,-0.014197862191724364,-0.013521370575842684,0.009621528146074976,-0.002864508687519196,-0.0026811748847508365,0.014714069723394063
2020-04-28,0.12375249500997998,0.10636770159551534,0.1339317773788149,0.09837545126353797,0.18055555555555558,0.01992442391190563,0.054892601431980825,0.02391629297458886,0.07505518763796903,0.018905972171416652,0.020859831573140974,0.01619151707145372,-0.01879573615639496,-0.03334130626311116,-0.01095752616970913,-0.03257873922812049,0.008687903958295884,-0.01911703445714885,-0.016209428278019633,-0.026060573232323248,-0.024479978666666735,0.0027795346693064715,-0.02436084416499551,-0.033083017865774944,-0.005242380389944623
2020-04-29,0.12166962699822381,0.08042098115602214,0.07663077897403436,0.12243221035332796,0.1507352941176472,0.04311209016126338,0.05995475113122173,0.11970802919708023,0.13347022587268986,0.01614889086543214,0.016446548306839004,0.039140940798720436,-0.007596234940195679,-0.0050505420054201,0.0055394091268794465,0.04965747716894975,-0.03312720921217338,-0.002462168944834753,0.03284523079238544,0.025336151310144883,0.061669661326998915,0.019165320800633268,0.044873653434705174,0.08738960350406311,0.026583916212768344
2020-04-30,-0.04908946951702309,-0.05627706559513879,-0.043529411764705817,-0.05161054172767199,-0.07987220447284349,0.009041040007782941,-0.03521878335112061,-0.03389830508474578,-0.04166666666666663,-0.0347839869219807,-0.033341528969317635,-0.03166670000000005,-0.001331283235779912,-0.017704606328015626,0.006295960291079705,-0.014681784376388562,-0.0070808133184286914,0.01675649956731795,0.021096082253664994,0.04268959993631527,0.05417377255086486,-0.024322044846964874,0.010032204645355591,0.00535233779634936,-0.009212446260729035
2020-05-01,-0.11407160699417151,-0.0592507750031559,-0.07410821033210335,-0.06908525665766119,-0.09930555555555554,-0.06464000000000003,-0.04092920353982288,-0.03508771929824561,-0.030245746691871522,-0.03445639553436253,-0.026122191224955627,-0.05025814286602903,-0.011663556929118246,-0.021048627227054473,-0.018769603264608747,-0.052980184714117806,-0.014492776294162013,-0.02721643578070765,-0.01609931992236846,-0.07597411519805986,-0.01191931472114105,-0.0293883008822603,-0.025891411298254008,-0.020798457945555127,-0.02805903417696365
2020-05-04,-0.0770676691729324,-0.05133415816513165,-0.044503518947076826,-0.0642620620123523,0.0007710100231301809,-0.05713311666096477,-0.01730103806228378,-0.013986013986014068,-0.025341130604288442,-0.006041823623653686,-0.00807296832953286,-0.00869880391446165,-0.00013479668853988436,-0.01042869860766582,-0.000531349642171941,-0.027972027972028024,0.032913165266106326,0.01064988539419054,0.014148807855569823,0.013101236412771389,0.014782176995457919,-0.0015590628975367116,0.024460037972044102,0.004687276387661088,0.004249827487006197
2020-05-05,-0.031568228105906315,-0.01541978847201908,0.006951651025373762,-0.038103721754541464,-0.03235747303543912,-0.04136426129768722,-0.03169014084507038,-0.01134751773049647,0.006000000000000005,0.012895551967821106,-0.002887897085849467,-0.03765996343692879,0.008295649604217914,0.014962281876629291,0.023657602968038427,0.005995263788968863,-0.012203412429378502,0.01912777292846224,0.015008841383424176,0.0007815487147246891,0.008818143058027417,0.007396466140696889,0.010735847925203323,0.01832223025490709,0.009040556326081806
2020-05-06,-0.02733964248159826,-0.03871806900693242,-0.03935101965312471,-0.032703778567654496,-0.06926751592356695,-0.05639666919000763,-0.014545454545454417,-0.024390243902439046,-0.01988071570576555,-0.007739792354350183,-0.017904186413902012,-0.026975645896656575,-0.0094983143812708,-0.011408780633027082,0.0,0.020262215717388843,0.014870785057670588,-0.014571457373931396,0.01031727396581883,0.014436086069821386,0.006760969491829805,0.004813150516998821,0.009847300560060335,-0.0028198562976352592,-0.006979410206169656
2020-05-07,0.03135135135135125,-0.0009050837093819153,0.015091627739849178,0.0323809523809524,0.009409751924722043,0.020858443642198132,0.02091020910209096,0.027941176470588358,0.03853955375253548,0.0305223211680119,0.040482628431169676,-0.014837992392112809,-0.003309062624134662,-0.01970960763577767,-0.04024926202281287,-0.07301407283796302,-0.014202005991839406,-0.013055335192744044,0.010344902234043163,0.006953759656721292,0.013383191761964897,-0.015750548278810617,0.0058070178626554725,0.01874861506814951,0.011504630601302246
2020-05-08,0.0628930817610065,0.13860789044506006,0.06194690265486735,0.047970433579335836,0.09406779661016951,0.06876227627653142,0.013253012048192625,0.02002861230329045,0.029296875,0.01683848114376163,0.03272354978810754,0.007927070947284953,0.007520841724258709,0.010582063772012207,0.007034686337518581,0.059231190926276156,0.007088977818431319,0.007017543859649145,0.0210377696987627,0.00506840208382342,0.005159571266675433,0.014517817012674739,0.0058822819428447914,0.011518575013408583,0.016871538841735756
2020-05-11,-0.0039447731755425375,-0.021349965715424135,-0.054666633333333325,-0.03124995736135372,-0.05344694035631292,-0.040808858793791924,-0.027348394768133222,-0.028050490883590462,-0.03984819734345346,-0.012028669356646371,-0.0062375246388460814,-0.025560322453794804,0.0027572562762057107,0.01976442356637631,0.02364312134220503,0.004164188231064125,0.012261602809682026,0.005888508710801377,0.015735349489113037,0.012350717839676673,0.003908580063802791,-0.0032523132490822615,0.011154494683135452,0.010724817630475947,0.00013307802357820364
2020-05-12,-0.04455445544554448,-0.008130162271131725,-0.05324403902524544,-0.044525170377101464,-0.05073649754500831,-0.03257953238788813,-0.022004889975550057,-0.0028860028860028253,-0.03162055335968361,-0.03248524170156708,-0.03540055056989455,-0.029862791369540287,-0.013211736213455061,-0.009241457618202609,-0.019422494457873807,0.016587737949510517,-0.0013459398229725972,-0.0034292493440766236,-0.01142822103607577,-0.021606496056454927,-0.014447823910004431,-0.019006395921572605,-0.022651868302134837,-0.01961149024691433,-0.020500317457065598
2020-05-13,-0.05595854922279797,0.06079242052427958,-0.0495344506517692,-0.0770328541591605,-0.008620689655172376,-0.04912836767036444,-0.03374999999999995,-0.04486251808972508,-0.038775510204081765,-0.030528772565309947,-0.03722009563873485,-0.06281197742046685,-6.792170767910832e-05,0.009068493093185692,-0.008297697850704,-0.04603723776223789,0.007637039532794043,-0.03371571635527082,-0.01207415289073377,0.004654307994679918,-0.02379819065783373,-0.03766837622370911,-0.015122432061871471,-0.019196966136021065,-0.017462724540040497
2020-05-14,0.004390779363337094,-0.041983295763469486,0.02429463166144208,-0.001545646573930859,-0.002608695652173809,0.032500041666666535,0.0064683053040104355,0.00909090909090926,0.010615711252653925,0.01542487749549104,0.022168125322080456,0.06790936227654853,0.003466281401947713,0.02773146781013569,0.023481755019750583,-0.025656748585415445,0.004904168414976207,0.04535965827338129,0.00614339687679899,0.008839055664653372,0.008337357142739421,0.010541726158945997,0.004339354659248951,0.005039574619804865,0.01152482269503552
2020-05-15,-0.012021857923497414,0.015055827598545735,-0.019510329744082955,-0.00980381887532622,-0.027027027027027084,-0.03672316235984008,-0.015424164524421635,-0.033033033033032955,-0.010504201680672232,-0.014789349638108629,-0.013752975039593496,-0.029093849920775128,0.018965070570069686,-0.0033729417848991083,-0.004219409505243021,-0.013166144200626895,0.011756853959323132,0.0012043839443438564,-0.005912049986120049,0.008761508734902668,0.019679933462404486,0.0002565711908484314,0.014568243585931562,0.012579867665416078,0.0039263631901840235
2020-05-18,0.0918141592920354,0.13296253124188762,0.13343738327886778,0.13913495887780325,0.19265232974910407,0.1348973131588893,0.1057441253263709,0.10714285714285698,0.09766454352441611,0.05824175418170019,0.08018229873471983,0.08775680275013675,0.0005317867517711239,-0.0007520431280025885,0.008209799163654496,0.10292255400254136,-0.010524007662266799,0.008248536136365114,0.023561145846703546,0.006838790595687261,0.010954082631020379,0.03915194804705213,0.009554487670790923,0.007828487290091557,0.03150119165539622
2020-05-19,-0.023302938196555045,-0.030976048007853363,-0.013425095126509246,-0.004574610952670977,-0.06611570247933884,0.022148431155407877,-0.018890200708382543,-0.009817671809256745,-0.030947775628626717,-0.022267444956360127,-0.023584831767249903,-0.057457654466745334,-0.009965452831106725,-0.027220245519063546,-0.010244286840031536,0.03283404188743999,-0.014624418022946561,-0.014691836720676199,-0.005778435503643209,0.009508489570332568,0.0173085180608048,-0.010447491122860919,-0.00692228095998515,-0.007554486788238446,-0.010484399295383806
2020-05-20,0.02385892116182564,0.044511386139652886,0.05582693649685977,0.04411760110294116,0.05470635559131143,0.05272657808860326,0.028880866425992746,0.06373937677053831,0.031936127744510934,0.02030028656244398,0.04398675087786663,0.023799539716094387,-0.00899215517401275,-0.008510689548264727,-0.0013269373673036045,0.021193474623536046,0.01034402945032542,-0.0036671788410522765,0.019448156379988202,0.0198461871009612,0.060355937376523006,0.009061401537439506,0.011054832787266822,0.024197560485162528,0.016651100256048545
2020-05-21,0.0020263424518744966,0.03522350318621115,0.05221414408460001,0.01936624204957038,0.02440884820747513,0.01543739279588352,-0.010526315789473717,-0.019973368841544548,-0.021276595744680882,-0.007385339424764714,-0.01850954655359116,-0.00244702283849918,-0.0065681611997367995,-0.004421849452748705,-0.009832659850314562,-0.007099891157831384,-0.01357667482750946,-0.0037500817302711376,-0.007455451901558607,-0.020496870304857362,0.0061747097178992405,-0.018619163419488327,-0.012011262264111533,-0.0027865688131331057,-0.007773596188000886
2020-05-22,-0.01921132457027308,-0.023873259971812444,-0.025753768844221092,-0.020293566493955195,-0.0037230081906179935,-0.024662128378378445,-0.023640661938534424,-0.005434782608695676,-0.005928853754940566,-0.0009439921950918917,-0.00421831275975959,-0.011856051179723992,-0.01594991403687962,-0.0023514042187562367,0.006441277855141037,-0.02310231023102305,0.00857402978339361,0.010560795921218391,0.006438402867264603,-0.004029895714419585,0.0152124336194841,-0.0061283074346463184,0.0004361445949572218,0.0054319894025038895,0.0023537111885199025
2020-05-26,0.14845360824742282,0.15760001142857138,0.12927140554480965,0.1304538946472502,0.13228699551569512,0.12642877982581302,0.06174334140435822,0.12158469945355188,0.08151093439363821,0.08964600471028761,0.08871163496856127,0.08647083160943314,0.0013160837194738928,0.011653777203596505,-0.00026661333333344306,0.021959459459459207,-0.012751677567076625,0.01707254247725376,-0.006773507766389297,-0.006163527428979965,-0.011536362665933941,0.0284652675772048,-0.010571565870294952,0.004679440020777248,0.012289184253555296
2020-05-27,0.07540394973070019,0.08164672641280735,0.0202684276411198,0.0261208576998051,0.08514858085808563,0.03505535055350539,0.05815279361459513,0.05724725943970754,0.07169117647058809,0.06936655176340456,0.07255669655657337,0.06435647372429543,0.0022827961024181054,0.0037535722559263185,-0.002133955607684479,0.020385674931129527,-0.023566756773923392,0.030112833762784508,0.004356934763731779,-0.004736117485418356,-0.013178286130641093,0.031044669332380703,0.0013217546442017003,0.0005786410837018696,0.01482729711958286
2020-05-28,-0.08347245409015025,-0.03304122002630916,-0.03581429570149419,-0.025075987841945313,-0.09671538341147301,-0.03297685680332729,0.003232758620689724,-0.019585253456221197,0.012006861063464935,-0.04025566554887594,-0.05249677651522022,-0.026118138600424334,0.01435573203365137,0.01921338416969509,0.020582731889869033,0.003239740820734305,0.01995825017405428,0.00065843239043617,0.00044014965591276933,-0.0038540632065288127,-0.016060015781007353,-0.00804526041066389,-0.002255123505364165,-0.0007828711466861815,-0.0021079147620906014
2020-05-29,-0.04371584699453557,0.0057579855435532235,-0.007835171440370714,-0.01753706157443491,-0.028282828282828243,-0.013824915939321558,-0.02685284640171859,-0.012925969447708519,-0.04067796610169494,-0.023506589685386214,-0.004504526824120392,-0.02755327066690927,0.012111308347885208,0.02125506045982961,0.00026189104243057315,-0.0053821313240042246,-0.013651945081867067,0.002895038974586095,-0.0009740644147683275,0.017187962731906037,-0.0016411380666726538,0.0029711957196754124,0.010198489863235682,0.008604366514499695,0.004812336114520699
2020-06-01,0.05809523809523798,0.022618450794412492,0.056156831124797524,0.03808016811107384,0.038808038808038736,0.047352059025050464,0.020971302428256067,0.0345238095238094,0.05830388692579502,0.017507190760161162,0.01131221693863771,0.023422781391113645,-0.010487381512605087,-0.01437070101126492,-0.07148468372570516,0.03679653679653683,0.0018454902812221619,0.0035426832171361333,0.012297930272404445,0.011738565666376433,0.03029902759427827,-8.008806917392253e-05,-0.002291939972714818,0.0020294361550716733,0.0037512345256156543
2020-06-02,0.00990099009900991,0.03386566661036783,0.0024923843120359113,0.009170806266717513,0.05937291527685118,0.0255800424027377,0.036756756756756825,0.024165707710011697,-0.006677796327211993,0.021057400827298567,0.019686822825798256,0.011443337024732436,0.007201562508301285,0.01608846194289759,0.01974058149296609,-0.012004175365344483,0.008519433571264168,0.0012421305811620709,0.004629448385783386,0.0005543710253090861,0.0034927212540603048,0.008887829360940236,0.011376699541905566,0.005168265060612631,0.00821083281710644
2020-06-03,0.05614973262032086,0.07998226222845517,0.08563530150178722,0.07800071942446052,0.06738041561712849,0.056264443155452426,0.060479666319082304,0.035955056179775235,0.053781512605041826,0.03149803091749792,0.029179419518235106,0.05218978102189786,0.0026981045531195846,0.015091564329122287,0.0,0.008980454305335561,0.0031963471049394343,-0.0031340537568741444,0.005505041201274707,0.002422733370760044,-0.011000330822446225,0.02420637301587303,0.0024336000771489896,-0.001973267504081888,0.013648979191211774
2020-06-04,0.4109703797468356,0.03435798012960767,0.07684481111564412,0.1373376233697794,0.14808246913967738,0.05079632349238472,0.003933136676499638,0.029284164859002093,-0.006379585326953596,0.020183311291811945,0.037944979748454566,0.04821363163371495,-0.012916233282861733,-0.006214903880450873,-0.004148285398229867,0.014136178010470957,-0.014565316671946271,-0.023808805820033307,-0.008612167920917568,-0.007181974138086522,-0.016814437490190404,-0.0012398604903559596,-0.013163589700239675,-0.016847875155432845,-0.003368702061200768
2020-06-05,0.11184217176089528,-0.01382706655521504,0.009451819470699618,0.05497217248387343,-0.005138643635079321,-0.002351711523386535,0.025465230166503483,0.021074815595363505,0.05939004815409299,0.014430643790082298,0.01725200281889494,0.04798150390408673,0.0038847339708234507,0.008706302561386714,-0.000555290228008487,-0.006711460675711933,-0.008083094874898222,0.04619571792989907,0.028480987131273672,0.009103430507950927,0.0197976540659488,0.024594607995923834,0.023398201655348894,0.0185599286194138,0.026211650820524124
2020-06-08,0.09252280796126966,0.07775988844093296,0.1760299818345039,0.0822599824355974,0.09504131740489052,0.06312205343111588,0.04584527220630363,0.05263157894736836,0.0181818181818183,0.013261747551961856,0.012517726883055413,0.05209977897063456,-0.003598092255300278,0.00778020890395803,0.01667124108523277,0.06600831600831625,-0.0018626774886454367,-0.0075997914202381445,0.005912494720965222,0.016536471606927172,0.00272994751952238,0.027941860183883893,0.006196602663407269,0.005714701794561572,0.012041579439382666
2020-06-09,-0.08665682356754434,-0.028261674766355216,-0.0824045349361252,-0.07573716322052582,-0.07783027934762832,-0.06356250307957623,-0.021917808219177992,-0.03725490196078418,-0.04315476190476186,-0.012272958763398067,0.004985044666598437,-0.020708253301320534,-0.005518818409243953,-0.007720144566462195,-0.010385378518721011,-0.03169180887372014,0.017261535275519657,-0.0008724957683938772,0.03157800111744735,0.030427187231997666,0.03141747704626119,-0.028581988950276305,0.007644945807788517,0.006601675018854447,-0.007799170840929293
2020-06-10,-0.08247973490456795,-0.06186043654796913,-0.10021688070355239,-0.0740415319895541,-0.08746798401370759,-0.022888688391933143,-0.016806722689075793,-0.004073319755600879,-0.031104199066873894,-0.020999550087128394,-0.03392862960600673,-0.08948825959275941,0.012606165468326047,-0.005956783224974838,-0.008008865175610835,-0.05438066191436752,0.005044737329861659,-0.011189777499783338,0.025727504304834614,0.017913244881801793,-0.008128386543163169,-0.015166452383652551,0.03709163798063808,0.006654448531582258,-0.005313091052354446
2020-06-11,-0.1551116333725029,-0.12269334044123681,-0.14199614271938266,-0.14032863907486215,-0.16143497757847525,-0.11604731060978224,-0.07502374169040826,-0.07975460122699385,-0.09470304975922961,-0.0908111588458006,-0.08461694566886313,-0.09828334225120638,-0.04688773923773204,-0.05405404380777956,-0.07293984259130526,-0.09371676817269603,-0.029431917434090127,-0.07201958789860996,-0.048010441537359005,-0.03380233494733209,-0.05195794030258849,-0.09132204093793939,-0.05369839572644586,-0.04230310810470006,-0.05894405929113278
2020-06-12,0.16411682892906798,0.056277432399014504,0.08092163529081198,0.1187499588694867,0.08288776737967907,0.09259813630227609,0.02361396303901442,0.043333333333333446,0.049645390070921946,0.03940655129535475,0.03836659187794478,0.04404620962873418,0.009086384932433633,-0.013574596343234546,0.013513543949355666,0.005875499412455909,0.005876821676614519,0.005004697934474001,0.008633510178827297,-0.005058695678309744,0.018491329721691985,0.03304806316332409,0.007891775210355334,0.006653242695898509,0.013060843982557913
2020-06-15,-0.002389426523297433,0.011062926118469374,-0.018196022401975043,0.0009858363457113661,0.024074010859628903,0.013102899724084294,0.005015045135406071,0.008519701810436597,-0.0033783783783782884,0.022450188435177987,0.02420058392827551,0.0085806224018814,-0.006331298191964652,-0.02988212202298346,-0.011555525925926013,0.043224296540637086,0.01098380437055857,0.003962844200515736,0.012367190520679694,0.010868249280019393,0.01714934799939316,-0.002132737195218226,0.0063918023225790765,0.0047197963070033655,0.00831221694256068
2020-06-16,0.01976047785865398,0.009628834202185521,0.011649430765157565,0.027577151266485522,0.021699879445449044,0.006329113924050445,0.017964071856287456,0.008447729672650395,0.037288135593220195,0.015898395772365737,0.02447255171001883,0.010989046826977988,0.022725713274336146,0.039854149142967366,0.0011990707074620577,0.08510626623145212,0.00785945482475503,0.02347352600067598,0.0265022193417237,0.01655475578996346,0.013548361290322442,0.028771064056373863,0.024505160108974744,0.01610733203266257,0.018962398081031173
2020-06-17,-0.002936053849908693,-0.01187788319326799,-0.020936901882672276,-0.01853035202972364,-0.03421828706676788,-0.0071096253759912464,-0.0019607843137254832,-0.02198952879581162,-0.03758169934640532,-0.016222119685521785,-0.016474526019881974,-0.03751749649368863,-0.003045846453544665,-0.008834610772578744,0.004790388934707179,0.02167182774364429,0.02729364804099288,-0.0013651672354948463,-0.001391706477790633,0.00983070956474319,-0.0005092085849999206,-0.007990411378499207,0.003461269699700953,0.005822352340612458,-0.003600299556444031
2020-06-18,-0.028857479387514817,0.000438676840934793,0.0010692595562684648,0.0022787110116766485,-0.0073305432296552064,-0.012668768585272105,-0.0009823182711198308,-0.010706638115631661,-0.011884550084889534,-0.011397283947841341,-0.0037687606268326235,0.0036429142570886253,-0.004235522726412477,-0.0009175514363934933,-0.009535130824340654,0.013636414830122012,-0.00915382877531079,-0.0038277340295065354,0.00039823658691351405,0.004922415201345176,0.0017407676378413672,8.056383277388335e-05,0.010708411997827127,-0.010447126393568817,0.0005942199929795944
2020-06-19,-0.029714978775015055,-0.04104544047655079,-0.03097463201669881,-0.041571970069114283,-0.03630769230769226,-0.03626217775521212,-0.0068829891838742,-0.0021645021645021467,-0.029209621993127155,-0.010841792795168614,-0.013661243646017507,0.0018149183961857496,0.002928652034623891,0.022041471765396725,0.005415041792115494,-0.024414549078226266,0.012843622964316737,-0.0008234561237202564,-0.005714644560953608,0.007923959546974446,0.012079303957961418,-0.013611492796021585,-0.0059597237076300935,-0.0029527216044710203,-0.0056494949196056465
2020-06-22,-0.0675,0.0087800167836114,0.004960043952602966,-0.006777397492375492,-0.0715197956577267,-0.0054992186830454814,0.00990099009900991,0.014099783080260275,0.012389380530973382,0.0088776122383174,0.009588770509269207,-0.009057971014492794,-0.003059187887656578,-0.01476254134114141,-0.009275793493464635,0.0030643003064352303,-0.0013348609269218104,0.004910118970955946,0.02616377673567416,0.014508378606030048,0.0018007789798795137,-0.01143137901991198,0.02777357502762734,0.014067006403447158,0.006495095477655033
2020-06-23,-0.06166219839142095,0.03807794094076322,0.00987115410279249,0.011258956371851037,0.012379642365887289,0.011350378016578233,0.014705882352941124,0.021390374331550888,0.006993006993007089,0.006685679939884892,0.010763993018911178,-0.004387568555758725,-0.003696199202846584,0.004820885993485291,-0.010268830858688127,-0.003054939055750494,-0.0013365337789381648,0.016844885984270697,0.021344788044080243,0.018641561611445923,0.01262437917973247,-0.013711043198149753,0.0066809440755515315,0.008644117979462074,0.004307419685010361
2020-06-24,-0.06857142857142862,-0.057729266375545873,-0.06625041725493241,-0.07759780963555363,-0.06997282608695654,-0.07194244604316546,-0.04251207729468598,-0.045026178010471374,-0.04513888888888884,-0.03301101197876266,-0.01962827353577523,-0.04076382666177014,-0.021279532260398137,-0.016208505593548805,-0.017699145559963436,-0.05209402451481093,-0.028775394656462505,-0.028293053865059314,-0.017652044853081472,-0.010855846620188236,-0.03393329272759882,-0.025039828321251845,-0.020157535136297478,-0.02215230860675732,-0.025855145959540415
2020-06-25,0.009969325153374342,-0.008712596243512838,0.03169529024993567,0.024506217995610813,0.02775748721694682,0.022325612403100825,0.035317860746720386,0.049342105263157965,0.027272727272727337,0.04585396331978675,0.0391906274932774,0.04785604717243319,-0.0010728722106272404,0.009226268252553016,0.004038552470908785,0.023168158575870512,0.02710151522504578,0.024344727057241444,0.013275565331062111,0.007380111440627113,0.007093363693814858,0.022418837354730048,0.012636474173806533,0.006536439443254327,0.010959447386073906
2020-06-26,-0.05998481397114652,-0.002337540972535024,-0.0332582018038331,-0.03927168868261344,-0.039090262970860046,-0.0306339693468618,-0.02631578947368418,-0.059561128526645746,-0.04778761061946912,-0.08647997818020348,-0.03566308596714307,-0.07416883178045919,-0.013317104794402512,-0.018022698184667396,-0.008663335396039695,-0.0416007898894154,-0.018336292076558847,-0.03153060552450693,-0.03072577601935944,-0.022402674546606494,-0.08316357595954271,-0.015458262752736762,-0.020015943296714522,-0.056496384926311816,-0.024226905063212123
2020-06-29,0.07592891760904674,0.04620431245185519,0.07609332583362449,0.0631735785953178,0.05547337278106501,0.09637052867241946,0.0160160160160161,0.05111111111111111,0.04275092936802971,0.022622754663325306,0.004038321021005764,0.014206827150749834,0.008925295826504476,0.0123686790166595,0.018726528753853833,-0.00054945051926103,-0.004555831227524787,0.010039057967808018,0.02304667564350682,-0.0046382608359569755,0.02110328099682257,0.021844849870384042,0.010747211218385289,0.025788621502370157,0.01468567829727041
2020-06-30,-0.018768768768768762,-0.02167874285618776,-0.017610457870495644,-0.019573644894315123,-0.016117729502452716,-0.024543406833806847,0.015763546798029493,0.006342494714587588,0.008912655971479388,0.021450322936629185,0.022438546890832134,-0.0038910893427591686,0.011435644994602479,0.0158959399935914,0.0018382966249477217,0.005497525811021253,-0.007322654294676156,0.017911381215095945,0.008347581403062687,0.029264577568835604,0.02914253095151631,0.008517720250521998,0.02554924888581689,0.013362304843478334,0.015409875789030192
2020-07-01,-0.019892884468247884,-0.008424118747588194,-0.015443933560062573,-0.012477647503659428,-0.019230769230769162,-0.010825014628437657,-0.01357904946653743,-0.021008403361344463,-0.007067137809187329,-0.00025295011266435186,-0.014285673173616509,-0.01992187500000009,-0.0017777145069431954,0.010215970251753026,0.031804310953996495,0.007107654067378233,0.01498381708197738,0.00942532255262285,-0.0018914583955523812,0.043453317014221504,0.0461531495879155,-0.01846481788022236,0.0058473884783889485,0.017282032710033368,0.005022132705049254
2020-07-02,-0.024199843871975046,0.008588050525551116,0.022128878931964024,0.0007219494324206543,0.0,0.009168825519999313,0.0137659783677484,0.02253218884120156,0.03202846975088969,-0.000860520291422584,0.003780718257073712,0.009964129135113575,0.004202849259052233,0.008448489178885632,0.02282145685705661,-0.00434310532030413,-0.005450783680462923,0.001780132940646162,0.0,0.004029630804686768,-0.017385834341580808,0.009785692510665633,0.007620898988093261,0.018539060997591728,0.004541251055594886
2020-07-06,0.02400000000000002,0.019227238424947446,0.01616881248732205,0.025974099061114586,0.034858387799564294,0.005275498396116518,0.03200775945683798,0.044071353620146914,0.005172413793103514,0.05045596404628072,0.02155260469653486,0.005919494869770947,0.014258317271346188,0.01015489984964324,0.0,0.03598691384950925,0.0022835806740448827,0.015255105771638577,0.026750225008935757,0.057689508761448405,0.02938908859042999,0.004093609125153108,0.021526239249642254,0.0211647443415528,0.015881725886237597
2020-07-07,-0.06953125000000004,-0.04051385195831836,-0.026429448412651158,-0.050281327345944815,-0.04701754385964907,-0.0376093596970658,-0.025375939849624163,-0.01306532663316573,-0.030874785591766707,-0.0385802467275258,-0.027242892257271722,-0.04040804236955664,-0.0009091481580402183,-0.0108067476550201,-0.013908983709590705,-0.030000000000000027,-0.0063795399038402145,-0.02034280255171761,-0.0031028593692046247,-0.018619292280718458,0.002413858841409544,-0.021715616578490526,-0.01162789290405164,-0.007033427388271729,-0.010818532233573208
2020-07-08,0.0067170445004198776,0.031832235405528264,0.004432133209536504,0.0,0.016200294550809957,-0.0036352319682054768,0.013500482160077265,0.018329938900203624,0.02123893805309729,0.01449638335425174,0.029900988422784325,0.0036794768470758132,0.0029401328831584195,-0.010162639606673629,-0.008228004943520495,-0.04774829083016818,0.011694519337433595,0.005764338562568749,0.02329011217590904,0.026995582457207234,0.011292871330678134,0.0011056046758699534,0.021992806722689107,0.0072852755939314395,0.007827461901406707
2020-07-09,-0.06755629691409515,-0.07685328987254592,-0.05019302538295789,-0.05035172158459844,-0.07101449275362326,-0.04013375008007758,-0.025689819219790633,-0.027999999999999914,-0.029462738301559765,-0.026798506798516697,-0.028624044162747775,-0.02077385013335431,-0.0054442589392263985,-0.01578537001502489,-0.008592622222222124,-0.022791967110653455,0.008612896840727524,-0.024131858700824016,0.00430031732228886,0.03294909057918982,0.003776984943123507,-0.016990910007568694,0.0070009161584276836,0.01002004679144397,-0.005643605977707078
2020-07-10,0.06797853309481217,0.08403777440608962,0.037456476116622284,0.056140350877192935,0.060842433697347875,0.052264840038010796,0.0322265625,0.039094650205761194,0.07321428571428568,0.044352974197500616,0.04820040194487052,0.05948410734259135,-0.000842234513220852,0.0005215934144842116,0.011058069667007286,0.002332419825072929,-0.0060674157303372,0.00024044167824643914,0.0017492597739117155,0.005457787313813078,0.002331316973415154,0.02281565139413755,-0.0030328899718634617,0.020350895905008715,0.010466201198317426
2020-07-13,-0.025963149078726877,-0.0036268201684031,-0.023789504617968027,-0.009966777408637828,-0.039705882352941146,-0.017459421509349204,-0.011352885525071077,-0.036633663366336555,-0.016638935108153063,0.01615103635095383,0.008433775269754529,-0.0023556734336739327,0.0199481077455963,0.00808021602709963,0.040792105185214034,0.012798079534724893,-0.0009043861632375139,0.029117809565306185,-0.0046131881695827825,-0.030000000000000027,-0.024768461364592875,0.007182078701851724,-0.030888711853687467,-0.01971799667724783,-0.00936254101513978
2020-07-14,-0.005159071367153989,0.01820001836563856,0.01748856027842427,-0.02647274422073076,0.015313935681469992,0.018688756700023124,0.028708133971292016,0.029804727646454143,0.011844331641285955,0.024559507263512304,0.005575447917653298,-0.045651318378591155,0.018662563662021014,0.01163544955747775,0.0005680488658916794,-0.0005743825387709567,0.006562593495419655,0.02939507612210357,0.01654842222986108,-0.006443298969072142,0.00305437656903762,0.011744975127809809,0.006181479483892582,0.006113773345420848,0.01340637083587981
2020-07-15,0.1616248919619705,0.06184644795644334,0.0921385126999994,0.09536571829315532,0.10859728506787336,0.07518796992481214,0.0,0.01696606786427135,0.01672240802675584,0.013504037510023714,0.016831643564356513,0.0453608247422681,0.0022985195010616355,0.015207693290735014,0.01390862900936729,0.07183908045977017,0.005620503597122406,-0.014423642417542126,0.006877314781114974,-0.02436118125810638,0.0022942602476829776,0.01990051442621077,-0.0014879433216814508,-0.004564009260161539,0.00908205072004531
2020-07-16,-0.0736607142857143,-0.025587080642826,-0.038183670700912,-0.0468531468531469,-0.05714285714285716,-0.04307695104895093,-0.008372093023255811,-0.014720314033366044,-0.02960526315789469,-0.01028121743516508,0.025121734181956512,0.0043392110453648325,0.006677492468551538,-0.0005035246600322285,-0.0033595463785122126,-0.018230616621983775,0.004471272076906008,0.01012920356857161,-0.012304927343155359,-0.002981256967297563,0.0027051523335490657,0.00821139837398377,-0.01980386050099514,0.0028804636219927904,-0.0034061014823960623
2020-07-17,-0.04337349397590351,-0.020989902936595972,-0.007510702991166851,-0.007703631694790936,-0.017316017316017285,-0.00233843912126408,-0.0018761726078798668,-0.006972111553784743,-0.02033898305084747,-0.015186071786333244,-0.004369281997896768,-0.020031344070359114,0.0006700569514237475,0.005919407911349817,0.018258484171824962,-0.013653741870766845,0.012241264188737944,-0.0020185414687001746,-0.002020254365772245,-0.012643732204102087,0.004565666508777211,0.008870244192077381,-0.005100004953903503,-0.0016139334650856485,0.002848612160921471
2020-07-20,-0.03694374475230899,-0.027263067840588184,-0.030000027027026976,-0.03068391980347207,-0.028634361233480066,-0.03369472506021909,0.0046992481203007586,0.02106318956870612,0.00865051903114189,0.0014190577282235939,-0.010494161419576375,-0.015230500391563151,0.0016739202541444786,-0.005759346221634654,0.006896551724137945,-0.012181562136299173,-0.0017589709762532157,-0.010015359051366413,0.021073930301045207,0.07929523908059899,0.014006524042500912,0.010071153304522795,0.042981076424953635,0.033103441244387355,0.008406938927643104
2020-07-21,0.0,0.026394594104308444,0.008637559449360621,0.008009191762364143,0.027966742252456545,0.01940567010309291,0.00654817586529477,-0.043222003929273,0.00857632933104635,0.001464252939163302,0.010026995564462071,0.06634110704110707,0.0009358221549802259,-0.00654835630029682,0.005205452054794613,-0.00784747757847526,-0.0026432377690204234,0.005437270312184328,-0.013801672750968219,-0.018314975847487536,-0.014953948455333266,-0.0024531533800786764,-0.01346883704719748,-0.004662345205533547,0.001679037361077107
2020-07-22,-0.00959023539668713,8.831742353065941e-05,0.0027623756142989286,-0.006810442678774065,-0.018382352941176516,-0.009518144245037052,0.0018587360594795044,0.00924024640657084,0.008503401360544283,-0.02839356610897903,-0.02634595215070734,0.0022900380805328524,0.0018030585747610406,-0.0013943465761737661,0.050967621994211454,-0.020904010118417582,0.025839267355107554,0.005244030279769385,0.002809268041237045,-0.012229630315568119,-0.007776649431230687,0.02070442679207396,0.014371257485029876,0.00646163788689047,0.005747082159577754
2020-07-23,0.03609154929577474,0.00521343121345641,0.010192810198148994,0.020190514285714167,0.012734082397003688,-0.015315255715172893,-0.016697588126159513,-0.021363173957273718,-0.013490725126475533,-0.014465999999999979,-0.008627431372549066,0.0034272658035034986,-0.0026664489922820778,-0.009139388285597905,-0.0038900673265024333,-0.017888055395268276,-0.05209907315179618,-0.01219389687243666,-0.045516441394190976,-0.03656876045370705,-0.030308038318840103,-0.01041420704770668,-0.04349472018890199,-0.0336692846857124,-0.01231985999890195
2020-07-24,-0.03228547153780792,-0.0015822784531949186,-0.04390502012026287,-0.030619939110532512,-0.028106508875739622,-0.034461755582136044,-0.002830188679245227,-0.0010395010395010118,-0.01538461538461533,-0.007634730417993674,-0.007515842414639207,-0.0034155597722960174,-0.009959267362079749,-0.01229823244422823,-0.019526165061181988,0.0017625734430082307,-0.02452868554459875,-0.007195405461942195,-0.0024772793098466472,0.007486853604709243,-0.00812553289444029,-0.012094565112784617,-0.006122198295918757,-0.0025137620502063696,-0.006190399963146742
2020-07-27,0.0,-0.0009684891535747253,-0.02595547558598188,-0.017719530728795507,-0.0060882800608828,-0.004106096020214833,0.0056764427625355385,-0.006243496357960288,-0.012152777777777679,0.007693467971938928,0.022718214428059103,-0.029322162985529476,-0.006346219495889094,0.023735435116353898,-0.003186378120021205,0.05571853699228968,0.01932474925902783,-0.007280836911042421,0.023700265047783997,0.015387648801098441,0.012093073188628622,0.0033388822375475247,0.012667674922985483,0.012124029222499333,0.007395138702285697
2020-07-28,0.03336259877085146,0.013571877909827501,0.024890130313901526,0.01725494117647064,0.008422664624808451,0.024104027145447793,-0.008466603951082008,-0.010471204188481797,0.012302284710017375,-0.006895916522590584,-0.020654754481683524,0.0015692820714006128,-0.00237797945811824,0.009628810338274452,0.039424586056883815,0.043888944444444355,0.01598905929623262,0.004454075597038143,-0.0164275501830512,-0.017962720631493845,-0.01447539614561033,-0.013786530495099703,-0.00897719865654556,-0.019513779869412717,-0.0064733922441613245
2020-07-29,-0.03143585386576031,-0.0019128858027495088,-0.006857199999999897,-0.008481187028481552,-0.07820804859529229,-0.01548466969697515,0.010436432637571214,-0.024338624338624215,-0.04340277777777779,0.004761467234437822,0.006565897595141257,0.009792400713184435,-0.0019751344823927264,-0.00426658290208104,0.00615064069707838,0.013304948733105393,0.006070143884892243,0.022505251750531086,0.019168375771837054,0.011065432848018864,0.01377541312739905,0.006828946679288572,0.010097980198040313,0.0144500943061594,0.012428381679718825
2020-07-30,-0.019298245614035148,-0.0287481746776882,-0.002876812593602729,-0.030326517508807105,-0.042833607907743154,-0.026108901349200964,-0.017840375586854362,-0.02386117136659438,-0.041742286751361046,-0.015055795092745683,-0.0324174540423009,-0.04383246532845364,0.0020472431713574046,-0.004536862118131313,-0.013244931902441914,-0.009979043593537518,-0.008044715083798781,-0.004727996716760163,0.012100178744737233,0.006049010171179647,0.005186707687028669,-0.01931054899457385,-0.0007841027225728991,0.006195668175245306,-0.0037502517220709963
2020-07-31,-0.00536672629695889,0.004843492776813951,-0.006347403346797398,0.0012028066879388177,0.023235800344234114,-0.002260981985173882,0.009560229445506607,-0.008888888888888946,-0.007575757575757569,-0.007868450898954826,-0.0014300306142996932,-0.015821501014198658,-0.007354951167391821,0.015824788348519858,-0.006711460675711933,-0.030769230769230882,-0.029060622416324122,-0.008026772963684814,0.10468863489575542,0.03696084162038438,0.08174839232409381,0.0003254678547524037,0.0054438500866262896,-0.03166279770901903,0.00767050484022791
2020-08-03,-0.003597122302158251,-0.005891243469528296,-0.012775813379088619,0.009211133728920018,-0.02270815811606408,0.022337359091529896,0.019886363636363535,0.03363228699551568,0.026717557251908275,0.007223640884191251,0.011865752621404546,0.0012366446826050925,0.0109084183215018,0.028664046078366034,-0.0033784303534303284,0.04707164750957871,0.024594015062367136,0.002741218055159589,0.02519760916247682,-0.016681004125001064,-0.006741006084606038,0.011143614590147788,0.056241150583902,-0.005738529848278162,0.007181023368088013
2020-08-04,0.035198555956678756,0.022178261052933745,0.008823500000000095,0.0186507532281448,0.054216867469879526,-0.005699810006333128,0.0120705663881151,0.0032537960954446277,0.014869888475836479,0.011284417529888291,-0.004043691953976802,-0.002881926600167617,-0.000882287035672169,-0.010540380293913465,0.0010430509018541922,-0.0073182962529168005,-0.007472780797101342,0.0029314417969488193,0.0066781503155479705,0.008657178089944706,-0.008453742422701138,0.012307923937059373,-0.015008774845577832,-0.006429502740035731,0.00361193058162379
2020-08-05,0.09503051438535315,0.012649359193582566,0.04256556975409831,0.03116474483833276,0.04408163265306109,0.042038248407643364,0.01284403669724754,0.00972972972972963,0.0219780219780219,0.014282905248377942,0.010353268792256065,0.007431916078939338,0.008015167721673988,-0.0003673197102319614,0.0015629591446459923,0.0247498156924697,-0.00981063153955597,0.02617405911330062,0.003624665995306975,0.021090645034911093,-0.002841960510411523,-0.0030991657056315125,-0.0016409161774412206,0.0058977413674237145,0.006429743123626652
2020-08-06,0.03821656050955413,0.023681497429575815,0.01845637687116186,0.02304499520381542,0.022673964034402028,0.009168673313915798,-0.0027173913043477826,-0.012847965738757905,-0.007168458781361964,-0.0013201838192805626,-0.006429555957404132,-0.006557377049180357,-0.005727702387912426,-0.007226800676467415,-0.004681430307375001,0.03442960094705039,0.0006911981248296506,0.00508847887768904,0.034889231118682584,0.006230821808003828,0.06486835390310586,0.0053408211719605525,0.01601391926351159,0.017976256451601058,0.006427695385031518
2020-08-07,-0.0007668711656441118,0.0012710956483164004,0.005216996442448885,0.0036927621861153614,0.006116207951070374,0.007873985463355382,0.0,0.0,0.0,0.01968178212974303,0.01820014118907709,0.03424092409240931,0.0071162519732379526,-0.0003702159023979412,0.004703449176900909,-0.10332837075650136,-0.009670780566428672,0.009456794940182034,-0.024494572972307838,-0.017841872558139515,0.011911953452623525,-0.009197621094252595,-0.017887727722087576,-0.003739741410408448,0.0006330294926806257
2020-08-10,0.07444359171143522,0.009055509172122278,0.07211141567573298,0.07947019867549665,0.046352583586626084,0.05138230322663162,0.013623978201634968,0.021691973969631073,0.0072202166064982976,0.005329624903641861,0.00456810345851455,-0.014758635819704824,-0.0038358477589832685,-0.0013576031112417786,-0.0015605201154610393,-0.01828254948933783,-0.004882562421881564,0.006529372635174502,0.014534799922561348,-0.00609322587740202,-0.02026524347887615,0.01720552190465363,-0.019907737573564344,0.0010772812201973458,0.0027422184718899345
2020-08-11,-0.01928571428571424,0.022812999509863374,-0.006878980891719788,0.010224914792092754,0.008714596949891185,0.008573849181260362,0.011648745519713177,0.014861995753715496,0.03046594982078843,0.008023655362889182,0.0237247321579781,0.025101173072827,-0.007160697204355193,0.0,-0.015629018380542425,-0.00338594827234473,-0.014719649876627328,-0.011125095372138682,-0.029739868002573777,-0.02143791671533113,-0.02612165399239552,-0.002832200434016219,-0.023385330132052795,-0.010547443521916056,-0.007969132362766196
2020-08-12,-0.013838310269483012,-0.016892152937076244,-0.013340200102616606,-0.01855597228596395,-0.008639308855291628,-0.0011334938755030999,0.023914968999114272,0.01569037656903771,-0.0017391304347825765,0.005069681655166081,0.011587524364378599,-0.005134241706161169,0.01830307533304021,0.021876108175696185,0.014289520659181987,-0.015288844847112126,0.02845627358104208,0.021296153559036135,0.03323430400000005,0.026478029151219218,0.014680084045600283,-0.00039450098619331353,0.02856719862898993,0.017766462629288826,0.013996549716919215
2020-08-13,-0.017725258493352936,-0.015264000460955995,-0.017420645278748093,-0.013406634582330712,-0.031953522149600566,-0.01531917730496446,-0.012975778546712835,-0.016477857878475777,-0.020905923344947785,-0.017630726025769095,-0.003818270259292267,-0.006748749235857443,-0.011091834529150413,0.010401560232220497,-0.004174380163090019,-0.011500748217409429,-0.003689186158385538,-0.0023272412126467135,0.01769754857627559,-0.000385792983409905,0.005425268069648492,-0.013180726436796908,-0.0023423920613566684,0.007851983937064322,-0.0020471743456673686
2020-08-14,0.0022556390977443996,0.0028799255104172694,-0.002910849354039402,0.008710801090215936,0.014253563390847601,0.005474013410371903,-0.00262927256792278,-0.003141361256544628,0.005338078291815096,-0.0020154422093930924,0.002299712533537779,0.011191007194244706,0.0016216554054053756,-0.0007181948681088679,-0.002881765935644043,0.016870214260022554,-0.015274242427082751,0.00678036537255533,-0.0008912355292368668,-0.004112596540910229,-0.00022961348165084772,0.001919523329757089,0.0009582990075462927,-0.0070598118778562036,-0.00017188262738165871
2020-08-17,-0.05326331582895727,-0.017060852752350475,-0.0376858280254776,-0.0321243857642699,-0.03032544378698221,-0.031232118554033295,-0.008787346221441283,-0.006302521008403228,-0.0070796460176991705,-0.023561061578299403,-0.019502868441737542,-0.03280632540736461,0.005059363024171537,0.015333001365608556,0.0076194690588684555,0.022311270022883134,0.018566416417542086,-0.00985480964393659,-0.002610821725206547,0.01092429266062922,-0.0003061782386378775,-0.006625648757698888,0.006606055718699544,0.006798299520448525,0.002709842339397195
2020-08-18,-0.0015847860538826808,0.006014822289435173,-0.0019304744583825695,-0.013918665239114891,-0.004576659038901476,0.010351936990477872,-0.01507092198581561,-0.00634249471458781,0.007130124777183555,-0.00866700615221827,-0.007020300448913774,-0.01757245678677799,0.007382985187496471,-0.002359650722990825,0.0002608344334202872,-0.030218297133839056,0.005076165205353034,-0.01154413866824322,0.008332805590084424,0.040874708663237724,0.004518272254276701,0.003857248411166081,0.0057542610127174765,0.026759243557349155,0.0023033891356964986
2020-08-19,0.006349206349206327,-0.0022207208366805675,-0.009394888350231834,0.0014477380183763877,-0.0030651340996169507,0.0032201405152225693,0.0036003600360037247,0.014893617021276562,0.003539823008849474,0.00849439181853251,0.008837411973189768,0.0012478784838652057,0.0019988207608452324,0.005558195495700025,-0.0026069603074304615,-0.026543508366993596,0.005968755602186571,-0.004450629743067647,0.0012547063277448256,-0.01570118254153574,0.0009529618198209633,-0.008645549289874377,-0.008463794778386768,-0.0071024940141536375,-0.004404395232809444
2020-08-20,-0.014195583596214534,0.0011984163670604175,-0.002231464559635299,-0.001806975063245564,-0.0184473481936972,0.005544178581849968,-0.009865470852018055,-0.020964360587002018,-0.008818342151675429,-0.005762969052054534,-0.01109597062674661,-0.013294557540506902,0.0068488530277868165,0.0,0.012023079562105687,0.000592649638847309,0.015289867640346788,-0.006563116802088431,0.022189616633051745,0.01131432710100544,0.02444881411247679,-0.005571657156707266,0.02327136418604714,0.022112637789725165,0.0031586327364043765
2020-08-21,-0.027200000000000002,-0.011371426225815884,-0.00950517193178646,-0.01267201257523487,-0.019577133907595967,0.006674405301056341,-0.007246376811594013,-0.017130620985010725,-0.001779359430604921,0.0028733563674008256,0.005905492242234134,-0.004631621052631596,0.008849537826569165,-0.0005879807196047526,0.0041322312982376985,-0.029028437738651602,-0.013710968140662194,0.002585223354316213,0.05153245315523214,-0.0038364349621476945,-0.007434667579842125,8.121802547766954e-05,-0.00727000645661291,-0.0008408130235498801,0.0034411069427024987
2020-08-24,0.10526315789473673,0.07411571583799303,0.058989556872706794,0.09277590759075904,0.06629392971246006,0.06399541839133516,0.017335766423357546,0.04466230936819171,0.02317290552584672,0.024255313786430976,0.024853249505019548,0.035956050590357336,-0.003993198611979554,0.005177629847812781,-0.0010288322780649395,0.03416729921704098,0.0013673199323764873,-0.016871518262326468,0.011960239319122712,0.006922961531200755,0.01640389811602927,0.020461155555012933,0.003145235130124213,0.004922683073741219,0.010043718248138767
2020-08-25,-0.022321428571428492,-0.00475037048511362,0.005063939232409442,0.010067147988830571,-0.0029962546816478808,0.00406396640476836,-0.004484304932735439,0.005213764337852034,-0.006968641114982632,-0.006462795533187959,-0.006110368648278963,0.0049000000000001265,-0.0005914952582908306,0.0030438071422105306,-0.01107106076210107,0.0,-0.003186163021988264,0.01094419454661577,-0.008203730539757093,0.011800605135126041,0.034747011602471733,-0.008274992043284524,0.013009494941181199,0.012605478288419736,0.003596351185477742
2020-08-26,-0.026636225266362334,-0.007361896227150777,-0.02704852895912313,-0.004983355481727569,-0.027798647633358486,-0.018348623358105165,0.009009009009008917,0.01763485477178417,0.01403508771929829,0.005922334951456332,-0.006532180721079306,-0.02316131559685841,0.0015783572481697927,-0.0016339752567694488,-0.009372585264253996,0.018289025469674147,0.013926963788286839,-0.010889737970374402,0.013599055003381988,0.028495560508160933,0.08222347562294607,-0.00377086813038241,0.021619591529451698,0.027458951384953245,0.010195626058366436
2020-08-27,0.0383111806098515,0.07212719002755974,0.04933227171796872,0.029048379664494917,0.03941267387944358,0.034909317347187496,-0.005357142857142727,-0.008154943934760461,0.0,0.014139527969599719,0.017404796314151705,0.02287849322468838,0.004464825913365278,0.003273310693554743,-0.004993377266580334,-0.015063731170336103,-0.01981537941904976,0.009228696118771973,-0.01195437184654402,-0.012159186718886494,-0.03517489671054064,0.0038657003119222377,0.024553507335840274,-0.010923667041105367,0.0016730441952841346
2020-08-28,0.02334337349397586,0.01094642316351746,0.05792207792207793,0.03796236210253068,0.03866171003717489,0.03081006476440562,0.0053859964093356805,0.016443987667009274,0.02941176470588225,-0.011610692694095426,0.00532214397791031,0.004066734444896358,0.004314309172814834,-0.0019808669307852522,0.0013206285969193932,-0.0052941176470587825,-0.0025270159091893563,0.008662950837044603,-0.0016198623850913751,0.0005294261764705599,0.0015005899955644608,0.0033694183173778036,0.010283352367522536,0.0061677129290775845,0.006732565372890242
2020-08-31,-0.039735099337748325,-0.03300999199150334,-0.043702406088877876,-0.035636136292591325,-0.03793843951324272,-0.031692836081091524,-0.020535714285714213,-0.03640040444893844,-0.021848739495798353,-0.013672966656825603,-0.01191153359636099,-0.021871242532554014,-0.0014969734541588897,-0.00443671910247001,-0.003165365338960724,-0.01714955647545846,0.006448710568802918,-0.0057893788495941845,0.0339121438876957,0.014451146831646167,-0.0015664101128324281,-0.01407213560406173,-0.014765649997542152,-0.006221063961228568,-0.002194962664887057
2020-09-01,0.003831417624520883,-0.0003888257983440946,0.005134813732097232,-0.004538119935170282,-0.007440476190476164,0.00878121294405454,-0.010938924339106704,-0.0010493179433368471,-0.037800687285223455,0.0028799336867264547,0.006123306778542004,-0.004140828157349841,-0.012319926671796377,-0.00985102649880465,-0.024080443924835992,-0.025872441283246617,0.01830661285339552,0.0008958534978411592,0.03983261220418677,0.013955582372518816,0.007639801870130913,0.0007299002632374929,0.007715182049905511,0.016234384292638016,0.0075250028014732795
2020-09-02,0.00992366412213741,0.03119404828018557,0.03371644783057737,0.014001954216931178,0.03748125937031488,0.03323656027433408,0.011981566820276512,-0.007352941176470673,-0.012499999999999845,0.022291374690744714,0.012742449115920484,0.021621664100692994,0.015245498541565539,0.029610328082435133,0.008676789352581649,0.012353180212898218,0.014157325842696578,0.02368699711642397,-0.020718431547391725,0.009239418173422997,0.023896554130134362,0.03873574491514176,0.01927218692705268,0.04068745872958601,0.015365910284791173
2020-09-03,0.009826152683295453,-0.0069402460310841185,-0.001976822288687341,0.0025690431139706593,-0.019508670520231197,-0.01097768756587636,-0.0018214936247722413,-0.016931216931216908,-0.001808318264014619,-0.011807251393309626,-0.009389671361502372,-0.0020350020350020648,-0.02782291454432928,-0.01656507534798124,-0.021505348884264808,-0.025625321880739516,-0.029248836045893345,-0.012521793421240046,-0.08006086362530573,-0.046284091030007635,-0.03761985123966938,-0.029099673924931513,-0.061946865407645935,-0.050015079471823265,-0.03512584363136184
2020-09-04,0.018712574850299424,0.015268877356949817,0.010646224576534413,0.01761694483077969,0.01989683124539421,0.01677844518438598,-0.0036496350364964014,0.04736275565123793,0.02898550724637694,0.016284467298944394,-0.0007583127962084157,0.011011460032626541,-0.00641930445163541,-0.002924318702171469,-0.0010989285110479807,0.020037633061991134,-0.0006848208015335366,-0.013376374325205886,0.0006618299303895459,-0.021787376187648477,-0.028819676230071423,-0.01727596666796216,-0.014035908687953458,-0.030940851758995414,-0.008133027362810297
2020-09-08,0.0014695077149156077,0.0066591772536857,0.019108231259186592,0.02423673276676097,0.009393063583815087,0.028179767153586388,-0.04304029304029311,-0.03288797533401855,-0.05633802816901401,-0.040106219397874066,-0.048188219468568105,-0.03307793331674325,-0.008950811197276143,-0.02240727410622423,-0.011826209795758769,-0.009822098844561089,0.002284193747925878,-0.01522435897435892,-0.06729496583411843,-0.04394437715381683,-0.04092245799827732,-0.008912542708604865,-0.05409566394399068,-0.03686269519456131,-0.027756342088176567
2020-09-09,-0.04255319148936165,-0.005202891604134341,-0.022355770305565903,-0.023970527843560796,-0.030780243378668692,-0.03160491358024686,0.02966507177033506,0.0010626992561104665,0.005597014925373012,-0.0012840527713167127,0.01773974557463598,-0.005423404481577188,0.016569347296256476,0.018600683580926924,0.006957973838018328,0.0018599505182856912,0.02324523648028176,0.01552478112286404,0.039886544938840585,0.0377066821431602,0.00944090928690211,0.008662676418304427,0.04258358250106431,0.016033741906103405,0.020144986322044645
2020-09-10,-0.0030651340996169507,0.0035864540820815805,0.005409417526895499,0.0009446158690176176,0.016986706056129952,-0.007139265498743996,-0.005576208178438735,-0.007430997876857748,-0.016697588126159513,-0.010928721140694653,-0.0150802973936488,0.0046141359060403175,-0.018637228162402764,-0.015433518453116912,-0.014648922056384683,-0.03155940594059403,-0.007795166690638511,-0.023780473243975364,-0.03264577224684617,-0.02860543073025501,-0.02056848231562014,-0.013904825553659017,-0.02801835484939419,-0.016018357327558852,-0.017584796727765806
2020-09-11,-0.004611837048424272,-0.009231722270532594,-0.013695206986921282,-0.0028310788665907305,0.018155410312272968,0.00025685670921560266,0.005607476635514086,-0.009625668449197877,-0.009433962264150941,0.004549787624363422,0.0011930204574861492,0.013361126790767175,0.005921958861290433,0.010889110924973133,0.011781149409192171,-0.015974440894568676,0.015488283175943529,-0.010242924945970011,-0.013128892644794998,-0.018547431117480917,-0.005520575262345839,0.007465170993118386,-0.006524789563343902,-0.007375914708999676,0.0005330724012264643
2020-09-14,0.02393822393822398,0.025097655168354827,0.029258515781873884,0.03533119762362147,0.021398002853067144,0.02849807372277091,0.039962825278810454,0.008639308855291628,0.007619047619047636,0.0020903742991278396,0.015888858625178193,0.02224964977338284,0.0038571322496760985,-0.003787866816245211,0.02606038258940946,0.0331168831168831,-0.0011052828865921738,0.023517300455452084,0.030000008928571464,-0.004251946307804455,-0.0017253329803083028,0.005186868147430301,0.006763735758289036,-0.0009468817582852784,0.01274182898065912
2020-09-15,-0.009049773755656076,0.015027144334073483,0.01614073794944515,0.02102370505789164,0.0006983240223463749,0.013729405548442042,-0.024128686327077764,-0.025695931477516032,-0.013232514177693777,-0.01658883513636311,-0.014858318089606248,0.0028214430802677715,0.0036399931119650564,0.000594047024997657,-0.0013509592732212639,0.021998742928975634,0.018809515795740417,-0.004342599635744793,0.0015603328574866904,0.017131945361001488,0.023558215823217266,0.0028667868905492,0.01640618730526877,0.014585798257735094,0.005219359545459712
2020-09-16,0.05022831050228316,0.027009503668596002,0.02228541963015651,0.03163241012428575,0.03907885554780188,0.036690395550593724,0.01098901098901095,0.020879120879120805,0.013409961685823868,0.013535318181818079,0.015082417445572815,0.033360129958204476,-0.0032910538202098882,0.01615011300498881,-0.004870130001897621,0.03813031980319792,-0.0006516724445768673,-0.0023110437606305156,-0.029513622732269207,-0.02472324900831724,-0.0326702282331951,0.014537724362337023,-0.017865676874536218,-0.013325149072415332,-0.0046189466148207625
2020-09-17,-0.01231884057971011,-0.02601794401149271,-0.022495292729482697,-0.01764538617298228,-0.011417058428475513,-0.04037995441234932,-0.005434782608695565,-0.0053821313240042246,-0.018903591682419618,-0.029150843153557315,-0.017595346330582795,-0.02333714598744241,-0.008288383084436024,0.0008180320205681824,0.0010875747984659956,0.0296208548353587,0.00760710748129112,-0.005024070387788071,-0.015963623008034222,-0.02253666735694304,-0.03301450502109726,0.005635139223674646,-0.010436473878032704,-0.016680909066775107,-0.00841236573852644
2020-09-18,-0.03228173147468827,-0.02895094321532543,-0.026334542048183196,-0.03297994796760739,-0.037364130434782705,-0.014108910192628166,-0.02732240437158473,-0.016233766233766267,-0.032755298651252596,0.0001539752589028165,-0.0033830447761193927,0.00079641573889222,0.01365764100914113,0.0019850420596103646,-0.005160211841390594,-0.010931991423014598,0.010353731441895553,0.009967794249964967,-0.03172013890593217,-0.017887968796721276,-0.008986766882868813,-0.017291034538761463,-0.012419323593330533,-0.023764176118726388,-0.011182581788012014
2020-09-21,-0.07429871114480657,-0.0606691747211896,-0.08284605061291284,-0.0919610231425092,-0.0748059280169372,-0.05799653236271485,-0.05617977528089879,-0.08250825082508251,-0.055776892430278724,-0.004413430132333862,-0.034345066519765766,-0.04337437498505281,-0.027349424798538413,-0.03123180354811328,-0.016653043498415343,-0.03897620482977282,-0.011528629376601263,-0.028666928495994504,0.030325777997969983,0.0018816340144314214,-0.017344493792200932,-0.020446415437497256,0.010729048409247266,-0.019746680591967603,-0.011571097896821425
2020-09-22,0.010647010647010458,0.004274188832489756,0.0063762488410266105,0.013413782696177101,0.008390541571319687,0.015991444562899693,-0.016865079365079305,-0.023980815347721784,-0.012658227848101333,-0.012268067010309358,-0.015095119621688968,-0.0162230026529534,-0.0061336937505021005,-0.0022855167431318213,0.00638534147695724,-0.029055629539951555,0.00021602592259228892,-0.01647779660765525,0.01571580640051229,0.05692340089606662,0.026596841263675453,0.002162178794178793,0.024094031641444635,0.02396652099355645,0.010517944926164535
2020-09-23,-0.03322528363047006,-0.011034000891409268,-0.026927137620719743,-0.021839841887486444,-0.031013615733736732,-0.014952781084805356,-0.02320887991927345,-0.011056511056511065,-0.008547008547008517,-0.028702641391886052,-0.025404219496027336,-0.03467230443974634,0.0015948615826639756,-0.0037377018630889713,-0.006896551724137945,-0.0187033030733601,-0.03131073134720952,-0.007204495779090103,-0.041946114693607206,-0.04126887059808082,-0.022492624141315032,-0.01394075157346697,-0.03292836788090214,-0.034289575517102766,-0.02372145494950828
2020-09-24,-0.013411567476948827,-0.03171822525378798,-0.031470427795159184,-0.018606191427814278,-0.032006245120999255,-0.018375446561263664,-0.006198347107438051,0.007453416149068248,0.0237068965517242,0.048302204177471664,0.0040931281384370966,0.021462987297415692,0.0015923289726900158,0.006293174620350062,-0.006666722222222088,-0.03303684879288438,-0.0035666517261111474,0.00177993076367855,0.010268838397997415,0.0066436204653326225,0.0020480081592160193,-0.006227434044812963,0.01296179296997435,0.009242499954393635,0.002987459138014348
2020-09-25,0.04418011894647411,0.01860083950617275,0.028011203697165143,0.02654260599793168,0.032258064516129004,0.006511041603064482,-0.014553014553014387,-0.013563501849568338,-0.010526315789473606,-0.0008200707251291295,0.009225487894754636,0.013722084048027439,0.0068432018641486625,-0.002645844795048813,0.00810964810456638,0.005256241787122251,0.0026845413269678264,0.03362261964569635,0.03751615193572211,0.024948702733302852,0.021199887874002732,0.007282589797022343,0.02278657883964197,0.011671244316505458,0.015976723760637634
2020-09-28,0.03824247355573651,0.02706851119798781,0.022888282755087586,0.0523841150979143,0.04531250000000009,0.03072787227643503,0.044303797468354444,0.053749999999999964,0.06170212765957439,0.02113367562657631,0.02848639395224506,0.007614255821245974,0.009954668132509559,-0.0020498975039190404,0.009431345615293907,-0.0019607843137255943,-0.015841120035698375,0.0024132595041321814,0.02386889939320347,0.025498175838587267,0.007848677282235483,0.023371215385570743,0.007795183069164269,0.013536748095402729,0.01611059028404549
2020-09-29,-0.03996865203761757,-0.047360592814408076,-0.023175358999057982,-0.023292884492661092,-0.038863976083707175,-0.016474920686458172,-0.007070707070707116,-0.018979833926453193,-0.006012024048096198,-0.011453327572344962,-0.02356343481679557,-0.02350965575146935,-0.00033990211175383145,-0.010391493223985138,-0.006045644573939191,-0.025540275049115824,-0.016776286176007904,0.0030339444204947608,-0.007567875848711436,-0.009190203541116215,0.019352082643623758,-0.006489780502182296,-0.0104087422611846,0.003284308807195435,-0.004812664556736679
2020-09-30,0.0032653061224490187,-0.010653175676048399,-0.0010907281751146858,-0.0009801045089806726,0.002332814930015692,-0.0029247805656797965,0.014242115971515812,0.01571946795646917,0.010080645161290258,0.021240958121280018,0.023496950741026756,0.010748065348237246,0.012375948760722899,0.012820451457375981,0.014653111122649332,0.04435483870967727,-0.012912105439522814,0.025053411640047596,0.015075835395769399,0.0012242429419362377,0.0004201268047627771,0.006036017760277623,0.014812347168106532,0.00018377083982890063,0.008253718138480526
