Date,Close_aal,Close_algt,Close_alk,Close_dal,Close_ha,Close_luv,Close_cs,Close_db,Close_bcs,Close_gs,Close_ms,Close_wfc,Close_jnj,Close_mrk,Close_pfe,Close_bhc,Close_rhhby,Close_unh,Close_aapl,Close_amzn,Close_fb,Close_ibm,Close_msft,Close_goog,Close_sp500
2015-10-01,1.0,1.0,1.0,1.0,1.0,1.0,1.0,1.0,1.0,1.0,1.0,1.0,1.0,1.0,1.0,1.0,1.0,1.0,1.0,1.0,1.0,1.0,1.0,1.0,1.0
2015-10-02,0.9854591840444086,0.9890356911466317,0.9879097474295246,0.9881083241576746,0.9818035179943387,0.9992189794324395,1.02283100871731,1.023378544494721,1.0253164556962027,1.005624309609719,0.9977777777777778,0.9965007580968266,1.008157153765314,1.0155965164188074,1.0389447864321608,1.015144771208972,1.003010204605352,1.0190378267812552,1.0073005657966783,1.0226993540833487,1.01231449188503,1.0068946725230077,1.021519815702313,1.025552512820683,1.0143152892542056
2015-10-05,1.0252550503761466,0.9911918614770504,1.0084756447036405,1.034133428760185,1.0311362717347352,1.0231710231710494,1.0444167704441678,1.0633484539969835,1.039307128580946,1.0265878473676207,1.0250793968253966,1.018856940490998,1.0170656223476573,1.0376747222538933,1.0515075376884422,0.9101336388596779,1.0066224561522439,1.026069813686049,1.0109509034495345,1.0440928392969202,1.033644915898128,1.0379552695300582,1.0452813260416651,1.0493709926322397,1.0328669546916112
2015-10-06,0.9727040823289775,0.9569685743089931,0.928954209312444,0.9929530940321517,0.9805903760614638,0.9893256964332207,1.0535491490244915,1.0708898944193062,1.0359760159893405,1.0244290586426756,1.027301619047619,1.0114696736288815,1.0026832672036765,1.0087097429351781,1.0298367148241205,0.9242761383872113,1.009331667389173,0.9951976846308406,1.0157875159700676,1.032186222794209,1.0203409132602832,1.0361446002129562,1.0479712833900183,1.055865506108461,1.029160784051877
2015-10-07,1.0028061223773947,0.9810074315259645,0.9469026319243687,1.0127725611098877,0.9931257177517185,1.0078104399895862,1.0510585305105853,1.085595814479638,1.0479680213191207,1.0352800355577767,1.0453968253968253,1.014580093596036,1.0194269082199614,1.0320032819931797,1.0455402324120602,0.9456013158485084,0.9798313672537216,0.9984563845428662,1.0109509034495345,1.040751329278285,1.015942881229562,1.045267777568571,1.0490920858755417,1.0508269530307923,1.0374307430119554
2015-10-08,1.013775535362869,0.975594127453787,0.9442851697263429,1.0121118476106585,1.0549939344925192,1.0091121582921116,1.0182648816936488,1.07051278280543,1.0532978014656895,1.028689937991366,1.0473016507936508,1.0213841761544358,1.020500204368363,1.0334211268669462,1.0392587939698494,0.9530623178264258,1.0009030403099626,0.9954549438688367,0.9992699397700311,1.0238900036349865,1.0167125239157513,1.0605195573652637,1.0636628544348161,1.0455921019532894,1.0465792592421743
2015-10-09,1.0821427785167659,0.9986237131594405,0.9462793862789711,1.0396388240475667,1.1035180347755762,1.0398333506899247,1.0282274802822748,1.1063348416289593,1.0466355762824784,1.0180093053514532,1.0387301904761905,1.0136080873563003,1.0236128050576967,1.0320032819931797,1.0439699120603014,0.979621359255411,0.9891631550522829,1.0228110451692733,1.0231794488045263,1.0366416078940826,1.0251786814242556,1.0612856274471933,1.0560412451010706,1.0528718090647318,1.0473381457497373
2015-10-12,1.118367318408997,1.0453252829677087,0.9720802079491385,1.068046685752037,1.1374847957945815,1.0731580577974487,1.0410958904109588,1.0987933257918552,1.0479680213191207,1.0239176906279357,1.0412698095238095,1.0143857117882136,1.0302672540574702,1.0271419896119505,1.0433417399497489,0.9679844108691177,0.9933774535407147,1.0505960119149644,1.0184340208067164,1.0565947776948237,1.0363936790454211,1.0525802856070834,1.0535754079001254,1.0578776133640457,1.0486740015325737
2015-10-13,1.107397930933726,1.00435818431706,0.9213510561628673,1.0510900682669015,1.1439547513141932,1.0627440770632648,1.0286426317974262,1.0852187405731524,1.0099933377748167,1.0281217866578392,1.0352381269841269,1.0081648912940298,1.0244713861644603,1.0020255621232645,1.0358040201005023,0.927060102659462,0.9987958760145732,1.0632878564163635,1.020167913852893,1.05411748073707,1.0348543826779895,1.041994562072416,1.0511095706991804,1.067087653120333,1.0415163566455714
2015-10-14,1.117346884761559,0.9855491602082607,0.9154928861214177,1.0700286280554945,1.124545046502224,1.0632647747982298,1.029887878787879,1.0897435897435896,1.0066622251832111,1.0198272407720204,1.0330159047619047,1.0011664269278078,1.0145969843210687,1.0034434272522468,1.0376884736180902,0.987138012679131,0.9939795004822547,1.0468227334977898,1.0057492243110056,1.046301366075318,1.034304597063373,1.0447106287265304,1.0464021285271885,1.0652227198791078,1.0366042800140507
2015-10-15,1.1341836190259282,0.9933021743885159,0.9470272985032794,1.0775159656463336,1.1827739587545492,1.0736787815673001,1.0485678704856787,1.1044495098039215,1.0306462358427715,1.0507896988799068,1.0669841587301587,1.0243001559933933,1.0427176568148042,1.027344582283666,1.0703518216080403,0.9402560654702873,1.010234798006177,1.0305290881525677,1.0208067165541157,1.0801198980708964,1.055085235461855,1.045267777568571,1.0537995280475336,1.0825304091604133,1.0520007286586268
2015-10-16,1.1150509664527815,0.9851821448790191,0.9451576612804065,1.0817000440431623,1.1973312171451678,1.0559750325436086,1.0701536322125362,1.1153846153846154,1.038640906062625,1.0520394772857748,1.0777778095238095,1.0279938185846387,1.0544166588905581,1.0427385262859736,1.08071608040201,0.988641381225789,1.0288982230915644,1.0288997682111332,1.0133235991969338,1.0960977911100704,1.0724574405428513,1.0473570805030177,1.0650077770677477,1.083282952170369,1.0568088709274668
2015-10-19,1.1339285680120263,1.0090375311319852,0.9581204054049456,1.1070248843866992,1.253538212697129,1.078104660244728,1.0693233706932337,1.142533898944193,1.0486342438374416,1.0552210020402,1.026031746031746,1.02177297865033,1.0511967811784217,1.0411181495061403,1.0835427135678393,0.9121937445815007,1.0219747133662036,1.0353314635508837,1.0196204051834277,1.1006876169917441,1.0826828394507808,1.0392088944692217,1.067473614268693,1.0896628441044063,1.0570947859379352
2015-10-20,1.1426020371785193,0.9985320120842648,0.9533839603620606,1.1043823386919183,1.2684998382531338,1.0773236396771675,1.0776255292652552,1.1357466440422321,1.039307128580946,1.0539142755615436,1.0238095238095237,1.0318818629837065,1.0474401426948619,1.0206603204508877,1.0678391959798994,0.8170378624597595,1.0084286270792104,1.0326729865991513,1.0382368680416134,1.077124051767932,1.0665201011496461,0.9794554141501611,1.0708361113912552,1.0637832328407648,1.0555925590762119
2015-10-21,1.1303571395317056,0.9907789933164326,0.9314470921807145,1.088746950011011,1.3291548321876263,1.0684717781827648,1.036944790369448,1.1236802036199096,1.0139906728847436,1.0209066749027003,0.9993650793650793,1.0326594096551207,1.047869476180519,1.024711383931768,1.0508793655778896,0.6604120102312245,0.9942804938506773,1.012863390679501,1.0381456835188902,1.0673107446458974,1.0677295679295076,0.9814054037580723,1.058058729924709,1.0512359242375802,1.049443293899605
2015-10-22,1.1732143068057574,0.9221488149765816,0.9469026319243687,1.1189165602290245,1.350586413263243,1.1476178599323095,1.0116231216272311,1.1429109728506788,1.032644903397735,1.042836006298466,1.0269840634920635,1.0509331658424022,1.0682623283945976,1.0534737503235518,1.0467965452261307,0.6117483258881405,1.0087295903452862,0.9759883116714835,1.054024457017704,1.0829428568239032,1.095876869572629,1.003482136736044,1.0766643784652683,1.0662533354996375,1.0668929877079047
2015-10-23,1.1650509396670679,0.9315992784952616,0.9857907645846654,1.1231006386258535,1.4088152042054187,1.1775579276230148,1.0315483603154836,1.159502262443439,1.033311125916056,1.0538574922427566,1.0355555238095238,1.0643468325106304,1.076634111336999,1.0710958491208395,1.0694095163316584,0.6467706020009821,1.0219747133662036,0.9940828145606483,1.0866946523088155,1.1503880441720182,1.123584446077552,1.0075910371917551,1.1851602289809409,1.1483911486603826,1.0786611846470584
2015-10-26,1.1854591789423679,0.9250390067903295,0.9866633558520496,1.130147544593702,1.4391427416093814,1.191616766467066,1.0423412619344126,1.1444193061840122,1.028647568287808,1.0624360342589243,1.0333333015873016,1.0554043945451865,1.0726629188078334,1.071703485349473,1.07286432160804,0.6126948626048487,1.0105357913745998,0.9993139353459057,1.0520167913852894,1.1687855640167104,1.1409565741931802,1.0004875548572338,1.2160950186932298,1.1660260345377362,1.0765975975591637
2015-10-27,1.1852040258876524,0.9371502098752218,0.9715816288826513,1.1202378110548339,1.4197331581075616,1.18380632647748,1.0332087588210876,1.1387632352941177,1.0233177881412392,1.0584592305769973,1.0231746031746032,1.0520995344498354,1.0753461860115099,1.0830464266365492,1.0989322236180903,0.609910898332598,1.006321462783821,1.0236686560014694,1.0453550282898338,1.1733946152028802,1.140186920511938,0.960094747826304,1.203541757374092,1.1590080248297479,1.073847839708384
2015-10-28,1.1698979548495418,0.9172859926100742,0.9371805956432534,1.1041620568156796,1.4144763445208248,1.1822442072376986,1.056039892071399,1.1429109728506788,1.0366422385076617,1.0869219557568013,1.0615872698412698,1.0779549393070555,1.0784587867008433,1.116062368160064,1.1133794283919598,0.651447639706649,1.02016851233689,1.0271846151514912,1.0884285088519803,1.185089895467059,1.1456844468065237,0.9807786470026784,1.2100425642223143,1.1663041071483098,1.086562233823518
2015-10-29,1.1698979548495418,0.9072851070242244,0.9444097490560982,1.1120898480510901,1.4055801860088961,1.1929185108044782,1.0390203819012038,1.0516590874811462,0.9640239840106596,1.0787978336825852,1.0647619365079364,1.0709564749408336,1.0880112179459314,1.1114036887057663,1.0920226130653268,0.620824032711892,1.0222756766322794,1.0265843235864478,1.099926993977003,1.2032378685164737,1.1531610825671605,0.9788286573947672,1.1961443578537467,1.1727985224714415,1.0860735259265266
2015-10-30,1.1790816280846523,0.9058170502948353,0.9503925856764582,1.1195771856419292,1.4031541043267286,1.2051549336110388,1.03777501037775,1.0539216063348416,0.9480346435709528,1.0652198371725978,1.0466666984126984,1.0524883369457299,1.0843619316166562,1.1071501135740351,1.0621859296482412,0.5221046429140987,1.0207705893807768,1.0100334275788232,1.0905274685161526,1.201989665958097,1.1211655235128815,0.9755554418986124,1.1800044344316425,1.162803290715818,1.0808496456871646
2015-11-02,1.1854591789423679,0.8961831800382271,0.9613610135350488,1.1164941863025766,1.427820501415285,1.2168706586826348,1.0539642590286427,1.0761689668174963,0.9733510992671552,1.0776047533779172,1.0628571428571427,1.0662908061098524,1.0965976193323521,1.1162649810869958,1.1011306846733668,0.5594097864339714,1.0150511735384957,1.0178372436511685,1.105858733345501,1.206694597853248,1.1358988609972136,0.9775750324556035,1.1934544005053933,1.179652883168976,1.0936834569028842
2015-11-03,1.1862244595350904,0.8971465344920917,0.9682163417094726,1.1231006386258535,1.4625959563283462,1.222598255662588,1.020755500207555,1.0697587104072397,0.9640239840106596,1.0833427886980391,1.0568254285714285,1.0678460549736792,1.0943436856143325,1.1162649810869958,1.0983040515075377,0.5448774929328232,1.02016851233689,1.009004399202432,1.1185435298412119,1.200856569413198,1.1278725165873287,0.988091155041191,1.2138534137221832,1.1813705426068675,1.0966670989073943
2015-11-04,1.1640306080604437,0.8977887906741681,0.9648510670004588,1.1156133010350142,1.4545087343307725,1.2142670919031504,1.0120381486093815,1.046003016591252,0.949367088607595,1.088796668814983,1.060317523809524,1.0610420501757787,1.094129056437245,1.1247721313504584,1.0722361494974875,0.5121380842270127,1.0156532505823823,0.9831060630897345,1.1133418507026829,1.2308919336608275,1.1428257881086024,0.986350086673169,1.2194575382322903,1.191104076959037,1.0927790115551697
2015-11-05,1.1632652254269076,0.9127443373290088,0.9729526995032021,1.1129707333186523,1.4961585119288314,1.2150481124707109,1.0062266500622665,1.0377073906485672,0.9320453031312459,1.0908987594387283,1.0755555873015874,1.0664852656781738,1.09831495327498,1.1150496276088642,1.0725503140703518,0.4385857147465797,1.0252859715446727,0.9967412915123807,1.103486037598102,1.2591221011571305,1.1958219415884093,0.9742322090460952,1.2190091858549836,1.1962407798545651,1.0915418235298824
2015-11-06,1.1566326235552904,0.9308193307793252,0.9732020326610233,1.12750497687734,1.5394257986251516,1.2197343920853945,1.0186799916978,1.0441176847662141,0.9373750832778148,1.1315191084758753,1.124126984126984,1.085730930904567,1.0939143521286756,1.1061373730228352,1.0656407035175879,0.45528950038008353,1.0108368750500638,0.9845639054578175,1.1047636064975361,1.2662660003873754,1.1775701103101741,0.9628108075161447,1.2311140275473207,1.2003468671295638,1.0911623800162014
2015-11-09,1.1390306342084022,0.9004037416350811,0.9636045757096631,1.1149526756221098,1.4419733117670843,1.207237672481125,1.0074719800747198,1.0275263951734541,0.9460359760159893,1.1178274657918994,1.1146032063492062,1.07834374180295,1.0823226163426556,1.0986429633105723,1.056846796482412,0.47555679925756794,1.0024081275614651,0.9798473631777089,1.1002920240919876,1.2588147689845375,1.1708631282307795,0.9423358295796596,1.2140775338695913,1.1858365768921537,1.0804441872649135
2015-11-10,1.134949001659464,0.8934306063571081,0.9793094486111387,1.1076855097996037,1.4751314193287504,1.2095808122884668,0.9958488999584889,1.009049773755656,0.9320453031312459,1.1237927139235835,1.1187302222222222,1.0868973772724995,1.088869799052695,1.1024914138645212,1.0612437499999998,0.4659242606038666,0.9960866647776441,0.993825555322652,1.06561412666545,1.266861326123403,1.1864761688777186,0.9434501342280139,1.199506765310317,1.191447648762205,1.0820763010219876
2015-11-11,1.1323979047857677,0.8724653476918129,0.9668452835530867,1.1006386258533363,1.460978608976951,1.2163499349127833,0.9875467413864675,1.0003771116138762,0.9367088607594937,1.1214066271694891,1.111746031746032,1.084758944104956,1.0932704001989995,1.0881102306686294,1.059673429648241,0.43930957329700754,0.9939795004822547,0.9822485208622888,1.0595911662712174,1.2929214116890477,1.1985707047357022,0.9403162320583949,1.2026451647019691,1.20302974114848,1.0785832657127468
2015-11-12,1.1198979816352557,0.8484723387186409,0.9557521766514206,1.1006386258533363,1.4472301253538211,1.2155688362405626,0.9709422581984226,0.9807692307692308,0.9107261825449701,1.0951596387874187,1.0866666666666667,1.072511646044161,1.0762047778513422,1.0741340910296555,1.048680873115578,0.4107460720240733,1.0024081275614651,0.9674984909742004,1.0560321226501186,1.2782301679764074,1.1876855476971595,0.9265268939766528,1.1952476755156316,1.1962080294403254,1.0634934809018763
2015-11-13,1.1084183645811643,0.8494816102299588,0.9467779653454581,1.0788373045584674,1.4253942579862515,1.1947409268419684,0.9589041095890412,0.9619155354449472,0.9067288474350432,1.0816384199150455,1.0771428571428572,1.0608476100475819,1.0720188810136069,1.0741340910296555,1.0449120603015076,0.4198775138125552,0.9972907887630706,0.9554069380378447,1.025187041430918,1.2335804497116167,1.1429356836592308,0.9175430299475738,1.1844877564562262,1.1729294210676557,1.0515745214131385
2015-11-16,1.092602063964233,0.851546006083971,0.9578710597829593,1.055494384496807,1.420541892438334,1.190835771934392,0.9605645080946451,0.9653092006033184,0.9207195203197869,1.0916941235838171,1.0809523492063493,1.0744556974038821,1.0864012361575879,1.0877051263460629,1.0414572864321607,0.4082405208828333,1.0018060806199252,0.9760740847605344,1.041978463223216,1.2440659741855762,1.1439252823724668,0.9311930547027801,1.2053350996338243,1.1924946395898544,1.0672464152734178
2015-11-17,1.0790815796152657,0.855904259214685,0.9664713710655103,1.0519709315128827,1.4367164981803475,1.1957823483467849,0.9535076380240765,0.9585218702865762,0.9127248500999333,1.082661076408111,1.0663492063492064,1.0684292392773957,1.0894064846926368,1.087907637996914,1.0323492148241207,0.3915367352493295,1.0018060806199252,0.980962164643151,1.0375068808176675,1.235404869847022,1.1559098457144534,0.9319591247847099,1.1874019236179798,1.1865072455023955,1.0658169675718707
2015-11-18,1.065050993238495,0.8722818721402307,0.9733265995266135,1.0515304998898922,1.4431863728265264,1.2056756313460038,0.960149398090494,0.9856711538461539,0.927381745502998,1.1002158822811978,1.0873015873015872,1.0822317084415185,1.101964153739705,1.098440370638857,1.046168373115578,0.40423160119493534,1.0054184525762055,1.00548837144766,1.0703595546632598,1.2742741107580835,1.1849367845498666,0.9458876717288855,1.2071283746440624,1.2105547720921412,1.0830431830859082
2015-11-19,1.0790815796152657,0.8789338449203385,0.9875358349419481,1.0682668575203702,1.487262393853619,1.2202551158552462,0.9622249896222499,0.997360520361991,0.9353764157228514,1.0966367152224357,1.0847618412698412,1.0880638042003072,1.100032201353058,1.099453111190057,1.014133197236181,0.46770599773810695,1.006321462783821,0.9487179148553476,1.083956926446432,1.2699148425786038,1.1683343101154804,0.9522947893946594,1.2091458818841991,1.2079536710480798,1.0818268072993562
2015-11-20,1.0765306102925865,0.9063676054017361,1.0203165641162946,1.0737722528077518,1.5256773150020217,1.2319708409268422,0.9323370278123703,0.9758672322775265,0.8947368421052632,1.0877740975395047,1.0765079365079364,1.0851477660409752,1.0999249243302547,1.095807152031743,1.010678391959799,0.5066814975496159,1.0054184525762055,0.9687848386177443,1.0887023544442416,1.283703428382623,1.179989043869897,0.9645518758841667,1.2147500063943062,1.2377104209616208,1.0859487793251106
2015-11-23,1.0790815796152657,0.9178824005483512,1.0022435621746144,1.0733319092710856,1.4868580671249496,1.2358760999739653,0.8958073889580738,0.9596531297134239,0.8840772818121252,1.0748210300006582,1.0679364761904764,1.0808708997058885,1.1030374498881066,1.0939841825801941,0.9839824120603015,0.4866926563465705,0.999096869382996,0.9618386333775951,1.0745574009855814,1.303944591746799,1.1759208414267457,0.9642733536951974,1.2147500063943062,1.236696178912326,1.0846077837681385
2015-11-24,1.0517856874544467,0.8708597370558719,0.992147513692602,1.0402995375467958,1.4880711281843915,1.2035928143712575,0.8937318804483187,0.9547511312217195,0.8867421718854098,1.0718667975942098,1.0663492063492064,1.0746500792117044,1.0952023525856467,1.0832489585426162,1.0040828831658293,0.4869153345128507,0.9903672790377097,0.9706714778263317,1.0848694652308817,1.2888885800003242,1.1626168387889007,0.9652483450170163,1.2160950186932298,1.224099945901616,1.0859331702760087
2015-11-25,1.0538265292391191,0.8736581589807901,0.9922721927356777,1.0321514864567276,1.4799837444399515,1.1944806300442594,0.9165628891656288,0.9570135369532429,0.8907395069953364,1.0745937376526817,1.0669841587301587,1.0734837106042712,1.0943436856143325,1.0881102306686294,1.0323492148241207,0.4845211252387152,0.999096869382996,0.9811337193968466,1.0771126117904728,1.29693513713919,1.1589885374047897,0.9610697391481228,1.203541757374092,1.2238872726946621,1.0857929409366878
2015-11-27,1.06352035552244,0.8866868636881707,0.9941418299585506,1.0380973133670999,1.491710432672867,1.1929185108044782,0.9132420091324202,0.9566365384615384,0.8960692871419054,1.082092925074584,1.0723809206349206,1.0767884929391232,1.0987442867606372,1.0929714420289942,1.0298367148241205,0.4849108746689017,1.0081276638131345,0.980533359227053,1.0751049096550465,1.2929406350731265,1.1594282625429884,0.9642733536951974,1.208921739320293,1.2273389667775643,1.0864374867023028
2015-11-30,1.052550942536966,0.8034223700049982,0.993767917470974,1.023122638185422,1.4638091791346544,1.1944806300442594,0.9153175176421752,0.96870290346908,0.8960692871419054,1.0795364145088873,1.0888888571428572,1.071150837308531,1.0866158653346756,1.073728966451873,1.029208542713568,0.500890846295406,1.0081276638131345,0.9665551670821099,1.0795766015696295,1.2766938566295165,1.1461242599051433,0.9709589935499405,1.2183366236642765,1.2148080333814992,1.0813953334487363
2015-12-01,1.10357134939869,0.8173227235034906,1.0117162528337436,1.0497687293547677,1.4852405984634047,1.2246810986722207,0.9244499792444998,0.9871794871794872,0.938707528314457,1.0968640075704124,1.1196825396825398,1.0830093328734318,1.0986369346063525,1.1053271441224861,1.0559044912060302,0.5499999760579073,1.0123419623015664,0.9969985507503769,1.070815805803979,1.3040790363694346,1.1777900663372205,0.9839125491722974,1.2378390442089433,1.2547890618288526,1.0929452558030606
2015-12-02,1.1178571143403797,0.8123222784167773,1.018322247850346,1.06430306099978,1.5519612211888394,1.2369174173392348,0.9248651307596513,0.9581447963800905,0.9247168554297136,1.080899844769916,1.107619015873016,1.070762112573136,1.0953097047399314,1.0901357320262453,1.0332915201005026,0.5358017805411431,1.0243828409276687,1.0088328444487364,1.0611425442599014,1.298221784545306,1.1662452281334326,0.9729089831578517,1.237614834395543,1.2471658827032168,1.0809275651412753
2015-12-03,1.1038265024534055,0.7939719707123951,1.0039885328185767,1.061880665051751,1.515163809138698,1.2311898203592815,0.9373183893731838,0.9558823529411765,0.9153897401732178,1.0521531234597632,1.0936508253968253,1.0536547833136622,1.0817860165672644,1.0652218161884104,1.0172738379396986,0.5214922097497035,1.02016851233689,0.9861932854284086,1.0512866946523087,1.2794784857598636,1.1476635562725748,0.9674768568138966,1.2149742162077066,1.2310687318351554,1.0653908237418803
2015-12-04,1.1471938737960747,0.8134691726483012,1.058332304935848,1.0962342876018498,1.5560048524059844,1.286383754230669,0.9389788709007887,0.9611613876319758,0.9287141905396402,1.0793659850161121,1.1212698412698412,1.0822317084415185,1.1049694022747536,1.0864897728679315,1.030150722361809,0.5306792584405592,1.0370258869046993,1.0096903952517762,1.0862383646650848,1.2917499855214887,1.1674546839182416,0.9779928749353819,1.2533064054403407,1.2544128410363042,1.087258683095076
2015-12-07,1.167857087554666,0.8117258704785002,1.0760313943899515,1.140277449900903,1.5936109987868983,1.290809737047644,0.9182233706932337,0.9513574660633485,0.9120586275816123,1.0538007089239698,1.100952380952381,1.0773716772428397,1.1089406699354012,1.0873000017682803,1.025753768844221,0.5135857178089404,1.0319084276969164,0.9939971100763476,1.0793940500091257,1.2863536148107522,1.1611875149374662,0.9718643839226794,1.251064778052796,1.2485890943234146,1.0796592853289815
2015-12-08,1.1364795373347056,0.8046609653116976,1.0671818496628998,1.1070248843866992,1.566518479579458,1.1726113251757355,0.9045247405562474,0.9208144796380091,0.8860759493670887,1.0392000559209167,1.081269873015873,1.05754282771273,1.0992808865360284,1.0830464266365492,1.0216708228643214,0.5226057787548181,1.0288982230915644,0.993739782233601,1.0789377988684066,1.3007567497348782,1.1708631282307795,0.9614179737145476,1.2506164480919872,1.247149507496097,1.0726524029915634
2015-12-09,1.1135204307775401,0.7864482803275215,1.0408824489262452,1.0902884386698966,1.5224424585523655,1.1585524602967978,0.9045247405562474,0.921568665158371,0.888074616922052,1.0266447159039946,1.0593650476190477,1.0520995344498354,1.096383000888333,1.069880515897924,1.014133197236181,0.5256124657367773,1.0198675490708142,0.9866220908445066,1.0551195838656688,1.276674633245438,1.150082478837245,0.9513894059861941,1.2324590622627425,1.2295473703970983,1.0643511619979846
2015-12-10,1.1247448692667126,0.812413979491953,1.0514769767614243,1.1292666593261396,1.5483219167003637,1.1780786253579798,0.8779576587795765,0.9159125565610859,0.8787475016655563,1.0345983232678486,1.0609523174603175,1.0563763813447975,1.1016421724083325,1.0875025336743473,1.0163316896984924,0.5411469863759358,1.020469626114701,0.9965697453342788,1.0601387114436942,1.2719312565025473,1.159098421960366,0.9525733185479022,1.2389598466944667,1.226030278546461,1.066747428347954
2015-12-11,1.0737244624049882,0.7797963075474137,1.0316589044624616,1.0852234970270866,1.5216336837848767,1.1304347305389222,0.8513906185139063,0.8740573152337858,0.8540972684876749,1.0030677990440224,1.0184127619047618,1.036353072246366,1.0913384370792838,1.0563095616023812,1.0069095791457285,0.5181514192154314,1.0153521669069183,0.9945973930657972,1.0328527103486038,1.2293556223139366,1.1228148033913623,0.9371823298887758,1.2118359064820465,1.2087062140580358,1.0460282414599729
2015-12-14,1.0655611973071124,0.7965868528596541,1.0239311844472947,1.1050429420832417,1.5369995147594016,1.1395469929705808,0.8501452885014529,0.8721719079939669,0.8527648234510327,1.002158788724945,1.0120634603174603,1.0342146585189476,1.096383000888333,1.0573223021535811,1.010678391959799,0.5241647876114214,1.009632751064637,0.9934825229956048,1.0264647198393868,1.2634621478729497,1.150742247962911,0.9466536443109865,1.236045679532713,1.2232656299168052,1.0510026913922017
2015-12-15,1.0867346151343211,0.8167263155652136,1.0236818388253084,1.1264039198414446,1.527699110392236,1.1512627180421766,0.8667496471564965,0.8812217571644042,0.860093271152565,1.0340301719343217,1.0425396825396827,1.0674572524777848,1.1176344234761064,1.071500973698622,1.0131908919597992,0.6101892669201804,1.0189643883514632,1.0085755937863339,1.0083043986128857,1.26486413366312,1.1495327811830496,0.95960719296907,1.2373907142481346,1.2161168197656922,1.0621628277888746
2015-12-16,1.1020408137234485,0.8032847472847922,1.0314096585537957,1.147764787491742,1.5592398301657906,1.1663629002863838,0.8891656288916564,0.8993212669683258,0.876748834110593,1.0578911644610574,1.0669841587301587,1.085730930904567,1.1296554927477833,1.0941867752519097,1.0232412688442212,0.6596325002349944,1.0394340144661642,1.0190378267812552,1.0160612885563058,1.297760903431914,1.1741616769926888,0.9700536031772018,1.258238057425733,1.2401479727842029,1.077580088672186
2015-12-17,1.0831632121642039,0.7904395181289938,1.0112176737672565,1.123761264038758,1.5289122927618277,1.132777870346264,0.8796181403071813,0.890648604826546,0.8640906062624917,1.037438909500309,1.0279365396825397,1.07834374180295,1.1123752412230383,1.0666396813173926,1.0153895100502512,0.6201558645827662,1.0186634250853877,1.0223822997823317,0.9945245847782441,1.2879283710053826,1.1678944970168608,0.9523643973080129,1.2485989632683487,1.2259811545609864,1.061372723183108
2015-12-18,1.0482142589741261,0.7720432887795815,0.9965099589987552,1.1001981722087648,1.4969672462596038,1.112731111689664,0.8837692403486924,0.8797134238310709,0.8574283810792804,0.9969889842747646,0.9933333650793651,1.045684332147829,1.0942363334600478,1.0459793406112892,1.0047110552763818,0.6042315889454926,1.0141480429214917,0.9932252723332023,0.9676035772951269,1.2754264326074791,1.1439252823724668,0.9394804495990096,1.2134050613448766,1.2094260082896369,1.042483239229291
2015-12-21,1.0816326764889623,0.8024589467374795,1.0282936172892827,1.1332305439330546,1.5155681358673674,1.129133012236397,0.8800332503113325,0.8917797888386123,0.8640906062624917,1.0098284056396227,1.0057142857142858,1.0501555414104888,1.0902651516639508,1.0506380403208029,1.0194723304020101,0.6055679196358156,1.0168572541584209,1.0068605007558487,0.9794670560321227,1.276136977661646,1.1519516267823517,0.9436590554679031,1.2290966323896744,1.2232656299168052,1.050592093195815
2015-12-22,1.0943877782043934,0.7900725027997523,1.0185715810081672,1.1396168244879983,1.5139506267691063,1.1335589950533715,0.892071398920714,0.8974358597285068,0.8734177215189873,1.0228951193524574,1.0228571746031747,1.0563763813447975,1.1023934872253618,1.0552967197751006,1.021356783919598,0.6298440936577696,1.0261890118546353,1.007117751418251,0.9785545172476728,1.2735252360812566,1.1600880206736015,0.9605821912551623,1.2407531217047048,1.2269136203636566,1.059854886752484
2015-12-23,1.1043367320322262,0.7906229890929992,1.0240558510262052,1.1393966527196653,1.5095027092600082,1.1309554543087739,0.9161477791614778,0.9223227375565611,0.8874083944037309,1.039370485413692,1.0349205714285714,1.0699844881412224,1.1107652701677635,1.0731213504784556,1.0226130967336684,0.6399777180408335,1.0388319374222776,1.0178372436511685,0.9911480197116262,1.2745814429306765,1.1504123194198677,0.964830398073136,1.2512889206167022,1.2274207413883038,1.0730162369363436
2015-12-24,1.1176020378162745,0.7947518496146775,1.0235572719597181,1.1508477868310947,1.502224100283057,1.1429315803176257,0.9173931091739311,0.9238310708898945,0.8894070619586942,1.0366435453552199,1.031111111111111,1.0657076412462605,1.1132339081943523,1.0704881318713415,1.0244974560301507,0.6353563317809688,1.041240185393131,1.0148357343723888,0.9858550830443512,1.272833797265671,1.1547003899296446,0.9628108075161447,1.2479264010776419,1.22429624390145,1.0713008742243282
2015-12-28,1.102806094316171,0.7961739892866133,1.0272964591563085,1.1440211627394847,1.499797816417307,1.1408487373079927,0.9165628891656288,0.9223227375565611,0.8800799467021986,1.0318145146730027,1.0212697777777777,1.0629860237750004,1.1078673737869995,1.0702856202204907,1.0182160175879398,0.5687082159674315,1.0472606849108763,1.0147500298880883,0.9748129220660704,1.2966662498143364,1.1647059207709485,0.958353679458282,1.2542030877784558,1.2473785559101707,1.0689669811750668
2015-12-29,1.109693849242504,0.8093861649579992,1.0316589044624616,1.1488658445276372,1.5123332794177113,1.154386878417079,0.9194686591946866,0.9377828431372549,0.882744836775483,1.0426655768056907,1.0333333015873016,1.0748445193399012,1.1165611380607736,1.0804132282846513,1.0310930276381909,0.5645322695590556,1.055388318621664,1.0275276474785382,0.9923343310823144,1.3327124167473117,1.179329362704652,0.9734661389641657,1.2676529417697167,1.2704281175046517,1.0803298465229656
2015-12-30,1.0918366813306968,0.7907147635694057,1.0150816272560779,1.1268442633781106,1.4751314193287504,1.1286122884665453,0.9090909090909091,0.9226998114630468,0.871419053964024,1.0340301719343217,1.0231746031746032,1.067068430541766,1.113877870857097,1.0785902588331022,1.0285804020100502,0.5697661390946723,1.055990395665551,1.0198095959196503,0.9793757985033765,1.3233024377319302,1.1678944970168608,0.9704018377436266,1.26227302707301,1.2612672017338389,1.0725328590599819
2015-12-31,1.0803570642766054,0.7699330446817698,1.0034899537520896,1.1162739264479191,1.428629276182774,1.121062249414215,0.9003736405147363,0.9106334841628959,0.8634243837441706,1.0239176906279357,1.0098412380952382,1.0567652032808166,1.1025008393796465,1.069880515897924,1.0138190640703517,0.5659799476844115,1.0376279338462393,1.0088328444487364,0.9605767840846869,1.29799134398861,1.150742247962911,0.9584232804073619,1.2436673112829566,1.2414402858081863,1.0624382730045778
2016-01-04,1.0436224223565707,0.738829277710419,0.9771905654796,1.0715701387359613,1.3267287100687424,1.0924238219213749,0.8866750103777501,0.8857466063348416,0.8560959360426382,1.0063628847548487,0.9993650793650793,1.0285770028883554,1.0784587867008433,1.062993742414295,1.0034548052763819,0.5484409616333754,1.0285971394161004,0.9987136437808624,0.9613980653403905,1.2232870361716932,1.1239142866601743,0.9467929576375222,1.2284240701989673,1.2135648443429903,1.046179003489758
2016-01-05,1.0336734430185346,0.7382328697721419,0.9608624344685617,1.069588196432504,1.295187990295188,1.1054412652954961,0.8800332503113325,0.885369532428356,0.8507661558960693,0.9890352916933237,0.9930159047619047,1.0281881809523363,1.082966664869951,1.0765647777307024,1.010678391959799,0.561581278566327,1.0295003001354515,1.0006002829894496,0.9373060777514145,1.2171416755590503,1.129521785470757,0.9460965929687748,1.2340281947090743,1.2147753827562342,1.0482841521594246
2016-01-06,1.0517856874544467,0.7250206252871021,0.9746976701471642,1.0775159656463336,1.3154063485644965,1.115594845092424,0.8638438771274388,0.8725489819004525,0.8274483677548301,0.9648903087174115,0.9682539682539683,1.008553693789924,1.0774927675752446,1.0617783889361634,0.992776413316583,0.5701558940927874,1.0135459658776047,0.9903953092325246,0.9189632779704325,1.2149524873898105,1.132160576102053,0.9413608312935672,1.211611696668646,1.2164766669870055,1.0345354897365222
2016-01-07,1.0318877542885776,0.690567950097586,0.9222235477169308,1.0350143140277472,1.305297169429842,1.0921635251236659,0.8401826484018264,0.8567118778280544,0.7948034643570953,0.9352345827693538,0.92,0.979782328533871,1.0649350985281762,1.052461009772352,0.986180904522613,0.5422605553810504,1.0114388015822153,0.9612382732078014,0.8801788282533309,1.1674989166105942,1.0766355275415789,0.9252733804658647,1.169468657936143,1.188290404132881,1.0100165402900962
2016-01-08,1.0298468869937019,0.6774016272575764,0.8772278993931985,1.026425919401013,1.2915487666801455,1.0989325436084354,0.8127853881278538,0.8333333333333334,0.7781479013990673,0.9313714252614151,0.9009523492063493,0.963452604266186,1.0535580777837947,1.0346364803450776,0.9736180904522613,0.5070155621264288,0.9864539137130068,0.9446874458049271,0.8848329987223945,1.165789717713746,1.0701484904941778,0.9167073519522906,1.1730553872886038,1.1687905850143023,0.9990696026394146
2016-01-11,1.0479592079602242,0.7312597344941689,0.8808425197241986,1.0292887469720327,1.3028710473109584,1.0945066649310076,0.8206724782067247,0.8552036199095022,0.7868087941372419,0.9415406898865881,0.9034920317460318,0.97375585096726,1.0472255242508428,1.03807982657646,0.9758165829145728,0.47577947742384813,0.9861528300375427,0.9397135842576658,0.8991604307355358,1.1863189898664364,1.0721275999602287,0.9278501268291698,1.172382825097897,1.1713426602259787,0.9999220810656883
2016-01-12,1.0714285440962106,0.7397009265015309,0.8854542981881729,1.034133428760185,1.295187990295188,1.1111689664149962,0.8239933582399337,0.8646304675716441,0.7888074616922052,0.9414271289301868,0.9034920317460318,0.9984448288966723,1.0544166588905581,1.0484099462914716,0.9736180904522613,0.48947662061882113,0.9987958760145732,0.962696175605041,0.9122102573462311,1.1866071005753684,1.0925784087711405,0.9255519026548339,1.1831427441573024,1.187766907901114,1.0077242717183055
2016-01-13,1.0229591065571657,0.7137810755808988,0.8433254576844526,0.9896498348381415,1.2033966841892438,1.0518094766987764,0.8007472395184724,0.8359728506787331,0.7628247834776815,0.903249638603576,0.8536507619047619,0.9667574060411626,1.0413223042035484,1.0261292490607503,0.9538316896984924,0.4762806132645675,0.978928326943759,0.9367121350080427,0.8887570724584778,1.117318386853267,1.0493678411006435,0.9135037374052157,1.1575879363912143,1.1460354712375147,0.982565979176099
2016-01-14,1.034438723611257,0.7400679418307724,0.8569113477410689,0.9984584893195333,1.262029882733522,1.0536318927362667,0.8007472395184724,0.8299396681749623,0.770819453697535,0.9168844184323504,0.8619047619047618,0.9844479001642283,1.0613931643531858,1.0492201751918204,0.9770728957286432,0.4998329287360937,0.9903672790377097,0.94983278492554,0.9081948895783903,1.138807868000899,1.0815833561819688,0.9256216150322893,1.1905402333436397,1.1691995562210902,0.9989708080508694
2016-01-15,0.9887754339598104,0.7283236898490447,0.856662101832403,0.9799603611539309,1.2806308127780024,1.0354074459776101,0.7762557492735576,0.7903468702865761,0.7301798800799467,0.8840472529474548,0.8244444126984127,0.9490668924779723,1.0411076750264607,1.0358517325471286,0.967650722361809,0.4938752451934773,0.9608669186975641,0.9370551073059334,0.8863843402080672,1.0949839160288324,1.0442001553886802,0.9055644726113091,1.14301727991443,1.1360402378460064,0.9773939395469808
2016-01-19,0.9913265308335067,0.7165336492620176,0.835722304534876,1.0121118476106585,1.239385361908613,1.0309814631606353,0.7675383976753839,0.7699849170437406,0.7161892071952032,0.8909215057170434,0.8336507936507938,0.9372083969130716,1.0464742094338135,1.039902796028009,0.9638819409547739,0.4954342985935089,0.9735099044699005,0.9654403656166678,0.8820953093630225,1.1032416884198972,1.0473887316345927,0.8921930814734474,1.1333781633405478,1.1480475768572145,0.9779137387111798
2016-01-20,0.9964285715196792,0.7522708459908404,0.8370933751554266,1.0061660207002863,1.2414072381722605,1.0231710231710494,0.7401411374014113,0.7288838612368024,0.698201199200533,0.8734802664815301,0.8012698412698412,0.9305987544828684,1.0276913390080784,1.023901155031419,0.9629396984924623,0.4974944043153317,0.9635760697297993,0.9843924193088722,0.8832816207337106,1.098037432484033,1.0373831897982362,0.8486663722728983,1.1385339578898463,1.1425837771546126,0.9664781570988037
2016-01-21,1.0150510200242087,0.7255252633365494,0.9050230373293143,1.0244439550759745,1.2490901334411646,1.0283780265555846,0.7202158572021586,0.700603318250377,0.7075283144570286,0.8615497702181623,0.7866666984126983,0.9333203525140038,1.0297306435490103,1.0313955647436817,0.9604271356783919,0.5026168930083443,0.9602648717560242,0.9733298947489075,0.8788100383281621,1.1042787909511542,1.035294195776609,0.855978880311411,1.1315848210808155,1.1558999041858984,0.9714994346981367
2016-01-22,1.024489769783424,0.7363519494697119,0.9081390785938273,1.0297290905086987,1.276991508289527,1.0153605831814632,0.7405562474055625,0.7187028280542987,0.7321785476349101,0.8911487185286054,0.8130159047619048,0.9529549174369153,1.0384244078227842,1.0401053076788598,0.964510018844221,0.4933184579069557,0.9873569540229694,0.9804476547427523,0.9255338565431649,1.145298890408795,1.0768554725735726,0.8531235003307611,1.1721587049504887,1.186425470891656,0.9912050386860891
2016-01-25,0.9918367349021241,0.7293788784178159,0.869874091865608,1.011671415987668,1.278609017387788,0.9945326998177559,0.7193856371938563,0.673831108597285,0.6922051965356429,0.8585387544929268,0.7930158730158731,0.9265163477161031,1.034667855203775,1.0313955647436817,0.9579145728643216,0.5157572043733674,0.9834436188006134,0.9723007977677661,0.9074649023544443,1.1455869991973096,1.0666300736656429,0.8501985194010311,1.1609504559302746,1.1642101271288958,0.9757045922633344
2016-01-26,1.0112244384891727,0.7441049636499673,0.8890689185191729,1.0154151288262496,1.3081276991508288,0.9989585784951837,0.7289331257783314,0.7036199095022625,0.7108594270486343,0.8774570701634571,0.8092063492063492,0.9381803837126825,1.085971902671931,1.0421308900573403,0.9632537688442212,0.5488307166314905,0.9849488264615043,0.9772746593150273,0.912483993429458,1.1546513164174377,1.070258375049754,0.8537502570861552,1.169468657936143,1.1664512811626695,0.9895052855429746
2016-01-27,1.0124999486607156,0.7271309427861444,0.8727407999722997,0.9848051310284079,1.4573393044884755,0.970840952876855,0.7260273972602739,0.6945701357466064,0.6908727514990006,0.873309836988755,0.8053968571428571,0.9442068612792935,1.0964903530426178,1.0202552161283212,0.9585427135678392,0.5257794924572553,0.9888620412744719,0.9632964671700843,0.8525278335462676,1.1202757883084917,1.0384826840621006,0.8423985122194724,1.1481730520472306,1.1451030037989598,0.9787558107581862
2016-01-28,0.9729591333428793,0.7008441453499247,0.8546677980306195,0.9513323276811276,1.4071976951071572,0.9422025253840147,0.7189705271897053,0.6696832579185521,0.6908727514990006,0.8922849359780721,0.7990476190476191,0.9510108660771941,1.0976709154807538,0.9965566537686177,0.948492493718593,0.4795100229562353,0.9593618314460616,0.9551496101950981,0.8586420514692462,1.2201375237824323,1.1996701989995668,0.85117351072285,1.16700291040119,1.1957664092441573,0.9841669377306684
2016-01-29,0.9946428827897222,0.7361684739181296,0.8774772450151846,0.9753358511341115,1.4237767488879904,0.9794324134340017,0.7388957658779577,0.6745851809954752,0.7181878747501665,0.9178502120702146,0.8215872698412698,0.9764774684385199,1.1209617284740094,1.0263317607116014,0.9576005025125628,0.5023385188528334,0.9759180320313656,0.9875654147365971,0.8883007483117358,1.1272853600615982,1.2337548400358935,0.8690716935461158,1.2349248770471897,1.215380651962856,1.0085351251473094
2016-02-01,1.0045918366175552,0.7645196672083616,0.876106174394634,0.9955956617485137,1.4363121714516782,0.9973965373600626,0.7198007471980075,0.6726998491704375,0.7101932045303131,0.9069991499375264,0.8161904444444444,0.970839812807928,1.1202104243900488,1.0279522185122993,0.9475502512562815,0.5325723764174038,0.9774232396922565,0.993825555322652,0.8799963496988502,1.1038754609240826,1.26542055850755,0.8693502714492727,1.226406585375329,1.2301853900179596,1.0080881056630857
2016-02-02,0.9446428075346222,0.7378200061991009,0.8470646448810428,0.9603611759524334,1.3788919530934087,0.9494923457432962,0.6853466168534662,0.6387632352941176,0.664223850766156,0.8618338458849256,0.7777777777777778,0.949261332606169,1.109906689061,1.02106544502867,0.9466080087939699,0.5091870486908557,0.9545453957090488,0.9765885946609332,0.8622011680963679,1.0602627261246333,1.2601429882400106,0.8561877945870268,1.1880743961426947,1.2508793723426626,0.9891934185196352
2016-02-03,0.9568876796712328,0.7347004171887406,0.838464346062657,0.9645452323276812,1.3667609785685402,0.9591252278052592,0.6928186384391863,0.6278280542986425,0.653564290473018,0.8674013721758579,0.7720634920634921,0.9253499013481707,1.1177417756303911,1.0137735469672584,0.9318467336683418,0.5244432007424321,0.9795304039876457,0.966898199409157,0.8792662894688812,1.0198763953303416,1.2390324982638539,0.8685841944030696,1.1692445377887348,1.1892064947284315,0.9941315105795249
2016-02-04,0.9747448475830397,0.7268097802882793,0.8589056640070175,0.9698304558467298,1.3784876668014558,0.9776099713616246,0.618098796180988,0.6395173076923077,0.6822118587608261,0.8890467074412747,0.793968253968254,0.9379860213449849,1.1151658713140682,0.9842009516751257,0.9108040201005025,0.5397550042398106,0.9653822707591128,0.9793327846725599,0.8815477276875342,1.0298433704590908,1.214843338587466,0.8889895226405605,1.1656578981022665,1.1582228328304116,0.9956492835946509
2016-02-05,0.9374999760841842,0.6819432825386417,0.8046864712195012,0.9251265800484476,1.2935705620703597,0.9291850820098934,0.6218347862183479,0.636877790346908,0.6702198534310461,0.8889330612672864,0.773015873015873,0.9304043921151709,1.079102749363588,1.0002025926717155,0.911746262562814,0.5378061958416638,0.9539434089722031,0.9580653463848268,0.8580032487680235,0.964299494862278,1.1442551229550892,0.8953966890562487,1.1244115417078784,1.1182418027471734,0.9772484441223274
2016-02-08,0.9068877064569463,0.6777227209417876,0.7859902610249186,0.897819863466197,1.2895268499797816,0.9039312939338715,0.5994188459941885,0.5859728506787331,0.6342438374417055,0.8479149903893878,0.7196825396825397,0.9039658029542341,1.0947730190999896,0.989062244056355,0.8969848932160804,0.49905341873986353,0.9406983461559798,0.943486802645684,0.8670378171199123,0.9373560323846308,1.096756495769868,0.8843234663785351,1.1075991681775572,1.1168839905305956,0.9634165322246846
2016-02-09,0.9232142366526981,0.6896962967188971,0.8180231153674519,0.9244659766571239,1.3501819247877074,0.9177297578755533,0.5591531755915318,0.5799396681749623,0.6089273817455031,0.8422338179244673,0.7279365079365079,0.9029938161546232,1.0944510377686172,0.9957464248682686,0.9139447236180905,0.48413137024060005,0.9373870578751637,0.9532630395912611,0.8668552290563972,0.9257759138260514,1.0944475457211946,0.864057409681939,1.1046850010158036,1.10930983560146,0.9627771896487032
2016-02-10,0.9469387258433999,0.6955225423529231,0.8331047426235295,0.9528738163400133,1.3825312980186009,0.9252799010674303,0.5649647156496471,0.6112367647058824,0.6129247168554297,0.8364389992855584,0.7206349523809524,0.8975505228917287,1.0918751227192254,1.0032408345805313,0.9261934673366834,0.47861913211740087,0.9446116211736417,0.9668124263201061,0.8602846869866765,0.9419266368026434,1.1105003115063325,0.8370360425387852,1.1143240951731879,1.119141519771489,0.9625952724164135
2016-02-11,0.9308673742125669,0.7016698770835834,0.8343512339143252,0.9403215371063643,1.372017792155277,0.9200728976828952,0.5263594852635949,0.584841628959276,0.5749500333111259,0.799284165452013,0.6885714603174603,0.8779160357293163,1.0915530662563713,0.9894672673580569,0.9148869032663317,0.46458796888904336,0.9373870578751637,0.948632210371047,0.8550830078481475,0.9675450051060169,1.120505853342689,0.8207396147570057,1.1138757652123792,1.1174892597372177,0.9507542323817865
2016-02-12,0.9647958937552068,0.7089182578019683,0.8530474815014031,0.9467078176613081,1.4658309745248685,0.9435043478260869,0.5736820257368203,0.655354411764706,0.6129247168554297,0.8301897607046982,0.733015873015873,0.9197123234780779,1.0928410667133426,0.9931132265163707,0.9221105841708543,0.492149198480539,0.9413003930975197,0.9589228971878664,0.8577294761817851,0.9738055293446773,1.121605336611501,0.8429556680257864,1.1320331510416242,1.1163278453094483,0.9693111004890267
2016-02-16,0.9849489799757912,0.7132305892876518,0.8675058631120829,0.9817221316890553,1.4985847553578648,0.9653736526946108,0.5628891656288917,0.6470588235294118,0.6175882744836775,0.846608343447146,0.7530158412698413,0.9377916589772872,1.0982076011206954,1.0083046386126115,0.9362436871859297,0.5081291701070433,0.9515352212060438,0.9874796416475462,0.8819127578025188,1.0007297684382457,1.1172073045807798,0.8547949120355153,1.1452588848854768,1.1303964155617157,0.9853208768010143
2016-02-17,1.0035714029701173,0.7139186983011047,0.8945530888238906,1.0151948469500112,1.5369995147594016,1.002603436605051,0.5678704856787048,0.6760935143288085,0.6355762824783477,0.8575161832174484,0.7692063492063492,0.9356532258097439,1.1001395535073424,1.024913895582619,0.9305904208542715,0.5270044478729026,0.9542444324429731,1.0144927706500921,0.8954189085599562,1.0256952023067307,1.1566794993956955,0.8781948709017304,1.1750727824462501,1.1588608508153884,1.0015593974925967
2016-02-18,1.0086734691664931,0.7223139732510133,0.9014084169983142,1.023122638185422,1.5843105539830165,1.0153605831814632,0.5570776255707762,0.6444193061840121,0.6129247168554297,0.8392795855180187,0.7606348888888889,0.9278771564517332,1.118815071778793,1.0192424755771212,0.928077858040201,0.5239977608909434,0.9708006932329712,1.0072034644781453,0.8784450082131775,1.008219444688823,1.137658102396639,0.9224180004852147,1.1699170103134497,1.140784244952892,0.9968864082044401
2016-02-19,1.0142856373906726,0.7264886866040681,0.9016576504428151,1.028848293327461,1.6081682167408007,1.0234314241083051,0.5471149854711499,0.6372549019607843,0.614257161892072,0.8346210695461636,0.7619047619047619,0.9348756013778305,1.1179564906720294,1.0151914120962409,0.9261934673366834,0.4732182358613061,0.9732089412038247,1.0091758767757837,0.8764373060777515,1.0272316288787011,1.149752649249675,0.9268055275939975,1.1616229284549893,1.146607990029897,0.9968604561915692
2016-02-22,1.0418367081164106,0.7251123997635086,0.9022808960882128,1.0750935917198856,1.6631621916700363,1.0627440770632648,0.5545869655458696,0.6557314856711915,0.6202531645569621,0.8453016112873172,0.7790476507936508,0.9562597192118919,1.1242889583404305,1.028357322834866,0.9437813756281407,0.42271712396267963,0.9801324509291856,1.0399622327419413,0.8841029019894142,1.0744738653398027,1.17822987943584,0.931610890218285,1.180228666661541,1.1556872309789445,1.0112692739489872
2016-02-23,1.0301020400484173,0.7394715338924953,0.906643341394366,1.0779564192909052,1.669632066316215,1.0695131996875815,0.5379825653798257,0.6289592760180995,0.5996002664890073,0.8232587246163225,0.752698380952381,0.9350699637455281,1.1170978237007152,1.023698643380568,0.9409547424623116,0.44136967901883034,0.9677905187299662,1.0389332043655501,0.8641175762000365,1.0618759271670033,1.1595382350589851,0.9220697659187899,1.1472763697091153,1.1383304177121647,0.9986745505964308
2016-02-24,1.0372448714988551,0.7556198276102363,0.9173625233442906,1.0777361594362476,1.7234128184391426,1.0768029419422025,0.5458696554586966,0.619909539969834,0.5949367088607594,0.8269514526314862,0.752698380952381,0.9255443609164922,1.12654289205845,1.0241037477031345,0.9428391959798995,0.4667594610213988,0.9759180320313656,1.0307863473905639,0.8769848512502281,1.0639883408658433,1.1751511877455039,0.9248555379860863,1.1513113617728903,1.144399586410363,1.0031084525412233
2016-02-25,1.0551020394106623,0.7766767873507072,0.9336906543553289,1.0834618145782868,1.7424181156490095,1.1088258266076545,0.5583229555832295,0.6323529411764706,0.6155896069287142,0.8422338179244673,0.7819047301587302,0.9282659589476275,1.1417838283091946,1.0330160225443796,0.9607412060301508,0.4716592214367743,0.982841692268462,1.039361941176898,0.8830078846504836,1.0661200931738415,1.1882353333117757,0.9366947819958152,1.1678995030733132,1.1545257167622007,1.0144920032968616
2016-02-26,1.042601988709133,0.7478668088424041,0.929452788378931,1.0539528958379212,1.7242215527699152,1.097891122103619,0.5666251556662516,0.6530920060331825,0.6202531645569621,0.8535961628543083,0.7987301587301587,0.9344867988819362,1.1353440084865087,1.025724124482968,0.9494346733668342,0.4490534482498848,0.9831426555345376,1.0404768112470901,0.8843767475816755,1.0662736421146404,1.1865860534332948,0.9194930195554849,1.1499663270574687,1.1534133265309316,1.0125947872878536
2016-02-29,1.0459183406653485,0.7518121295864232,0.9211018227183664,1.0623211186963224,1.7395875454913061,1.0921635251236659,0.5533416355334163,0.6481900829562594,0.6289140572951365,0.8495057129983931,0.7841270158730159,0.9121306164877647,1.1292261592621262,1.01701438154779,0.9318467336683418,0.36636971493196946,0.9647801937152258,1.0213532028011902,0.8823690819492609,1.061069386178776,1.1755910008441233,0.912528746083397,1.1405514427134849,1.1414713885592283,1.0043715286440844
2016-03-01,1.0670918605333708,0.7843380316421329,0.9606132010240608,1.07685536225501,1.7775980186008897,1.1064826868003126,0.5853051058530511,0.6753393665158371,0.592271818787475,0.8785932876129238,0.8282539682539682,0.9471228994386256,1.1507996490458225,1.0482074346406205,0.9434673680904523,0.3644209065338227,0.981336454505224,1.0433924788320688,0.91741193648476,1.11199879061293,1.207476675342826,0.9357893916230764,1.1786595117987109,1.1758903693330303,1.0283446640177416
2016-03-02,1.0609693606895572,0.779108198533961,0.9629814173134208,1.0691477427879323,1.773149939344925,1.09190312418641,0.6160232461602324,0.7058823152337859,0.614257161892072,0.8760367770472269,0.8288889206349207,0.9636469860740083,1.1488676966591755,1.0587401470273476,0.9415829145728644,0.37566814446542945,0.9683924452621178,1.0399622327419413,0.9194196021171747,1.1142457641594852,1.2089059991942606,0.9492304951383939,1.1869535936571713,1.1759557687366502,1.032555024252774
2016-03-03,1.0683673451947107,0.7924121440941764,0.9753209157925621,1.074432966306981,1.8188435099069955,1.0942462639937516,0.6450809464508094,0.7356711915535445,0.6342438374417055,0.8824565303384495,0.8298412380952381,0.9675350110329513,1.1446818105545091,1.0552967197751006,0.93875625,0.3613028776847591,0.9578566839898649,1.0446788350512062,0.9262639167731338,1.1090221657736266,1.20483788471153,0.9596769053465256,1.1735036275834203,1.1654370407492596,1.0361676663892951
2016-03-04,1.0619897943369951,0.7890632312884344,0.9680916751305619,1.0717903105042943,1.8503840679336838,1.0804478000520699,0.6409298464092984,0.7409502262443438,0.653564290473018,0.8910350666734448,0.8295237777777779,0.974144672903279,1.1430718287661656,1.0548916964733988,0.9331029836683417,0.3413697046313016,0.9479229094544577,1.044507348902261,0.9400438401168096,1.10450923150785,1.1917537391452582,0.9596769053465256,1.1663303706269812,1.1629341893120322,1.0395931252081945
2016-03-07,1.0747448960524262,0.7805303336183197,0.9622335050891123,1.065624289804008,1.8491710473109582,1.0799271023171049,0.6425902864259029,0.7341628582202112,0.6582278481012659,0.8825701765124379,0.8282539682539682,0.9733670484713657,1.1456477438155575,1.0662345567396103,0.9356156092964825,0.3655902105036678,0.947320832410571,1.044164316575214,0.9296404818397518,1.0808112216614023,1.162506943238272,0.9760428853274707,1.143913872586553,1.1372016522737758,1.0405131801248098
2016-03-08,1.0400509938762503,0.7653913159994737,0.9522622353634962,1.0178375027526978,1.7775980186008897,1.0827909398594118,0.6243254462432545,0.7164404223227753,0.642238507661559,0.8612657797689859,0.793968253968254,0.9535381017406318,1.1400665802311167,1.0623861061856614,0.9221105841708543,0.3516146987211125,0.9458157451590684,1.043306774347768,0.9219748129220661,1.075933402216294,1.1647059207709485,0.9685215605131711,1.1578121686211127,1.1352549460576957,1.0288176989303341
2016-03-09,1.0625000239158158,0.7677310261075516,0.9637292422885737,1.0292887469720327,1.8204609785685404,1.1017964071856288,0.6210045662100457,0.7156862745098039,0.6229180546302465,0.8516645869409251,0.781269873015873,0.9484837081742555,1.1467210292308903,1.0605631367341124,0.9340452261306532,0.3722717080532837,0.9352799236821214,1.0385043903738582,0.9227961671837926,1.0744161971079846,1.1820781258519448,0.9778536660729482,1.1844877564562262,1.1536913991415054,1.0340156905723235
2016-03-10,1.0619897943369951,0.7679603499029333,0.9521375563204205,1.0350143140277472,1.8091387788111604,1.1002342619109609,0.6234952262349522,0.7266214177978884,0.6162558294470353,0.857970688376987,0.7825396825396825,0.9430404149113611,1.1499409820745086,1.0743366837013708,0.9293341708542714,0.36831848435461634,0.9334737828575019,1.0469942110711414,0.9232524183245118,1.0733792136426432,1.179989043869897,0.976321511980542,1.1667787005877899,1.1660914339413562,1.0341767950460785
2016-03-11,1.0834183652189193,0.7797504547160373,1.0067305743463577,1.0502091829993394,1.8338050141528508,1.1280916948711275,0.6612702366127023,0.7775264328808446,0.6435709526982012,0.8745597006122099,0.8253968253968254,0.9733670484713657,1.1560588312988906,1.0775775182819023,0.9579145728643216,0.3872494469738492,0.9406983461559798,1.0728067655191942,0.9331995254608505,1.0938892624112548,1.202968747761476,0.9914339784506992,1.1896435510055245,1.1889938215214777,1.0511326411832513
2016-03-14,1.0864795641204195,0.7743829988876594,0.9945157424461272,1.0546134992292449,1.8499797816417307,1.1408487373079927,0.6525529265255293,0.776395173453997,0.6275816122584943,0.872003190046513,0.8225396825396826,0.9696734442004946,1.1555222315234996,1.07514691260172,0.9453517587939699,0.3844097922802965,0.9425044568782522,1.0738358625003357,0.9355721482022268,1.1011100532573965,1.2082463180290155,0.9943589593804292,1.1918851559765713,1.1949974910270817,1.0498071917796823
2016-03-15,1.0742346919838088,0.7803927154856908,0.9970085380652423,1.0517506716582252,1.8370400323493732,1.1356417339234575,0.6355334163553342,0.7598039215686274,0.6202531645569621,0.8637086441606944,0.8073015873015873,0.9716174372398413,1.1565955169388324,1.0617783889361634,0.9277638505025125,0.1865812743903806,0.9355809471528913,1.0706628670726108,0.9543712356269393,1.108119626930921,1.2168224480535168,0.9956125843195927,1.2013001299865473,1.1914640239693246,1.0478787571526715
2016-03-16,1.0793367326699812,0.7909900044222407,1.0037391996607554,1.0739925126624092,1.8831378892033968,1.1494403020046864,0.6077210460772104,0.7281296757164405,0.6242504996668887,0.855243663100928,0.7987301587301587,0.9630638017702916,1.1528389643198231,1.0520559054497853,0.9120603329145729,0.18674832895050122,0.9391932589044774,1.0710916810643025,0.9670560321226501,1.1028384774587416,1.233424999453271,1.008357107273685,1.2183366236642765,1.204158506586869,1.0537472465731468
2016-03-17,1.0739795134188899,0.7761721493012597,1.0093481237935389,1.0706892534683992,1.837444359078043,1.135121010153606,0.6135325861353258,0.720965346907994,0.6222518321119254,0.8687081043356867,0.8206349206349207,0.9667574060411626,1.1456477438155575,1.0437512668371736,0.9214824120603015,0.16531180405417134,0.9280553603836434,1.0679186856365777,0.9655046906369775,1.0743586441012458,1.2206707054646744,1.0240267225858826,1.2252857828898054,1.2069231552165247,1.0606969587994906
2016-03-18,1.1081632115264486,0.7941095934326011,1.0224354472478332,1.102180114512222,1.8540233724221593,1.1585524602967978,0.6276463262764632,0.7266214177978884,0.6302465023317789,0.895352814558509,0.834285746031746,0.9825039265650063,1.1538048975808715,1.058335042704781,0.9249372173366834,0.15022271213064436,0.9069836873274025,1.0866992531798365,0.9665997444789195,1.0602243965019733,1.2253985780780179,1.0243749571523075,1.1990585250155004,1.2066286092457414,1.065370011503145
2016-03-21,1.1089285686497814,0.8028718148980973,1.0253022426036804,1.103721625192689,1.879498584714921,1.17130960687321,0.6243254462432545,0.719079939668175,0.6215856095936043,0.887910404774221,0.8234920952380952,0.9850310844679449,1.1514436117085673,1.0694753913201416,0.9444095477386935,0.1613585692196469,0.9145092740966504,1.086870739328782,0.9665085234531849,1.0638731196272861,1.2297966101087392,1.035100000977784,1.2073526068739608,1.2139738155497781,1.0664200162108102
2016-03-22,1.090816247683259,0.7998899174215969,1.0224354472478332,1.0876458709535346,1.8730287100687424,1.1614163238739912,0.6122872561228726,0.7055052413273002,0.5976015989340441,0.8760367770472269,0.8203174603174603,0.9791990664696553,1.1525168971239004,1.0741340910296555,0.9541456972361809,0.17756123571621707,0.9151113511405372,1.097847550828852,0.9739003467786093,1.0763558365615287,1.2341946531345132,1.031408943001851,1.2120600490459528,1.2117816857125048,1.065484352245093
2016-03-23,1.0693876768013348,0.8020460831644387,1.0110931069016662,1.0770755340233429,1.8883947027901333,1.156730018224421,0.6110419261104193,0.6787330316742082,0.5889407061958695,0.8753550647572989,0.8022222222222222,0.9673405709047546,1.1645379663955773,1.07514691260172,0.9481784233668341,0.18613585124267756,0.9142083108305745,1.1130262574991319,0.9685161160795767,1.0939277091794122,1.2373832293804254,1.0126053210559318,1.209818421658408,1.2073811522556974,1.0586801354434028
2016-03-24,1.0331632389499175,0.7929626992010772,1.0044870121717433,1.0535124421933497,1.871411200970481,1.1470971361624578,0.5960979659609796,0.6613876696832579,0.5829447035309794,0.8692193871328397,0.7914285714285714,0.950622141341799,1.1624986618546453,1.0749443199300044,0.9447236180904522,0.1731068984485446,0.9066827240613267,1.1027355706823123,0.9643183062602665,1.1195076902475862,1.2429907281910082,1.0303642393025763,1.2151983363551149,1.2028660937739108,1.0582798796909865
2016-03-28,1.0436224223565707,0.8084228105041344,1.0157047856523203,1.0614402334287603,1.853214799838253,1.140588414475397,0.5981735159817352,0.6640271870286576,0.586275816122585,0.8739915492786832,0.7847618730158731,0.9467340969427313,1.161640070014813,1.0700831085696396,0.9353015389447236,0.1606904233622353,0.9057796235466699,1.10556553378299,0.9599379813834642,1.1135927701916393,1.2500275508530254,1.0334981414721955,1.2001793275010237,1.1999706447011307,1.0588569129015568
2016-03-29,1.0548468608457433,0.8294797748321824,1.0264239676022449,1.08192030389782,1.9094217953902144,1.1621973184066652,0.589456205894562,0.6579940045248869,0.586275816122585,0.880752161555456,0.7866666984126983,0.9340979769459171,1.1714071197039202,1.0800081239620847,0.9437813756281407,0.1613585692196469,0.9253461491467142,1.1133693584309292,0.982661069538237,1.140459398665929,1.2769653967113381,1.039974971515425,1.226406585375329,1.2183579754353506,1.068192485618402
2016-03-30,1.0556122434792794,0.8257638466971987,1.0261747341577439,1.0863246421493065,1.9122523655479173,1.1710492059359543,0.5902864259028643,0.6455505656108597,0.580279813457695,0.8891034907600616,0.7958730158730158,0.9457621101431204,1.1696898716258424,1.0779826226044689,0.9444095477386935,0.15072382569964948,0.922335884336668,1.1120829421826348,0.9998174484394963,1.149735050204172,1.2611324989928256,1.033567853849651,1.2340281947090743,1.2277806867627068,1.0728394594781896
2016-03-31,1.0461733916792504,0.8168639382854196,1.0223107806689227,1.0720105703589518,1.9082086130206226,1.1663629002863838,0.5865504358655044,0.6387632352941176,0.5742838107928048,0.8918304308185335,0.793968253968254,0.9401244545125282,1.161318013551959,1.071703485349473,0.9309044912060301,0.14643651515245495,0.9220348608658981,1.1053939876048882,0.9946157693009674,1.1400369643206942,1.2545354784343754,1.0547391964548838,1.2380631867728495,1.2186524216171593,1.0706511252690796
2016-04-01,1.0081632395876725,0.8041104790184509,1.0221862013391674,1.0352344857960802,1.8608976951071574,1.160114579536579,0.5836446658364467,0.6436651583710408,0.5749500333111259,0.9079650231118049,0.8104762222222222,0.9418740657440526,1.1719438053438618,1.0877051263460629,0.9434673680904523,0.1564587921004858,0.9139072873598046,1.114141127569324,1.0037415221755794,1.1493701669452583,1.2760857815091518,1.062191017819932,1.245684796106595,1.2267663465603227,1.0774293266424009
2016-04-04,1.0043366835628398,0.7957152040685421,0.9836718814531268,1.0383175952433386,1.9260008491710472,1.14839888049987,0.5811540058115401,0.6312217194570136,0.5702864756828782,0.8963186025152005,0.7949206666666667,0.9428460525436635,1.1655038996566254,1.1018837978911038,0.96482408919598,0.14537861986485678,0.926550273132141,1.1104536822703568,1.0140536959299142,1.139172751259813,1.2374932018964224,1.059057115650313,1.2425464863809352,1.2192085668383066,1.0739725863098002
2016-04-05,0.9931122195634637,0.7881915824973224,0.9931446718255764,1.0385377670116713,1.9348968054993934,1.1359021348607135,0.5541718555417185,0.6006787330316742,0.5502998001332445,0.8825701765124379,0.7739682222222223,0.9236002901166465,1.1693678151629883,1.0986429633105723,0.9849246545226131,0.15996658708352157,0.9211318205559356,1.0894434431914635,1.0020988866581493,1.1256338293965682,1.2338648125518905,1.044641020813177,1.2230441555022606,1.2069558058417897,1.0630776795158563
2016-04-06,0.9923469644809448,0.7821360130679147,0.9926460927590892,1.0394186522792337,1.9324707238172258,1.136943452225983,0.5595682855956828,0.6093514328808447,0.5662891405729513,0.8816611661933605,0.7752380952380953,0.934681239010133,1.1744123682389689,1.1267976934737227,1.0342336683417086,0.19025610722975142,0.9566526202091323,1.0979332638887467,1.0125935389669647,1.156245295996147,1.250247418919651,1.0447803341397126,1.2355973495719044,1.2198629600304032,1.0742480949410014
2016-04-07,0.9785714291180757,0.7900725027997523,0.9756948282801386,1.0085883946267342,1.9130610998786899,1.1364228586305651,0.547530095475301,0.5810708898944194,0.5489673550966023,0.8545051731733854,0.7530158412698413,0.9123250566159614,1.1728023971836943,1.1225440373211268,1.0288944095477388,0.19771713147938313,0.9542444324429731,1.0879856093989744,0.9905092170104034,1.135792798313856,1.249477765238409,1.0324535422370231,1.220802460865222,1.2110128672844036,1.0613831290425761
2016-04-08,0.9821428320881931,0.7987888714338722,0.9856661977190752,1.0193790134331644,1.949049777598059,1.1585524602967978,0.5633042756330428,0.5984162895927602,0.5642904730179881,0.8537665923470835,0.753968253968254,0.9150466740872215,1.170977786218263,1.121328785119076,1.0207286432160805,0.18747214295750078,0.9548464191798187,1.0777806270664556,0.9916043438583684,1.141880490694681,1.2163826349548974,1.0401142848419607,1.2199057785271066,1.2091643092502982,1.0643407561385165
2016-04-11,0.9880101788772913,0.8012662042621562,0.9781877111484092,1.0251045804888792,1.9409623938536191,1.1551678989846395,0.5745122457451225,0.6003016591251885,0.5829447035309794,0.8646744321173859,0.7653968571428572,0.9142690496553081,1.1695825194715577,1.1150496276088642,1.0015703203517587,0.17455455987011492,0.9509331441621569,1.0833547801787602,0.9948895418872058,1.1444346792683318,1.1983507597037084,1.039417815709111,1.2174400309921536,1.2041747820050142,1.061424690104549
2016-04-12,0.9997448469452845,0.8152583276494784,0.987785080850614,1.0268663510240037,1.958754508693894,1.1624577453788076,0.5865504358655044,0.6033182503770739,0.5962691538974016,0.8766617116995408,0.7803174603174603,0.9286547614435219,1.176344320625616,1.1209236605412936,1.0037688128140703,0.17811803413859573,0.9632751064637234,1.087385317833931,1.007848183975178,1.1583384863109083,1.2161627778833242,1.0420642744498718,1.2250616627423974,1.2156097003769297,1.0716803177380092
2016-04-13,1.018877499518431,0.8242957899678097,1.020441230695205,1.057916780444836,2.0113223615042455,1.193439208539443,0.6259858862598588,0.6546003393665158,0.6322451698867422,0.9081354526045802,0.8215872698412698,0.9531492992447375,1.1792423028709305,1.1334818742856365,1.0219849560301506,0.18429842368713506,0.9563515666360154,1.0956178792932179,1.022449352071546,1.1807114019830824,1.2150632836194597,1.0532070493267511,1.2407531217047048,1.2297272948256972,1.0824401349667678
2016-04-14,1.050255024228188,0.8306725861211595,1.0203165641162946,1.067826513983704,2.0250708451273756,1.2160895339755273,0.6230801162308012,0.6515837481146304,0.6335776149233844,0.9141574840550508,0.8307936507936509,0.9484837081742555,1.1789202356750077,1.143406970698946,1.0254397613065327,0.18017817326798974,0.9626730595221835,1.097504518501805,1.0229968972440227,1.1920994672201655,1.2186915850035707,1.0527196058978925,1.2409773539346032,1.2321484714411595,1.08262731828439
2016-04-15,1.0436224223565707,0.8170933308944551,1.0267978800898214,1.0460251046025106,2.028709987868985,1.2246810986722207,0.618098796180988,0.6523378205128205,0.6302465023317789,0.9005794818638909,0.8177777777777778,0.9379860213449849,1.182569522004283,1.1371278131887343,1.0207286432160805,0.1789532178523424,0.9599638181829072,1.091930373965094,1.0024639532761452,1.2019704444944364,1.2054975548817226,1.0566195781494414,1.2474781607828254,1.2416365838080206,1.0815617045276231
2016-04-18,1.0438774733704725,0.8337921063178659,1.0250529094458591,1.0251045804888792,2.020218317832592,1.2262431137724552,0.6276463262764632,0.667043778280543,0.6369087275149901,0.9034200680963511,0.8168253968253968,0.9494556949738666,1.1906193236153122,1.144622222900997,1.0241834484924621,0.18563473767367247,0.9738108677359761,1.0960466246801592,0.980835955466326,1.2201375237824323,1.2144035254888463,1.0622606257332856,1.2656354569460782,1.2540856428043714,1.08863622729068
2016-04-19,1.0545918098318416,0.8178273569653611,1.0235572719597181,1.0321514864567276,2.0400323898099475,1.2270242384795627,0.6400996264009963,0.6726998491704375,0.6449033977348434,0.9240426673322879,0.8399999682539683,0.9696734442004946,1.2094021940410473,1.1517116093115578,1.0329773555276383,0.18624721538149613,0.9948825407922172,1.1191149891165852,0.9756342763277971,1.2058305019378641,1.2346344662331326,1.0028553799806499,1.2640663020832483,1.2333426362831683,1.0919941096192376
2016-04-20,1.052550942536966,0.8088815957222056,1.017075843808706,1.0262056375247743,2.035584310553983,1.2249413954699298,0.6567040265670403,0.7058823152337859,0.6582278481012659,0.9486421554677388,0.8701587301587301,0.980754315333482,1.21906197744042,1.146040169050844,1.0436557788944723,0.18669263852919912,0.9819385315491109,1.1485292157745544,0.9776418689541888,1.2156053642121594,1.2360637900845672,1.0175500039710288,1.2461331260674038,1.231281405042109,1.0928257118714788
2016-04-21,1.020663188248388,0.7995687503361547,0.9894053849156657,0.9903105263157896,2.007278568540235,1.2426451444936215,0.6471564964715649,0.7039969834087482,0.653564290473018,0.9392114716688679,0.8653968253968255,0.9729782265353465,1.2189546252861354,1.1464451923525458,1.0439699120603014,0.18569040582326038,0.9765201090752524,1.1402110098601232,0.9670560321226501,1.2117837516164711,1.2472787877057325,1.039766050275536,1.2503922382785868,1.241865632222094,1.0871495455427616
2016-04-22,0.9747448475830397,0.7711257871570931,0.9573724931806371,0.982602928870293,1.7792155276991508,1.230148398854465,0.6484018264840182,0.7122925716440422,0.6602265156562293,0.9473355085254969,0.8793651111111112,0.9840590976683339,1.216271358082459,1.1492810036313754,1.0449120603015076,0.2003340690311558,0.9738108677359761,1.1502444374389467,0.9644095637890127,1.1916193627226945,1.2156129922687078,1.034194610605045,1.1607262461168741,1.1758249699294105,1.0872015763994993
2016-04-25,0.9438775269418999,0.7694742594636986,0.9279570511794696,0.9674080598987008,1.7767892842701172,1.2197343920853945,0.6313823163138232,0.6840120286576169,0.6602265156562293,0.9379047395090391,0.8739682857142856,0.9819206645007906,1.2183106626233908,1.1387482709894323,1.0430276067839197,0.19576836762466476,0.9632751064637234,1.147242928160167,0.9589341120642453,1.2025657683100464,1.210555268077689,1.0363535214528454,1.1681237353032115,1.1829901520158737,1.0852315172950182
2016-04-26,0.941836659647024,0.7815396097172147,0.9267106471378295,0.9599207223078619,1.779619813991104,1.2022910700338454,0.6438356164383562,0.7028657239819004,0.675549633577615,0.9421656188577294,0.8746031428571428,0.9898911156666236,1.211870842800705,1.1351023320863345,1.0380024811557789,0.20172605116728112,0.9566526202091323,1.1511877527554433,0.9522723124657784,1.1846674592014064,1.1958219415884093,1.038233903147403,1.1531046367831286,1.1584355060373654,1.0872638862847095
2016-04-27,0.9364795424367465,0.7728232410830945,0.9171132898997897,0.9621228584012332,1.7889204205418519,1.1864097891174175,0.6438356164383562,0.7171945701357466,0.6795469686875416,0.9483012964821884,0.8739682857142856,0.9900855557948203,1.2103681380351645,1.1405712404409811,1.0364321608040201,0.19443205363812738,0.9647801937152258,1.138838880551935,0.892681146194561,1.1648679535665438,1.197251265439844,1.0479142363093317,1.1418963877629145,1.1546729905655349,1.0890571679310368
2016-04-28,0.9176020429183153,0.76107898451379,0.8975445507586483,0.9438449900902884,1.758592883137889,1.1470971361624578,0.6459111664591117,0.7337857843137255,0.6722185209860093,0.9333597844935853,0.8644444444444445,0.9799766909015686,1.2072556124773126,1.1290257875030543,1.0336055276381908,0.19626948119366988,0.9548464191798187,1.1325787313902862,0.8653951450994707,1.1560916299098503,1.2834525217191597,1.0242357482898738,1.1185832970503633,1.1304291659759553,1.0790043337038984
2016-04-29,0.8849489315064049,0.7366272591362008,0.8778511450385962,0.9176392424576085,1.70117266477962,1.1614163238739912,0.6313823163138232,0.7149320889894419,0.6695536309127249,0.9323372188992792,0.8590475873015874,0.9716174372398413,1.2029623742183615,1.110796052477133,1.02732408919598,0.18574610181249102,0.950331097220617,1.1292341297553028,0.8554480379631321,1.2666885537985253,1.2927983054249028,1.016366084445047,1.1179107348596564,1.1336845604231385,1.0735412392901762
2016-05-02,0.8783163041245841,0.7303881545167108,0.8790975490802363,0.9286500330323718,1.729478366356652,1.1457953137203856,0.6330427563304276,0.6968325791855204,0.6715522984676883,0.944097200452285,0.8653968253968255,0.9834759133646174,1.2101535088580768,1.1201134316409445,1.030150722361809,0.18179287811382366,0.9587597544021748,1.1328359906282826,0.8545354991786822,1.3132777962917808,1.3036833854980776,1.0117000351472953,1.1344989882425691,1.1421911811549443,1.0819255389922025
2016-05-03,0.8821428856596203,0.7227268368240543,0.8776019115940953,0.9451662188945167,1.7141123736352608,1.1231449882843012,0.6044001660440017,0.6538461538461539,0.6429047301798801,0.9268264702459613,0.8536507619047619,0.9720062397357356,1.209509546195332,1.1156573448583622,1.058417116834171,0.1992761681756291,0.9479229094544577,1.1359232129669563,0.868589158605585,1.2892150184114988,1.2911490255464222,1.0037607703533886,1.1158932500360177,1.1326211943883693,1.0725380622496155
2016-05-04,0.8471938304287289,0.7074043482412028,0.8612737805830569,0.9123541070248844,1.6510312171451678,1.0846133819317887,0.5927770859277708,0.6485671568627451,0.6295802798134577,0.9093853162280351,0.834285746031746,0.9513996880132132,1.2044649931193514,1.1101884162484994,1.0489950376884423,0.19370823963112782,0.933172759386732,1.1322356390340826,0.8595546997627305,1.2884084755028535,1.2980758866874949,1.0045964483486718,1.1179107348596564,1.1380850938799458,1.0661705224881788
2016-05-05,0.8369898000767908,0.7056611148850558,0.8617723596495441,0.9194010129927329,1.6639709664375253,1.0812288206196303,0.5848899958489,0.628582202111614,0.6209193870752832,0.9063174376475983,0.8307936507936509,0.9517884905091075,1.211548775604782,1.0956046403808921,1.0543341708542713,0.192037866635706,0.9241420853659816,1.1346367967186624,0.8508851615258259,1.2657283448035834,1.295327123540202,1.0200571424209803,1.1194798897224862,1.1474586828577122,1.065915699264717
2016-05-06,0.8426019938111735,0.6946967418056105,0.8539199730554666,0.9257872935476767,1.7056207035988677,1.0864358240041656,0.5811540058115401,0.63763197586727,0.6269153897401732,0.9024542801396597,0.8333333333333334,0.9529549174369153,1.2100461567037921,1.0856795439675824,1.0546483040201005,0.16642537862721452,0.9108970225497585,1.1323213435183832,0.8461398065340391,1.2942657273269822,1.3137988118900104,1.0257677909539047,1.129567313840679,1.1633104101045806,1.0692995970216435
2016-05-09,0.840306075502396,0.6985962097182532,0.8575345933864668,0.9337150847830875,1.7040031945006067,1.0984118458734706,0.5840597758405978,0.6304675339366517,0.6122584943371085,0.894841446543769,0.8285714285714286,0.9502333194057799,1.22056459634141,1.095807152031743,1.0621859296482412,0.15629175424415073,0.9304635481498028,1.1377240104817425,0.8467786092352619,1.3054041286232902,1.3110500487427175,1.0261160255203294,1.12239405688424,1.1662223325375702,1.0701053106765117
2016-05-10,0.8614795698602151,0.7000642664476423,0.8641405884030691,0.9458269323937459,1.7323089365143551,1.115594845092424,0.5770029057700291,0.646681749622926,0.6309127248501,0.9170548479251256,0.8453967936507937,0.9603422037391564,1.2307609795161742,1.1075552178966015,1.0615577575376884,0.15540088567703053,0.943708580863679,1.1454421220697872,0.8525278335462676,1.350188289590299,1.3249038369951789,1.0444320995732876,1.143689730022647,1.1830391778482583,1.0834641242460639
2016-05-11,0.8382653102483338,0.6723094122820334,0.8425775329959792,0.9315128606033913,1.731904650222402,1.0963291070033845,0.5550020755500207,0.6297134615384615,0.6262491672218521,0.9056925029952845,0.8368254285714286,0.9541213638048477,1.2275411125371065,1.1000608081843388,1.0414572864321607,0.14671491714760856,0.9416014466706366,1.1207443690871763,0.8442234349333819,1.369699684516229,1.314128652472633,1.0373285127746643,1.1443622025473617,1.1701320220237603,1.0731045622499227
2016-05-12,0.7992346734889113,0.644187542787183,0.8172753028564638,0.9044263378110549,1.676506227254347,1.0731580577974487,0.5454545454545455,0.6259426847662143,0.6295802798134577,0.8980229712981941,0.8326984126984127,0.9564541593400886,1.2260384829030477,1.0962122766095255,1.0423994660804021,0.13880845861441674,0.9452136982175285,1.1125975807169404,0.8244204781894506,1.3787256740341154,1.3224849144305086,1.0365624357284613,1.1546737692294606,1.1668930027836968,1.072922708433131
2016-05-13,0.8038265101064667,0.6544178209820685,0.8258756016748497,0.9160977317771416,1.6829761019005256,1.082009919291851,0.5334163553341635,0.6180240950226245,0.625582944703531,0.882513307976064,0.8219047301587301,0.9377916589772872,1.2188472731318507,1.0913510652491607,1.0423994660804021,0.14420934930258297,0.936785071138318,1.1062515984370844,0.8260631137068809,1.363343106730969,1.3173172287185453,1.02876248426109,1.1450347647380685,1.1628360394941728,1.063826159644152
2016-05-16,0.8193877086890891,0.6646481679906078,0.826498760071092,0.9469279894296411,1.7035989082086533,1.0994532673782869,0.5338314653383146,0.6172700226244343,0.6289140572951365,0.882740606005213,0.8320634603174603,0.9383748238408792,1.2282924166210671,1.106947601923184,1.0483668655778895,0.15061246156083088,0.9452136982175285,1.1203155636710782,0.8567256433655778,1.3647641968393027,1.3047828687668896,1.0408803618881637,1.1618471382683897,1.1720951034469602,1.0742480949410014
2016-05-17,0.8326530144731374,0.6578585036766401,0.8156549863272473,0.9616824047566616,1.6910634856449656,1.0986722468107264,0.5317559153175592,0.6093514328808447,0.6289140572951365,0.8785932876129238,0.8304761904761905,0.9257387232841898,1.2217452446440966,1.1002633400904058,1.0373743404522613,0.161915362074097,0.9346778466382345,1.1110539138062439,0.853166599744479,1.3352090542346418,1.2902693993491832,1.0307124738690012,1.1322572711890324,1.155310908761537,1.0641380266674914
2016-05-18,0.8318877593906183,0.652903980234957,0.827869818227478,0.965866571239815,1.7104730691467853,1.1168966935693831,0.5487754254877543,0.6315987933634992,0.6635576282478348,0.908646735401733,0.8647619047619047,0.9457621101431204,1.2191692437301542,1.107352625224886,1.0417712939698491,0.15512249481773402,0.9346778466382345,1.1192007021764798,0.862931155320314,1.3393955500892436,1.2935679591061449,1.0261160255203294,1.1389822878506548,1.1559653035895183,1.0643563651876182
2016-05-19,0.8201530913226253,0.6455179813839431,0.8150317406818495,0.9491301035014315,1.666801496158512,1.097891122103619,0.5587380655873807,0.6331071266968326,0.6682211858760826,0.8788773632796872,0.8447619365079365,0.9405132570084226,1.2112267942734096,1.1055297367942016,1.0483668655778895,0.14621380357860345,0.9250451256759443,1.1148271922234183,0.8596458842854535,1.341450412701763,1.2843320709510304,1.0093321055597773,1.1279981813943472,1.1456428736019617,1.06041110720452
2016-05-20,0.8165815608014909,0.6423983923735828,0.8127881909714001,0.9491301035014315,1.6704408006469875,1.0984118458734706,0.568700705687007,0.63763197586727,0.6768820786142572,0.8777979291490074,0.8498412698412698,0.9477060837423422,1.2089728605553902,1.1162649810869958,1.059673429648241,0.15295099154952144,0.9385911818605904,1.1228882675337597,0.8689541887205694,1.3496697402450886,1.2902693993491832,1.0254892687649353,1.1347231083899774,1.1610528808636873,1.0667942560150585
2016-05-23,0.8094387548612563,0.6337737248146385,0.8144084950364516,0.9458269323937459,1.6619489688637281,1.0989325436084354,0.5720215857202159,0.6383861236802413,0.6775483011325782,0.8831382426283776,0.8517460317460317,0.9467340969427313,1.2038210411896757,1.1124164292569663,1.057474811557789,0.14593540158344984,0.9443106579075659,1.118428924462491,0.8799963496988502,1.3380512344513094,1.275096259761284,1.022146445355427,1.1214973745461247,1.1520555143143538,1.0645695005181113
2016-05-24,0.8201530913226253,0.6375355700070753,0.8334787548244265,0.960801607575424,1.7068337646583098,1.1142931267898986,0.5853051058530511,0.6549774132730014,0.7101932045303131,0.8952959460221351,0.8701587301587301,0.9564541593400886,1.209509546195332,1.1261899762242247,1.0709798366834171,0.14537861986485678,0.9512341676329269,1.1370379458276483,0.8934112064245301,1.352358371520957,1.2941176567603405,1.0328713847168016,1.156467133905691,1.1779843493524442,1.0791342834949482
2016-05-25,0.8206631933504287,0.638223679020528,0.8339773338909137,0.9579387800044044,1.6829761019005256,1.107263707367873,0.5965130759651307,0.6783559577677224,0.7275149900066622,0.916089059968434,0.8819047936507937,0.981726302133093,1.2165933286807626,1.1458375763791286,1.0788315954773868,0.15100222769480307,0.9623720059490666,1.1441557058214928,0.9091075378718744,1.360328037043926,1.2962067387423883,1.0564106569095522,1.1683478554506197,1.1864582213058956,1.0866609649965653
2016-05-26,0.8038265101064667,0.626158397580666,0.8243798644753885,0.9416427659105925,1.6663970481196928,1.0879979432439468,0.5944375259443753,0.6806183634992459,0.7215189873417722,0.9045562855458178,0.8704761904761905,0.982698288932704,1.2117634906464203,1.1421916172208146,1.0813442211055275,0.15000000055679283,0.9668873580106152,1.1403824274043184,0.9163168826428181,1.3729259732963075,1.3135789438233847,1.061633862013618,1.1631920609013213,1.1845769128575505,1.0864322840324683
2016-05-27,0.8073979385867872,0.6407468600926114,0.8328555091790286,0.9495705571460031,1.6752931661949049,1.1020568081228848,0.5936073059360731,0.6836349547511313,0.7268487674883412,0.9063174376475983,0.8739682857142856,0.9885303069309935,1.213480738724498,1.1440146069275796,1.086997518844221,0.1582405292347262,0.9993979530584601,1.1491295673687543,0.9157693009673298,1.3677984899104245,1.312589345110149,1.0644195296168126,1.1728311774752034,1.1985473332919585,1.091089664271523
2016-05-31,0.8140305914788114,0.6377649626161109,0.8276205847829771,0.9570578947368422,1.63606951071573,1.1059619890653476,0.5678704856787048,0.6711915158371041,0.7048634243837442,0.9060333619808348,0.8688889206349206,0.9860031490280551,1.209509546195332,1.1395584188689167,1.0898241520100502,0.15840757265898978,0.9897652019938228,1.1462996042680764,0.9112976820587698,1.3880588766586792,1.3063221761293735,1.0706874384201528,1.1880743961426947,1.2035531375912725,1.0899928318967538
2016-06-01,0.8150510251262494,0.654509590870898,0.822136314764939,0.9581589517727375,1.619490456934897,1.1075241083051288,0.5608136156081361,0.6644042609351433,0.698201199200533,0.9088171648945083,0.8726984126984126,0.9914463645304503,1.2104754901894492,1.1409763650187636,1.091394472361809,0.1658685969086215,0.9978928658069576,1.1536746234999176,0.8985216280343128,1.3816255224826015,1.305992335546751,1.0621213124067501,1.1847118766036344,1.2009848851145406,1.091230019922041
2016-06-02,0.8079081426554046,0.6440499200669771,0.8218870688562733,0.9348161418189826,1.6300040841083703,1.097891122103619,0.5666251556662516,0.6613876696832579,0.7028647568287809,0.9048971445313682,0.8660317777777777,0.9935847976979937,1.2288290271295272,1.150901380411209,1.0951632851758795,0.16375277849378245,0.9942804938506773,1.1666237186637192,0.8917685709070998,1.39852517774856,1.3076416044301795,1.0690159779654844,1.176417817161672,1.1948503170127223,1.0943123936193975
2016-06-03,0.7859693421946596,0.635884042313681,0.8111678869063484,0.9154371283858181,1.5992720986655884,1.0853944024993492,0.5541718555417185,0.6432880467571644,0.7001998667554963,0.8843881062518325,0.8425397142857143,0.9756998440066066,1.231726998641773,1.147255421252895,1.089510018844221,0.1607461026476803,0.9954846178361041,1.1734842194195678,0.8935937214820223,1.3933400261308588,1.302583891234213,1.0647677641832372,1.1609504559302746,1.1816650902135353,1.0911259587283644
2016-06-06,0.797448959248751,0.642857177591654,0.8127881909714001,0.9090508478308742,1.5940152850788516,1.0874772194740954,0.5550020755500207,0.6463046380090498,0.6962025316455696,0.8922849359780721,0.8523809523809525,0.9815319397653953,1.2425673444792817,1.157990665545689,1.0970477386934674,0.16063473850886176,1.0054184525762055,1.1847182301284775,0.9000729695199855,1.395625327379656,1.306102308062748,1.0636534595348828,1.1685720652640201,1.1721932532648196,1.0964695092105048
2016-06-07,0.8255102085329028,0.6585466815037468,0.8267480932289133,0.9271085223519049,1.6728669227658715,1.1213225722468108,0.5591531755915318,0.6512066365007542,0.698201199200533,0.8815475200193723,0.8419047619047619,0.9772550734303086,1.2421380861251063,1.1545473193143065,1.0942211055276383,0.13719375376858284,1.0135459658776047,1.1743418302517636,0.9037233071728418,1.3898832967940844,1.2947774148909539,1.0678320654037765,1.1678995030733132,1.1723569006393886,1.0978833478629502
2016-06-08,0.829336662516922,0.7015322543633774,0.8274959057399014,0.9216031270645233,1.677719450060655,1.132517573548555,0.5587380655873807,0.6429109728506788,0.6908727514990006,0.8785365042941369,0.8425397142857143,0.9720062397357356,1.2428894009421358,1.1671055330586497,1.1070979899497488,0.13318485078447045,1.010234798006177,1.204013316147729,0.9029020259171382,1.395452556975196,1.3017042650369741,1.0724981147015282,1.1665545804403816,1.191382249358585,1.1015168656537049
2016-06-09,0.852040845611203,0.6915313687775276,0.8413311414185041,0.9337150847830875,1.68499789729074,1.1504816193699559,0.5396430053964301,0.6300904600301659,0.6795469686875416,0.8701851750895313,0.8279365079365079,0.9552877129721562,1.2557690513205764,1.1581932582174044,1.1089824434673368,0.14187081931389245,1.0048163755323185,1.2064144738323088,0.9093812739551014,1.3973921964287406,1.3035734129820806,1.0684588221591704,1.1571396064304056,1.1918729951761127,1.0996247254835354
2016-06-10,0.8454081161885685,0.6820350524274713,0.8341019007565039,0.9257872935476767,1.6162556004852406,1.1359021348607135,0.5159817351598174,0.5935143288084465,0.6369087275149901,0.8515509350857644,0.8107936825396825,0.9397356325765093,1.255876403474861,1.1506988485051417,1.108354302763819,0.1344097894963322,0.9777242330606791,1.1940657216871133,0.9018981565979193,1.378687227265958,1.2822430659343507,1.0611463141206576,1.1540013191212437,1.1768718593322007,1.089535469448761
2016-06-13,0.8112244435912132,0.6690981221964973,0.8013211840463225,0.8934155472362917,1.5232510311362717,1.09763082530591,0.50186799501868,0.5723981900452488,0.6215856095936043,0.8443926918669995,0.801904761904762,0.9325428058425896,1.253515117602557,1.136520197215317,1.0910804648241206,0.13240534635616882,0.9533413319283163,1.1842037116524853,0.8883007483117358,1.3735597438800748,1.252886209550947,1.0535552838931759,1.123963189330572,1.1751541998943094,1.080693680987545
2016-06-14,0.7744898016711785,0.6832277994903716,0.7667954343713537,0.861264060779564,1.476344439951476,1.0382713095548035,0.4898298048982981,0.5554298642533937,0.602931379080613,0.8305306140090759,0.780952380952381,0.9113530698163504,1.2570570517775475,1.1393559072180657,1.0989322236180903,0.1344097894963322,0.943407557392909,1.1823170724438978,0.8893958751597006,1.3813566370781658,1.2637713665894899,1.0520231367650432,1.1170141421875333,1.1750070275158349,1.0787496367916334
2016-06-15,0.7778061026069871,0.6719882497841683,0.7623083349504549,0.856419268883506,1.4799837444399515,1.0398333506899247,0.49481112494811125,0.5588235294117647,0.6069287141905396,0.8303601901974732,0.7847618730158731,0.9094090184566294,1.2494365836521752,1.1361150726375344,1.0926507851758793,0.13173718936290013,0.9416014466706366,1.177085960234234,0.8864756342398248,1.371677772658349,1.2600330047289612,1.0493766780242824,1.1138757652123792,1.1760702921257447,1.0767639686380504
2016-06-16,0.7433673024651198,0.6703826391482273,0.7524616320904288,0.837260515304999,1.4638091791346544,1.0356677688102056,0.5014528850145289,0.5618401206636501,0.6075949367088607,0.8330303469371584,0.7958730158730158,0.9107698077521347,1.2519051358142135,1.1646749273784673,1.091394472361809,0.12483295796771855,0.9422034334074824,1.1890918687154457,0.8902172294214273,1.3779191311254702,1.2577240546802877,1.0520231367650432,1.129567313840679,1.1620671212770972,1.0801374600157099
2016-06-17,0.7484693686614957,0.6601522921396878,0.7463542161403135,0.8370402554503414,1.460978608976951,1.0346264514449361,0.5209630552096306,0.5889894419306184,0.6409060626249167,0.8274059521098521,0.8034920317460318,0.905909776553456,1.2394548189214298,1.132064009156654,1.0747487751256282,0.1227171506887366,0.9506321206913869,1.1807735255915142,0.8699580215367768,1.3565640926800557,1.2426608106430175,1.058499959843999,1.1237390691831637,1.1315742051966047,1.076618409797899
2016-06-20,0.7579081184207113,0.6605652245263827,0.7413685376529277,0.8388020259854659,1.4573393044884755,1.0419161676646709,0.5330012453300125,0.6146304298642534,0.6842105263157895,0.839393231692007,0.8222222222222222,0.9123250566159614,1.2508318503988805,1.1371278131887343,1.0835427135678393,0.12538975082216866,0.9599638181829072,1.187891285585359,0.8678590983756159,1.371197668160878,1.246509145019543,1.0697820550116877,1.12239405688424,1.1348296994327625,1.0828716088173878
2016-06-21,0.765816306994482,0.6655198167817198,0.7535834069456535,0.8515744990090289,1.4718965628790943,1.0549336110387921,0.5425487754254877,0.6338611990950227,0.7075283144570286,0.8428019692579941,0.8317460634920635,0.9181570940543758,1.2469679348925176,1.1393559072180657,1.091394472361809,0.120489968135079,0.9632751064637234,1.185061322484681,0.8752509947070634,1.3746736189613131,1.257614082164291,1.0728463492679532,1.1475005122730215,1.1384776898796138,1.0858084231547935
2016-06-22,0.7624999550382664,0.6575832582362283,0.7438613706645381,0.8489319312926669,1.4605741609381317,1.0481644884144756,0.5446243254462432,0.6361237179487179,0.7135243171219188,0.8416088832721534,0.837777746031746,0.9131026810478748,1.2499731834275662,1.1553575482146556,1.082600533919598,0.120489968135079,0.9557495196944755,1.182574331681894,0.8719657236722029,1.3646489775211637,1.2524464844127483,1.0649766854231264,1.14301727991443,1.1409642675345808,1.0840151415084662
2016-06-23,0.7737244700580492,0.6583631417260876,0.737130709069025,0.8436467958599428,1.4929234937323088,1.0307211663629265,0.5695309256953093,0.6726998491704375,0.7448367754830113,0.8672878112194565,0.8663492380952381,0.9313763789147818,1.259847585270958,1.168320866281565,1.0863693467336684,0.12388641011515333,0.9741119815137872,1.1936369162710152,0.8769848512502281,1.3866954547821635,1.265310673951974,1.0818999256744877,1.1636404132786278,1.1481784754534288,1.0985020050311922
2016-06-24,0.690050977294618,0.6491421350425202,0.7041007090576825,0.7747192248403436,1.4403558026688232,0.9973965373600626,0.47779161477791615,0.555052790346908,0.592271818787475,0.8059311315547977,0.7784126984126984,0.8886080849262847,1.241064714845223,1.131861497505803,1.0668970163316585,0.11286191159704081,0.926249219559024,1.1773432108966366,0.8523453184887754,1.3422954004581475,1.232325516184459,1.0208928204162635,1.1170141421875333,1.1045821055486043,1.059044032803681
2016-06-27,0.6446428406978867,0.6356087968732691,0.6937554271311693,0.7346399691697864,1.4896886372826528,0.9570423847956263,0.43586550435865506,0.523001508295626,0.46835443037974683,0.7925803421751996,0.7495238412698413,0.8749999781298596,1.2509392025531652,1.12031602431266,1.0615577575376884,0.10428730163850886,0.933172759386732,1.1757996726198467,0.8399342945793029,1.3277001526795678,1.1981308916370828,0.9993732432446059,1.0856310000979377,1.0931964109511378,1.0398790402186628
2016-06-28,0.6829081458441799,0.6489127424334845,0.7068427879779589,0.7634881744109228,1.5256773150020217,0.9744858109867223,0.43794105437941055,0.5343137254901961,0.48634243837441704,0.8090557934540212,0.781269873015873,0.8961897141560986,1.2689707581618708,1.1257849529225228,1.0816582600502513,0.11135857089002546,0.9524382314136594,1.1895206741315438,0.8540791750319402,1.3595599389830202,1.2391423938144825,1.0146946239903787,1.1082716407022721,1.1124670818666684,1.0583578625605954
2016-06-29,0.7066326605450852,0.6675382955782787,0.7190576697348497,0.798062144902004,1.517994379296401,1.0124967196042698,0.44167704441677047,0.5312971342383107,0.5063291139240507,0.8266105936459358,0.800952380952381,0.9131026810478748,1.2807771231249783,1.1555600598655065,1.0995602386934675,0.11286191159704081,0.9732089412038247,1.205042473158027,0.8614710713633875,1.374251067470581,1.2551952475600412,1.0339160884160759,1.1329298333797393,1.119125144564369,1.0763845256441684
2016-06-30,0.7221938336175042,0.6950179043034757,0.7265361936980109,0.8022462012772518,1.5349777193691874,1.0208278833637074,0.444167704441677,0.5177224736048266,0.5063291139240507,0.844108616200236,0.8247619047619048,0.9201011454140969,1.3019212794230177,1.1669030214077987,1.1058416771356785,0.1121380753183271,0.9918723662892123,1.2108738169035775,0.872421974812922,1.3742895123183205,1.256514598895479,1.05703742062922,1.1470521598957149,1.1321958496103464,1.0909857293890433
2016-07-01,0.748214266627187,0.6825396904769189,0.7321450804382994,0.8097335388680909,1.547108693894056,1.0309814631606353,0.45122457451224574,0.5245098039215687,0.5056628914057295,0.8422338179244673,0.822857142857143,0.9142690496553081,1.301813927268733,1.1735872022197125,1.11714824120603,0.11380846501753457,0.9891631550522829,1.2079581493185994,0.8750684431465596,1.3936089134557121,1.2555250771476112,1.0610071052582242,1.1468280397483066,1.143827065982096,1.0931116268819472
2016-07-05,0.7380101852548422,0.6629966357096364,0.7307740098177486,0.7844086985245541,1.5398302466639708,1.0208278833637074,0.42631797426317974,0.5052790346907994,0.480346435709527,0.8206453455142518,0.7936507936507936,0.8983281473236421,1.3123322917748694,1.174802535442628,1.1246859610552764,0.11108018003072895,0.9683924452621178,1.2139610392422517,0.8668552290563972,1.3982562923441244,1.2556349726982399,1.0563409514963702,1.1470521598957149,1.136858180259582,1.085626569857801
2016-07-06,0.7232142672649422,0.667446589915526,0.729652234962524,0.7835279013433165,1.5835018196522441,1.0187451444936215,0.42839352428393523,0.4890648567119156,0.47168554297135246,0.8270650988054744,0.7984126984126984,0.9068818605536909,1.3163035487024481,1.1982985861514803,1.1262563128140703,0.12839642666827084,0.975014991721403,1.2209930861762022,0.8717831721116992,1.4165194847116782,1.283122604171169,1.0611463141206576,1.151759691733699,1.1414713885592283,1.0914378886474025
2016-07-07,0.7499999808673474,0.6683181744805611,0.7412439084665123,0.8009248843866991,1.6348564496562878,1.037490184847696,0.4238273142382732,0.4751131221719457,0.4703530979347102,0.8351323523433166,0.8155555873015873,0.9097978209525237,1.3149082819557427,1.1906015837675021,1.123429648241206,0.1307906415103349,0.9735099044699005,1.2074436308426069,0.8755247672933018,1.4145222922513951,1.2737768204654256,1.062748173626246,1.151759691733699,1.137528848869824,1.0904866156325836
2016-07-08,0.7663265365733026,0.6797871167958,0.7461049328391525,0.8229464655362255,1.708451273756571,1.0554543348086436,0.4342050643420507,0.4890648567119156,0.4876748834110593,0.8543347436806104,0.8371428888888889,0.9290435833795408,1.3185574824204676,1.2021470367054292,1.1344220791457287,0.1294543386596546,0.9741119815137872,1.2114741684977774,0.8822777879175032,1.4322669371941565,1.2890599435643741,1.0757017292486029,1.172382825097897,1.1543294187623667,1.107120188886949
2016-07-11,0.7948979389056648,0.6740526456381805,0.749844169892403,0.8394626513983705,1.7509097856854023,1.0684717781827648,0.44665836446658364,0.5015082956259427,0.5109926715522984,0.864617648798599,0.8399999682539683,0.934681239010133,1.3194161493917818,1.2019445250545782,1.1353643844221106,0.1285634700925344,0.9810354912391483,1.2033273801275417,0.8850155502828982,1.4475727281064856,1.2959868816708153,1.0817606123479522,1.1788836319461191,1.1698049252166864,1.1108939360170247
2016-07-12,0.8841836509136822,0.6812551735251889,0.7883584399217834,0.885487756000881,1.7804285887585927,1.115334548294715,0.45952677459526775,0.5316742081447964,0.5296469020652899,0.8914895718329832,0.8688889206349206,0.9399299949442067,1.319308797237497,1.2072108407375095,1.1381910175879395,0.12928729523539104,0.9723057804844737,1.1993825555322652,0.8890308450447162,1.4368759864599085,1.296646551841008,1.0936694573067611,1.1927818383146866,1.1788840663767597,1.1186805176205403
2016-07-13,0.8788265337034048,0.6751078387945286,0.7873612817888092,0.871173772296851,1.773149939344925,1.1038792501952617,0.45122457451224574,0.5260180995475113,0.5183211192538308,0.8971707442979038,0.8622222222222222,0.9383748238408792,1.320167464208811,1.2061981001863096,1.140389478643216,0.12037862070004607,0.9726068641599378,1.2132749745881573,0.8840117174666909,1.426160021429253,1.284002230368408,1.1004945219164153,1.199506765310317,1.172896670653416,1.1188312796503255
2016-07-14,0.9153061246095376,0.6861639129491497,0.808425758129412,0.9024443955075975,1.7937727860897694,1.1239260088518617,0.46824408468244083,0.5482654600301659,0.5343104596935376,0.9234177326799743,0.8888888888888888,0.9513996880132132,1.322099416595458,1.20822368256479,1.159547675879397,0.1281737150944193,0.9753161054992141,1.2077865945649038,0.9015331264829349,1.4234138371466456,1.2896097291789905,1.1162337451419666,1.2046626495256074,1.1793911857655222,1.1247154415354004
2016-07-15,0.9155611756234394,0.6790990077823472,0.8106693078398615,0.8804228143580709,1.7966033158107562,1.1236657120541527,0.4703196347031964,0.5441176470588235,0.5329780146568954,0.9183047115485805,0.8892063492063492,0.9274883345157142,1.320167464208811,1.2078185579870075,1.1548366834170856,0.12728285209522766,0.978326280002219,1.21198868697377,0.9014418689541888,1.412352210320737,1.2848818565656468,1.1127516084059226,1.2037659671874925,1.1775916535638016,1.1236706400173688
2016-07-18,0.91913260410376,0.6755665551989459,0.8006979384009247,0.8830653600528519,1.7982208249090175,1.1241864097891174,0.4748858447488584,0.5482654600301659,0.5396402398401066,0.9279059100578136,0.8955555238095239,0.9385692056487014,1.321670083109801,1.1954628558935154,1.1507537374371861,0.13084632079577993,0.9708006932329712,1.2070148254265087,0.9110239094725315,1.4135620832564535,1.3124794605545727,1.1133087642122366,1.2095942118450078,1.2003796159079185,1.1263475552924742
2016-07-19,0.9186223745249394,0.6624460806027357,0.7960862097936106,0.8925346619687293,1.7784067933683783,1.1122103879198126,0.46990452469904526,0.5282805429864253,0.5283144570286475,0.9169980702875111,0.8949206666666666,0.9403188168802258,1.344316869041899,1.1881709780873198,1.1507537374371861,0.1310690435054885,0.9569536436799022,1.2227938836909882,0.9113889760905274,1.4210133146592914,1.3261133037750403,1.1113587746043254,1.1900918809663332,1.2055817182070667,1.124731050584502
2016-07-20,0.9163264562161618,0.6489127424334845,0.791349864464046,0.885487756000881,1.7695106348564498,1.0942462639937516,0.48028227480282276,0.5392156862745099,0.5356429047301798,0.9190432923748826,0.9136508253968254,0.9449844857112069,1.3431362207392126,1.1908041764392177,1.1520100502512562,0.1368040043383963,0.9662852809667283,1.226481457623862,0.9122102573462311,1.4320940477237813,1.3405167896816974,1.1237551744203684,1.2533064054403407,1.2125014783082213,1.1295339901835075
2016-07-21,0.8918366864327377,0.6421689997645472,0.8065561084423741,0.8482713058797623,1.7581884350990697,0.9716219734444156,0.48194271481942713,0.5444947209653092,0.5369753497668222,0.9092716700540469,0.9165079682539682,0.9389580081445958,1.3432435836265662,1.1908041764392177,1.1529522298994976,0.13630289076939117,0.9500300436475001,1.2251950413755677,0.9073736083226867,1.4296167507660273,1.3261133037750403,1.1174176577036745,1.2508405682393955,1.2083136180583676,1.125453515804228
2016-07-22,0.9275510222563513,0.6551518516405515,0.8051850378218234,0.8579607795639729,1.8706024262029923,0.9848998177557928,0.4790369447903694,0.5411010558069381,0.5343104596935376,0.9113168978225906,0.9180952380952382,0.9393468300806149,1.3419555831695948,1.1914118126678512,1.1538945351758794,0.12706012938551906,0.9539434089722031,1.232227088309518,0.9003468151122468,1.4304425151383335,1.3304013632897647,1.1286998503711916,1.2681012941470233,1.2150370801596881,1.1305787911817398
2016-07-25,0.9132652573146618,0.6486374969930726,0.8151564197249251,0.8579607795639729,1.8285483623129803,0.9726633949492319,0.4831880448318805,0.5429864253393666,0.5316455696202532,0.9118849639385306,0.9247618730158731,0.9354587856815472,1.340452953535536,1.1861454767297037,1.155150722361809,0.1272271672418541,0.9488259798667675,1.2154188730347408,0.8883007483117358,1.4203603206914452,1.3373282134357851,1.1327390384494473,1.2716879338334917,1.2101785512995928,1.127174081186078
2016-07-26,0.9323979098878084,0.6450133433344958,0.8292408888480287,0.8595022902444396,1.8730287100687424,0.9966154386878417,0.48028227480282276,0.5346907993966817,0.5276482345103265,0.915577777171281,0.927936507936508,0.9325428058425896,1.3432435836265662,1.1820944335040395,1.1567211683417085,0.1283407473828258,0.9530403084575463,1.2151616137967445,0.882186530388757,1.4126403210296692,1.332820285854435,1.129047980473514,1.2723603839417086,1.2079700462551997,1.1275379156506573
2016-07-27,0.9234693897074135,0.6156528097192918,0.8459429198824784,0.8487117595243339,1.8552365952284675,0.9757875553241343,0.48277293482772937,0.5139517345399699,0.5303131245836109,0.914611983533417,0.9212698412698412,0.9331259901463062,1.3391649638116339,1.1869556246091884,1.1573491834170855,0.1307906415103349,0.9515352212060438,1.2149900676186427,0.93949622193831,1.4147142879603518,1.356129742368216,1.1270283899165232,1.2595830024751626,1.213450320953896,1.126186513714418
2016-07-28,0.9270407926775309,0.6188640998048279,0.8532967274100688,0.8667694560669456,1.8499797816417307,0.9755272324915388,0.4678289746782897,0.49962292609351433,0.5223184543637575,0.9119986101125188,0.9161905079365079,0.9356532258097439,1.3358377339452125,1.1835122783778058,1.151695917085427,0.12878618166638592,0.9461167686298383,1.224251726059071,0.9521810184340208,1.4453257545599303,1.374381573646451,1.1238247753694484,1.260031332435971,1.2202228072517165,1.1279954049296461
2016-07-29,0.9056122217956066,0.5953298760497271,0.8378411876664145,0.8533362695441533,1.8410836635665182,0.9635511064826869,0.4798671647986717,0.5067873303167421,0.5489673550966023,0.9022269877916831,0.9120634920634921,0.9325428058425896,1.3441022398648113,1.1881709780873198,1.1586054962311558,0.12416480097444985,0.9659843177006527,1.2280250044762455,0.9509947070633327,1.4572323710626416,1.3627268398920345,1.1186015702653824,1.2705671089314705,1.2576518602763678,1.1298355142430776
2016-08-01,0.9081631911182859,0.5884025936031304,0.8432007911055419,0.8694120237833076,1.8511928427011726,0.9643322311897943,0.47073474470734744,0.4928355957767723,0.5323117921385743,0.8986478207329207,0.9047619047619048,0.9294323858754352,1.3459268508302424,1.1881709780873198,1.1717965138190956,0.11631402172670305,0.9620709824782966,1.2306834213988216,0.9677861288556306,1.4743816883489573,1.3667949653698175,1.1243819311757624,1.2683255039604238,1.2643426733883079,1.128400863351897
2016-08-02,0.8548468659477841,0.5653729711968616,0.8087996581528235,0.8013653160096896,1.8079255560048526,0.9252799010674303,0.4487339144873392,0.4743589743589744,0.5223184543637575,0.8866037635131516,0.8888888888888888,0.9272939721480166,1.340023620049879,1.1814867972754062,1.1429019786432162,0.11787304728709197,0.964178146773686,1.2277677452382494,0.9534586968424895,1.4606315473926772,1.353380979220923,1.1183230480764133,1.2683255039604238,1.2613817251229333,1.1212224062261593
2016-08-03,0.8540816108652649,0.5634461980630553,0.8114171203508493,0.803347280334728,1.8050949858471492,0.934131762561833,0.4574512245745122,0.4785067873303167,0.5363091272485011,0.8995568253708256,0.9022222222222223,0.9247667364845789,1.3298272476081838,1.1677132503081478,1.108354302763819,0.12449888782297702,0.9464178222029552,1.225280883069369,0.96541339660522,1.4492242606919334,1.347003914689519,1.1189498048318072,1.2770679157796927,1.2648334192058355,1.1247362537741357
2016-08-04,0.8566326822287581,0.5729424777124962,0.8114171203508493,0.8046685972252807,1.8010513950667204,0.9481905233012237,0.4578663345786633,0.4788838612368024,0.5303131245836109,0.8979093251242057,0.8977778095238095,0.9300155701791519,1.3293979141225267,1.1715617008620964,1.1039573492462311,0.12383073082970832,0.9536423553990862,1.2238230492768798,0.9661434933382004,1.460996432572009,1.3673447509844339,1.125078400308612,1.2864828001236766,1.262265066940129,1.1249753411174996
2016-08-05,0.8785713806486892,0.5920268160753613,0.8255016891872733,0.8295529178595024,1.8503840679336838,0.9854204113512107,0.4694894146948942,0.49585218702865763,0.5389740173217855,0.9208612221142775,0.920952380952381,0.9463452750067122,1.3334764480729084,1.2934981222098059,1.1130652952261306,0.12227170526931942,0.9638771534052633,1.2262241983858657,0.980835955466326,1.4710017334825822,1.376030853524932,1.1386587126863628,1.2992602040067205,1.2796217820538192,1.1346540623713857
2016-08-08,0.8762754368297082,0.58849436349196,0.8208899231874639,0.8244879762166925,1.8176304488475536,0.975006534756574,0.4715649647156496,0.5079185520361992,0.5562958027981345,0.9250653238253534,0.9244444761904761,0.9508165037094966,1.3271439804045073,1.2732429060814847,1.0970477386934674,0.12500000139198214,0.9449126446444116,1.2188491877296186,0.9889578755247308,1.4721156104842386,1.377240309309741,1.1284908246672003,1.3015018986437594,1.2788693388328378,1.1336247435912592
2016-08-09,0.8823979366735221,0.574226994664226,0.8100460621944636,0.8181017837480732,1.8002426202992319,0.975266831554283,0.4798671647986717,0.5177224736048266,0.5649566955363091,0.9285308390289548,0.9314285714285714,0.9512053062053909,1.3247826837991346,1.265748496369222,1.1017588567839196,0.15679286781315585,0.9545453957090488,1.2161907708070425,0.9929731337835371,1.4754763419665347,1.3750412548116961,1.1266105474367447,1.3046402083694193,1.2829590509007167,1.1340666233013472
2016-08-10,0.8719387532668685,0.5775759441705834,0.8081764125074257,0.803347280334728,1.7994338859684593,0.9630305128872689,0.48692403486924035,0.5361990950226244,0.5642904730179881,0.9214293734478042,0.9241270158730159,0.9366252126093548,1.324031379715174,1.268786718022822,1.1033291771356784,0.1521158078357748,0.9569536436799022,1.219363697630017,0.9855813104581128,1.4759564464640054,1.3730621343505927,1.1287694582845451,1.3006052163056443,1.2836460947180781,1.130817878525104
2016-08-11,0.8918366864327377,0.5811083600533693,0.8240059644519769,0.808192050209205,1.7966033158107562,0.9695392345743296,0.4927355749273557,0.5365761689291101,0.5669553630912725,0.9309169257830491,0.932698380952381,0.9377916589772872,1.328431894996928,1.2888394225002922,1.1039573492462311,0.13635857005483618,0.9638771534052633,1.2231369846227855,0.9849425077568901,1.4811031513135493,1.373282090377639,1.138867633926252,1.306881813340466,1.2839241673286519,1.1361718353865118
2016-08-12,0.8908162527852996,0.5809248523887486,0.8149070741029388,0.8004844307421274,1.7982208249090175,0.9507940640458216,0.49937733499377335,0.5373303167420814,0.5642904730179881,0.927451404898275,0.9260317460317461,0.9311820165470843,1.322528750081115,1.2831679012187138,1.098618090452261,0.13875277932897173,0.9608669186975641,1.225280883069369,0.9872239459755431,1.4836381184235394,1.3730621343505927,1.1278640679118062,1.2988118740459118,1.2812576668809708,1.1352673900387973
2016-08-15,0.9150509715548222,0.5895494878346543,0.8241306310308876,0.8130367319973575,1.8091387788111604,0.9601666493100756,0.4997924449979244,0.5411010558069381,0.5649566955363091,0.9405181186111097,0.9415873015873016,0.9383748238408792,1.3127616252605263,1.2825602852452964,1.1027010364321608,0.14805121999828885,0.9626730595221835,1.2144755491426502,0.9990874612155503,1.47582200184137,1.3622870377884675,1.127376624482948,1.302846843693189,1.2799817274282224,1.1384380885299337
2016-08-16,0.9374999760841842,0.5946416982226204,0.8226348938314262,0.8134771856419292,1.789324706833805,0.9507940640458216,0.5026982150269821,0.5365761689291101,0.5649566955363091,0.9410861847270495,0.9603174603174603,0.9416796256158558,1.291510191939684,1.2768888449845825,1.0926507851758793,0.14810689928373388,0.9584587309314048,1.2098447885271866,0.9981748129220661,1.4672761187413725,1.3556900172300173,1.1191587260716964,1.287603625025698,1.2713115591108217,1.1322004985595466
2016-08-17,0.9336733945491481,0.5966143930014569,0.8394614917314661,0.8260294648755782,1.8050949858471492,0.959385524602968,0.5006226650062267,0.5267722473604827,0.5622918054630246,0.9411998309010378,0.9641270158730159,0.9449844857112069,1.3020285564458205,1.2819526490166628,1.103643184673367,0.1670378563350382,0.9581577074606348,1.2152474554905457,0.9967147289651397,1.4684092172066894,1.3674547235004306,1.117348049790321,1.2902936496235453,1.275842891374869,1.1343161170239784
2016-08-18,0.9354591087893084,0.6056977769648184,0.8438239370376192,0.8163400132129488,1.8245046097856854,0.9591252278052592,0.5026982150269821,0.5267722473604827,0.5669553630912725,0.9434154881623569,0.969841238095238,0.9434292368473801,1.2956960780443505,1.2888394225002922,1.105213536432161,0.1625278397819207,0.9623720059490666,1.2191921514519153,0.9954371235626939,1.468082778795515,1.3623970103044645,1.1237551744203684,1.2911902422956683,1.271900453110324,1.1368111784822923
2016-08-19,0.9308673742125669,0.6125791423539617,0.8359715504435417,0.8097335388680909,1.822482814395471,0.9463680812288467,0.49522623495226237,0.5109351432880845,0.5622918054630246,0.9443812761190484,0.969841238095238,0.9457621101431204,1.2871095907933796,1.2833705141456453,1.098618090452261,0.16002226636896658,0.9557495196944755,1.218077281381723,0.9979923343675854,1.4543517440778164,1.3585486759279388,1.1145622777230246,1.291638594672975,1.2684977848598067,1.1351738615355846
2016-08-22,0.9183673235110377,0.6012478227589287,0.8333540882455158,0.8062101079057477,1.822482814395471,0.9445456651913564,0.5002075550020756,0.5094268476621417,0.5649566955363091,0.9445517056118236,0.9714285714285714,0.9453732882071012,1.2786304556966932,1.2872189646995942,1.0942211055276383,0.1741091255865548,0.961167942168334,1.2185060867978212,0.9902354809271765,1.4585190165483397,1.3650358009357604,1.1142837555340555,1.2927593971584983,1.2631485085462992,1.1345343921286073
2016-08-23,0.9285714559037894,0.6098265686728428,0.8394614917314661,0.8079717903545475,1.8342095026283864,0.955219968758136,0.5089248650892486,0.5279034690799397,0.5782811459027315,0.9435291343363451,0.9752380634920635,0.9410964413121391,1.2819577606945962,1.2878266819490922,1.1020728643216082,0.1737193761563683,0.9593618314460616,1.2178200307193205,0.9933382004015331,1.4642227194316695,1.3674547235004306,1.1160944318154309,1.2976910491438907,1.2630339851572048,1.136748741246287
2016-08-24,0.9349490067615049,0.6164326886215742,0.8465660658145558,0.8097335388680909,1.8479579862515163,0.9544389481905754,0.5110004151100042,0.5350678733031674,0.5842771485676216,0.9390978254948795,0.9812698412698413,0.9453732882071012,1.2741225882606544,1.2706097077295868,1.0935929648241207,0.17004454331699742,0.9391932589044774,1.1994682600165658,0.9858550830443512,1.4542365228392595,1.3576691266960679,1.1076677166283924,1.2990360838593122,1.2590424229071853,1.1307918630967349
2016-08-25,0.9367346954914619,0.6256537641187956,0.8518009902106074,0.803127086544814,1.8564496562879091,0.955219968758136,0.514321295143213,0.528657616892911,0.5776149233844105,0.9425064778432797,0.9831745714285715,0.9405132570084226,1.2726199693596643,1.2623050691169753,1.0920226130653268,0.1731068984485446,0.9328717359159621,1.1774290525904378,0.9816572367220295,1.4580196905872083,1.362177054277418,1.1047427356986623,1.3039676461787124,1.2586661006897777,1.129248075173039
2016-08-26,0.9242346703001358,0.6256078424737653,0.838464346062657,0.7947588636864128,1.8358270117266478,0.9442853423587609,0.5126608551266085,0.5271493212669683,0.5769487008660893,0.9429041996840314,0.9892063492063492,0.9430404149113611,1.2776645224356449,1.2730402931545532,1.0935929648241207,0.17165923702697425,0.9268512966029109,1.1715975802109804,0.9759080489140355,1.4768014342203903,1.3739417605478317,1.1025838248508621,1.3008293588695503,1.2588787738967315,1.12746519938618
2016-08-29,0.9227040070738773,0.621937835983812,0.8355976379559653,0.8048887689936138,1.854427860897695,0.9489716480083312,0.5168119551681195,0.5248868778280543,0.5796135909393737,0.9480172208154249,0.9971428571428571,0.963452604266186,1.2871095907933796,1.2762811277350847,1.1027010364321608,0.16842983847116352,0.9316676721352295,1.1771717933524415,0.9748129220660704,1.4811991491680276,1.391313965628828,1.1123337659261443,1.3023984913158824,1.2631485085462992,1.1333596408195261
2016-08-30,0.9451530116032395,0.6316175590717966,0.8419543870639018,0.8183219555164061,1.8892034371209059,0.9679770892996616,0.5292652552926526,0.5426093514328809,0.5942704863424384,0.9622201519777263,1.02190473015873,0.9840590976683339,1.2822797420259684,1.2702045831518045,1.0954774183417086,0.16842983847116352,0.9325707124451922,1.1737414786575637,0.9673298047088885,1.4740744733218616,1.3836173738411448,1.1101051496651617,1.2976910491438907,1.2581427058828698,1.131145418013043
2016-08-31,0.9260203590300928,0.6341866572013333,0.8417050539060806,0.8092931072451003,1.8997169429842296,0.9601666493100756,0.5413034454130344,0.556184012066365,0.6069287141905396,0.9627315256736387,1.0177778095238095,0.9875583201313826,1.2808843894147126,1.2718250409525023,1.0929647927135677,0.1616369712148005,0.9196266730997388,1.1667095603575204,0.9682423799963497,1.4771086492474859,1.386696065531481,1.1064838040666845,1.2880519549865064,1.2548054370359725,1.1284579700474735
2016-09-01,0.9244898233548514,0.6257913868390015,0.8383397667329017,0.8108346179255671,1.9122523655479173,0.9526165061181986,0.5454545454545455,0.553921568627451,0.6082611592271819,0.9573343436578947,1.013015873015873,0.9803654933974629,1.278093855921302,1.2740531349818338,1.0891959798994975,0.16213808478380562,0.9148102975674202,1.1640511434349443,0.9739916408103668,1.4799125017619115,1.3872457631856767,1.1110801409869806,1.2909661221482602,1.2576355848582226,1.128411269211365
2016-09-02,0.9318877058191911,0.6256078424737653,0.8501806861455558,0.8185421272847391,1.9247876263647392,0.9604269461077846,0.5508509755085097,0.5618401206636501,0.6202531645569621,0.9611407178470465,1.0123809206349206,0.982698288932704,1.2806697709706936,1.275673511761667,1.0920226130653268,0.16013362493985664,0.9313666486644596,1.1715118757266798,0.983117393684979,1.4834076759464254,1.3909841250462054,1.1111498533644362,1.2927593971584983,1.2620197447437949,1.1331517715743653
2016-09-06,0.942857093294462,0.6192770321915227,0.860027389005582,0.8108346179255671,1.9413666801455722,0.9619890913824526,0.5458696554586966,0.5452488687782806,0.6082611592271819,0.9619929448473368,1.007936507936508,0.971811877368038,1.2852849905610173,1.280939908465463,1.0920226130653268,0.164086848638524,0.9431065339221391,1.166023495703426,0.9828435480927177,1.514960130077285,1.4263881284130224,1.116721293034927,1.2914144745255667,1.276121063774417,1.1365304661416584
2016-09-07,0.9885203829459086,0.6698320840413264,0.8853296316092623,0.8566395507597446,1.9915082895268903,1.0070294194220255,0.5566625155666252,0.5482654600301659,0.6042638241172552,0.9639245207607199,1.0060317777777776,0.9675350110329513,1.2837823716600272,1.2734454177323358,1.0942211055276383,0.16854119704205353,0.9422034334074824,1.1576194480951938,0.9888665814929731,1.5065294662954265,1.4409016747960972,1.1257051570640058,1.29253527701109,1.27656268560647,1.1363640950627716
2016-09-08,1.003826453984019,0.6699238539301561,0.8889442519402623,0.8652279453864787,1.9809948241002828,1.0091121582921116,0.5670402656704027,0.5576923076923077,0.6149233844103931,0.9752300880529464,1.0171428888888887,0.9700622661365137,1.2822797420259684,1.280939908465463,1.090452292713568,0.1668151336253296,0.9403973226852099,1.1614784395722628,0.9629494068260632,1.5057229253071993,1.432325544771596,1.1073194820619674,1.2873794824617915,1.2683342356383274,1.1338379423372502
2016-09-09,0.9818877810742912,0.652032331443845,0.8582824183616197,0.8313146883946267,1.9053780428629195,0.9721426711793806,0.5699460356994603,0.5754147812971342,0.6095936042638241,0.9576752821798595,1.002857142857143,0.9471228994386256,1.2689707581618708,1.265748496369222,1.0709798366834171,0.1562360693907772,0.9196266730997388,1.1458707988519783,0.9411388574557402,1.4597865596362924,1.3974711620936062,1.0842677507979037,1.260031332435971,1.2427162236250502,1.106033890242242
2016-09-12,0.9780611995392552,0.6506101917719093,0.869874091865608,0.8465095573662189,1.927213910230489,0.984639416818537,0.5749273557492736,0.5697586726998491,0.6115922718187875,0.9718213504869595,1.0234921269841268,0.9436236769755768,1.278952522892616,1.2799270868933985,1.0882538316582915,0.15935412051155498,0.929560447635146,1.1622502172862514,0.9622194196021172,1.4815832558110202,1.4149533396905993,1.1023747991468709,1.2788611907899308,1.2580281824937756,1.1222672077441909
2016-09-13,0.9533162767011154,0.6361134349227164,0.8515517567661065,0.8264699185201497,1.9045692680954307,0.9669356677948453,0.5616438356164384,0.5501508295625943,0.6002664890073285,0.948755801641727,0.998730126984127,0.9129082409196781,1.2623162340306155,1.2519749291467477,1.0690955087939698,0.15328507839804859,0.9184226093190063,1.1487007619526561,0.9851249863113707,1.4614573136854012,1.3986806288734677,1.0851034357574605,1.267204611808908,1.2427653476105247,1.1056232286303573
2016-09-14,0.9283162773388706,0.6154693387552864,0.83073662604749,0.8174410702488439,1.879498584714921,0.9591252278052592,0.5562474055624741,0.5475113122171945,0.5962691538974016,0.9439836394958836,1.0019047301587303,0.9043546054501285,1.264999501234292,1.2426574689620715,1.0659547424623115,0.15244987798051632,0.9187236327897762,1.1464711504461782,1.0199853622923891,1.4616109797716976,1.4048378363332987,1.0728463492679532,1.2611521349214945,1.2473458054959312,1.1049734796751087
2016-09-15,0.9288265069176911,0.6112028555134023,0.832730842600118,0.8211847830874257,1.8883947027901333,0.9630305128872689,0.5699460356994603,0.5565610859728507,0.5989340439706863,0.9548914792661862,1.014285746031746,0.8971617981563336,1.2732639212893404,1.2635204023398907,1.0722361494974875,0.15239420983092838,0.9235400083220948,1.162936281940346,1.0546632597189267,1.478126526474246,1.4112150657904916,1.0840588365222878,1.2819995005155909,1.2625104905613223,1.1161439585157518
2016-09-16,0.9053571707817047,0.5995962904779574,0.8188956069215154,0.8097335388680909,1.8746462191670035,0.9526165061181986,0.54337899543379,0.504524886877828,0.5716189207195204,0.9430746291768065,1.002857142857143,0.8831648694238894,1.2691853873389585,1.2614948402166262,1.0659547424623115,0.15189309626192327,0.9211318205559356,1.187462480169261,1.048731520350429,1.4950838518924408,1.4191315146497476,1.0713838030889005,1.2833445128145144,1.257799134079702,1.1119335343454226
2016-09-19,0.9040815840795514,0.596201529428416,0.8187710275917602,0.827350803787712,1.883946623534169,0.955480369695392,0.5334163553341635,0.4890648567119156,0.5716189207195204,0.9442677151626471,1.0031746031746032,0.8944401029245743,1.2628529196705574,1.2422524456603696,1.056846796482412,0.15089086355598452,0.9280553603836434,1.1806876924733067,1.0365030114984486,1.4885159378686477,1.4145134496266119,1.0785569978008773,1.2761712334415773,1.2525970317805537,1.1119128489376833
2016-09-20,0.8966837016152117,0.5951463362720678,0.8164028113024002,0.8286721206782648,1.8782855236554792,0.9586045300702943,0.5338314653383146,0.4683257918552036,0.5742838107928048,0.9457447859164916,1.0063492380952381,0.9051322298820418,1.2659654344953404,1.254608066732997,1.0618718907035176,0.14660355857671853,0.9379891349190507,1.178886886382927,1.0364117539697024,1.498348468374761,1.414403554075983,1.0756320168711473,1.2734812760932241,1.261937870344081,1.11224546478426
2016-09-21,0.8844387019275841,0.5986787888554691,0.8313597719795672,0.8379211407179036,1.8871814799838253,0.960947669877636,0.547530095475301,0.4781297134238311,0.5942704863424384,0.9489262311345023,1.0133333333333334,0.8909409582220249,1.2762692556889397,1.2700020715009535,1.0766331344221105,0.1501670272772708,0.9458157451590684,1.1998113609483632,1.0362292754152218,1.5166308841263936,1.428697155427064,1.0831534461495493,1.2947768819821368,1.26980647309091,1.1243880288784571
2016-09-22,0.899234670937891,0.5866134753025686,0.8231334728979134,0.8478308742567717,1.9150829357056205,0.9718823743816716,0.5616438356164384,0.4901960784313726,0.6015989340439707,0.9545506202806359,1.0234921269841268,0.8888025250544815,1.2821723898716837,1.2764837204068002,1.0725503140703518,0.1494988814198592,0.9497290201767302,1.2095016875953892,1.0459938309910568,1.545360379504246,1.430236462789548,1.0871927386919071,1.2961219166975586,1.2877849307714315,1.1316963089642484
2016-09-23,0.9068877064569463,0.6133590212562441,0.8197680984755791,0.8539968949570579,1.9207440355843106,0.9695392345743296,0.5570776255707762,0.4807692307692308,0.5882744836775483,0.9381320375381881,1.013015873015873,0.8891913469905005,1.275195884409056,1.2752683871838848,1.076004962311558,0.15434297368564676,0.9494280569106545,1.2049566400398197,1.028563606497536,1.547376795348608,1.4069269183153463,1.0793230748470806,1.2873794824617915,1.2872778097467843,1.1252040220815966
2016-09-26,0.8910714058400151,0.5974401247351157,0.8051850378218234,0.8377009689495706,1.8847553983016578,0.9599062483728197,0.5425487754254877,0.44683257918552033,0.5782811459027315,0.917395706910676,0.9850793968253968,0.8724728202269211,1.264140834262978,1.258861722885593,1.0565326319095478,0.1441536644492094,0.9385911818605904,1.1981819724021785,1.0301149479832086,1.53472118894399,1.3997801231373324,1.0723588013749927,1.2754987833333606,1.2665184280184616,1.1155410372276076
2016-09-27,0.9183673235110377,0.6149647007058391,0.8225102272525155,0.8634661748513545,1.9619894864537,1.0033845613121584,0.5321710253217102,0.4494720965309201,0.5769487008660893,0.9254061771297312,0.9952380952380953,0.8765552269936865,1.2795964748222919,1.2673688731490556,1.0625000628140704,0.146325167717422,0.9449126446444116,1.2073577891488056,1.0320313560868772,1.5672722969175308,1.4149533396905993,1.0917891800763055,1.2990360838593122,1.2809141948667773,1.1227297733818173
2016-09-28,0.9142856909620998,0.6088632142189782,0.8251276894505414,0.863906628495926,1.9611807521229276,0.9911481385055976,0.5367372353673724,0.4638009049773756,0.580946035976016,0.9285876223477417,1.0085714285714285,0.8808320738886484,1.2814210750546544,1.282155160667514,1.067525188442211,0.14710467214572365,0.950331097220617,1.20409915784153,1.0398795035590436,1.5914887408841094,1.4208906021184367,1.1023747991468709,1.3008293588695503,1.2785421422367895,1.1286763719830981
2016-09-29,0.9137754868934824,0.5979906798420164,0.8140345950130401,0.8595022902444396,1.9328750101091792,0.9932309815152305,0.5130759651307596,0.43288084464555054,0.5589606928714191,0.9030223462555994,0.9853968571428572,0.8625583177013669,1.2586669477013404,1.2540004305043635,1.0464824120603016,0.13947660447182836,0.9334737828575019,1.1861761925548737,1.0237269574739918,1.5921225114678768,1.4083562421667812,1.1011212856360828,1.2867070323535748,1.267827116249565,1.1181555152667078
2016-09-30,0.933928573114067,0.6058813167424776,0.8208899231874639,0.8667694560669456,1.9652243429033562,1.0124967196042698,0.5454545454545455,0.4935897435897436,0.5789473684210527,0.9162027061424223,1.0177778095238095,0.8608087064698426,1.2678973868819874,1.264128038568524,1.06375625,0.13669264019957772,0.9322696588720752,1.2005831300867582,1.0316663989779158,1.6079851832684942,1.4103354395932526,1.1062748828267952,1.2911902422956683,1.271556881307156,1.1270649441535625
2016-10-03,0.9617346948537068,0.6223965523882292,0.8362207838880426,0.8804228143580709,2.0214315406389,1.0346264514449361,0.5429638854296389,0.48944193061840124,0.5736175882744836,0.9150664886929556,1.014285746031746,0.8520607086325954,1.275195884409056,1.2663561123426397,1.0577889447236182,0.1359131357712761,0.9319686354013053,1.1876340263473628,1.0268296769483483,1.6068905296509168,1.4158329658878384,1.097639148900039,1.2871552726483912,1.2638191787924256,1.123389928196534
2016-10-04,0.9599489806135464,0.6431324184444888,0.8564127686745817,0.8841665271966528,2.0473109987868985,1.019526165061182,0.555832295558323,0.5026395173453997,0.5749500333111259,0.9218838786073429,1.0171428888888887,0.8505054597687687,1.2753032365633408,1.2651407791197242,1.0590452575376885,0.13218262364646022,0.9241420853659816,1.1848040718222788,1.0312100748311737,1.6016862717946343,1.4094558133960136,1.0896302761927785,1.2831203926671062,1.270150044894078,1.1178228994201311
2016-10-05,0.9660713784165464,0.6405633891286061,0.8514270901871959,0.88791015194891,2.0553983825313384,1.017964019786514,0.5649647156496471,0.5124434389140271,0.586275816122585,0.9453470640757399,1.0336508253968253,0.8746112533944644,1.279167141336635,1.2720275526033533,1.064698555276382,0.1369153629092863,0.9280553603836434,1.1800017564531193,1.0316663989779158,1.621524105131739,1.412534417125929,1.093948090924106,1.2920869246337836,1.2702154442976978,1.1226258384993375
2016-10-06,0.9737244139356017,0.6530874557865393,0.8611491140041463,0.8795419290905088,2.054993934492519,1.019786461858891,0.5587380655873807,0.5101809954751131,0.586275816122585,0.9496079434244303,1.0282539365079366,0.8783048382252107,1.2745519217463115,1.2691918426006044,1.056846796482412,0.13184854793379014,0.919325709833663,1.170311292596593,1.0393319948895785,1.6163389535140378,1.4155031253052157,1.0925552571225088,1.2943286416873203,1.2708534622826746,1.1231664504220709
2016-10-07,0.9624999754464291,0.6648774917859894,0.8489342945680807,0.8577406077956398,2.0016174686615447,1.0015621192397814,0.5500207555002076,0.5143288084464556,0.5716189207195204,0.9648335310797971,1.0257143174603174,0.8812208958246674,1.2798111039993796,1.27141991637472,1.0540201319095477,0.1289532250906495,0.9178205623774663,1.1719406811427777,1.040883336375251,1.6120564598049572,1.4182518884525086,1.084128437471368,1.295673564320252,1.2679416396386594,1.1195122467037775
2016-10-10,0.992091785916026,0.6846958562197606,0.8713698290650694,0.8757982823166705,2.00525677315002,1.0354074459776101,0.5541718555417185,0.524132730015083,0.5682878081279147,0.9717076986317987,1.0336508253968253,0.8874417357589762,1.2858216762009589,1.294308351110155,1.0555904836683416,0.13134743436478505,0.9199276965705088,1.1841180071681845,1.0590436576017521,1.6164350685140132,1.4319957041889733,1.0935302484443274,1.3010535686829507,1.2857073243232526,1.124668613868296
2016-10-11,0.9744897965691378,0.6826773131971248,0.8641405884030691,0.8575203479409822,1.9458147594015365,1.0359281697474616,0.5516811955168119,0.5135746606334841,0.5602931379080613,0.9603453537019577,1.0215873015873016,0.8835536913599085,1.2626382046289193,1.25440553482693,1.0405151067839196,0.12772828637878775,0.9084888347835991,1.1555612627085048,1.0613250958204052,1.5958673495931655,1.4170424326677,1.0779998419945633,1.2819995005155909,1.281012343048752,1.1106704577227624
2016-10-12,0.9535714297558309,0.685475735122043,0.8778511450385962,0.8647874917419072,1.9551151637687019,1.041655766727415,0.5442092154420921,0.5128205128205128,0.5476349100599601,0.9618225153545616,1.013015873015873,0.8810264556964708,1.2661801388039098,1.2489366264722832,1.0386306532663316,0.12633630424266243,0.8964479260551496,1.1585627719872844,1.070815805803979,1.6018014930331912,1.4189115696177539,1.0745177052585195,1.2802062255053526,1.2860345225551857,1.1119439407246898
2016-10-13,1.0010204336474378,0.7039636655466311,0.9093854701713023,0.8810834177493946,1.9963606550748079,1.0773236396771675,0.5325861353258614,0.5037707390648567,0.5436375749500333,0.9511418827146487,1.0073015873015874,0.8699455845634834,1.2692927394932432,1.2661535196709242,1.0288944095477388,0.12678173295829398,0.8943407015550661,1.1507589473393451,1.0675306077751414,1.5925642863426877,1.405387621947915,1.070548125093617,1.2759470236281771,1.2730292169128283,1.1084977330825532
2016-10-14,0.9859694136232292,0.7018074998037893,0.9012837504194036,0.8817441312486236,1.976951031136272,1.0757615204373863,0.5413034454130344,0.5064102564102564,0.5516322451698867,0.9687535514429372,1.0180952380952382,0.86916796013157,1.2617795483906737,1.2586591099586615,1.025753768844221,0.12349665511703824,0.8937387148182204,1.14844350271466,1.0734622741376165,1.5804272312036982,1.4060472921181075,1.0756320168711473,1.2871552726483912,1.27358546192295,1.1087212108570164
2016-10-17,0.9841836993830689,0.7023580549106901,0.8966720592045847,0.866549174190707,1.954710877476749,1.0736787815673001,0.5396430053964301,0.5049019607843137,0.5483011325782812,0.9601181465715681,1.009206380952381,0.8650855533648046,1.2717613023883503,1.2461008962143183,1.0207286432160805,0.11915367085232724,0.8835038867096963,1.1502444374389467,1.0727322869136704,1.5612038279207847,1.4023090182179996,1.0778606331321299,1.2826720402897998,1.275924765774583,1.1053529226689907
2016-10-18,1.003826453984019,0.7085512424727267,0.8987909548002884,0.868971570138736,1.9854427011726647,1.0851340796667535,0.5533416355334163,0.5173453996983409,0.5702864756828782,0.9807408310250919,1.026031746031746,0.8738336289625511,1.2387035148374694,1.2576463694074616,1.0266959484924623,0.1228841829771431,0.8868151147858182,1.2296543844468366,1.07200219018069,1.570229815518253,1.4136339883551619,1.0496553046773536,1.29253527701109,1.3009537839993837,1.1121623426603144
2016-10-19,1.0364795909061328,0.7211670790194895,0.9156175527003283,0.9006827130587977,1.9373230893651434,1.0999739651132519,0.568285595682856,0.5226244343891403,0.580279813457695,0.9914213784474178,1.0453968253968253,0.8798600093285384,1.22990231254486,1.2531902016040146,1.023869283919598,0.12282849812376956,0.8865141515197424,1.2380584320550687,1.0688082131775871,1.5703065899886526,1.4305663033721707,1.0534159705666402,1.2896211098493362,1.311161688961961,1.1146001700722568
2016-10-20,1.035459157258695,0.7145151062393817,0.9384269996848935,0.9130147324377892,1.9316619490497373,1.1010153866180683,0.5716064757160647,0.5418552036199095,0.5936042638241172,0.9914213784474178,1.044444507936508,0.873444807026532,1.2329076469444593,1.2542029421552146,1.0219849560301506,0.12282849812376956,0.8798916050604573,1.244061450612628,1.0682605949990873,1.5561531190053013,1.429356836592309,1.0552267443478442,1.2833445128145144,1.3037510832543044,1.113066788008029
2016-10-21,1.017857167911807,0.7135976046168934,0.9293281218000203,0.9066284518828452,1.9284269712899311,1.1046602447279354,0.568700705687007,0.5395927601809956,0.5942704863424384,0.9923303830853225,1.0615872698412698,0.8765552269936865,1.2175593478063613,1.2396192473084717,1.010678391959799,0.12227170526931942,0.881396752516654,1.2466340258414026,1.0640627851797773,1.5728031103304851,1.4521166724172625,1.0420642744498718,1.3373682730919463,1.307677246100704,1.1129731326738204
2016-10-24,1.0160714536716466,0.7108450309357744,0.9174872023873663,0.9110327901343317,1.8928427416093814,1.1020568081228848,0.5794935657949357,0.5460030165912519,0.5942704863424384,0.9948868936510192,1.0596825714285714,0.8849144806554138,1.2193839587717925,1.230504379795511,1.0091080716080403,0.1202115772757825,0.8711619545104768,1.2408026820958522,1.0736448256981201,1.609483164992725,1.4654205980897395,1.0486107054421814,1.3674063804661203,1.330154287266918,1.1182595764603847
2016-10-25,1.0124999486607156,0.7060280614006433,0.9024055751312885,0.9075093371504075,1.881116053376466,1.0921635251236659,0.5732669157326692,0.5380844645550528,0.5929380413057962,0.9973298432603149,1.0587300952380951,0.8888025250544815,1.2231405113908018,1.2548106594047126,1.0138190640703517,0.12277281883832453,0.8615292034458396,1.232998866023507,1.0791202774228874,1.6038946833479524,1.4545354300561442,1.0507696162899816,1.367182260318712,1.321255070535444,1.1140127310022183
2016-10-26,1.0030611989015,0.7062574540096789,0.8865760231867373,0.9116935036335609,1.850788515972503,0.9997397032022912,0.5765877957658779,0.5490196078431373,0.5896069287141905,1.0059652481316839,1.0663492063492064,0.8971617981563336,1.2295803419465565,1.2329349854756935,1.0175880025125628,0.12160355941190781,0.8537025932058219,1.2197066699279078,1.0548457382734076,1.579716686149531,1.4407916143196795,1.057246341869109,1.3591122986076598,1.3071865002831766,1.1120738905157395
2016-10-27,1.0181122189257086,0.614505915487768,0.8864514563211471,0.9132349922924468,1.835422523251112,1.021609008070815,0.5869655458696554,0.5463800904977376,0.6175882744836775,1.0098284056396227,1.0736507936507937,0.9022161917227097,1.2418160296622522,1.2414422167600205,1.0201005025125627,0.12305122083347815,0.8684527131712007,1.2172197991834337,1.044716225588611,1.5715932373947687,1.425948392279771,1.067971378730312,1.3472314873967388,1.3011009580137431,1.108752429475019
2016-10-28,1.0219387749505415,0.6243692471670658,0.8946777554028013,0.9103721647214271,1.8156086534573392,1.020046862796147,0.5836446658364467,0.5512820512820512,0.6162558294470353,1.0063628847548487,1.0641269841269843,0.898716969259661,1.2378448478661552,1.1918169169904176,1.002826633165829,0.11330734588060092,0.8675496427588909,1.2035846393655378,1.0377806169008943,1.4908589073492633,1.4435403774669724,1.0628177815395996,1.3420757152639384,1.3011337067920978,1.1053060950018865
2016-10-31,1.0357142082725967,0.6326268305831145,0.9001620129566741,0.9198414446157236,1.8208653052972097,1.0426971882322313,0.5770029057700291,0.5426093514328809,0.614257161892072,1.012612208553296,1.0657142857142856,0.8944401029245743,1.2449286303515859,1.1893863113102352,0.9959170540201006,0.09933184523390272,0.863335314168112,1.21198868697377,1.0361379813834641,1.5167845502126902,1.440241993630852,1.0703392038537278,1.3431965177494616,1.2834170463040047,1.105170942021203
2016-11-01,1.0153060710381103,0.6218460660949824,0.8903153100966481,0.9222638405637525,1.8277396279822078,1.0330643061702682,0.5774180157741802,0.52526395173454,0.6062624916722185,1.0115895577414031,1.0590476507936506,0.8940513781891791,1.2379521141558893,1.2011342961542293,0.9758165829145728,0.13285078063972894,0.8627332672265723,1.1956949815993914,1.0174301514874977,1.5083154415830924,1.4238593102977233,1.0640712950503877,1.3405065604011084,1.2818956848659475,1.097670275947955
2016-11-02,1.013010152729333,0.6188640998048279,0.8844571400551986,0.9233648975996477,1.8156086534573392,1.031241890132778,0.5637193856371938,0.5128205128205128,0.5936042638241172,1.0031814452180106,1.0450793015873017,0.879471284593143,1.2328002947901746,1.1918169169904176,0.9619974560301509,0.11759465642779543,0.8573148447527138,1.1918359901223223,1.018342726774959,1.470195192494355,1.3982408157748483,1.0582213331909278,1.332212478542648,1.2575046862620083,1.0905074278713192
2016-11-03,1.0045918366175552,0.6200109940363518,0.8682537878005564,0.9231446377449901,1.7974120905782451,1.03358502994012,0.518887505188875,0.5116892911010559,0.6095936042638241,1.0010794398118523,1.0415873333333334,0.8814152581923651,1.2346248950225371,1.1835122783778058,0.93875625,0.1075723794797646,0.8506923283957758,1.1819741087216011,1.0022814382186531,1.4730182664724416,1.319406310700593,1.0611463141206576,1.3272808265572558,1.246756911496429,1.0856836765533775
2016-11-04,1.013775535362869,0.6255161413985897,0.8757322619070574,0.9442854217132791,1.8398706025070763,1.0512887529289248,0.5180572851805729,0.5071644042232277,0.5969353764157229,0.9994318486664732,1.0406348888888888,0.8670295269640266,1.2354835619938511,1.1914118126678512,0.9422110552763819,0.10679286948353442,0.8476820936880766,1.1809450803452097,0.9932469063697755,1.4500115802165,1.3276526001424718,1.0615641566004361,1.3160725775370417,1.2465769887037148,1.0838747858579485
2016-11-07,1.0584183913668777,0.6431782712758651,0.9045244582628271,0.9735740805989872,1.8985038819247877,1.0822702421244468,0.5375674553756745,0.5361990950226244,0.6115922718187875,1.0310191562090862,1.0793650793650793,0.8825817045602975,1.2521198508558515,1.2163257082504702,0.9541456972361809,0.10651446748838082,0.863937391211999,1.2171339660652263,1.0075744113889396,1.507393679356308,1.3430456957574173,1.0844766720377927,1.3544047667696757,1.2801126276603214,1.1079623248692525
2016-11-08,1.0637755085771554,0.6564822856497347,0.9062694289067894,0.9806209865668355,1.923979053780833,1.0916428013538142,0.5325861353258614,0.5369532428355958,0.6129247168554297,1.0335188834559963,1.082539619047619,0.8853033025914328,1.2563057369605182,1.2256430874142819,0.9422110552763819,0.08340756959662908,0.8657435019342714,1.225452300613564,1.0135060777514144,1.5128092715307053,1.3658054436219498,1.080646300735324,1.3555256589211915,1.2931833310704137,1.1121415304215791
2016-11-09,1.081887727502864,0.6771263818171646,0.912127598948239,0.9964765470160758,1.9308532147189648,1.1030981254881542,0.5595682855956828,0.5565610859728507,0.6395736175882745,1.0943642803235023,1.1593650793650794,0.9329316277786086,1.2912954876311147,1.2999797711156529,1.008793938442211,0.08958797028102548,0.9124021098012609,1.21687670682723,1.0118634422339843,1.4823322476333445,1.3543705779341588,1.0781391622853724,1.3488006422595686,1.2846767103386079,1.1244607451429345
2016-11-10,1.0790815796152657,0.7016698770835834,0.9344384668663168,1.0118916758423255,1.8742417306914678,1.1361624316584225,0.5836446658364467,0.5931372549019608,0.6735509660226515,1.1411770846227227,1.206984126984127,1.0036936625912454,1.283031056842998,1.3157788194405269,1.0518216708542714,0.09365255811851142,0.9015653250582382,1.2531515628749545,0.9836649023544443,1.4256799169317822,1.3282023857570882,1.115815902662188,1.3158484573896334,1.2474603305209102,1.126654282021879
2016-11-11,1.0951530332869124,0.7186438979474061,0.9376791747097405,1.021360955736622,1.8823291144359078,1.1413694350429577,0.5902864259028643,0.6104826923076923,0.6768820786142572,1.158618323858236,1.2219048253968252,1.005637655630592,1.2715466732112626,1.295321091661355,1.0235552763819096,0.10022271380102292,0.8913305270520612,1.2556384250438348,0.9895053841941961,1.4192081179079648,1.3086311261780472,1.123128410700701,1.3230217143460725,1.2334899100865024,1.1250792754801806
2016-11-14,1.1071428799198244,0.7397467793329072,0.9700859913965103,1.045364479189606,1.9146784472300848,1.1806820619630305,0.618098796180988,0.6274509426847662,0.7028647568287809,1.1883876164438674,1.2492062857142856,1.0346034610148418,1.2514758023285564,1.2868138603770276,1.01695983040201,0.09771714038806881,0.8765803769843353,1.3058914132073458,0.9646833363752509,1.3809149774284344,1.265310673951974,1.1018177547689323,1.302846843693189,1.2041421313797491,1.1249493256891308
2016-11-15,1.1418366545449834,0.7269015501771089,0.9751962492136514,1.0493283858181017,1.884350909826122,1.2041135121062225,0.6205894562058946,0.6240572775263952,0.7061958694203864,1.1998068242289097,1.2698412698412698,1.0223561629540467,1.2484705645265763,1.2892445470780747,1.012248743718593,0.10144765251288466,0.8744731524842518,1.3054626077912477,0.977459390399708,1.4273314475968122,1.2886201304657547,1.1050212578876315,1.3196592172235102,1.240802266187325,1.1333648440091597
2016-11-16,1.1339285680120263,0.7243783691050255,0.969338079172202,1.0433825368861485,1.9288314193287506,1.193699505337152,0.5919468659194687,0.6059577677224737,0.6915389740173219,1.1717986042086443,1.2441269523809524,1.0046656493908563,1.2488998980122334,1.268584206371971,1.0037688128140703,0.09944320937272129,0.8696567769519331,1.2992024586295992,1.0037415221755794,1.4335728060639334,1.2791643742440146,1.1093390726189587,1.3371441529445383,1.2506011999431144,1.1315715618430333
2016-11-17,1.1691326742568195,0.737682383478895,0.9827993898990631,1.0682668575203702,1.9813991103922362,1.2155688362405626,0.589041095890411,0.6067119155354449,0.7028647568287809,1.1909442122271512,1.2688889206349208,1.0204121893548248,1.2511538317302529,1.2700020715009535,0.9965452261306533,0.1001113552301329,0.8732690887035193,1.2929423094679504,1.003376492060595,1.4526042136378903,1.2951072554735765,1.1128909217324583,1.359336418755068,1.2616434225263873,1.136863208819231
2016-11-18,1.1801019596912765,0.7578676944282539,0.9905272096275505,1.07685536225501,2.0380105944197333,1.2252017964071857,0.5803237858032378,0.5999245852187028,0.6942038640906063,1.1950346620830665,1.2834920634920635,1.0268273916568311,1.2381668291975276,1.2531902016040146,0.9886934673366834,0.09994432294172641,0.8630342906973422,1.281622465640833,1.0043803248768024,1.4598248873385347,1.286641020999704,1.116999815223896,1.3528356119068459,1.2441558104523676,1.1341497454252925
2016-11-21,1.175510225114535,0.7512157216481461,0.9819269108091646,1.0704690817000662,2.0420541852001617,1.2330122624316584,0.5782482357824823,0.6044495098039215,0.7008660892738174,1.1991818952577686,1.2876190793650795,1.013219284860406,1.2343029136911647,1.2618999445391927,0.9915201005025126,0.10217148879159837,0.8609271264019528,1.28985509570487,1.0196204051834277,1.4979260321091084,1.338867520798269,1.1335748209088325,1.3642680931569582,1.2583226286755842,1.1426120914124258
2016-11-22,1.175510225114535,0.7617671623408967,1.0162033647188073,1.07685536225501,2.106752850788516,1.2262431137724552,0.5782482357824823,0.6003016591251885,0.7015323117921386,1.1993523247505438,1.2869841587301587,1.015163336220127,1.2100461567037921,1.2497468553726323,0.9839824120603015,0.0992761659484577,0.8356411548572801,1.305719867029244,1.0202592078846504,1.5081618926422933,1.3355690490017278,1.1328783517759828,1.3700963378144735,1.2568012688734118,1.1450863401122051
2016-11-23,1.1821428269861525,0.7766767873507072,1.0340271207518215,1.0836819863466198,2.11686202992317,1.2332725592293674,0.572436695724367,0.5953996983408748,0.7048634243837442,1.206169714664931,1.3028571746031745,1.0139969092923193,1.2135880908787826,1.248531501894501,0.9868090452261307,0.09432071511178011,0.825406356851103,1.316696609924564,1.0150575287461214,1.4981564726658045,1.3286421108952868,1.1280729891516954,1.3539565264748594,1.2448919782552037,1.146011598218454
2016-11-25,1.1943877246329662,0.7741536062786238,1.0314096585537957,1.084342699845849,2.1209058228871815,1.2353554022390003,0.5662100456621005,0.5938914027149321,0.7101932045303131,1.2008862640407623,1.3047618412698412,1.0229393472577633,1.2249651116231643,1.260076975087644,0.9952889761306533,0.09465478525652164,0.8434677650972977,1.310436469338509,1.020167913852893,1.4986365771632755,1.3235843976993205,1.1361515672721376,1.3568706039706209,1.2460207436935928,1.1504975310199845
2016-11-28,1.1862244595350904,0.7661253466579566,1.0274211257352193,1.067826513983704,2.100687464617873,1.2371778182764908,0.5425487754254877,0.5697586726998491,0.6915389740173219,1.1950346620830665,1.2838094920634922,1.0027216757916344,1.2142320428084585,1.2517723364750322,0.9905779208542713,0.09710467938403075,0.8392534064041719,1.3044335794148567,1.0181602482204781,1.47251894051131,1.3239143262423638,1.1457622994849863,1.3586639686468511,1.2567521432520525,1.1444522007258573
2016-11-29,1.1961734133629232,0.7629140565724205,1.0317835710413723,1.0700286280554945,2.1229276182773957,1.229888102056756,0.5487754254877543,0.5859728506787331,0.7068620919387075,1.2029882694469203,1.2888888253968254,1.0081648912940298,1.2072556124773126,1.2596718707650774,1.0025125628140703,0.09554565382364186,0.8371462421087825,1.351427790485998,1.0171564154042707,1.4643571640543052,1.32897203943833,1.138867633926252,1.3694238652897588,1.261005504330385,1.1459803796004515
2016-11-30,1.1846938218190353,0.7496100421985511,1.0254268219334357,1.0609997797841886,2.076425313384553,1.2134860973704764,0.5537567455375675,0.5957767722473605,0.7161892071952032,1.245824270064214,1.3130159047619048,1.028771365256053,1.1945905912759598,1.2394166546367562,1.0094220791457287,0.0879175917176751,0.8356411548572801,1.3576880682815533,1.008578171199124,1.441408144109764,1.3020341056195968,1.1297444496063638,1.3508181270832074,1.240066098384489,1.1429396309003648
2016-12-01,1.1670918069619436,0.7367648818564068,1.0327807291743465,1.0519709315128827,2.0380105944197333,1.2254621192397814,0.5699460356994603,0.6055806561085973,0.7268487674883412,1.2875241441308,1.3384126984126983,1.0563763813447975,1.1954491723827234,1.2307068914463621,0.9880652952261306,0.0852449860163145,0.8217940450995169,1.3801560811237794,0.9991786457382734,1.428118884266876,1.265530531023547,1.1130302350589938,1.3270567064098475,1.2235109521131393,1.1389215932372914
2016-12-02,1.1760203271423386,0.7402055645509784,1.0573351468028738,1.0638626073552082,2.0703599272139104,1.247331424108305,0.555832295558323,0.5935143288084465,0.7128580946035976,1.2689466874458202,1.3279365714285714,1.0416019253810638,1.2016743737613904,1.2382013821794893,0.9934044912060302,0.08602449601254467,0.8187838705965119,1.3783551549750865,1.0029202409198759,1.4217623064816156,1.2688290907805089,1.114423068860591,1.328177508895371,1.2277315627772323,1.1393737524956506
2016-12-05,1.1663265263692213,0.7259840485546206,1.03602143701777,1.053072010570359,2.0966436716538617,1.2254621192397814,0.5678704856787048,0.6282051282051282,0.7308461025982679,1.2984319839011025,1.3361904761904764,1.056570743712495,1.2014597445843027,1.2203767717313505,0.9921482412060302,0.08541202387264953,0.8329319436203508,1.3517708914177955,0.9957108961489323,1.4582885759916437,1.2911490255464222,1.1131694439214275,1.3499215344110844,1.2473949311172905,1.1460063950288204
2016-12-06,1.1844387452949299,0.7447931414770739,1.0569612343152974,1.0885267562210967,2.1492115649009302,1.2413434001562094,0.609796596097966,0.6896682126696833,0.7721518987341772,1.3145097133391725,1.3495237460317462,1.0798989129062775,1.202747669909792,1.2209844079599839,0.9912059987437186,0.0870267231505549,0.83594217832805,1.3491124744952194,1.003376492060595,1.4685819895315673,1.2898295972456162,1.116721293034927,1.3438690799401687,1.2418165066007347,1.1499152946197804
2016-12-07,1.2410714479318508,0.7711717088021234,1.0927333257110812,1.1253027526976438,2.1916700768297614,1.2978390523301224,0.6446658364466583,0.7039969834087482,0.7928047968021319,1.3382569744743331,1.353650761904762,1.1135303288011338,1.1924439238476745,1.2165283009221854,0.9795854585427135,0.0839643624510792,0.8260084338949898,1.3669495980880748,1.0132323416681877,1.4795283951189189,1.2968664199076334,1.147642576715442,1.3757004623245805,1.2615780231227676,1.165051907617554
2016-12-08,1.2257652493427231,0.7847050469713744,1.103701853282992,1.1308081479850254,2.2826526890416496,1.291330330643062,0.6571191365711914,0.7179487556561086,0.798800799467022,1.3717190746115424,1.383492126984127,1.1137247689293306,1.191263286278057,1.2177435733794526,0.9717336997487437,0.08596881672709966,0.8151715588449259,1.3662636620678874,1.0231794488045263,1.4735943688243907,1.3074217473586063,1.1516122683087198,1.3676305006135285,1.2701336696869583,1.167567653963808
2016-12-09,1.266326472797794,0.7915864123605177,1.118908059868825,1.140277449900903,2.2947836635665184,1.2962770372298882,0.6396845163968452,0.6892911387631976,0.782145236508994,1.373991594728063,1.388253968253968,1.110808711329874,1.2048943266050085,1.240226883537105,0.995603046482412,0.0860801752979897,0.8386514196673263,1.373124034189829,1.0398795035590436,1.4761484402525442,1.3158878938720582,1.159690846429162,1.3891504059818338,1.2911874992329746,1.174501820556548
2016-12-12,1.21403058127473,0.7633727729768377,1.0810170728773374,1.1004184320634223,2.2381721795390215,1.2853423327258529,0.6234952262349522,0.6904222850678734,0.7641572285143239,1.3474036621428551,1.3644444444444443,1.0843701416090619,1.2381668291975276,1.2501519596951989,1.0175880025125628,0.08173719103327869,0.8344370308718533,1.3677214958603765,1.0339478371965687,1.459748112868135,1.2948873104415826,1.1525872596305384,1.393633638340425,1.2911548502435943,1.1731659013582136
2016-12-13,1.2204081321324456,0.76107898451379,1.0827620559854647,1.0935917198854879,2.2664779215527697,1.2900286123405365,0.6384391863843919,0.7036199095022625,0.7741505662891406,1.3552437085503077,1.351111142857143,1.0855365685368696,1.2438553342031842,1.251569824824181,1.0310930276381909,0.08229398388772882,0.8537025932058219,1.3767257664289019,1.0511955101295858,1.4870565181376536,1.322814755013131,1.1720175338677494,1.411791046586168,1.3023278716341067,1.1808381422197813
2016-12-14,1.2224488973865077,0.7603908755003372,1.076654540322029,1.0971151728694122,2.2765871006874243,1.2829991929185107,0.6288916562889166,0.7039969834087482,0.742838107928048,1.3630836697401734,1.3606349523809522,1.0633748457110195,1.23419556153688,1.2517723364750322,1.030778894472362,0.07861915104835797,0.8467789931734198,1.370894431258945,1.0511955101295858,1.4764557724251373,1.3217152607492664,1.1735496879601557,1.4050660971740396,1.3039147306288734,1.1712530757803048
2016-12-15,1.2321428002004386,0.7661253466579566,1.1232705924241335,1.1120898480510901,2.3048928427011726,1.3171049205935956,0.6376089663760897,0.7141780165912518,0.7568287808127915,1.3805249089756866,1.365396761904762,1.0729004679801801,1.2438553342031842,1.2633178096681752,1.0285804020100502,0.07572382820521732,0.8455749293926872,1.377411831082996,1.0569446979375798,1.4614380903013224,1.3256734906764207,1.1701372566372938,1.4028244922029929,1.305190670081622,1.1758013184670453
2016-12-16,1.215051014922168,0.7697954219615639,1.1059454029934412,1.104602510460251,2.3190456126162555,1.2999218953397553,0.6338729763387297,0.716817496229261,0.7521652231845436,1.3572320677824776,1.3558729841269843,1.0758165061395122,1.2437479820488995,1.2647356747971576,1.0314070351758795,0.07850779247746795,0.8540036166765917,1.4058828624827813,1.0583135608687717,1.4552351786023587,1.3179769868491584,1.1611532881441127,1.396547805502179,1.2936577016808215,1.173742934048985
2016-12-19,1.2392857336916905,0.7661253466579566,1.1258880546221592,1.1103280775159656,2.3372421754953496,1.310856495704244,0.6309672063096721,0.6885369532428357,0.7341772151898734,1.3581979409567562,1.3596826031746032,1.0734837106042712,1.2452506116829583,1.2384038938303403,1.0310930276381909,0.0809020017516035,0.8506923283957758,1.3853013602152358,1.064427815294762,1.4710401802507398,1.3110500487427175,1.160805053577688,1.426137582915544,1.2992197493543727,1.1760612180491448
2016-12-20,1.2556122383772388,0.7791999684227905,1.141218927786903,1.1178154151068047,2.4322685806712494,1.3249153605831816,0.6425902864259029,0.716817496229261,0.7495003331112592,1.3810361917728398,1.380952380952381,1.0905909621032457,1.2413867820411457,1.2254405757634308,1.031721042713568,0.08157015317694366,0.8512944054396625,1.3857301656313339,1.0672567621828801,1.4810647064658098,1.3094007688642366,1.1672122757075638,1.4243443079053058,1.3028513662299892,1.1803391552943177
2016-12-21,1.2619897892349545,0.777823681582231,1.1357347574821852,1.121338868090729,2.4383339668418924,1.3186670658682635,0.6280614362806144,0.7055052413273002,0.7508327781479014,1.3716622912927556,1.3768253650793651,1.0830093328734318,1.2376301435575858,1.2037674945061272,1.0175880025125628,0.07906458533191808,0.8488862176735033,1.3835005627004497,1.0682605949990873,1.479874056914172,1.308851071210041,1.1653318940130062,1.4243443079053058,1.2998086449897595,1.177438635413753
2016-12-22,1.242091779538475,0.7617671623408967,1.1105570817440953,1.0966747192248405,2.3999190456934896,1.308253059099193,0.6197592361975923,0.699095060331825,0.737508327781479,1.3641631038708533,1.35841273015873,1.0837869573053451,1.239025485435773,1.2068058174358076,1.0157035175879399,0.07945434033003317,0.8482841406296164,1.3856444611470333,1.0612338017886476,1.471693174218586,1.290819195958852,1.1634515123184486,1.424568428052714,1.2944102446907775,1.1752450980150093
2016-12-23,1.2367346623281974,0.7736948210605527,1.1271344461996344,1.0986566615282978,2.4059846340477153,1.3134600624837283,0.6164383561643836,0.7024886500754148,0.7355096602265156,1.3689921345530704,1.3669841587301588,1.0878693640721107,1.2446066490202135,1.2064006928580249,1.0201005025125627,0.07989977461359327,0.8482841406296164,1.3980790464104362,1.0633326884467968,1.460650770776756,1.2893897841469968,1.161014079281679,1.4176193809096753,1.2922017396463843,1.176716170194027
2016-12-27,1.2400510142844128,0.7787411832047194,1.1285055168201852,1.1090068487117375,2.4100282248281437,1.3145014839885447,0.6122872561228726,0.6926848039215686,0.7388407728181212,1.3723440092638561,1.3688888571428572,1.087675001704413,1.2440700492448222,1.2110593925675388,1.0216708228643214,0.07845211319202294,0.8521974156472782,1.3947345648337657,1.0700858185800328,1.4814104834861423,1.2975261780382468,1.164008661160489,1.4185159735817985,1.2948846153011853,1.1793618668511299
2016-12-28,1.2160713465287922,0.7587851960507421,1.1054468239269541,1.0902884386698966,2.3453295592397896,1.30617021608956,0.6031548360315483,0.6757164404223228,0.725516322451699,1.3671741195960887,1.3530158412698412,1.075427703643618,1.2353761991064978,1.2005266599255957,1.016017525125628,0.07923162318825312,0.8461770064365741,1.3844438780169463,1.0655229421427268,1.4828123521308154,1.2855415267358394,1.157392622254826,1.4120152563995683,1.2842513639247002,1.169506494970086
2016-12-29,1.205357112108237,0.7624552713543494,1.1034525201251708,1.0858841885047348,2.3534169429842295,1.3069513407966677,0.5886259858862598,0.6719457013574661,0.7228514323784144,1.3531416179265625,1.3380953015873016,1.066096443742155,1.239562095944233,1.195867980471298,1.0204146356783919,0.07878618890469302,0.8549066569865544,1.3810135633220688,1.0652491695564883,1.4694078710493708,1.2792743467600114,1.160248002235476,1.40999777157593,1.2805542478564895,1.169163473264041
2016-12-30,1.1910713726767508,0.7633727729768377,1.1059454029934412,1.0832415547236292,2.3048928427011726,1.2975787555324136,0.5940224159402242,0.6825037707390649,0.7328447701532312,1.3603567296817014,1.3412698412698412,1.0713452968768524,1.2365568474091841,1.1924245532190512,1.0201005025125627,0.08084632246615849,0.8588199922089104,1.372437969535735,1.0569446979375798,1.4400638284718295,1.2649808333693513,1.155999788453229,1.3929611658157104,1.262608638743297,1.1637420033277894
2017-01-03,1.1811223933387145,0.7619965549499322,1.0968465251085682,1.089627835278573,2.2705217145167813,1.3012236396771675,0.6334578663345787,0.694947209653092,0.7574950033311125,1.3724008721190575,1.366666634920635,1.088646988504024,1.2433186485632424,1.2183512906289506,1.0364321608040201,0.0848552310181994,0.8711619545104768,1.384529591076841,1.0599561963862019,1.4473613937883707,1.2848818565656468,1.164356895726914,1.4028244922029929,1.2860345225551857,1.1736181874475689
2017-01-04,1.1913265257314662,0.7791999684227905,1.1115542398770695,1.1164941863025766,2.339263970885564,1.3355896641499612,0.6625155666251558,0.7379336349924586,0.7728181212524983,1.3812634898019887,1.384761873015873,1.0896189753036347,1.2412794298868612,1.2179461660511681,1.0455402324120602,0.08669264743788482,0.8798916050604573,1.388474424247711,1.0587698120094908,1.4541020801370417,1.3050028137988834,1.1787728930642214,1.396547805502179,1.2872778097467843,1.180333952104684
2017-01-05,1.170663209932061,0.7743829988876594,1.0938551504229659,1.0951332305659547,2.3028710473109584,1.3139807602186933,0.6525529265255293,0.7262443438914028,0.7688207861425715,1.3709805790028275,1.372063523809524,1.0727060861723579,1.2542664324195862,1.2175410617286015,1.0555904836683416,0.087472157434115,0.9006622245435814,1.3907897402384894,1.0641540427085234,1.4987902432495719,1.326772973945233,1.174872913848399,1.396547805502179,1.298925303172564,1.179424303567336
2017-01-06,1.1788264750299369,0.7631434491814562,1.0841331141418504,1.0940321515084783,2.2442377678932472,1.2999218953397553,0.6508924865089248,0.7266214177978884,0.7688207861425715,1.3913191025720009,1.3920634285714286,1.0699844881412224,1.2482559353494886,1.2207818760539169,1.0515075376884422,0.08513362744542446,0.8964479260551496,1.3927622211408779,1.0760175579485307,1.5286334965631654,1.3568994840098787,1.180653274758779,1.4086527368605082,1.3187685926694515,1.1835722905016601
2017-01-09,1.2010204285453971,0.7730067120470999,1.0902405300919658,1.0942523452983925,2.2887180752122926,1.3095547774017184,0.6479867164798672,0.718325754147813,0.7548301132578281,1.3798999743233729,1.3558729841269843,1.0544324077455756,1.2480412310409195,1.2375936649299912,1.0511934987437188,0.08546770315809454,0.9036724592512805,1.3888173879700079,1.0858732980470889,1.530419471850831,1.373282090377639,1.1675604058098865,1.4041694148359245,1.3195865350830274,1.179372272710598
2017-01-10,1.2367346623281974,0.8168180854540432,1.1467031853407759,1.1215591279453865,2.2826526890416496,1.3366310856547776,0.6488169364881694,0.7039969834087482,0.7634910059960027,1.378082044583978,1.3669841587301588,1.0618195968471928,1.2467533164484987,1.2136925098985722,1.0502512248743718,0.09131402812982088,0.9027693888389707,1.3856444611470333,1.086968424895054,1.5284607242382875,1.3672347674733845,1.1527265729570741,1.4037210848751158,1.3165437140538234,1.179372272710598
2017-01-11,1.240816269366932,0.8275988499421754,1.1691387198377645,1.1327901123100639,2.3069146380913867,1.34548294714918,0.6612702366127023,0.7213423453996984,0.7648234510326449,1.396204916573005,1.3863491428571428,1.0653188193102414,1.2314050173104005,1.2483289902436498,1.0310930276381909,0.08535634458720452,0.8874171918297051,1.3883028694940154,1.0928089067348057,1.534452420685052,1.3863661369884377,1.1682568749427362,1.41649848875816,1.321647666535112,1.1827094696314162
2017-01-12,1.2270407340040628,0.8115423307008409,1.1624080582422514,1.1206782426778243,2.2503033562474726,1.328039520958084,0.6484018264840182,0.7058823152337859,0.7588274483677548,1.38529707112153,1.385079396825397,1.0594868013119518,1.230224379740783,1.260076975087644,1.023869283919598,0.0870267231505549,0.8853100275343158,1.39233341572478,1.0882460302974997,1.5625289220950582,1.3921935918260668,1.1696497087443334,1.4034969647277076,1.3191120646836452,1.1801727836956317
2017-01-13,1.2155612445009887,0.8154417986134838,1.1756200482754562,1.1281656022902444,2.3271329963606955,1.331684509242385,0.6583644665836447,0.7232277526395173,0.7581612258494338,1.3879104502236008,1.3907936825396825,1.0752333218357955,1.2300096646991447,1.2627101734395418,1.021356783919598,0.08535634458720452,0.8916315505228309,1.3875311003556206,1.086329622193831,1.5692503850596504,1.4111050053140741,1.1654014949620863,1.4055144495513463,1.321598642338612,1.1823559152349072
2017-01-17,1.192602010392806,0.8069547537747455,1.1642777079292892,1.108346223298833,2.2745653052972097,1.307992762301484,0.6430053964300539,0.6998491327300151,0.7554963357761493,1.339279625286226,1.3380953015873016,1.0454898920196323,1.2329076469444593,1.2452906875691854,1.0069095791457285,0.0848552310181994,0.8871161382565882,1.3777549320147935,1.0950903449534586,1.5550007990763235,1.4059374075625313,1.1692318662645549,1.4017036000514773,1.31624926623613,1.1788472708765647
2017-01-18,1.2153060659360697,0.8191118739170911,1.1582948588447641,1.1076855097996037,2.2907400727860896,1.3116376204113513,0.635118306351183,0.7066365007541477,0.7468354430379748,1.3310418570380218,1.3606349523809522,1.0550155726091675,1.2310829608475464,1.2390115300589737,1.0059673052763818,0.08413140030741424,0.8838049402828133,1.352714206734292,1.0949990509217011,1.5506990800627465,1.4064871052167272,1.1616408360370731,1.4010311275267626,1.3186376940732374,1.1809264675333604
2017-01-19,1.2056121631221388,0.8099367200648999,1.1743736442338162,1.09447260515305,2.2321067933683785,1.3035667794845094,0.634703196347032,0.7119154977375566,0.7475016655562958,1.3146801428319477,1.3476190793650793,1.0610420501757787,1.2257164264401936,1.2219972295320485,0.995603046482412,0.08296213531306898,0.8717639412473226,1.3609467081644224,1.093082679321044,1.5536949282861288,1.4024189907339966,1.1617104439504267,1.396547805502179,1.3122658915896703,1.1766641393372892
2017-01-20,1.2244897646813835,0.8142949043819598,1.1804810601839315,1.1120898480510901,2.2543469470279014,1.3301223639677169,0.6417600664176007,0.7232277526395173,0.7455029980013325,1.3191682293110276,1.3520634920634922,1.0705676724449391,1.2251798266648024,1.2665586442487065,0.9978015075376885,0.08201558746050376,0.8786875412797247,1.3606037444421255,1.0950903449534586,1.552331506409613,1.3968114919234138,1.1877568615574026,1.4064111318894612,1.316920036271231,1.180625070304786
2017-01-23,1.1974489235344663,0.8085604332243405,1.1600398419528912,1.0739925126624092,2.1795391023048927,1.300182218172351,0.6293067662930677,0.7254901960784313,0.7495003331112592,1.3218383860507128,1.3320634603174604,1.0546267701132732,1.2226039116154106,1.2519749291467477,0.9880652952261306,0.07789532033757282,0.8789885647504947,1.3641197636213038,1.0958204051834277,1.5706714751679842,1.4175920533565274,1.1910996849669109,1.4113426942088616,1.3402967944617603,1.177449041273221
2017-01-24,1.2127550966133902,0.7998440645902205,1.1574223797548655,1.088746950011011,2.2219976142337243,1.292632179120021,0.6371938563719386,0.7477375565610859,0.7634910059960027,1.3275763418344202,1.3565079365079364,1.0633748457110195,1.1995277921976557,1.2398217589593228,0.9783291457286432,0.07561246963432729,0.8747741759550217,1.375782451112405,1.0948165723672203,1.579428575440599,1.4224298984858679,1.2250156619546113,1.4238959555279993,1.3477564243659168,1.1851785156613612
2017-01-25,1.2221938463726059,0.7966327056910304,1.1639036957283924,1.1052631358731557,2.0946218762636475,1.2876854725331948,0.663760896637609,0.7861990950226245,0.7801465689540307,1.3478581673023937,1.392380984126984,1.1006998464366222,1.2106901944980184,1.2371886416282893,0.9827261620603015,0.07789532033757282,0.8853100275343158,1.382728784986461,1.112246723854718,1.6064680953056822,1.4456294704440729,1.2416602685886278,1.4274825952144679,1.367059845695687,1.1946908658363602
2017-01-26,1.2650509881364544,0.8092485422377932,1.1953134539955084,1.120898524554063,2.1350585928022645,1.40380104139547,0.6575342465753424,0.7843136877828054,0.7788141239173884,1.3610953105080035,1.3974603174603175,1.1115863357617872,1.200386373304419,1.2396192473084717,0.9824120917085427,0.07583518677610734,0.888320262242015,1.3956778887258563,1.1127943420332178,1.6115188023007476,1.4599230717951537,1.2442371263803083,1.4407082618088265,1.3613015981753918,1.1938123090860187
2017-01-27,1.1977040765891818,0.7918158049695533,1.1857159845799832,1.09447260515305,2.0824909017387787,1.3720385576672742,0.6367787463677874,0.7714931749622926,0.7674883411059293,1.3461537985194,1.3857143492063493,1.1001166621329057,1.216915310012135,1.2507595959238322,0.9868090452261307,0.07499999749443216,0.8934376612451034,1.3977360741125455,1.112885526555941,1.6050277818132697,1.4533259742713351,1.2347657074939955,1.474557218682869,1.3468403337703665,1.1927779134274554
2017-01-30,1.1454081850661177,0.7931920229964587,1.1736258317228283,1.0497687293547677,2.0703599272139104,1.3629262692007291,0.639269406392694,0.7582956636500754,0.7455029980013325,1.328826205457875,1.3688888571428572,1.0902022373678506,1.2142320428084585,1.2442779267627695,0.9833542399497488,0.07422048749820197,0.887718215300475,1.390017962524501,1.1099652856360651,1.5946767000415276,1.4401319441494869,1.2243192972858639,1.4599864501235946,1.312503125971419,1.185609862680985
2017-01-31,1.1288265018156505,0.7890632312884344,1.1693879657464303,1.0402995375467958,2.060250748079256,1.3618849518354597,0.6309672063096721,0.7507541478129713,0.737508327781479,1.3028065094237813,1.3488889523809522,1.0950622685665292,1.2155200432654296,1.2556208883050615,0.9965452261306533,0.07672605534322754,0.9018662883243139,1.390103804218302,1.107410111334185,1.5814257679008819,1.4328753303862123,1.2154050342058647,1.4492266431466794,1.303456635436611,1.1845547821344815
2017-02-01,1.1237244356192746,0.790898234533411,1.1670197369929054,1.040739881083462,2.0420541852001617,1.3728195782348347,0.6359485263594853,0.7718702488687783,0.748167888074617,1.3104760411208716,1.3555555873015872,1.0868973772724995,1.215305414088342,1.2578488810583124,0.9946608040201006,0.07644765891600248,0.9057796235466699,1.3953349250035594,1.1749406826063151,1.5984598677894764,1.464870812475123,1.2138031747002764,1.425240990243421,1.3016653889915402,1.1849082102197936
2017-02-02,1.1227040019718368,0.7477750389535744,1.1782375104734821,1.0433825368861485,2.0279014152850787,1.376204139546993,0.6201743462017435,0.7439668174962293,0.7408394403730846,1.308998970367027,1.3374603492063493,1.0837869573053451,1.2189546252861354,1.2999797711156529,0.9965452261306533,0.07967705747181322,0.8898253494935174,1.378612414213083,1.1729330169739003,1.6130551136476385,1.438592636787003,1.2158228766856432,1.4160501363808533,1.306303158465981,1.1855839746034111
2017-02-03,1.1275510171543108,0.7436462472455501,1.1727532404554442,1.0528518167804448,2.0541851597250305,1.376724837281958,0.6309672063096721,0.7616893288084465,0.7628247834776815,1.368878488379082,1.4104761904761904,1.1133359469933117,1.219705929370096,1.3022078651449842,1.00785175879397,0.0791759439028081,0.8958458490112627,1.3881313233159134,1.1779521810549372,1.5559226784486053,1.4401319441494869,1.2244586106123994,1.4274825952144679,1.3111453137548412,1.1941969552695344
2017-02-06,1.1556121899078522,0.7489219331850984,1.185591417714393,1.0627614622329884,2.035988596845936,1.3816714397292373,0.6239103362391033,0.7443438914027148,0.7528314457028649,1.3633677454069368,1.4168254285714286,1.0993390377009922,1.217130025053773,1.315373775883609,1.012248743718593,0.08123607746427358,0.8970499127919953,1.3764685157664993,1.1889942690271948,1.5510064141557574,1.4520066229358974,1.2247371397656421,1.4265859128763527,1.3108999915585071,1.191670802544013
2017-02-07,1.1522958379516368,0.7555739059652061,1.1728779070343547,1.0603391763928651,2.0380105944197333,1.3808904191616767,0.6160232461602324,0.7360482654600302,0.7528314457028649,1.361322517638393,1.4244444126984126,1.0952566309342269,1.2179886812920184,1.3003848146725705,1.0075377512562815,0.07934298175914314,0.9018662883243139,1.376640061944601,1.2003102755977368,1.5603396167803214,1.4495876893761748,1.2428442925787113,1.4218784707043608,1.32010993152582,1.1919411079855806
2017-02-08,1.1494897921048521,0.759932090282266,1.2115168062501507,1.059238009249064,2.0420541852001617,1.3777661546472273,0.6019095060190951,0.7243589366515837,0.7508327781479014,1.3505851073608657,1.3939682539682539,1.0814541617701043,1.217130025053773,1.3028155013736176,1.0094220791457287,0.08173719103327869,0.9015653250582382,1.3747534227360139,1.2049643365577662,1.574185872736577,1.475536024481672,1.2268960436491687,1.4198609858807223,1.3224165847521876,1.1927675075679873
2017-02-09,1.1811223933387145,0.7759886095236005,1.2265985332195488,1.0863246421493065,2.0824909017387787,1.4194220255141892,0.6118721461187214,0.7262443438914028,0.7634910059960027,1.3722872259450694,1.4238094603174603,1.1028382796041656,1.224428511847773,1.304233346247384,1.01695983040201,0.083073493883959,0.9033714357805106,1.3758682842306125,1.2084321956561415,1.577354491364419,1.474876343316427,1.2341389507386014,1.4360008196368343,1.3243469173970326,1.19962895789625
2017-02-10,1.1849489748737507,0.7858519412028983,1.2133864434730235,1.084783043382515,2.076425313384553,1.4243686279614687,0.6052303860523038,0.7141780165912518,0.760159893404397,1.3789341863666813,1.4190476507936507,1.1053655152676032,1.2368788287405565,1.2993721551422353,1.016017525125628,0.08374164530929915,0.9030704123097406,1.3785267011531885,1.2056944332907464,1.5890691121581737,1.4754261289310433,1.244376335242742,1.4346558745874047,1.3310703794983532,1.203906895141423
2017-02-13,1.2094387446571748,0.801220282617126,1.2217374215977532,1.1024003743668795,2.0966436716538617,1.4509242384795626,0.6147779161477792,0.7243589366515837,0.770819453697535,1.3991023656606667,1.4368253333333334,1.1096423621625653,1.2437479820488995,1.3119302878657138,1.0241834484924621,0.08335189031118406,0.8976519898358822,1.3891604803262114,1.2163715276510314,1.606487316769343,1.4738868325636119,1.2491120969179497,1.4507957755930112,1.340182269436781,1.2102224040461216
2017-02-14,1.1880101737752506,0.8021378530532682,1.2002991324828942,1.0979960581369743,2.066316134249899,1.4399896120801876,0.6251556662515567,0.7364253770739064,0.7828114590273151,1.4172253228672804,1.4615873333333331,1.1271384355975589,1.2488998980122334,1.3299575720064325,1.0285804020100502,0.08897549814113034,0.8937387148182204,1.3989366572426323,1.2321591896331447,1.6062184313649073,1.4716878550309354,1.254474615348551,1.4474332784704487,1.3421617260671006,1.2150721707924323
2017-02-15,1.2127550966133902,0.8021378530532682,1.2085254315645482,1.1268442633781106,2.0683381318236957,1.4915386878417078,0.635118306351183,0.753393665158371,0.7921385742838108,1.4233609095929802,1.4758730793650792,1.1382192872904215,1.257915632884311,1.319829963942272,1.0524496859296484,0.09387528082822001,0.9078867878420592,1.4088842431276543,1.2366307355356818,1.6183362631198182,1.4671798394891646,1.2652691556590054,1.4465365961323338,1.3397569230228734,1.2211381864942987
2017-02-16,1.1982142806577991,0.7964033818956489,1.2051601443913695,1.1193570138735962,2.0380105944197333,1.4668055193959908,0.6317974263179743,0.7458522247360482,0.7921385742838108,1.4171116710121197,1.4638095555555555,1.1298600336286944,1.2673607871065962,1.3218554450446718,1.0559044912060302,0.09031179542388211,0.9184226093190063,1.4033958716799941,1.2351707245847783,1.621101670786504,1.4715777945545179,1.2635280872909835,1.4463123863189336,1.3482307949763246,1.2200829791167993
2017-02-17,1.1966836429417438,0.7863106576073154,1.2040383196794846,1.1281656022902444,2.0339668014557217,1.4923197084092685,0.6400996264009963,0.7319004524886878,0.7841439040639574,1.4224519901726624,1.4650794285714286,1.1292768493249776,1.2757325700489979,1.3244885623757052,1.0559044912060302,0.08930957942172897,0.9190246863628931,1.351685049723994,1.2385471801423618,1.622887644153752,1.4681693612370323,1.258235274273564,1.4485541706219645,1.3546271602705713,1.2221309571555923
2017-02-21,1.194132648108861,0.7977795999225543,1.2041629987225602,1.127725148645673,2.0339668014557217,1.5063785732882062,0.6425902864259029,0.7383107088989441,0.7814790139906729,1.430291951362528,1.47809526984127,1.132387269292132,1.284319057299969,1.3263116128481185,1.0559044912060302,0.09131402812982088,0.9235400083220948,1.3769831543008049,1.2474903814564702,1.6447227870966372,1.4702584432190802,1.2553799012571878,1.4456399137942186,1.3604999311799613,1.2295224861963252
2017-02-22,1.1816326229175351,0.7934214156054944,1.2121400518955483,1.1215591279453865,2.0279014152850787,1.5076802915907317,0.6371938563719386,0.7409502262443438,0.7794803464357095,1.430121521869753,1.4768253968253968,1.1345257024596753,1.2828163525344285,1.3224630812733054,1.054962311557789,0.09103563170259582,0.9214328741290525,1.3769831543008049,1.2512319766380728,1.643128807517928,1.4966465034627763,1.2615780976830724,1.442725836298457,1.3590276953632634,1.2281918964988212
2017-02-23,1.1760203271423386,0.7895220165065056,1.1951887749524328,1.1116494164280994,2.003639264051759,1.4907575631346006,0.6363636363636364,0.7432126319758673,0.7648234510326449,1.4270537228257305,1.4787302222222223,1.1370529381231131,1.306214442550487,1.3338059415395167,1.0697236494974873,0.0923162552678311,0.919325709833663,1.394391601111469,1.2459390399707977,1.6365610106396324,1.4882903294653216,1.2650602344191164,1.4485541706219645,1.3599601611659335,1.2287064929931857
2017-02-24,1.1806121892700971,0.7961739892866133,1.209148677209946,1.111208962783528,2.0218358269308534,1.5240822962770113,0.618098796180988,0.7213423453996984,0.748167888074617,1.4052380432851257,1.4453967936507934,1.1238336338225823,1.3172695678280468,1.340085180070593,1.076004962311558,0.0900890838500306,0.9211318205559356,1.3983363056484324,1.2471254243475085,1.6232140825649264,1.4891699446675077,1.2629710359487718,1.4485541706219645,1.3555596277091262,1.2305413991169836
2017-02-27,1.1816326229175351,0.7950270950550894,1.2194938594231388,1.1107685311605373,2.0016174686615447,1.521218432699818,0.6264009962640099,0.7383107088989441,0.7455029980013325,1.4164867420409786,1.4552380952380954,1.128693665021261,1.3137276443861252,1.3338059415395167,1.0766331344221105,0.09304008041068773,0.9130041868451477,1.4182317432618838,1.2495892681146195,1.6297435517409797,1.4998351676691093,1.2493906191069186,1.4398117363861973,1.3566066169008908,1.2317940693603766
2017-02-28,1.1826530565649729,0.7986971703586966,1.2192446259786378,1.09953754679586,1.9672463404771532,1.5048164280135383,0.6264009962640099,0.7424585595776771,0.7455029980013325,1.4092716302858397,1.4498412063492063,1.1251944425582123,1.3116883291121246,1.3342111471381637,1.07160800879397,0.08006681246992832,0.9157133980820771,1.4182317432618838,1.2501369227961308,1.6228299759219338,1.490269350970952,1.2523157045007507,1.4342075446265963,1.3466767845488872,1.2286180408486107
2017-03-01,1.201275479559299,0.808789825833376,1.2494078804907935,1.123761264038758,1.997573877881116,1.5329341577714137,0.6550435865504358,0.7790346907993967,0.7561625582944703,1.4356891333782722,1.4860317777777778,1.1611586539883096,1.3293979141225267,1.3410978396009283,1.0810300879396986,0.0756681489197723,0.9196266730997388,1.4401852376281172,1.2756889213360103,1.6382702114568983,1.510940104813857,1.267149537353563,1.4557274275784036,1.3663564266712058,1.2454179851818628
2017-03-02,1.1663265263692213,0.7817230806812199,1.2010469574580471,1.1001981722087648,1.9874646987464617,1.4988284300963293,0.6400996264009963,0.7620663273001508,0.7441705529646903,1.426315147680601,1.4692063174603174,1.141329707257576,1.3269292653628693,1.3384647222698949,1.0838567211055277,0.0765590174868925,0.9759180320313656,1.434782579240352,1.268114692462128,1.6302619839406929,1.5036833371198464,1.2572602829517454,1.4348800844008052,1.3588150221563096,1.2381199846443425
2017-03-03,1.1943877246329662,0.7913570197514822,1.2332045157719864,1.1039418850473466,2.0198140315406388,1.532413460036449,0.6558738065587381,0.7296380090497738,0.7548301132578281,1.436711698972578,1.4866667301587302,1.1448289297206247,1.3286465993054974,1.3485923303340557,1.0841708542713568,0.07271714679118663,0.9759180320313656,1.4424148491345952,1.2755977368132871,1.6321248508442554,1.5081913416665642,1.253917459542237,1.4402599990975118,1.3562794203048425,1.2387438450022181
2017-03-06,1.1558673429625677,0.7741536062786238,1.2044122321670612,1.075754195111209,2.0016174686615447,1.4985681072637336,0.6301369863013698,0.7017345776772248,0.7381745502998002,1.4317122444787582,1.4784126984126984,1.139385733658354,1.3277879323341832,1.3463642363047241,1.0788315954773868,0.0690979932372608,0.9726068641599378,1.4467026460277623,1.2715823690454464,1.6258450456089768,1.510940104813857,1.256842440471967,1.4407082618088265,1.3541527896601635,1.2346841833814732
2017-03-07,1.1438775218398591,0.7397467793329072,1.185591417714393,1.0491081039418633,1.9429841892438333,1.4795626659724033,0.6259858862598588,0.6964554675716441,0.7355096602265156,1.4254061373615239,1.4707937142857144,1.133359256091743,1.3290759327911543,1.336034035568848,1.067525188442211,0.06520044325610992,0.9668873580106152,1.4432724599667914,1.2732250775688994,1.624712066209575,1.5096207534784196,1.256215683716573,1.4436225186365723,1.360908902386749,1.2310870868785555
2017-03-08,1.1451530065011988,0.7365354892473711,1.1865884761340468,1.0497687293547677,1.9733117266477962,1.4756573808903932,0.6268161062681611,0.6964554675716441,0.7468354430379748,1.4216566260275736,1.472698380952381,1.1316096448602186,1.3319738184388497,1.3327932820091815,1.0650125628140703,0.06614699110867513,0.9602648717560242,1.439927986965715,1.2684796495710897,1.6333155003958932,1.5142386535757666,1.2497388536733436,1.4568481628144327,1.3665690998781597,1.2282750186227667
2017-03-09,1.1053571656796641,0.7291953386401566,1.1813535517379952,1.0405197093151288,1.9652243429033562,1.4673262431658423,0.6334578663345787,0.718325754147813,0.748834110592938,1.4213156875056088,1.4819047619047618,1.1411353448898784,1.3518299850129865,1.3346161704398658,1.0694095163316584,0.06442093325987973,0.9590608079752917,1.4407854691640043,1.2655593356451906,1.638116545370602,1.519956124902346,1.2339299250346103,1.4510199854064114,1.3719838753842615,1.229257510255588
2017-03-10,1.1198979816352557,0.7358473114202644,1.2041629987225602,1.0550539528738163,1.949049777598059,1.454829497526686,0.639269406392694,0.7401960407239819,0.7501665556295802,1.4110896452428214,1.4758730793650792,1.1440513052887111,1.3546206043709477,1.3287421375074364,1.0712940012562813,0.06815144538469559,0.96447923044915,1.457679397498676,1.2697572549735352,1.6370795619052605,1.5260032718857595,1.2384567654699286,1.4555032177650031,1.3794598804955378,1.2332755479186615
2017-03-13,1.0808672938554262,0.7273603353951801,1.2037890862349836,1.0427218233869193,1.9733117266477962,1.4186410309815152,0.6367787463677874,0.7398190422322775,0.7468354430379748,1.4098397816193664,1.4685713650793653,1.1411353448898784,1.3596651574469283,1.2993721551422353,1.0712940012562813,0.06742761467391041,0.9753161054992141,1.4596518784010644,1.2703047636430005,1.6411700618258023,1.5349094074186722,1.2289157456345354,1.4505715657796108,1.3832060207602488,1.2337277071770207
2017-03-14,1.0512754578756263,0.707863133459274,1.1778635979859056,1.019158753578507,1.9409623938536191,1.376724837281958,0.6313823163138232,0.7262443438914028,0.7341772151898734,1.407340048691284,1.4663491746031747,1.1423016940571868,1.3636364251075759,1.3003848146725705,1.0747487751256282,0.06063474184961887,0.9747140284553272,1.4497898683664363,1.268388428545355,1.6372140046074783,1.5318308036887567,1.2237621414795496,1.4438467284499725,1.3833369193564629,1.2295589074841622
2017-03-15,1.0737244624049882,0.73171851971224,1.1885827923999952,1.0391983924245762,2.011726647796199,1.41343402759698,0.6363636363636364,0.7266214177978884,0.737508327781479,1.4019997352119138,1.455555492063492,1.141329707257576,1.384136629475939,1.3105124227367313,1.0876256595477387,0.06130289327495902,0.9443106579075659,1.4731154920408585,1.2818033217740463,1.6380588771387836,1.5362287587541097,1.2243889051992174,1.451468248117726,1.3859216451934044,1.2398561595950934
2017-03-16,1.0747448960524262,0.7200201847879656,1.173376486100842,1.0440431622990531,1.949049777598059,1.409789169487113,0.6471564964715649,0.7390648567119156,0.7568287808127915,1.4101806349237442,1.4707937142857144,1.1531882028224767,1.3787700950685862,1.2999797711156529,1.0813442211055275,0.06236079969841426,0.9506321206913869,1.4689992413257933,1.2839022084321956,1.6389230882792472,1.5391974669333963,1.2343478650142172,1.449002410916781,1.3885063710303458,1.2378392728235077
2017-03-17,1.0642857126457728,0.7340123081752878,1.1636544622838916,1.024223695221317,2.0177922361504246,1.384535277271544,0.6413449564134496,0.7175716817496229,0.7574950033311125,1.3858652224550567,1.4292063492063494,1.1405520828256626,1.3744767709450847,1.294308351110155,1.0778894472361809,0.06141425184584904,0.9548464191798187,1.4552782398140962,1.277514181419967,1.6367914531167462,1.5375481100895476,1.2232745935865892,1.4541582951320715,1.393970170732948,1.2362123622560672
2017-03-20,1.0637755085771554,0.733324199161835,1.1818521308044823,1.031711032812156,1.9813991103922362,1.3915647227284562,0.6322125363221254,0.6930618024132731,0.7455029980013325,1.3756390949746824,1.4155555555555557,1.1203344113595337,1.374584198230851,1.2985619262418862,1.0797739007537688,0.05924275971349355,0.9518362446768137,1.44069975610411,1.2909290746486584,1.6457405490983177,1.53864768131878,1.2236228281530142,1.4555032177650031,1.3878847266166041,1.2337277071770207
2017-03-21,1.0311223716550415,0.7204789700060367,1.1480742559613266,1.0024223739264482,1.8863729073999191,1.3506899505337153,0.6210045662100457,0.6440422322775263,0.7521652231845436,1.3237131843264813,1.354285714285714,1.085730930904567,1.3657830066713106,1.2945108627610058,1.0756909547738693,0.059688193997053655,0.9455147216882984,1.4381270522414282,1.2761452454827524,1.6192964721147598,1.5229246791508966,1.2109479061480022,1.4393633167593967,1.3585369495457358,1.2184196472615219
2017-03-22,1.0293366574148812,0.7278190517995972,1.1581701922658536,1.007267165822506,1.9126566518398707,1.3657901327779227,0.6210045662100457,0.6429109728506788,0.7448367754830113,1.3127485612373921,1.3399999682539683,1.0756221437718145,1.3551572900108895,1.2862062241483943,1.082600533919598,0.059632514711608645,0.9497290201767302,1.4323814215557722,1.290563971527651,1.6286296766597415,1.5347993469422547,1.2172157104872403,1.4577448451525479,1.357113737925538,1.2207223216927807
2017-03-23,1.056377524072002,0.738829277710419,1.1722547611022776,1.0112309623430964,1.9268096239385362,1.3634469929705808,0.6048152760481528,0.63763197586727,0.748167888074617,1.317463860528034,1.3520634920634922,1.074066894907988,1.3512933852375955,1.2817500563449473,1.0769472675879397,0.06046770399328383,0.9551474727529358,1.4174598369139884,1.2860010950903449,1.6273238058695467,1.534139676772062,1.2174943371403115,1.4541582951320715,1.3374667447925999,1.219428026971917
2017-03-24,1.0645407891698777,0.7454812504905267,1.1803563936050208,1.0129927328782207,1.9591589567327132,1.3696954178599323,0.6089663760896638,0.6346153846153846,0.7501665556295802,1.297636625437186,1.3479364761904764,1.085342206169172,1.3467855070684878,1.2797245549873315,1.0678391959798994,0.05985523185338869,0.9605658952267941,1.4149729747451079,1.2834458842854535,1.6239246276190933,1.5430456363841334,1.2105996715815772,1.4566241099165185,1.3323136683258365,1.2183988345029872
2017-03-27,1.0647959422245932,0.7363060966383356,1.1840956805149316,1.0151948469500112,1.9813991103922362,1.376724837281958,0.6201743462017435,0.6391403092006034,0.7541638907395071,1.2809907446655893,1.3200000634920634,1.0767884929391232,1.3502200890891936,1.2799270868933985,1.0734924623115578,0.06018930756605877,0.9704997299668954,1.411542788684137,1.2856361014783722,1.626248375636048,1.5428258562779282,1.210181829101799,1.4593139775988797,1.3406239910578084,1.2171565706388616
2017-03-28,1.0867346151343211,0.7397467793329072,1.2006730449704708,1.0246641488658885,1.9409623938536191,1.4108304868523822,0.6264009962640099,0.655354411764706,0.7574950033311125,1.302863292742568,1.3488889523809522,1.0878693640721107,1.3487174701882036,1.282965389567863,1.07286432160804,0.0594654768552736,0.964178146773686,1.4179744840238875,1.3122832998722396,1.6438777993402522,1.5586586000657043,1.2153353287926827,1.4635731794760554,1.3429305444952018,1.225982750050976
2017-03-29,1.0704081104487728,0.7342417007843234,1.1753708023667906,1.0118916758423255,1.8904164981803477,1.3923457432960167,0.6189290161892902,0.6572398190045249,0.7508327781479014,1.2978638325675758,1.358730126984127,1.0822317084415185,1.3407749348669085,1.2890419341511432,1.07820358040201,0.06224944112752424,0.9674894049521552,1.4015950655896143,1.3152034677860922,1.6790598703578437,1.5684441858750144,1.2113657416635069,1.4676081491233322,1.3600909599731734,1.2273133397484797
2017-03-30,1.0852040794590796,0.7402055645509784,1.1673937491938022,1.018938559788593,1.8883947027901333,1.4014580057276753,0.6259858862598588,0.6508295625942685,0.759493670886076,1.3136007030200954,1.3787301587301588,1.093312657335005,1.3379844013734978,1.2851934835971943,1.0788315954773868,0.06169264827307411,0.9704997299668954,1.4148872616852135,1.3134695382369046,1.6829391531057678,1.565805483204139,1.2108085928214665,1.472988063820039,1.3602382337765073,1.230915639441031
2017-03-31,1.0790815796152657,0.7351592024068117,1.1494453141177123,1.0121118476106585,1.8782855236554792,1.3996354595157514,0.6160232461602324,0.6470588235294118,0.748834110592938,1.3050789443227147,1.36,1.0820373460738208,1.3368037530708115,1.2870164530487431,1.0744346419597992,0.06141425184584904,0.964178146773686,1.4064830940186683,1.3110056944697936,1.7025273225020978,1.561847253276985,1.212758575465104,1.4763505833590993,1.3570646139400635,1.2281398661618825
2017-04-03,1.082908161150302,0.7337829155662522,1.1513149638047502,1.0200396388460693,1.9126566518398707,1.405883884405103,0.6060606060606061,0.6297134615384615,0.7395069953364424,1.3007612873364098,1.3558729841269843,1.0787325637389689,1.3383063719718014,1.285598587919761,1.0753769472361807,0.058296211860928336,0.9665863947445394,1.4200325407766698,1.3113706515787553,1.7120718613651942,1.5643760713922839,1.2152657208793292,1.4694015137995629,1.3717712021773076,1.2261231062212927
2017-04-04,1.0433673713426692,0.72300215107812,1.1245169840016085,0.9933935476767232,1.8782855236554792,1.3816714397292373,0.6023246160232462,0.6278280542986425,0.7235176548967355,1.3024655709018165,1.3495237460317462,1.073094908108377,1.3381990198175169,1.2896495703797766,1.0785175879396987,0.05662583329757795,0.9677905187299662,1.4147157155071115,1.3211352801606133,1.741492678413135,1.5583287594830817,1.2154050342058647,1.4734364834468396,1.3652604116470564,1.2268091496333826
2017-04-05,1.0538265292391191,0.724149045309644,1.1223981008700699,0.9927329222638186,1.8560453699959563,1.3889611559489716,0.5969281859692819,0.6221719457013575,0.7195203197868089,1.2933757460884956,1.3250794285714285,1.0688180612134148,1.339487020274488,1.2876240892773767,1.0738065012562814,0.0528953211727621,0.9638771534052633,1.4181459015680824,1.3142909655046542,1.7461977255333654,1.5596482757443082,1.2039836326759144,1.4696255666974767,1.3600909599731734,1.2230614179316759
2017-04-06,1.0642857126457728,0.72300215107812,1.1146702811415825,0.9966967187844089,1.8621107561665993,1.3897422806560793,0.6006641760066418,0.6259426847662143,0.7168554297135243,1.2989432666982554,1.3361904761904764,1.076399690443229,1.3421702874781642,1.280939908465463,1.0712940012562813,0.05361915188354727,0.964178146773686,1.4178886423300865,1.3110056944697936,1.7250731276446474,1.5521715520232506,1.2009889393687285,1.4734364834468396,1.3543163388816428,1.2254213264093063
2017-04-07,1.0665816309545502,0.7126801029944051,1.111429573298159,0.9947147764809514,1.8499797816417307,1.4199427492840406,0.5985886259858862,0.6206636123680241,0.7115256495669554,1.2946256097119508,1.3317460634920635,1.066096443742155,1.3407749348669085,1.2787118144361316,1.0709798366834171,0.05339643474176721,0.9608669186975641,1.4237201147095437,1.308085380543895,1.7185436603890116,1.5478834925085265,1.1988300285209283,1.4723155912953243,1.34906511259702,1.2244077435092775
2017-04-10,1.0795918091940866,0.7250665469321322,1.1098092692331074,0.9903105263157896,1.9470279822078447,1.4116115855246032,0.6027397260273972,0.6210406862745098,0.7135243171219188,1.3003635598144856,1.3304761904761904,1.0602644257438651,1.3345497334882415,1.266963748571273,1.0690955087939698,0.05484409616333754,0.9533413319283163,1.419089225460173,1.3065340390582223,1.7418958912947091,1.5507421402113957,1.1922835975286188,1.468953094172762,1.3491632607789947,1.225249752140786
2017-04-11,1.1206632367177745,0.709468744095215,1.1073163739006715,0.9973574322836379,1.978568540234533,1.4334808903931269,0.6060606060606061,0.6153846153846154,0.7175216522318454,1.2938302455668618,1.3200000634920634,1.0528771588817487,1.3332618188958207,1.267571465820771,1.0656407035175879,0.053173717599987166,0.9653822707591128,1.4220907347389526,1.2924804161343313,1.7329083485449803,1.5384277362867862,1.1879657827972918,1.4678323589367326,1.3469057331739862,1.2234928917822956
2017-04-12,1.121428517310497,0.7113038161538456,1.1050729239035428,0.9920722087645893,1.9672463404771532,1.445196511325176,0.5960979659609796,0.6104826923076923,0.7115256495669554,1.2825246839558078,1.3038095238095238,1.0326594096551207,1.3459268508302424,1.2770913566354336,1.0653265703517587,0.05345211402721222,0.9701986462914313,1.4197752901142675,1.2940317941230153,1.7211361766649045,1.5346894623866785,1.1885229386036056,1.4622282344266255,1.348492592168753,1.2188926187586164
2017-04-13,1.1058672677074677,0.6975410853755589,1.0760313943899515,0.9696101959920722,1.9551151637687019,1.4139547253319449,0.5865504358655044,0.5980392156862745,0.6995336442371752,1.268719474634258,1.291746,0.9982503693283509,1.341526249683938,1.2681791020494044,1.0640703831658291,0.05278396260187208,0.9608669186975641,1.414630011022811,1.2871874794670561,1.6989361504631058,1.5326003694095778,1.180653274758779,1.4559514804763174,1.3472493049771543,1.2105862379909018
2017-04-17,1.1283162977470331,0.7071749556321673,1.0832606350519518,0.9766570799383396,1.9652243429033562,1.4246290288987244,0.5940224159402242,0.6078431749622926,0.7121918720852765,1.2854220535070549,1.3171429206349206,1.0248833986174846,1.3493614221178796,1.2720275526033533,1.0678391959798994,0.05278396260187208,0.9668873580106152,1.4336677091701595,1.294305530206242,1.7321978034908134,1.5549203151705437,1.1915872328598713,1.4678323589367326,1.3695136729364144,1.2210134398928827
2017-04-18,1.1176020378162745,0.721396471628525,1.078524190009067,0.9779784188504734,1.9611807521229276,1.4168184847695913,0.589041095890411,0.6018099547511313,0.7055296469020653,1.2248039489875253,1.3082539365079366,1.0196345649229115,1.307502443007458,1.2612923083105594,1.062814070351759,0.04983296047328639,0.9554484962237055,1.445759322135672,1.2885562693922248,1.7356354265890064,1.5498626899349979,1.1842747248213585,1.4658147844471021,1.3689411525081474,1.2174683737269039
2017-04-19,1.1326530833506867,0.7328654139437639,1.0867505763398764,0.9927329222638186,2.0420541852001617,1.4228066128612342,0.5907015359070154,0.6063348416289592,0.7041972018654231,1.2162821902901446,1.3346032063492062,1.013802546924622,1.302672594240047,1.268786718022822,1.0555904836683416,0.05022271547140148,0.957254606945978,1.4514192483370274,1.2838108413944151,1.7268398795482343,1.5642661758416552,1.1260533916304307,1.4579690549659483,1.3712150569561603,1.21537877121064
2017-04-20,1.1535714246537903,0.7379117760879306,1.1014583035725425,1.0114512221977539,2.0986656692276586,1.456651939599063,0.6035699460356995,0.6240572775263952,0.7088607594936709,1.238836456338224,1.3492063492063493,1.0400466765172371,1.3080391286473998,1.266963748571273,1.059673429648241,0.04944320547517131,0.9557495196944755,1.4710572980785757,1.2998722759627668,1.732332248113449,1.5810885953080351,1.1303016054126778,1.468280621648047,1.3768425040333312,1.224563708728696
2017-04-21,1.1517857359238333,0.7438755710409316,1.1106817607871708,1.002642567716362,2.1532551556813586,1.4483207758396253,0.5998339559983396,0.6221719457013575,0.703530979347102,1.2320190664238369,1.3269840952380951,1.0303266141198797,1.3068584803447134,1.2535953059265812,1.0565326319095478,0.04738307191370583,0.9512341676329269,1.4677986667713003,1.2983208979740828,1.725553232142118,1.5797690790468086,1.116930214274816,1.4884555147174285,1.3793617306776784,1.2208470682941968
2017-04-24,1.1846938218190353,0.7571795854148011,1.1302504874641475,1.0308302356309185,2.2179538212697127,1.4707108044780006,0.6255707762557078,0.6926848039215686,0.7448367754830113,1.268151323300731,1.3828571746031746,1.0429627341166938,1.3189868159061247,1.2586591099586615,1.059673429648241,0.04788418548271095,0.9635760697297993,1.4778320943501237,1.3108231429092898,1.742606436348876,1.5994503111418465,1.1195069606381212,1.5137860902536184,1.4113760098321126,1.2340811347425338
2017-04-25,1.1890306074226884,0.7516745068662173,1.1394739446787758,1.029068487117375,2.1856044884755357,1.4863316844571728,0.634703196347032,0.697209653092006,0.7561625582944703,1.2875241441308,1.4053968253968254,1.0606532282397594,1.3247826837991346,1.2618999445391927,1.060301444723618,0.05022271547140148,0.9756170687652898,1.4924962825444108,1.3189450629676949,1.7430097663759472,1.6106653087630118,1.116999815223896,1.5225285020728874,1.4269823150936722,1.2415975372156787
2017-04-26,1.1836734902124109,0.6865308594647372,1.0999625663730812,1.0211406958819644,2.1977354630004045,1.4824264254100497,0.6517227065172271,0.7104072398190046,0.7634910059960027,1.2850811945215044,1.4085713968253968,1.0602644257438651,1.3256413507704485,1.2700020715009535,1.0631280778894472,0.05172605617841682,0.9692956059814687,1.4954120873388896,1.3111881000182515,1.7462168317719469,1.6114348854788858,1.1147015980138337,1.5205111069152408,1.426049847655117,1.2409944890965383
2017-04-27,1.1219387468893176,0.6704743402234028,1.058581538380349,1.007267165822506,2.1997574605742014,1.4514449362145276,0.6376089663760897,0.6843891402714932,0.7668221185876083,1.282865542941358,1.3822222539682538,1.058320374384144,1.3281099136655556,1.267571465820771,1.0634422424623116,0.05222716974742195,0.985550903505391,1.4975559857854732,1.312191932834459,1.7636734831512733,1.6239692344354888,1.1165123717950378,1.5303742539705392,1.4301723101372357,1.2416806598594232
2017-04-28,1.0872448447131418,0.6670336575288311,1.0605757549329768,1.0006606254129047,2.19571366761019,1.4636813590210884,0.6334578663345787,0.6813725490196079,0.7201865423051299,1.27144641469273,1.3768253650793651,1.0466563189474403,1.3252120172847914,1.2625076617886908,1.0653265703517587,0.05150333903663678,0.9843467795199644,1.4996998842320568,1.3109143274320132,1.7763674172581332,1.6520066515230343,1.1163033460910465,1.5346334334312164,1.4820462539956771,1.2393051418128918
2017-05-01,1.0734694113910865,0.663363651038878,1.0522247892724124,0.9997798282316671,2.1815608976951073,1.4652434001562094,0.6359485263594853,0.6870286199095024,0.7295136575616256,1.277411662824414,1.388571492063492,1.0587091768800385,1.3238166646735356,1.2635204023398907,1.0609296168341706,0.0537861897398823,0.9888620412744719,1.4972128848536759,1.3376528563606498,1.820997912138845,1.6763057947104716,1.1062051704493396,1.5559292186521136,1.4928594281648766,1.2414519783755271
2017-05-02,1.1191325990017194,0.6711625180505095,1.0780256109425796,1.0532922704250165,2.2494945814799836,1.518614996094767,0.6376089663760897,0.6889140271493213,0.7188540972684876,1.2789455168970454,1.3761904126984126,1.0602644257438651,1.3276805801798985,1.2700020715009535,1.0555904836683416,0.05740534329380813,0.999096869382996,1.4933538933766066,1.3461397700310276,1.8185206151810913,1.6798241235785858,1.108015951194817,1.5534633814511685,1.499190294266529,1.2429281269131824
2017-05-03,1.120408083663059,0.6858427504512845,1.0793966690989654,1.0638626073552082,2.2401941771128184,1.5141890132777922,0.6409298464092984,0.6964554675716441,0.7195203197868089,1.2857061291738183,1.3803174603174602,1.0662908061098524,1.3237093983838015,1.2888394225002922,1.0511934987437188,0.054565699736112486,1.0072245030937839,1.4796328918649098,1.3420331812374522,1.8071709967121656,1.669049016021408,1.1047427356986623,1.548531729465776,1.5165306341730995,1.2413479171818504
2017-05-04,1.1201530326491573,0.6739150229179746,1.0648136209093748,1.0711296850913896,2.2058228467448444,1.5188752928924762,0.6421751764217518,0.7081448340874811,0.725516322451699,1.2872968461016512,1.373968222222222,1.0727060861723579,1.330363847383575,1.2837756184682119,1.050565358040201,0.05478841687789253,1.020469626114701,1.4923248650002157,1.3371965687169192,1.8004495337475737,1.6586037490468528,1.1076677166283924,1.5424791853288682,1.5240884138951154,1.2420705092325723
2017-05-05,1.1354591036872679,0.6764382039900578,1.062445404620015,1.0724510240035234,2.1754953093408815,1.5204374381671442,0.6546284765462848,0.7296380090497738,0.7128580946035976,1.2888875687106562,1.3676191111111111,1.0713452968768524,1.3256413507704485,1.2957261959839215,1.0515075376884422,0.05606904044312783,1.0301023470769914,1.4931823471985048,1.3593722212082495,1.7939585113396774,1.6518967559724054,1.079810622740041,1.5467383647895458,1.5166779079764334,1.24714895694298
2017-05-08,1.146428516672742,0.6697862312099501,1.0411316948349112,1.0684871173750277,2.147189567327133,1.4964852902889874,0.6147779161477792,0.719079939668175,0.7061958694203864,1.2784342340998924,1.3657142857142859,1.0699844881412224,1.3228507314124873,1.2965364248842703,1.050565358040201,0.05406458616710737,1.0156532505823823,1.4959265972392883,1.3963314108413944,1.8225534468698148,1.660912622130158,1.0657427624693296,1.5453934197401165,1.5284071743770677,1.2471956577790881
2017-05-09,1.2010204285453971,0.6704743402234028,1.0496073270743864,1.0913895837921164,2.1754953093408815,1.5173131736526946,0.6143628061436281,0.7107843137254902,0.709526982011992,1.2712191223447535,1.3596826031746032,1.0629860237750004,1.3224213979268304,1.2819526490166628,1.0483668655778895,0.06709353896124035,1.0174593010999606,1.4856359104224688,1.4052747216645374,1.8298126825636962,1.6545354696383334,1.0593356448035558,1.5476350471276612,1.524922731515811,1.2459169721073262
2017-05-10,1.2066325967695766,0.6732269139045217,1.0368939161076687,1.1004184320634223,2.1613425394257986,1.5196563134600365,0.6172685761726857,0.716817496229261,0.7228514323784144,1.2775820923171892,1.3682539047619047,1.063763648206914,1.318128159667879,1.2951184989896394,1.0373743404522613,0.07060133394427615,0.9984947923391091,1.486922198036856,1.3986128490600476,1.822380674544937,1.652446376661233,1.0533463626532866,1.5536874343490823,1.5193771572024692,1.247325607570138
2017-05-11,1.1872448931825281,0.6628130959319771,1.0426274320343725,1.0942523452983925,2.1512333602911444,1.5123665712054155,0.6122872561228726,0.7092759803921569,0.7061958694203864,1.276900294809674,1.360952349206349,1.044712345348218,1.3223140457725457,1.3050435751477332,1.0376884736180902,0.07683741391411758,1.0018060806199252,1.4863219750765633,1.40490961854353,1.8198264859712863,1.64969761351394,1.0491677567843931,1.5346334334312164,1.5223543808859892,1.244627880056297
2017-05-12,1.1691326742568195,0.660611077357759,1.041879507345899,1.0788373045584674,2.155276951071573,1.4897162457693311,0.609796596097966,0.7077677224736049,0.7081945369753498,1.2658788884017977,1.3565079365079364,1.0307154166157741,1.327036617517154,1.2876240892773767,1.0367461683417087,0.0756681489197723,1.0159542138484583,1.4733727512788548,1.4245300967329806,1.8461937884844444,1.6528862777202733,1.047217767176482,1.5328400687549864,1.5250045061265505,1.2427877707428656
2017-05-15,1.1908162961526454,0.6654280468928901,1.0578337258693609,1.0902884386698966,2.1674079255964416,1.510804451965634,0.6131174761311747,0.7175716817496229,0.7221852098600933,1.2789455168970454,1.3787301587301588,1.0365474540541884,1.3629923873133494,1.2864087357992453,1.0402009736180904,0.07889754747558304,1.02016851233689,1.470971593594275,1.420879686074101,1.8397027660765484,1.651346970357789,1.0551570389346623,1.533960960906502,1.5329549816372092,1.2487239634846783
2017-05-16,1.1974489235344663,0.6601522921396878,1.0560887427612335,1.0902884386698966,2.1856044884755357,1.517052850820099,0.6106268161062682,0.7266214177978884,0.7288474350433044,1.2816725421731043,1.3771428888888888,1.035381007686256,1.371364170255751,1.2920802570808234,1.023869283919598,0.07839643390657793,1.03491872260931,1.441728784480501,1.4187807994159518,1.8552582209296522,1.646838965811071,1.0702694984405459,1.5559292186521136,1.542639392003904,1.2478662189730723
2017-05-17,1.1459182870939213,0.6420313770443412,1.0244297510496168,1.0513103281215592,2.0905782854832187,1.4850299661546473,0.5927770859277708,0.7028657239819004,0.7115256495669554,1.2141801848839862,1.3006349523809524,1.0155521581561462,1.3595578052926436,1.2760786160842337,1.012248743718593,0.07377505321464187,1.024081847559246,1.4480747753359509,1.3711443694104763,1.8143341193264892,1.592633433511823,1.0511177463923043,1.512665355017589,1.5043923965656771,1.2251822390659421
2017-05-18,1.1390306342084022,0.6447839507254601,1.0350242788847959,1.0495485575864347,2.0723817226041246,1.4915386878417078,0.5923619759236197,0.7043740573152338,0.7328447701532312,1.222361090276989,1.3114286031746032,1.0182737561872814,1.3627777581362617,1.2941057381832235,1.0119347047738694,0.07499999749443216,1.0174593010999606,1.4702855289401806,1.3920422704873154,1.8407014199192295,1.62352950929729,1.050073147157132,1.5178210599008954,1.5217654852506024,1.2296992636544792
2017-05-19,1.1535714246537903,0.6544178209820685,1.05409443895945,1.0614402334287603,2.0723817226041246,1.5110648529028898,0.5960979659609796,0.7179487556561086,0.7421718854097269,1.2236677315380586,1.3269840952380951,1.0314930410476875,1.363099739467634,1.291877664409108,1.0194723304020101,0.07527839392165721,1.0325104746384564,1.480061697281008,1.396787698485125,1.8432940552610377,1.6279274643626434,1.0584302544308168,1.5173727971895812,1.52793280376666,1.2380212529514962
2017-05-22,1.1788264750299369,0.6523534251280563,1.062943983686502,1.067826513983704,2.0177922361504246,1.5339754751366832,0.5973432959734329,0.720965346907994,0.7421718854097269,1.2272468985968208,1.3225396825396825,1.0305209764875773,1.3658903588255953,1.297144061112904,1.008793938442211,0.07488863892354213,1.0364238098608123,1.4981562087457663,1.4052747216645374,1.8640920975930844,1.6299066507940623,1.0630266958152153,1.5344092236178162,1.540774458762679,1.2444096054714675
2017-05-23,1.1903060920840283,0.6578585036766401,1.069176066215528,1.0700286280554945,2.0258794177112818,1.5527206196303047,0.5960979659609796,0.725867269984917,0.7448367754830113,1.2478127145139708,1.346666603174603,1.0379082433496938,1.3686809030520748,1.30747426184878,1.0094220791457287,0.07410912892731195,1.0325104746384564,1.502615551817035,1.403540828618361,1.865762851642193,1.6280375138440082,1.0587784889972418,1.539565085416609,1.55216025314912,1.2466966708536247
2017-05-24,1.1931122144614232,0.6617579715892828,1.0537205264718736,1.0761946487557807,1.9935300849171047,1.5511586045300705,0.5936073059360731,0.7141780165912518,0.7435043304463691,1.2716168441855051,1.353333365079365,1.0320762253514042,1.3685736260292718,1.3151711832118937,1.0065954459798996,0.07199331608040146,1.0301023470769914,1.5057884786400098,1.3993429092900165,1.8826817302922303,1.64969761351394,1.0621213124067501,1.5415825029907533,1.5622046105261027,1.2497998567897164
2017-05-25,1.2249999687500008,0.6723094122820334,1.0791474356544646,1.1098877339792999,2.052163364334816,1.5860452486331686,0.5948526359485263,0.7107843137254902,0.7335109926715523,1.2638904439520409,1.353333365079365,1.0260497672249176,1.3687882552063595,1.317399277241225,1.0100502512562812,0.07121380608417129,1.0346176389338457,1.5268844993835478,1.4041795583135608,1.9077048323925336,1.6708082684158856,1.0669266750310376,1.5606366608241053,1.58605573932704,1.2553514028282144
2017-05-26,1.2433673662406284,0.6695568386009145,1.0796460147209517,1.1186963003743668,2.011726647796199,1.579536526946108,0.6010792860107929,0.6960783936651583,0.7181878747501665,1.2699124754025117,1.36,1.018856940490998,1.36224107249632,1.3149685905401782,1.0094220791457287,0.07143652322595134,1.0222756766322794,1.5221678970742827,1.4018068990691734,1.9123138816582859,1.67267740536594,1.061982096580043,1.5682581804918587,1.5892129855922486,1.2557412522013638
2017-05-30,1.2234693310339457,0.6273511446435663,1.0695499787031044,1.080378793217353,2.003639264051759,1.5485550637854726,0.5873806558738066,0.6776017722473605,0.7101932045303131,1.2408816784255952,1.3422221904761904,1.0139969092923193,1.3642803877703205,1.3141583616398291,1.0091080716080403,0.06815144538469559,1.027995212883949,1.5143640724263439,1.4023544442416498,1.9140806335618727,1.6754261685132328,1.056689186062795,1.5783457166925419,1.596427293300071,1.2542285555448753
2017-05-31,1.234948948088037,0.6284980388750901,1.085005605695914,1.08192030389782,2.0258794177112818,1.5644363447019007,0.5869655458696554,0.6591251885369532,0.7175216522318454,1.200204466533247,1.3250794285714285,0.9941679625615857,1.3765160754860164,1.3188171423702073,1.0254397613065327,0.06709353896124035,1.03491872260931,1.5022724594608314,1.3940499726227413,1.9100861314958093,1.6653107421212998,1.0629570948661353,1.5655681334775133,1.5783998097871645,1.2536516496851
2017-06-01,1.2512754527735854,0.6287274314841258,1.0997133204644154,1.0977757762607356,2.060250748079256,1.5699036448841448,0.5882108758821087,0.6655354449472096,0.7235176548967355,1.221508863276699,1.3526984444444443,1.0124417381889919,1.3822045912247416,1.3218554450446718,1.02732408919598,0.07004454108982602,1.0288982230915644,1.5400051493010452,1.397882752327067,1.9126403200694602,1.6660803078421214,1.0632356170551045,1.5713964678010208,1.5818188532448016,1.2631431876213637
2017-06-02,1.2632652738962942,0.6395081959722579,1.113174556406286,1.1272847170226823,2.0946218762636475,1.571465790158813,0.5911166459111664,0.6659125188536953,0.7215189873417722,1.2118508871298515,1.3498412698412698,1.007192885054294,1.3961576128830657,1.326109020176403,1.0219849560301506,0.06965478609171093,1.0346176389338457,1.53837576075486,1.4185982478554482,1.9333423645470282,1.6889500392177035,1.0589178023237775,1.6086079442141237,1.5959691981078086,1.2678265827689885
2017-06-05,1.2688775696714905,0.6388200869588052,1.113049977076531,1.1316890332525877,2.1269712090578246,1.5878677948450926,0.5886259858862598,0.6598793363499246,0.7235176548967355,1.2157141241742047,1.3615872698412699,1.0054432738227699,1.3991628614181144,1.3180069134698584,1.016017525125628,0.06870823823914571,0.9816375682830351,1.5382042145767583,1.404727066983026,1.9421955817400367,1.6891699842496972,1.0614249477380024,1.6202644559456523,1.609187175321235,1.2662827948452926
2017-06-06,1.2688775696714905,0.634003117423674,1.1118034857857353,1.1281656022902444,2.1370803881924787,1.5646966414996095,0.5691158156911582,0.6534690799396681,0.7161892071952032,1.2187819232182269,1.3631745714285715,1.007192885054294,1.404207414494095,1.309904786508098,1.0072236180904524,0.069933182518936,0.9701986462914313,1.550638928474068,1.409472494980836,1.926179243853123,1.6801539641612084,1.0611463141206576,1.6256443706423591,1.5975560571025753,1.2627637441076827
2017-06-07,1.2974489720038527,0.6367556911047929,1.14283931910111,1.1510680466857521,2.3999190456934896,1.5610517833897424,0.5699460356994603,0.6583710030165912,0.7181878747501665,1.2258833887993776,1.373968222222222,1.0126361005566895,1.4033487475227808,1.2975491046698218,1.0050251256281406,0.06776169038658049,0.9659843177006527,1.5711345976234061,1.417868187625479,1.939756612484525,1.6835623974786937,1.051465980958729,1.6227302707300995,1.6047048656178033,1.2647440827604353
2017-06-08,1.3119897624492407,0.6305624347291023,1.1285055168201852,1.1636203479409823,2.2887180752122926,1.540223900026035,0.572436695724367,0.6625188536953243,0.7075283144570286,1.242813260020151,1.3999999365079365,1.02177297865033,1.4012021659590461,1.280129679565114,0.9971733668341709,0.07383073250008688,0.9602648717560242,1.5580996521902097,1.4144004745391494,1.9401407210479356,1.7010446630361076,1.0592660368902023,1.6128669667593147,1.6087454537002077,1.2650820281078423
2017-06-09,1.2823979264694407,0.6427195548714479,1.1209023636706086,1.1673639726932394,2.2907400727860896,1.5480343400156211,0.5753424657534246,0.6662895927601811,0.7048634243837442,1.2637200144592655,1.4257142857142857,1.0458786945155267,1.4117205304651825,1.304233346247384,1.029208542713568,0.06971046537715594,0.9635760697297993,1.5561273084973217,1.3595546267567074,1.8787641198420637,1.6448599333103884,1.073194583834378,1.576328142202911,1.5538125131833913,1.2640320239199765
2017-06-12,1.2622448657590595,0.6555647152135923,1.1098092692331074,1.1506276150627617,2.2887180752122926,1.535798021348607,0.5703611457036115,0.6546003393665158,0.6942038640906063,1.2607090044152027,1.4238094603174603,1.0515163501461189,1.4148332062859976,1.304233346247384,1.0270100816582914,0.0704342960879411,0.9744129447798631,1.5371751862003673,1.3270669830260995,1.8530304707671756,1.6321056283267388,1.0807159086486775,1.564223210844582,1.542475842782425,1.2627948358946892
2017-06-13,1.2614795851663372,0.654647213591104,1.1081889651680557,1.1422593922043605,2.2098666397088556,1.5415256183285604,0.5765877957658779,0.658748076923077,0.7028647568287809,1.2737188495916634,1.433333396825397,1.0585148145123409,1.4169797878497323,1.2815475244388805,1.0232412688442212,0.06937638966448587,0.975014991721403,1.5526112807425498,1.3377440773863845,1.883526718048615,1.65673444717101,1.0742391830695501,1.5837256313892485,1.559652633467516,1.268491941293138
2017-06-14,1.2599489219400786,0.6656574395019257,1.111429573298159,1.1431402774719226,1.9773555196118076,1.549856782087998,0.5691158156911582,0.6538461538461539,0.6995336442371752,1.286842346623285,1.4257142857142857,1.0600699856156683,1.4250295894607616,1.2835730257964963,1.0266959484924623,0.06937638966448587,0.9701986462914313,1.5638452914514598,1.324694323781712,1.8752304988893926,1.6520066515230343,1.0711748888132846,1.5752072500513956,1.5553338746214485,1.2672287378394818
2017-06-15,1.2528061159998438,0.6567116094451162,1.1019568826390298,1.1354327460911695,1.908613061059442,1.5649570684717522,0.5550020755500207,0.6331071266968326,0.6902065289806795,1.268208106619518,1.418730126984127,1.0478227653153727,1.4279273999769755,1.2799270868933985,1.0304648555276381,0.06748329395935543,0.9701986462914313,1.5468656500568936,1.3167548092717651,1.8516093806588416,1.6470589108430649,1.074030261829661,1.5669132578589273,1.5415106282014,1.2643906546751231
2017-06-16,1.244642850901968,0.6573997872722229,1.1060699823231965,1.1451222197753799,1.8742417306914678,1.5696433480864358,0.5620589456205894,0.6342383107088989,0.6928714190539641,1.260140853081676,1.412063492063492,1.047628305747051,1.4419878596541345,1.2754709798556003,1.035489981155779,0.07048997537338612,0.9876580376984334,1.557585142289811,1.2983208979740828,1.8968160950370003,1.6562947110377584,1.082108846914377,1.569154862829974,1.5373718903011362,1.2647492854302698
2017-06-19,1.2668367023766147,0.6723094122820334,1.131372224926877,1.1563531821184763,1.916700444803882,1.5860452486331686,0.580738895807389,0.6493212292609352,0.7015323117921386,1.2846835578983398,1.4514286031746033,1.0544324077455756,1.4389826111190858,1.289852163051492,1.0433417399497489,0.07499999749443216,0.9897652019938228,1.5695052090772215,1.3354626391677316,1.9111423383452293,1.6808136343314009,1.0783480765609883,1.5886572833746406,1.5661470487906477,1.2753064371233003
2017-06-20,1.2252550452741058,0.6532709267505445,1.1141717020750954,1.1398369962563313,1.8742417306914678,1.5706847695912525,0.5716064757160647,0.635369532428356,0.6782145236508994,1.2788319559406442,1.4444444444444444,1.0392690520853238,1.4405925070428787,1.307069076505349,1.0540201319095477,0.07321826036019174,0.9759180320313656,1.571649107523805,1.3233253878444973,1.9061877444297215,1.6739967567013774,1.0791141536071913,1.5671374676723278,1.5551212014144946,1.2667661722018553
2017-06-21,1.2354591521566543,0.6544178209820685,1.132120137151185,1.1510680466857521,1.9369188030731905,1.588909112210362,0.5749273557492736,0.6372549019607843,0.6728847435043305,1.264004090126029,1.4257142857142857,1.0299378116239855,1.447998356724232,1.3259064275046875,1.0640703831658291,0.07616926248877742,0.981336454505224,1.5857987858176932,1.3311735353166636,1.9247004835925525,1.6922485879796125,1.0710355685224755,1.5752072500513956,1.569549717041165,1.2660280979330276
2017-06-22,1.2492346875195233,0.6541884971866868,1.1344882661913898,1.1629597225280777,1.8964820865345733,1.6016662327518878,0.5732669157326692,0.6312217194570136,0.6608927381745503,1.2485512953402729,1.4161905079365078,1.0204121893548248,1.460234044439928,1.3372493080261152,1.0697236494974873,0.08630289243976974,0.9723057804844737,1.5993482411512887,1.3289834276327799,1.922914510225305,1.686641001208609,1.0752837823047225,1.5749831971534816,1.5656890533873598,1.2654510652422561
2017-06-23,1.2405612183530301,0.650289029274044,1.1420914068768016,1.1653820303897822,1.8964820865345733,1.6120801353814112,0.5703611457036115,0.6274509426847662,0.6688874083944036,1.233893859018433,1.3869840952380952,1.0196345649229115,1.4643125032588278,1.340085180070593,1.0731783291457286,0.08797327100312012,0.9861528300375427,1.588628748918371,1.334915130498266,1.9276003339614567,1.7050028819682095,1.0732641917477315,1.596278803042394,1.5795940744181478,1.267426327536371
2017-06-26,1.2443876978472526,0.6351500116551979,1.1326187162176724,1.1642809733538868,1.8964820865345733,1.6076542567039835,0.5799086757990868,0.6365007164404224,0.6782145236508994,1.2523576695294245,1.3968253968253967,1.028382640520658,1.463346559264711,1.3352238066684994,1.0690955087939698,0.09510021954008174,0.9774232396922565,1.5875138788481786,1.3307173571819675,1.908857035176014,1.688730083190657,1.0810641432151025,1.581035584374903,1.5578040770692956,1.2678265827689885
2017-06-27,1.2372448663968145,0.6333150084102213,1.108313532033646,1.1636203479409823,1.8904164981803477,1.6014058318146318,0.5915317559153176,0.6602564102564104,0.6915389740173219,1.25144866489152,1.4038095555555556,1.033437034087034,1.4490715670080834,1.3275268853053857,1.0606155778894473,0.09270601026594619,0.9807345279730725,1.5830546644108168,1.3116444241649936,1.8758259398505,1.6556350408675662,1.0777213198055942,1.5514458069615376,1.5170051045724815,1.2575916410630665
2017-06-28,1.2563775189699613,0.6289568240931613,1.1019568826390298,1.185641929090509,1.8540233724221593,1.614423275188753,0.5998339559983396,0.6753393665158371,0.7015323117921386,1.268151323300731,1.406984126984127,1.0561820189770998,1.4362993439154093,1.319829963942272,1.0599874371859297,0.09548997453819683,0.9867549070814294,1.59248774039544,1.3308085417046909,1.901847580568405,1.6848819137399202,1.0816910044345986,1.5646716304713826,1.5385333047289056,1.268668591400497
2017-06-29,1.2658162687291767,0.6243692471670658,1.1105570817440953,1.1863025545034134,1.8681763445208248,1.6092163759437648,0.6114570361145704,0.6813725490196079,0.7088607594936709,1.274911935577504,1.4206349206349207,1.0843701416090619,1.4236342368495059,1.3032205246753195,1.0562186243718592,0.0963808375373885,0.9578566839898649,1.588800295096473,1.3111881000182515,1.8741935154240512,1.6606926661031118,1.0734035050742672,1.5353059059559313,1.5013986995219477,1.2577580121419534
2017-06-30,1.2836734366409837,0.622075458704018,1.1187834805390697,1.1834398150187184,1.8985038819247877,1.6178078365009114,0.6060606060606061,0.6708145173453998,0.7055296469020653,1.2606521358788287,1.4146032063492064,1.0771773148751422,1.4198775983659462,1.2981567206432392,1.054962311557789,0.09632515825194349,0.957254606945978,1.5900865827108603,1.3142909655046542,1.8589646142072012,1.6600329959329192,1.0713142021398203,1.545169209926716,1.4865775862597241,1.259686446768964
2017-07-03,1.2854591253709406,0.638361301740734,1.1245169840016085,1.1904866989649858,1.908613061059442,1.6159854204634212,0.6143628061436281,0.6843891402714932,0.7128580946035976,1.2912168721459636,1.4479365396825397,1.0843701416090619,1.4264247810759851,1.3018026798015532,1.0621859296482412,0.09448774183225807,0.961167942168334,1.600634528765676,1.3095455375068443,1.8314257683809867,1.6319955788453737,1.083501680715974,1.5281326265829944,1.470169713791709,1.2625973730287958
2017-07-05,1.3076529768455873,0.6415726606399241,1.1377289740348135,1.196432547896939,1.892438293570562,1.6443634470190056,0.6243254462432545,0.7024886500754148,0.709526982011992,1.2955345291322684,1.4653968253968253,1.0843701416090619,1.4343673056642114,1.2995747478139508,1.0565326319095478,0.09543428968482327,0.9560505431652455,1.614355530277373,1.3149296951998541,1.865494081462837,1.6529961622758493,1.0701998905271923,1.548531729465776,1.4914525917517987,1.2644322791525937
2017-07-06,1.3278060630661719,0.6296449331066141,1.1392247112342748,1.1973133450781768,1.9045692680954307,1.6495704504035409,0.6230801162308012,0.7122925716440422,0.7188540972684876,1.287864997435178,1.4644444761904762,1.0800933530344743,1.4223463222570853,1.2781040971866335,1.0433417399497489,0.09242761383872114,0.943407557392909,1.6031215195684632,1.3025186712903816,1.8534722475624044,1.636283803285887,1.0610767131715777,1.5370992706321616,1.4832404172018014,1.2525860359283332
2017-07-07,1.3528060624284166,0.6312506125562091,1.170260444836329,1.2213168685311606,1.9530933683784877,1.6724810726373343,0.6317974263179743,0.718325754147813,0.7161892071952032,1.2798545272161226,1.4619047301587302,1.0835925949376475,1.4225608655696225,1.279319450664765,1.0474245603015075,0.09036748027725566,0.9443106579075659,1.6118686681084926,1.3157509764555575,1.8796283309825272,1.6650907860942534,1.0651159987496621,1.5570499314716446,1.5027074875420254,1.2606065016855792
2017-07-10,1.3433673126692012,0.6291861478885429,1.1584195254236749,1.2070028848271306,1.9308532147189648,1.6435824264514451,0.6305520963055209,0.7153091628959277,0.7141905396402399,1.2830359667529607,1.4600000634920633,1.0806765373381908,1.411935234773752,1.2726352698528514,1.0493090452261304,0.09276168955139122,0.9406983461559798,1.6032072326283575,1.323781675488228,1.913638858687062,1.687740572437842,1.0684588221591704,1.5687066001186596,1.5194098078277343,1.2617760498050268
2017-07-11,1.3165816245769992,0.6427195548714479,1.1413435943658135,1.1953314027747193,1.908613061059442,1.6092163759437648,0.6297218762972188,0.719079939668175,0.7088607594936709,1.2893420738701948,1.4438095238095237,1.0699844881412224,1.4085005776215642,1.2627101734395418,1.0417712939698491,0.0922605759823861,0.9319686354013053,1.5946316388420234,1.3280708158423071,1.9091451458849462,1.707201859500886,1.066857067117684,1.5689306530165736,1.521520163054268,1.2607884818135677
2017-07-12,1.3724489190701805,0.6626754732117712,1.1794839020509573,1.2217573221757323,1.8883947027901333,1.616245821400677,0.6301369863013698,0.7092759803921569,0.7175216522318454,1.291841801117105,1.4273015555555557,1.072511646044161,1.41923364643627,1.2716224482807867,1.0433417399497489,0.09459910597107662,0.9485249563959977,1.6009776211218796,1.329987260448987,1.9329199302017936,1.747113790449053,1.0704088117670816,1.5949338804094626,1.543997204220482,1.2699993079289968
2017-07-13,1.3727040721248962,0.6516653161146035,1.1683908076134562,1.2001761726491964,1.8722199353012534,1.614683676126009,0.635118306351183,0.7138009049773756,0.7301798800799467,1.3089421018306533,1.4450793650793652,1.0808708997058885,1.415262464640173,1.2738505220549023,1.045226099246231,0.09626949010235557,0.950331097220617,1.5906011011868528,1.3485125387844497,1.921627862819189,1.7510720203762076,1.0699213683382232,1.608831997112038,1.5494446287159644,1.2723800286453626
2017-07-14,1.3831632555315496,0.6496009202605912,1.1545555719348535,1.2140497907949792,1.8681763445208248,1.6123405363186671,0.634703196347032,0.7111614253393665,0.7288474350433044,1.298716059567866,1.4349206666666667,1.0690125013416116,1.4232049892283996,1.2772939493071491,1.0499371859296482,0.09599108810720194,0.961468995741451,1.6027784272122594,1.3601021354261729,1.9238939426043253,1.7588785736848347,1.0741695751561966,1.6314727049658664,1.5638895195497544,1.2783265009354465
2017-07-17,1.374234633310341,0.6569410020541517,1.14770034347375,1.203259171988549,1.9045692680954307,1.6178078365009114,0.6293067662930677,0.7085219079939669,0.72618254497002,1.3024655709018165,1.4390476825396825,1.0635692080787171,1.4183749794649558,1.2681791020494044,1.04428391959799,0.09671492438591565,0.961468995741451,1.5980619535369014,1.3648475634239827,1.9396989442527066,1.7562397060881707,1.065603449142794,1.6442500864324123,1.5596852840927813,1.2782588610296068
2017-07-18,1.3558673633707305,0.6599229683443063,1.131122979018211,1.1882844968068709,1.8823291144359078,1.6029679770892997,0.6268161062681611,0.6975867269984917,0.7161892071952032,1.2686626117790567,1.4330158412698413,1.0653188193102414,1.4431685079568208,1.264128038568524,1.0477387248743717,0.09554565382364186,0.9587597544021748,1.6023497504300683,1.3695929914217924,1.9673721156356418,1.790654275667541,1.0724981147015282,1.6431293736128814,1.5792832513933346,1.2790230770380004
2017-07-19,1.3420918280078615,0.660611077357759,1.1251401423978509,1.1845408720546136,1.8863729073999191,1.598802395209581,0.6301369863013698,0.6930618024132731,0.714856762158561,1.2661628788509742,1.4799999682539682,1.0680404367815015,1.4512183095678501,1.2683816137002555,1.0559044912060302,0.09604676739264696,0.9620709824782966,1.6224166055877145,1.3781712356269393,1.9720196116695514,1.8047279209915752,1.0274392583728464,1.6556825676825249,1.588264244371433,1.2858948069145344
2017-07-20,1.3352040475713254,0.6619873641983185,1.1105570817440953,1.1634001761726493,1.8722199353012534,1.5725072116636294,0.6338729763387297,0.6960783936651583,0.7201865423051299,1.2629246559953493,1.4765078730158732,1.0668740681740683,1.4658152831558502,1.2748632828613182,1.05339199120603,0.09799554238322242,0.9692956059814687,1.6422262100829585,1.3719656506661801,1.9755338920926466,1.8090159915013522,1.0283446487455852,1.663752506977079,1.5837819346680013,1.2856972172176448
2017-07-21,1.3242346600960544,0.6642811526613662,1.0999625663730812,1.1508477868310947,1.8317832187626364,1.56938294714918,0.6259858862598588,0.6870286199095024,0.709526982011992,1.250880513557993,1.4790476190476192,1.0530715212494464,1.4522915198517017,1.268584206371971,1.0515075376884422,0.09743874952877228,0.9714027401745111,1.6446273677675383,1.3713269209709802,1.9697152041821726,1.8079164202721194,1.0243053562032274,1.654113412819695,1.5915850382222363,1.2852242457205503
2017-07-24,1.308163206424408,0.6640517600523307,1.084507026629427,1.1347720546135212,1.8115648604933279,1.5571466024472795,0.6371938563719386,0.7039969834087482,0.7168554297135243,1.239518168628152,1.4828571111111113,1.0550155726091675,1.4276054293786717,1.2673688731490556,1.0464824120603016,0.09766147223848087,0.9677905187299662,1.636995089297701,1.3879357181967513,1.9952181764889523,1.825178729802487,1.016714319011472,1.6498542109425194,1.603723375618633,1.2838571079042134
2017-07-25,1.2910714211461372,0.6626754732117712,1.086002664115568,1.1261836379652062,1.7873029114435908,1.5313720385316325,0.6376089663760897,0.7179487556561086,0.7268487674883412,1.258834206139434,1.5114286031746031,1.0703732906371168,1.4154771689487424,1.2631152980173241,1.0395728015075376,0.09860800895518901,0.957254606945978,1.6327930054644284,1.3938675305712722,1.9969850455380365,1.8172622809432308,1.0181071528130692,1.6630800344523644,1.555235724803589,1.2876100427955537
2017-07-26,1.3012754259878718,0.6569410020541517,1.0933565713564788,1.125963466196873,1.6942985038414882,1.5495964592554023,0.6371938563719386,0.7187028280542987,0.7355096602265156,1.2626405803285858,1.498730126984127,1.0674572524777848,1.4054953290865155,1.2517723364750322,1.0329773555276383,0.09894209023578762,0.9530403084575463,1.635794514743208,1.4004381091440044,2.021816153849801,1.8208906702877627,1.0123267988669629,1.6599417471432025,1.5504916195436136,1.28797400357133
2017-07-27,1.2755101715431079,0.6048720452311597,1.0965972791999024,1.1028408280114512,1.678123736352608,1.4727935433480865,0.6330427563304276,0.6798642911010557,0.7241838774150566,1.2582660548059073,1.494920634920635,1.0635692080787171,1.404207414494095,1.290054694957559,1.0364321608040201,0.09537861039937828,0.9515352212060438,1.6201868740229237,1.3739733162985948,2.008757217418112,1.873996785288514,1.0103072013456982,1.6399910863037193,1.5280637023628743,1.286721206496941
2017-07-28,1.288010222244637,0.5961556077833857,1.075906727811041,1.108346223298833,1.6963202992317024,1.4725332205154908,0.6525529265255293,0.6858974736048266,0.7208527648234511,1.2703669805620503,1.481269841269841,1.0361586321181693,1.41515518761737,1.2985619262418862,1.0411432788944723,0.09376391668940144,0.9419024701414066,1.639224700804179,1.3643000547545172,1.9589031241515413,1.8960967860174862,1.004874970537641,1.6373010392893739,1.5402346887486513,1.2849955647564535
2017-07-31,1.2867346355424838,0.5929443176978497,1.0623208252902596,1.086985267562211,1.6740801455721794,1.445196511325176,0.6371938563719386,0.6726998491704375,0.714856762158561,1.280138602882886,1.4888889523809523,1.0486003119867868,1.42449290382082,1.2939032265323724,1.0414572864321607,0.09164809827456241,0.9542444324429731,1.6448846270055346,1.3572731885380545,1.8969505377392182,1.8609126507172948,1.0075214292784016,1.629679340289636,1.5221908316645099,1.2840599007907363
2017-08-01,1.3025510126900253,0.5975318946239452,1.065810779042349,1.1026205681567938,1.708451273756571,1.4506639156469672,0.6438356164383562,0.6836349547511313,0.7288474350433044,1.2896261495369583,1.498730126984127,1.0513219877784212,1.422238894971319,1.2947133744118569,1.0389447864321608,0.09326280312039632,0.9581577074606348,1.6484863592446073,1.3693192553385654,1.9131012011828523,1.867619643791742,1.0119089563871844,1.6269894726072747,1.522730701467512,1.2872047112042988
2017-08-02,1.2869897885971993,0.5853748065946381,1.0674310831074008,1.10129922924466,1.6619489688637281,1.4501432179120022,0.639269406392694,0.6791101055806938,0.7301798800799467,1.2854789163622562,1.502539746031746,1.0423794720524782,1.4184824174837911,1.2849908909254788,1.0339195351758794,0.09142538670071092,0.9587597544021748,1.6550896007624596,1.434020806716554,1.912525100751321,1.8614624363319112,1.005989282150269,1.6198161932343378,1.5220109088717955,1.2878388505906466
2017-08-03,1.2895407579198785,0.589503635003278,1.0593293633555019,1.113631358731557,1.6801455317428224,1.4608175214787815,0.6384391863843919,0.6809954374057315,0.7275149900066622,1.27252584882341,1.5003173968253969,1.0381027029180152,1.4312547908394289,1.2866113284709608,1.0499371859296482,0.08602449601254467,0.9587597544021748,1.6702684360666458,1.419693447709436,1.8952988899286907,1.8536558720282312,1.0094018109729592,1.6173503784498908,1.5109850598597578,1.285026656023661
2017-08-04,1.295918308777594,0.6030369731725291,1.0702978909274128,1.114512243999119,1.708451273756571,1.4730539442853425,0.6479867164798672,0.6911764705882353,0.72618254497002,1.3054765809458793,1.52634926984127,1.0272161941527254,1.429430029611034,1.2781040971866335,1.0565326319095478,0.08424275887830426,0.9608669186975641,1.6712117599587364,1.427176492060595,1.8965664310962254,1.8649807652000252,1.0109339650653655,1.6292310775783219,1.5180357201930113,1.287454204407131
2017-08-07,1.2903061405534149,0.5989081814645046,1.0719181949924643,1.1175952433384717,1.7226040436716539,1.4415516532153085,0.6492320464923205,0.6874057315233786,0.7268487674883412,1.3232586791669427,1.5336508253968253,1.0213841761544358,1.4259955334548788,1.2728377815037024,1.046168373115578,0.08557906172898457,0.9593618314460616,1.6703541491265403,1.449260777514145,1.905573197230033,1.8909291003055229,0.9991643220047167,1.6229545029599979,1.5203258984232848,1.2895748987104014
2017-08-08,1.2755101715431079,0.5966143930014569,1.0613236796214505,1.1079057696542614,1.7185604528912253,1.4269721687060664,0.6400996264009963,0.6783559577677224,0.7208527648234511,1.3183160875283244,1.5215873015873016,1.0246889584892878,1.4196630550534088,1.2623050691169753,1.045226099246231,0.08708240243599992,0.9506321206913869,1.6713831775029313,1.460850520167914,1.9009065949575419,1.8826828108636442,0.9896929100826773,1.6316969147792668,1.5161216629663115,1.2864613069148416
2017-08-09,1.2602041005049975,0.5768877984565153,1.051227631139438,1.0938118916538209,1.7165386575010109,1.4238479302265037,0.6363636363636364,0.6628959276018099,0.7181878747501665,1.3124076227154273,1.5126984761904763,1.0262442073531144,1.4299667152509759,1.265748496369222,1.050565358040201,0.07834075462113292,0.9587597544021748,1.6707829545426383,1.4697937214820225,1.8858696894496485,1.8821330252490278,0.9873250779949878,1.6245236354063297,1.509758146239394,1.2859935386073806
2017-08-10,1.2385203510581544,0.5610606718242164,1.0443724026783348,1.0799383615943625,1.692276506267691,1.406144181202812,0.6210045662100457,0.6357466440422324,0.7008660892738174,1.2811043908395776,1.4698412380952381,1.009914502525554,1.4284640856169173,1.2594693388590104,1.049623052763819,0.07689309319956258,0.947019808939801,1.6514021554634923,1.417412009490783,1.8376863502321865,1.8405717374570116,0.9878125214238462,1.60076221473297,1.484140134226117,1.267379499869267
2017-08-11,1.2334182848617785,0.5530324122035492,1.05284803491781,1.089627835278573,1.692276506267691,1.4095287425149703,0.6189290161892902,0.6429109728506788,0.6888740839440373,1.2734347739249,1.4492064126984128,1.0097200623973575,1.4285715236357523,1.2635204023398907,1.04428391959799,0.07733852748312268,0.9476218859836879,1.6552611469405614,1.4371235261909108,1.8589453908231226,1.8480484611780692,0.9878125214238462,1.6251961079310446,1.495836751637371,1.268996130888436
2017-08-14,1.2451530549705854,0.5697770404583363,1.0605757549329768,1.1026205681567938,1.7306914274160938,1.4246290288987244,0.6230801162308012,0.6519608220211162,0.6882078614257162,1.2916713773055022,1.4765078730158732,1.0272161941527254,1.4326499824546524,1.2693943542514554,1.046168373115578,0.07667037605778253,0.9476218859836879,1.661178332379913,1.458751670012776,1.8883469864074025,1.8774052296010522,0.9911554492974566,1.6496300011291192,1.5093818256578713,1.2817416167905766
2017-08-15,1.2377550704654319,0.5704651815848276,1.0458681398777963,1.0993172869412025,1.7286696320258794,1.437125774537881,0.6214196762141968,0.6459275641025641,0.6848767488341105,1.2929780185665716,1.473968253968254,1.027410556520423,1.4315767721708013,1.265951008020073,1.0483668655778895,0.0773942067685677,0.9491270334398845,1.6679529914419604,1.4747217375433475,1.8872715561739037,1.880153992748345,0.9894143809294346,1.6413360089366509,1.5086456578550351,1.2811022736947961
2017-08-16,1.234948948088037,0.5661070018553446,1.0446216485870006,1.1039418850473466,1.7347352203801052,1.4399896120801876,0.6218347862183479,0.6425339743589744,0.6855429713524317,1.2817293254918913,1.4606348571428573,1.0243001559933933,1.4400558214029369,1.2700020715009535,1.0477387248743717,0.07878618890469302,0.9494280569106545,1.6616928422803119,1.4687898886658148,1.878514455901289,1.8691589401591735,0.992408969772518,1.6509751255105332,1.5163998353658596,1.2829215707694923
2017-08-17,1.1742346384123816,0.5479860500593825,0.9973824505528188,1.046685730015415,1.6619489688637281,1.3837542827388702,0.6102117061021171,0.619909539969834,0.6675549633577614,1.2579251958203568,1.4314285714285715,1.0069984449260974,1.4279273999769755,1.2525825653753813,1.0348618404522614,0.07984409532814826,0.9494280569106545,1.6525168968997779,1.440591348786275,1.844695921985293,1.8351842716388433,0.9798732566299395,1.6229545029599979,1.4902583271208152,1.2631171721929948
2017-08-18,1.1619897407655677,0.5450041525828819,0.9778137114116773,1.046685730015415,1.6862111200970482,1.384274876334288,0.6176836861768369,0.6229260935143288,0.6695536309127249,1.262072428995059,1.4409523492063494,1.0046656493908563,1.423526970559772,1.245493280240901,1.0260677763819095,0.08012249175537332,0.94009629921444,1.636394866337408,1.4373060777514146,1.84066297507149,1.8406817979334291,0.9729089831578517,1.6249718981176442,1.4897512077320527,1.260798888192835
2017-08-21,1.1660713733145058,0.5489035883824862,0.9719556286193832,1.0528518167804448,1.7367570157703194,1.393907862535798,0.6131174761311747,0.6097285067873304,0.6622251832111925,1.2543460287615946,1.4184126984126983,1.0073872668621164,1.43232800112328,1.2552157637272792,1.0288944095477388,0.078730509619248,0.9385911818605904,1.6467712662141218,1.4346596824237998,1.8307152233268196,1.84474991241616,0.9772965102666344,1.6173503784498908,1.483191293216327,1.2622647571822192
2017-08-22,1.1584183377954504,0.5427103641198342,0.9611117800905479,1.0383175952433386,1.740800606550748,1.3910439989586048,0.6168534661685346,0.6146304298642534,0.6615589606928715,1.2701965510692752,1.4466666666666668,1.015163336220127,1.445744337141662,1.2643305502193751,1.0411432788944723,0.07989977461359327,0.947019808939801,1.670439853610841,1.4581127943055303,1.8568522005083612,1.865200710232019,0.9820321674777398,1.6399910863037193,1.5126863440905292,1.2748126533874704
2017-08-23,1.1216836703652127,0.5314707777130154,0.9336906543553289,1.0169566174851354,1.7185604528912253,1.3465243686539965,0.6147779161477792,0.6134992458521871,0.6582278481012659,1.2654243832422591,1.453968222222222,1.0114696736288815,1.425351570792134,1.258861722885593,1.0439699120603014,0.08028952961170836,0.9455147216882984,1.6657233799354825,1.459937908377441,1.8397604343083664,1.8549753992845102,0.9899018243582929,1.6301277599164368,1.5164652347694796,1.2704099695408813
2017-08-24,1.094897880232197,0.5282594922150563,0.9163653776754814,0.9955956617485137,1.7104730691467853,1.320229080968498,0.6168534661685346,0.6138763574660633,0.6635576282478348,1.2668446763584893,1.4603174603174602,1.0139969092923193,1.4263175040531821,1.2702045831518045,1.0436557788944723,0.08212694603139378,0.9449126446444116,1.670096889888544,1.4534586968424896,1.829102137509529,1.8443101762829086,0.9954732640287836,1.629455287391722,1.5071080209988328,1.2677745524320496
2017-08-25,1.1543367052465126,0.5466097999194385,0.9414183743704959,1.0279674080598988,1.773149939344925,1.3715178338974228,0.6230801162308012,0.6191553544494721,0.6662225183211192,1.2638904439520409,1.4584126666666666,1.0064152606223806,1.4133304263889754,1.2748632828613182,1.048680873115578,0.078730509619248,0.9512341676329269,1.6667524168874677,1.4588428545354992,1.815294328321431,1.82869722359639,1.0010447036992742,1.6323693873039815,1.4982905788780982,1.269895373566316
2017-08-28,1.1466836697274574,0.5417928257967305,0.9262120805355073,1.033913256991852,1.708451273756571,1.347305389221557,0.6222498962224989,0.6184012066365007,0.6622251832111925,1.2518463867322718,1.4438095238095237,1.0036936625912454,1.4139745393146836,1.2825602852452964,1.0511934987437188,0.07923162318825312,0.9527392849867764,1.6730125574735226,1.4735353166636247,1.8167538651979225,1.8388126499883228,0.9924785776858716,1.6325935971173817,1.494887910627581,1.270513903903562
2017-08-29,1.136734690389421,0.5564730948981208,0.927084559625406,1.026646091169346,1.7064294783663567,1.33975524602968,0.6118721461187214,0.6048265837104072,0.6568954030646236,1.249630735152125,1.439682476190476,0.9996111780639809,1.419019103123733,1.278509221764416,1.0521356783919598,0.07371937392919686,0.9569536436799022,1.6870765312831102,1.4866764373060777,1.8321939835873895,1.8477186205954466,0.9968660978303807,1.6375252491027743,1.507124296416978,1.2715847208499624
2017-08-30,1.1306122160558107,0.5436278657423225,0.9239685183608931,1.0312706892754901,1.7185604528912253,1.3413173652694612,0.6077210460772104,0.6036953242835597,0.6548967355096602,1.2636063682852774,1.4495238095238094,0.9984448288966723,1.4067834046749683,1.278509221764416,1.050565358040201,0.07344097750197179,0.9446116211736417,1.6797873537450705,1.4906918050739186,1.8581772946826347,1.8682793139619345,0.9928268122522964,1.6590450648050872,1.520669470226453,1.2774532736859356
2017-08-31,1.1413265525171796,0.5413340772792747,0.930574613090816,1.0391983924245762,1.732713222806308,1.357458969018485,0.6077210460772104,0.6029411764705882,0.6575616255829446,1.2711055557071798,1.4444444444444444,0.9928071732660804,1.42073626533726,1.2934981222098059,1.0653265703517587,0.07472160106720709,0.9557495196944755,1.7056855526482673,1.4966234714363935,1.8831618347897012,1.8908192047548942,0.9961000277484512,1.6760814912333226,1.5366357224983,1.2847615532519279
2017-09-01,1.1558673429625677,0.5411046846702392,0.9366820290409312,1.046465536225501,1.7306914274160938,1.358760713355897,0.6093814860938148,0.6055806561085973,0.6622251832111925,1.2832632647821096,1.4663491746031747,0.9908631802267337,1.4063539960578297,1.2928904859811725,1.0665828831658293,0.07422048749820197,0.9539434089722031,1.7129748588202138,1.4970797955831356,1.8786488986035068,1.8913689903695106,1.0034125357869639,1.6574759099422574,1.5333803280511167,1.2873086455669795
2017-09-05,1.120408083663059,0.5376640019756675,0.9105072948831874,1.0094692798942966,1.678123736352608,1.3314240822702423,0.5998339559983396,0.5904977375565611,0.6469020652898069,1.2372457337292186,1.4250793333333334,0.9739502133349575,1.394225574631868,1.2886368298285766,1.0615577575376884,0.07293986393296668,0.9527392849867764,1.7092015804030394,1.4791020259171384,1.8537219115031793,1.8770753890184295,0.9961696286975312,1.6500784431724178,1.518837287399467,1.2775884266666189
2017-09-06,1.1303571395317056,0.5344527118901314,0.918359681477265,1.0436027086544815,1.7064294783663567,1.345222546211924,0.6081361560813616,0.6029411764705882,0.6455696202531646,1.2432109818609027,1.4307936507936507,0.9696734442004946,1.4024900805514666,1.2963338322125548,1.067525188442211,0.07327393964563676,0.957555630416748,1.7012263382109054,1.4775506844314654,1.8585805075642086,1.8921385560903319,1.0016018595055882,1.645371001000426,1.5177902982077025,1.281585651571158
2017-09-07,1.118367318408997,0.5282594922150563,0.9118783655037381,1.0376568817441092,1.6639709664375253,1.359281411090862,0.6048152760481528,0.6003016591251885,0.6409060626249167,1.2262242421037555,1.399047619047619,0.9657853998014269,1.4188043880820946,1.3028155013736176,1.067525188442211,0.07449888392542704,0.9665863947445394,1.6994254034866185,1.4716188720569447,1.880991752859043,1.9044531359357824,0.9951946373757123,1.6664423746594403,1.5311064236031038,1.281356970607061
2017-09-08,1.1122448185651832,0.5291769892499677,0.9260875012057522,1.0449240475666153,1.597250303275374,1.376464436344702,0.6093814860938148,0.6033182503770739,0.6548967355096602,1.2340075108735935,1.3971427936507939,0.963841426202205,1.405817310417888,1.3018026798015532,1.0709798366834171,0.07577950749066233,0.9479229094544577,1.6958236712475458,1.447618215002738,1.8549317825184777,1.8796042071337287,0.9920607352060932,1.6583725922803723,1.5156472923559037,1.27944922138779
2017-09-11,1.1698979548495418,0.5383521431021587,0.9421661868814838,1.0750935917198856,1.611403073190457,1.3954698776360324,0.6247405562474055,0.6161387631975868,0.6542305129913392,1.2558799737329855,1.4336507936507936,0.9848367221002472,1.4297521719384385,1.3192221656719094,1.0778894472361809,0.07900890604647307,0.9485249563959977,1.7115170250277247,1.4738090892498632,1.8780920196356363,1.9077515197719028,1.0088446621309188,1.6758574383354083,1.5198679030199969,1.2933175540534705
2017-09-12,1.1808673423248126,0.5443160114563907,0.9512650772305218,1.0799383615943625,1.6012938940558026,1.4045821661025777,0.6371938563719386,0.6402714932126697,0.6748834110592938,1.2836609014052744,1.4523809523809523,1.0025272356634376,1.423526970559772,1.3259064275046875,1.110866802763819,0.08034520889715337,0.9497290201767302,1.6934225135629661,1.4679686074101115,1.886964341146808,1.9017043727884895,1.0151124664701572,1.674064073659178,1.5247591822943316,1.2976682070433216
2017-09-13,1.1989795612505214,0.5573905965206092,0.949894006609971,1.0786170447038097,1.6680145572179539,1.423066909658943,0.6384391863843919,0.6327300527903469,0.6728847435043305,1.2871264222900485,1.4673016190476191,1.0003888024958945,1.4215949323085741,1.3257038348329722,1.1011306846733668,0.07856347176291296,0.9479229094544577,1.7007975327948073,1.4569263734258076,1.9196497765974871,1.9026938835413048,1.016714319011472,1.685944795204107,1.5296995871900259,1.298650698676143
2017-09-14,1.1783162709613195,0.5647307104272082,0.9658481254201126,1.062981722087646,1.6558835826930853,1.4149960426972144,0.6396845163968452,0.6289592760180995,0.6722185209860093,1.288774007754255,1.47365073015873,0.9970840201610424,1.4401630984257399,1.339274951170244,1.1221733668341707,0.07789532033757282,0.9512341676329269,1.695652125069444,1.444424164993612,1.9054579759914758,1.8797142676101462,1.013580312377751,1.6760814912333226,1.5133733879078908,1.297221250974596
2017-09-15,1.1734693578196593,0.567024498890256,0.9383023331059829,1.0625412904646554,1.6275778406793369,1.4246290288987244,0.6409298464092984,0.6236802790346908,0.6748834110592938,1.2795136682305723,1.4793650158730158,1.0042768468949619,1.4430610699379858,1.340085180070593,1.1105527952261305,0.07750556533945772,0.9548464191798187,1.699511116546513,1.459025406096003,1.895049225987916,1.8871908154103623,1.0085661329776763,1.6881864225916516,1.5054884115898266,1.2996174539090677
2017-09-18,1.1558673429625677,0.5626663191607729,0.9107565407918531,1.0561550099097117,1.5952285078851598,1.4082270242124448,0.6421751764217518,0.6248114630467572,0.6748834110592938,1.2926371652621937,1.5022222222222221,1.0246889584892878,1.4530429098002127,1.3366416717974816,1.1165200690954773,0.07678173462867255,0.950331097220617,1.6995969496647205,1.4479832086147106,1.870852005405416,1.8692688357098022,1.0066857512831187,1.6848240823845757,1.496834616843661,1.3015095940792372
2017-09-19,1.132142853771866,0.5642719619097525,0.90041125886534,1.0548337811054835,1.494136716538617,1.393907862535798,0.6471564964715649,0.624434351432881,0.6775483011325782,1.3004772116696464,1.5133332698412698,1.0373250784861017,1.4513255758575845,1.3358314428971327,1.1133794283919598,0.07667037605778253,0.9560505431652455,1.6692392790563477,1.448530717284176,1.8625365628621147,1.8968665166640963,1.0055714396704905,1.6911006570028997,1.5079749892447933,1.3029545239988898
2017-09-20,1.1586733888093523,0.5899624202213491,0.9098840492377895,1.057916780444836,1.5204204609785685,1.4123926060921637,0.6475716064757161,0.6176470211161388,0.6722185209860093,1.3054765809458793,1.5203174285714287,1.0449067077159158,1.4298594382281729,1.332590689337466,1.1303392587939698,0.07834075462113292,0.9617700192122209,1.678672483674878,1.424256324146742,1.86897003418369,1.8930181822875707,1.0159482489295424,1.6798924079826856,1.5239576150878757,1.3037810504122926
2017-09-21,1.1808673423248126,0.5899624202213491,0.9087623242392251,1.060559348161198,1.540638819247877,1.4222858890913825,0.6496471564964715,0.6293363876319759,0.6882078614257162,1.3139983396432602,1.5320634285714287,1.0509331658424022,1.4140818163374866,1.3287421375074364,1.1297110866834172,0.07923162318825312,0.96447923044915,1.674041723059414,1.3997992334367584,1.8525312600311235,1.8813634595282067,1.0116303297341132,1.6635282971636787,1.5253808267080733,1.2998098409361225
2017-09-22,1.2005101989665765,0.5968437856104924,0.9316963380893803,1.0673860603391325,1.52446425394258,1.4300963290809685,0.6508924865089248,0.6270738687782806,0.6902065289806795,1.3125212688894157,1.5307936825396826,1.0546267701132732,1.4102179008311235,1.3192221656719094,1.129396953517588,0.07800667890846284,0.9638771534052633,1.6553468600004557,1.38611060412484,1.8341911760476726,1.8750961915919582,1.0107250438254765,1.6680117088542545,1.5189681859956814,1.300651849567631
2017-09-25,1.2168367291623283,0.614505915487768,0.9321949171558676,1.0640828011451222,1.5143550748079255,1.435042931528248,0.6425902864259029,0.6048265837104072,0.6788807461692205,1.3081467433667369,1.515555619047619,1.050349923218311,1.4078566149588194,1.320234987243974,1.1152637562814072,0.07845211319202294,0.9632751064637234,1.6443701085295421,1.3738821317758716,1.8047895804633927,1.7907641602231168,1.0158785365520866,1.642232691274766,1.5066008018210957,1.2977617355465343
2017-09-26,1.2137755302608284,0.6140471990833508,0.9343138002874062,1.068046685752037,1.5103112818439142,1.4506639156469672,0.6438356164383562,0.6040723981900452,0.676215856095936,1.3063288079461695,1.506666634920635,1.0458786945155267,1.4053880520637125,1.3117278369805112,1.1086683103015076,0.07850779247746795,0.9557495196944755,1.6525168968997779,1.3975177952181055,1.8025042792145953,1.805497662633238,1.0206839061406479,1.642232691274766,1.512964416701103,1.2978553908807429
2017-09-27,1.1951529797154852,0.625286748789554,0.9360587709313685,1.0508698744769875,1.548726202992317,1.454829497526686,0.6525529265255293,0.6248114630467572,0.6815456362425051,1.3337120194588792,1.526031746031746,1.05384914568136,1.392615678708075,1.3078793054056979,1.1133794283919598,0.08012249175537332,0.9545453957090488,1.667867278382066,1.4074648293484213,1.8260678444384075,1.8436503411869272,1.0144161018014095,1.6554583354526264,1.5450768440375118,1.303157316885413
2017-09-28,1.2114796119520506,0.6131296286472085,0.9456562403468937,1.0638626073552082,1.494136716538617,1.462379536579016,0.6525529265255293,0.6402714932126697,0.6888740839440373,1.3377456859960075,1.528571492063492,1.0546267701132732,1.389610430173026,1.3022078651449842,1.1180903894472363,0.07661469677233752,0.9581577074606348,1.6816739929536577,1.3987954006205512,1.8366878116145848,1.855195179390715,1.0144161018014095,1.6559067774959253,1.5532726433803892,1.3047271207572768
2017-09-29,1.2114796119520506,0.6041838674040529,0.9506418315851242,1.061880665051751,1.5183986655883541,1.4574329601666234,0.6558738065587381,0.6515837481146304,0.6895403064623584,1.3475173083168432,1.5292062857142856,1.072122921308766,1.3954062229345545,1.2969414684411884,1.1212311871859297,0.07978841604270324,0.9632751064637234,1.6795300945070741,1.406460996532214,1.8461937884844444,1.8787245809364896,1.0103768092590517,1.6698048941985006,1.5689934720310432,1.3095612779346866
2017-10-02,1.2176020097550506,0.5966143930014569,0.9601146219575737,1.0585774058577406,1.5386170238576626,1.4576933611038791,0.6537982565379825,0.6444193061840121,0.6822118587608261,1.3671741195960887,1.5530158095238096,1.07834374180295,1.4083933005987612,1.30747426184878,1.13285175879397,0.08140311532060861,0.9662852809667283,1.69316525432497,1.4036320131410842,1.842045735557164,1.863331573281965,1.0213803752734973,1.672494941212846,1.5594399618964472,1.3146345229752596
2017-10-03,1.2885203242724408,0.6110652327931962,0.9990028543311908,1.128606033913235,1.597250303275374,1.5233011715699039,0.6625155666251558,0.6436651583710408,0.6842105263157895,1.372684862568234,1.5644444126984125,1.0804821749704934,1.4178384548210465,1.303828322945682,1.1350502198492463,0.07995545389903828,0.9650812773906899,1.703370236657489,1.4097462675670742,1.8380320120274396,1.8687192150209746,1.0222160532687805,1.6646491893151942,1.5668340926080093,1.3174726061396183
2017-10-04,1.294132620047637,0.6041838674040529,1.0076030534362563,1.1354327460911695,1.605337687019814,1.5199167143972925,0.6558738065587381,0.6331071266968326,0.6782145236508994,1.3652425436827056,1.5558729523809525,1.0684292392773957,1.4263175040531821,1.3084869213791153,1.129396953517588,0.08006681246992832,0.9629740829929534,1.7192350079818626,1.4006205146924622,1.8540675713780144,1.8517867350781771,1.0201267503343339,1.6742882834725785,1.5568388608523858,1.3191151257561604
2017-10-05,1.289795910974594,0.6023488641590763,0.99401716337964,1.1380753138075315,1.611403073190457,1.5175735745899506,0.6621004566210046,0.6493212292609352,0.6682211858760826,1.3979092853559985,1.5755555873015874,1.0767884929391232,1.4295374568968005,1.3084869213791153,1.1306532663316582,0.08112471889338356,0.9548464191798187,1.6971099588619332,1.4180507391859827,1.8836419392871722,1.8827928603450093,1.0217982107890022,1.7029813785478283,1.5867428829333758,1.3265638883234658
2017-10-06,1.3086734104930253,0.6053307616355769,1.0041131121483318,1.145342391543713,1.6417306105944196,1.5214787555324136,0.6662515151515152,0.6489441553544495,0.664890073284477,1.3976820725444365,1.5796824761904762,1.0804821749704934,1.4298594382281729,1.30747426184878,1.1322235866834172,0.08051224675348842,0.9551474727529358,1.698482088170122,1.4172294579302793,1.9004072670759924,1.8936778634528157,1.0201267503343339,1.7036538510725432,1.6013513229886454,1.3251396438115524
2017-10-09,1.2908162425812182,0.6103771237797435,1.0022435621746144,1.1393966527196653,1.621512252325111,1.501171569903671,0.6558738065587381,0.6361237179487179,0.6608927381745503,1.37938869152622,1.5676190793650793,1.0719284617404445,1.43232800112328,1.3030180940453329,1.1350502198492463,0.08028952961170836,0.9479229094544577,1.6833890859841432,1.422157291476547,1.9031150045904424,1.8966465716321026,1.026464260086754,1.7101546579207656,1.5982594761270565,1.3227485167159192
2017-10-10,1.3528060624284166,0.6126709122427914,1.0056088368836282,1.1605373486016297,1.637687019813991,1.5102837281957826,0.6616853466168534,0.6406485671191553,0.6735509660226515,1.3782524740767532,1.5711111746031745,1.0810653592742099,1.437157849890691,1.3056512113763663,1.1432161432160803,0.08051224675348842,0.9521372079428896,1.669496538294344,1.422704800146012,1.89583666265798,1.886641029795746,1.034194610605045,1.7101546579207656,1.591061543626354,1.3258204845538075
2017-10-11,1.3477040982728545,0.6337737248146385,1.0160786981398966,1.1686853116053733,1.6174686615446825,1.5243425930747203,0.6562889165628892,0.6380090497737557,0.6722185209860093,1.3771161714096996,1.5612698412698414,1.0820373460738208,1.4666737891311319,1.291877664409108,1.1447864635678393,0.07956569890092319,0.9500300436475001,1.6744703998416055,1.4286366490235445,1.910815899934055,1.8992854392287666,1.0280660151282404,1.7130687354165273,1.618299065259663,1.3282116111296416
2017-10-12,1.3431122616552995,0.6473071317975435,1.0021188955957039,1.1695661968729354,1.5770319450060655,1.5311117156990368,0.6525529265255293,0.6297134615384615,0.676215856095936,1.3623451741314585,1.5425396825396827,1.0732892704760746,1.4686058273823297,1.2928904859811725,1.1416456658291456,0.0770044517704526,0.9461167686298383,1.654403536108365,1.4236174484394963,1.922203965171138,1.897196357246719,1.0239571216368026,1.7287603961273168,1.61597613661515,1.3259712465835927
2017-10-13,1.3443877463166392,0.6438664491029719,1.0090987906357176,1.1882844968068709,1.534573433077234,1.5391824785212185,0.6571191365711914,0.6251885369532428,0.676215856095936,1.3551300623763194,1.5333333015873016,1.0437402807881082,1.4643125032588278,1.283978130119063,1.1413316582914574,0.07455456321087205,0.9455147216882984,1.6509733500473944,1.4326519802883737,1.9260640226145658,1.9102804918179381,1.024444669529763,1.737054388319785,1.6190024842841444,1.3271355915134067
2017-10-16,1.333418333331165,0.6418019844353057,1.0029913746856023,1.1807971592160318,1.5750101496158513,1.5329341577714137,0.6604400166044002,0.6304675339366517,0.6682211858760826,1.3771730399460733,1.553650761904762,1.0458786945155267,1.4609852733924067,1.282965389567863,1.1300251256281406,0.07193763679495645,0.9385911818605904,1.6568046937929448,1.459025406096003,1.9325934917906193,1.9188566218424394,1.0225642878352055,1.7406411176722458,1.6227977485343297,1.3294590787032
2017-10-17,1.3283162926449925,0.6491421350425202,1.003614533081845,1.1618585774058579,1.6093812778002425,1.5290288987242906,0.6650062266500623,0.6300904600301659,0.6708860759493671,1.3412679845183961,1.5593650476190477,1.0340202183907508,1.5111086832909453,1.2805347838876806,1.1369347047738694,0.07132516465506132,0.9467188456737252,1.7484778085200428,1.4644095637890127,1.9379514157331983,1.9363387224740647,1.0205445858498388,1.7392959932908318,1.6230921963520233,1.3303532445026431
2017-10-18,1.3272958589975545,0.6548766062001395,1.0024927956191154,1.1640608015855538,1.6235342498989083,1.5316324394688885,0.6604400166044002,0.636877790346908,0.676215856095936,1.3750141660035413,1.5920635555555556,1.0382970652857126,1.5099280457213273,1.2864087357992453,1.1253141331658292,0.06898663466637078,0.9334737828575019,1.759969078466949,1.4579302427450265,1.914656735913822,1.9354590962768257,1.1110105400379007,1.7397444353341307,1.6241228119725528,1.3313408124941022
2017-10-19,1.3140305277033029,0.6360675132776862,0.9825501564545622,1.1510680466857521,1.619490456934897,1.5264254360843532,0.6608551266085513,0.6361237179487179,0.675549633577615,1.3634246082621382,1.5806349523809522,1.0449067077159158,1.5245250193093274,1.2912700281804745,1.1381910175879395,0.06948774823537589,0.9157133980820771,1.7429894370723829,1.4234348968789925,1.8947035641926628,1.919296357975691,1.1205515598732936,1.7464694519957533,1.6104468377199537,1.3317774895343557
2017-10-20,1.3247448641646717,0.6436370564939363,0.9932693384044871,1.1730896278352787,1.6821673271330368,1.5456912002082792,0.6683271066832711,0.6402714932126697,0.686875416389074,1.3903533146153093,1.6088888888888888,1.0676516148454824,1.52838893481569,1.2939032265323724,1.1438441582914574,0.06753897324480045,0.894942778598953,1.7793499976044078,1.4258988866581492,1.8875979945850783,1.9239142580730377,1.1286998503711916,1.7666441657331502,1.6165814058217718,1.338591985364518
2017-10-23,1.3005101709053526,0.6372144075092101,0.9814283317426774,1.1512882404756661,1.556813586736757,1.5298098932569646,0.6658364881693649,0.6270738687782806,0.6842105263157895,1.3755823173370683,1.6066666984126983,1.0674572524777848,1.5414832895027,1.2841807430459944,1.1432161432160803,0.06709353896124035,0.8943407015550661,1.7752336268310298,1.4251688264281803,1.8556998805793834,1.8831227009276317,1.1111498533644362,1.767092585359951,1.584272680485529,1.3332744497909472
2017-10-24,1.3252550937434926,0.647077739188508,0.9895300514945763,1.1711076855318212,1.4981803073190456,1.5308513147617808,0.6712328767123289,0.6478129713423831,0.6908727514990006,1.3909782435864506,1.6212698412698412,1.0773716772428397,1.5202318561818577,1.278306710113565,1.139133165829146,0.06748329395935543,0.8856110510050857,1.7850097951718567,1.4336558496075926,1.8741359624173124,1.88895006780484,1.085590983650421,1.767765057884666,1.5876916241541914,1.3354315659018539
2017-10-25,1.3015305790425873,0.6415726606399241,0.8590302308726078,1.1504074432944285,1.4537,1.4881541265295497,0.6691573682025737,0.6455505656108597,0.6955363091272485,1.3731962362641463,1.6041269523809523,1.074066894907988,1.5279596871945837,1.2649382674688732,1.1356783919597988,0.06714921824668536,0.8708609009373599,1.7799502291402949,1.4273590436210986,1.8683938146862435,1.875756037682992,1.0690159779654844,1.7626091736693754,1.5922558066214525,1.3292043817909351
2017-10-26,1.2400510142844128,0.6484540260290674,0.8149070741029388,1.1215591279453865,1.364739183178326,1.434782634730539,0.6625155666251558,0.6304675339366517,0.6295802798134577,1.373253013901761,1.611746031746032,1.0812597216419075,1.5220564671472891,1.2556208883050615,1.1224874999999999,0.06486636754343984,0.8630342906973422,1.7935853889581905,1.4364847964957108,1.867472052459459,1.8760858782656147,1.069712447098334,1.7655234304971212,1.590996144222734,1.3308937290745815
2017-10-27,1.2132653006820076,0.6390494795678408,0.8298641344934263,1.113411164941643,1.3708047715325515,1.4087477479822963,0.6554586965545869,0.6153846153846154,0.6409060626249167,1.3731962362641463,1.624126984126984,1.0861197528405862,1.5217344858159167,1.1796638278238571,1.1180903894472363,0.06353006469275953,0.8615292034458396,1.8231712904281685,1.4879540427085234,2.1142840918617276,1.9558000095371089,1.0702694984405459,1.8787266559352913,1.6674083604884489,1.3416380640852343
2017-10-30,1.205357112108237,0.6349206190461624,0.8283683972939649,1.108346223298833,1.3526082086534574,1.42488935173132,0.6608551266085513,0.6131221719457014,0.6435709526982012,1.3685376293935319,1.6019047301587304,1.085730930904567,1.5026296340588092,1.108162854125235,1.1039573492462311,0.06353006469275953,0.8678506662296607,1.7956435743448798,1.5214455192553387,2.1332962779720233,1.9776800542390343,1.0750052601157534,1.8805199981950238,1.6638747920058325,1.3373549241702267
2017-10-31,1.1943877246329662,0.6257454651939712,0.8230088063190028,1.1017396828892314,1.3546300040436716,1.4022390262952356,0.6525529265255293,0.6134992458521871,0.6555629580279814,1.3775706765692382,1.5873015873015872,1.0913685865351592,1.4962971663904079,1.1158598565092133,1.1011306846733668,0.06508908468521989,0.87055987746659,1.8027613343387245,1.5426171929184158,2.122599651550526,1.9797691472161347,1.0729159571813067,1.864604307002818,1.6631059752136161,1.338618000792887
2017-11-01,1.2204081321324456,0.6255161413985897,0.8198927650544897,1.1087865668354988,1.356651799433886,1.405623587607394,0.6479867164798672,0.624434351432881,0.6455696202531646,1.3876831578756241,1.5755555873015874,1.0927293952707893,1.5024149297502398,1.1209236605412936,1.1074119974874372,0.06642538753590019,0.8684527131712007,1.7968441574749665,1.5229968972440224,2.1195270307771623,2.008356349918296,1.0727070359414175,1.864604307002818,1.6775998902439064,1.3407492277866215
2017-11-02,1.2081632599958352,0.6131296286472085,0.7933441308733343,1.108566395067166,1.334411645774363,1.405623587607394,0.6799501452885015,0.6432880467571644,0.6469020652898069,1.4025678865454407,1.600634857142857,1.097978248405487,1.501878244110298,1.121531296769927,1.1136934359296484,0.061581289702184086,0.8750752295281387,1.8103078997486675,1.5341303157510495,2.1013597171981715,1.9672347872644789,1.067971378730312,1.8841067275474845,1.6777306890511463,1.3410039246988865
2017-11-03,1.2104591783046128,0.6067070484761363,0.7933441308733343,1.1098877339792999,1.3546300040436716,1.4095287425149703,0.6712328767123289,0.6342383107088989,0.6375749500333111,1.3884785163395406,1.587936507936508,1.0954509933019245,1.5034883010301234,1.1355074364089008,1.1165200690954773,0.06397549897631963,0.8759782999404485,1.8254866064189468,1.574192370870597,2.1347365914644363,1.9672347872644789,1.0556445868276227,1.8861241227051309,1.6890183336197278,1.345157114822844
2017-11-06,1.2119897139798543,0.6083127279257313,0.7969587013476742,1.113631358731557,1.3546300040436716,1.4194220255141892,0.6708177667081777,0.6346153846153846,0.6389073950699533,1.38330871188936,1.591746,1.0921462109670725,1.500053643877936,1.131861497505803,1.1092964824120604,0.06703785967579533,0.8795905514873403,1.8190549110791963,1.590162438401168,2.152135689837024,1.9809786030009435,1.050490982672637,1.8935216118914682,1.678254283436003,1.34686714751423
2017-11-07,1.1852040258876524,0.5856042037912507,0.7752710790749939,1.0990971151728695,1.342499029518803,1.4024993230929446,0.6670817766708178,0.6289592760180995,0.6315789473684211,1.3624019574502453,1.5679364761904764,1.07017885050892,1.5001610711637021,1.1259874645733738,1.1105527952261305,0.07850779247746795,0.8714629779812468,1.8240287726264577,1.5952728235079396,2.156955958195811,1.9818582291981826,1.0540428317861363,1.8890382226173905,1.6904087964615706,1.346612451121764
2017-11-08,1.1829081075788748,0.5837691638456586,0.7737753917321928,1.1024003743668795,1.3364334411645773,1.406144181202812,0.6704026567040265,0.6425339743589744,0.6289140572951365,1.3705828571620757,1.5568254285714285,1.0548211324809706,1.5167973600257025,1.146040169050844,1.109924623115578,0.08285077674217896,0.8678506662296607,1.8074779366479896,1.6083227231246577,2.175603141981278,1.974271620921549,1.0555749789142692,1.8955390294656125,1.7010747982522951,1.3485564947978765
2017-11-09,1.167602011030561,0.5819341239000665,0.7775146287854433,1.0832415547236292,1.3283460574201373,1.3918250195261652,0.6654213781652137,0.6564856711915535,0.6289140572951365,1.3679694780600051,1.5498412698412698,1.0497667389145944,1.5063862725423693,1.1385456783177168,1.1055276695979899,0.08546770315809454,0.8681516897004307,1.8142526042856308,1.6050374520897976,2.168401574519215,1.9714129622236272,1.0467303237476238,1.8850032305536153,1.6870226032071476,1.3434833765882994
2017-11-10,1.168877521202104,0.5858335596996708,0.7780131579952702,1.0766350803787714,1.46178738374444,1.3926061442332727,0.6654213781652137,0.6764706259426847,0.6289140572951365,1.3643335333636284,1.5479364444444446,1.0460731346437235,1.4979070623142012,1.1237593907992585,1.104899497487437,0.08563474101442958,0.863636367741229,1.810050640510671,1.5939952546085052,2.161142338825334,1.9621771620289332,1.0387910589537168,1.8800717579002073,1.6818040259119054,1.3422774071810148
2017-11-13,1.166836755948042,0.5830810181315904,0.7692882798471291,1.0759744769874477,1.475940153659523,1.386357719343921,0.6587795765877957,0.6760935143288085,0.6235842771485676,1.3650153308711435,1.5438095555555555,1.0443235234121993,1.500053643877936,1.116062368160064,1.1086683103015076,0.08129175674971859,0.8615292034458396,1.8236858089041608,1.5876072275962767,2.168478466135112,1.9655855953464187,1.0334981414721955,1.881416680533139,1.6780088614506943,1.3435977173302474
2017-11-14,1.168622444677999,0.5943206045384092,0.7687897007806419,1.07685536225501,1.475940153659523,1.3993751627180424,0.6608551266085513,0.6858974736048266,0.6335776149233844,1.3478013839836067,1.5358730476190476,1.0505443633465077,1.4971558226286534,1.1138343754068134,1.1111809359296483,0.07951001961547818,0.8684527131712007,1.8155390205339248,1.5636064610330354,2.183207922324915,1.9578890915191565,1.0369106702948858,1.8841067275474845,1.6784178326574821,1.3404945313941556
2017-11-15,1.2038264743921818,0.6078539427076602,0.8031908212691954,1.0863246421493065,1.5042458956732714,1.4222858890913825,0.659609796596098,0.6968325791855204,0.6382411725516323,1.3499033950709376,1.5269840634920635,1.0449067077159158,1.492969936523987,1.1099858235767839,1.1105527952261305,0.0804565674680434,0.8648404315219617,1.7996741205756444,1.5429822960394235,2.163715631717148,1.95656957525793,1.024444669529763,1.860121074644226,1.6700911347183907,1.333087393304321
2017-11-16,1.2163264995835077,0.6310212199471735,0.8210145897663745,1.110988791015195,1.57096635665184,1.4389481905753712,0.6633457866334579,0.7179487556561086,0.6469020652898069,1.3599022245221628,1.5428570793650793,1.0614307749111738,1.4905012126328476,1.1174802332890466,1.1168342022613065,0.07984409532814826,0.8699578305250502,1.8105651589866638,1.561416389852163,2.184072250610876,1.974601450509119,1.0385124253363722,1.865052569714132,1.6890510840339672,1.3440134553007697
2017-11-17,1.2089285150783542,0.6314799363515907,0.8276205847829771,1.0971151728694122,1.5204204609785685,1.4243686279614687,0.6683271066832711,0.7213423453996984,0.6502331778814124,1.3522326928250723,1.546031777777778,1.0526827965140513,1.4811634964293976,1.1180879505385446,1.110866802763819,0.0817928703187237,0.8759782999404485,1.800017084297941,1.5527467786092353,2.1698418880116277,1.968114413461718,1.0374678261011998,1.84711948336428,1.6671139126707553,1.3404841255346875
2017-11-20,1.2165815761076129,0.6310212199471735,0.8238812854089013,1.0964545474565073,1.534573433077234,1.4228066128612342,0.6691573682025737,0.7228506787330318,0.664223850766156,1.352857627477386,1.5590476507936506,1.0507387257142053,1.4804121064808866,1.095807152031743,1.1102386306532663,0.08669264743788482,0.9277543369128736,1.803018593576721,1.5511954371235628,2.162986099490315,1.9652557547637963,1.0481927654625744,1.8500335608600413,1.6659523984540114,1.3421941582260735
2017-11-21,1.2410714479318508,0.6349206190461624,0.8250031101207862,1.1158334728033474,1.5467044076021026,1.44311377245509,0.680780406807804,0.716817496229261,0.6662225183211192,1.3522326928250723,1.5676190793650793,1.059875603807846,1.4848126968941227,1.09925057928399,1.116206061557789,0.08903117742657536,0.9352799236821214,1.8231712904281685,1.5800328527103484,2.188297076088138,1.9995602748618015,1.0582213331909278,1.876709238361147,1.6923064784811506,1.3509736368020793
2017-11-22,1.2413264989457524,0.6287274314841258,0.8173999694353744,1.1101079057476326,1.5608571775171856,1.4342619109606876,0.6878372768783728,0.7130467571644042,0.6688874083944036,1.3431995661129514,1.5584126984126985,1.0509331658424022,1.473542942439475,1.1012760806416058,1.112751256281407,0.09209354369397961,0.9530403084575463,1.8113369281250584,1.5966417959481656,2.2203105284778872,1.9886751068282058,1.0569678127158664,1.8630351745564857,1.6947111817364033,1.3499600539020504
2017-11-24,1.2387755041128699,0.6326268305831145,0.8151564197249251,1.103501453424356,1.5830975333602912,1.435563629263213,0.6940638854296389,0.7236048642533937,0.6715522984676883,1.3404726260544795,1.5574603492063492,1.0515163501461189,1.4812707734522008,1.1008709560638232,1.1146357412060302,0.0922605759823861,0.9512341676329269,1.8223993926558668,1.596732980470889,2.277615736001798,2.0096757012537343,1.0574552561447248,1.866397671679048,1.702318085443894,1.3527357003502032
2017-11-27,1.2352039991019388,0.6360675132776862,0.8146578406584379,1.092050209205021,1.5729883542256369,1.421504764384275,0.6836861353258614,0.7066365007541477,0.6635576282478348,1.3357004639086363,1.5555555555555556,1.0487947521149834,1.4822368677092812,1.1049220195447036,1.1146357412060302,0.09175946241338098,0.9467188456737252,1.8214560687637762,1.5887022814382188,2.2964933603439612,2.012424464401027,1.0584302544308168,1.8800717579002073,1.724566079831919,1.3522159011860042
2017-11-28,1.2556122383772388,0.6537297119686157,0.8387136792204782,1.1138516185862146,1.5871411241407198,1.462379536579016,0.6907430053964301,0.7119154977375566,0.6688874083944036,1.3601295225513117,1.6000000634920635,1.0802877348422966,1.5028443383673786,1.1126190219286818,1.125942148241206,0.09131402812982088,0.9548464191798187,1.853528832402634,1.5793941230151487,2.2922108666348806,2.0057174713265797,1.0618427832535073,1.9027122864220516,1.7134421824268808,1.3655332165892826
2017-11-29,1.2563775189699613,0.6984585869980473,0.8613984596261326,1.1473243338471704,1.6659927618277395,1.5329341577714137,0.6911581569115816,0.7164404223227753,0.6895403064623584,1.3712077918143895,1.6292063492063493,1.1018662733644298,1.5005903295178775,1.121328785119076,1.137248712311558,0.09159243012497449,0.9458157451590684,1.9113283859760881,1.5466325606862565,2.2301238375203396,1.9255636149168869,1.0693642125319092,1.8681908570232941,1.6713180483387542,1.3650290264741853
2017-11-30,1.288010222244637,0.6973116927665234,0.8621462721371207,1.1653820303897822,1.7448443995147593,1.579536526946108,0.7015359070153591,0.7111614253393665,0.6895403064623584,1.4068855435317453,1.6384127301587301,1.0977838665976647,1.4954384994190941,1.119505795412311,1.1388190326633167,0.09326280312039632,0.9506321206913869,1.9566932170766382,1.568260704508122,2.259851869595376,1.9481033407840576,1.072289193461639,1.8867965952298458,1.6709090771319663,1.3762099116940956
2017-12-01,1.2499999681122458,0.6766675965990935,0.8339773338909137,1.1464435366659327,1.653861787302871,1.560010361884926,0.711083395599834,0.7156862745098039,0.6835443037974683,1.4143278680984464,1.649206380952381,1.0925350329030916,1.5024149297502398,1.1316589048340877,1.1416456658291456,0.09604676739264696,0.9605658952267941,1.9447731502892278,1.5609600657054208,2.2321978044510224,1.9252337743342642,1.0777909277189477,1.8888141697194762,1.6525217480336312,1.373423732555479
2017-12-04,1.2737244573029476,0.6963941911440351,0.8510531776996195,1.165161858621449,1.7185604528912253,1.6149439989586045,0.7139892486508925,0.720965346907994,0.6915389740173219,1.4239858442452937,1.6723809523809523,1.1156687425285525,1.4920038422669064,1.1387482709894323,1.1325377198492463,0.09738307024332726,0.9422034334074824,1.8988079590188838,1.5495528746121556,2.177657885527882,1.8853216784603082,1.0896302761927785,1.8175297059509143,1.6337254477285081,1.3719786752850311
2017-12-05,1.2619897892349545,0.6879071463052967,0.8488096155250051,1.1537106144021143,1.611403073190457,1.606873236136423,0.7007056454960565,0.7073906485671192,0.6802131912058629,1.410805569576058,1.6511110476190478,1.1382192872904215,1.4990876998838187,1.1296334034764717,1.119032694723618,0.0988307316648976,0.9313666486644596,1.8874024021318723,1.5480927176492059,2.192291461008704,1.9002749609766343,1.0818999256744877,1.8289619854525447,1.6443096732726084,1.3668483235488815
2017-12-06,1.265561217715275,0.6757500949766051,0.8454443408159912,1.1517286720986568,1.6012938940558026,1.591252252017704,0.6961394769613948,0.6975867269984917,0.675549633577615,1.3972843507036847,1.6409523492063491,1.1386081092264406,1.5140066655362598,1.1008709560638232,1.1168342022613065,0.09381959597484646,0.9431065339221391,1.8861161145174847,1.542343456835189,2.2129936245521877,1.9357889368594483,1.073194583834378,1.8556376853701484,1.6659523984540114,1.366692358849262
2017-12-07,1.29795917607247,0.6789613850621412,0.8646391674695563,1.1761726491962123,1.6740801455721794,1.6407185628742518,0.7002906185139062,0.7107843137254902,0.6848767488341105,1.4121122165182998,1.6619046984126984,1.15396582725439,1.5027369110816122,1.1093781873481505,1.1149497487437185,0.09816257467162891,0.9181215858482363,1.8879169206078645,1.5451725497353532,2.227281655383254,1.9806487624183209,1.0695035258584449,1.8491368785219262,1.6864828331931199,1.3706999896132692
2017-12-08,1.3015305790425873,0.6817139587432601,0.8692508462202102,1.1772737062321077,1.6356652244237768,1.6487894298359804,0.7235367372353674,0.7307691930618402,0.7001998667554963,1.4222815606798873,1.6790475873015873,1.1529938210146544,1.5089621017272106,1.1255823602508075,1.1224874999999999,0.10968819789460363,0.9096928985643317,1.9201612390004181,1.5456287278700491,2.231525704244595,1.968114413461718,1.0781391622853724,1.8865725647484295,1.6964944401558633,1.3782474838734207
2017-12-11,1.3086734104930253,0.670933125441474,0.8690016003115443,1.1973133450781768,1.6235342498989083,1.6485290288987244,0.7235367372353674,0.7277526018099547,0.7041972018654231,1.4210316970564323,1.6752380952380954,1.1444401272247302,1.514865321774505,1.1411788766696147,1.137248712311558,0.11442092602157262,0.9108970225497585,1.9103850620839975,1.5757437488592807,2.24481508123298,1.9685541385999168,1.082317768154266,1.9105581952351895,1.7031196542862346,1.3826605735794777
2017-12-12,1.2874999926658166,0.6720800196729979,0.8699987584445187,1.1807971592160318,1.619490456934897,1.6513928664410311,0.7260273972602739,0.7307691930618402,0.709526982011992,1.4639244809925127,1.709523746031746,1.1728227677453882,1.5305356773754573,1.1559651844432892,1.1488694095477388,0.12177060283617139,0.9133052103159177,1.9079839043994178,1.5668917320678957,2.2374405071550445,1.945684583145176,1.0915802588364163,1.9184039471328413,1.7021054122369401,1.3848022069524795
2017-12-13,1.2778060898518855,0.6750619171494984,0.8602766349142478,1.1810174190706895,1.619490456934897,1.6438427232491541,0.7268576172685762,0.7288838612368024,0.7175216522318454,1.4518804237727434,1.6882539682539683,1.1547434516863035,1.53364819220024,1.1527243498627577,1.1507537374371861,0.12277281883832453,0.9181215858482363,1.9239345174175928,1.5720934842124477,2.2356162041651366,1.9604179096344556,1.071871357946134,1.9132480629175508,1.702318085443894,1.3841472553273964
2017-12-14,1.2808672887533856,0.6743738081360456,0.8648884009140572,1.2166923585113412,1.589162919530934,1.6623274668055195,0.7272727272727273,0.7251131221719457,0.7208527648234511,1.4514259186132048,1.6711110793650794,1.1512442097831301,1.5203391332046607,1.1344946148368364,1.1451004711055277,0.10957683375578506,0.9220348608658981,1.8973501252263947,1.5716371600657055,2.2550700480047463,1.9614074203872705,1.0724981147015282,1.8984532638768605,1.7162886056672764,1.3785125866451537
2017-12-15,1.3025510126900253,0.687219037291844,0.882836835990147,1.2354106584452764,1.619490456934897,1.684457094506639,0.7310087588210876,0.7326546003016591,0.7121918720852765,1.4610271966588524,1.6857142222222221,1.1638802520194451,1.5290330584744671,1.1391533955672148,1.1683417399497487,0.10974386604419155,0.9301625246790328,1.9022382737137615,1.5876072275962767,2.2644416973974675,1.9810884985515722,1.0620517044933966,1.9468728099781931,1.740892177689195,1.3908838322232469
2017-12-18,1.3135204256754993,0.703504949142214,0.9168639567419684,1.234750055053953,1.6498179943388596,1.7104919812548816,0.7413865089248651,0.7579185520361992,0.7228514323784144,1.4772184018357368,1.6901587936507936,1.1842923636137708,1.5219491901244862,1.1387482709894323,1.1661432474874371,0.11804009071135554,0.9403973226852099,1.9095274512518012,1.6099653221390764,2.286411165897073,1.9881254861393785,1.0678320654037765,1.936337033482694,1.7620770072562844,1.3983428738190242
2017-12-19,1.3122448389733459,0.7025873787060717,0.9122522655271497,1.2277031490861046,1.605337687019814,1.716219682374382,0.7380656288916563,0.7484917043740574,0.7228514323784144,1.4571071762957124,1.6803174603174602,1.1734059520491047,1.5217344858159167,1.1389508028954993,1.1601758479899498,0.1161469950062251,0.9322696588720752,1.9041247842884421,1.5928088337287827,2.2802659224299275,1.9737218353069326,1.0671355962709268,1.9240080716429484,1.7515092550723936,1.3938258497502862
2017-12-20,1.3244897111099563,0.700752375461095,0.9194814189399944,1.2380533142479633,1.605337687019814,1.7206455610518097,0.7310087588210876,0.7432126319758673,0.7221852098600933,1.4497215498302114,1.6669840634920636,1.169129085714018,1.515080036816143,1.136520197215317,1.1451004711055277,0.11631402172670305,0.9274532833397566,1.9070405890829212,1.5910750866946524,2.2615226236444848,1.9559098940926847,1.0651856066630156,1.9170588451679256,1.7421354665166784,1.3926719106799406
2017-12-21,1.3466836646254166,0.7358473114202644,0.9309485131142274,1.2338691697863906,1.645774403558431,1.7190835459515754,0.7480282274802823,0.7428356334841629,0.7268487674883412,1.48284288188063,1.6787301904761904,1.1977061080424982,1.5140066655362598,1.1464451923525458,1.1381910175879395,0.12065701155934261,0.9349788701090045,1.9011234036435691,1.597097974082862,2.2560302569996877,1.9510720489633442,1.0550874310213088,1.916610582456611,1.739976186882619,1.3954372775798218
2017-12-22,1.341581598429041,0.7381410998833122,0.925838168047931,1.2338691697863906,1.653861787302871,1.717521504816454,0.7455375259443753,0.7307691930618402,0.7228514323784144,1.47125323892164,1.6736508253968254,1.1965396616745658,1.5039175486512297,1.1415840012473972,1.1350502198492463,0.11998885456607389,0.9370860344043939,1.8866306329934772,1.597097974082862,2.243739533853984,1.9483232858160513,1.0620517044933966,1.9168347922700115,1.7342342147804688,1.3947979350038404
2017-12-26,1.348214200300658,0.7305716254807161,0.9328180630879448,1.2426778242677825,1.6659927618277395,1.71778190575371,0.743046907430469,0.7251131221719457,0.7201865423051299,1.4641517733404894,1.6657143174603175,1.1883748481410352,1.5035955673198576,1.1411788766696147,1.137248712311558,0.12054565298845256,0.9349788701090045,1.8832004469325063,1.5565797408286184,2.2598710929794548,1.9350193601435743,1.0643499286677325,1.9143689774855643,1.7287049158852723,1.3933216596351892
2017-12-27,1.336734710797584,0.7246077617140612,0.9269599927598158,1.235851112089848,1.6437526081682168,1.7172611038791983,0.7384807388958075,0.7187028280542987,0.7208527648234511,1.45409607535289,1.6688888888888889,1.1848756256779864,1.5087475584146732,1.1411788766696147,1.1410176507537688,0.11998885456607389,0.9416014466706366,1.89023236523255,1.5568535134148567,2.270433391923814,1.952941185913398,1.0664392316021793,1.921318024628603,1.7166484528885897,1.394423694679793
2017-12-28,1.3382652464728255,0.7133682120078578,0.929452788378931,1.240916053732658,1.6579053780832995,1.7149180682114034,0.7413865089248651,0.7202111613876321,0.7281812125249834,1.4572207372521138,1.6714286349206349,1.191679630475887,1.508640131128907,1.1464451923525458,1.1422738379396984,0.11781736800164694,0.9497290201767302,1.9103850620839975,1.5612338017886478,2.277807731710755,1.9562397346753073,1.0727766368904976,1.9215422344420032,1.7146363472688897,1.3969810660233168
2017-12-29,1.3272958589975545,0.7099275293132862,0.9162407983457261,1.2332085443734861,1.611403073190457,1.703983259567821,0.7409713574097136,0.7175716817496229,0.72618254497002,1.4473354687572897,1.6657143174603175,1.179432332415092,1.4996243855237603,1.1397610115406323,1.137562845477387,0.11570156072266499,0.9506321206913869,1.8905754661643472,1.5443511224676036,2.2458711709369026,1.9401870568505901,1.0684588221591704,1.9175072647947264,1.7117899223926096,1.389740299012369
2018-01-02,1.3517857308217924,0.7067162392277501,0.934937045932804,1.249504558467298,1.621512252325111,1.725852668575892,0.7422166459111665,0.7288838612368024,0.7348434377081945,1.4525053527438847,1.6568253650793652,1.187597223709122,1.4943651281392105,1.1387482709894323,1.1444723304020101,0.12132516855261129,0.9560505431652455,1.8965783560879996,1.5720021536776785,2.2833962133555272,1.994722418737408,1.0742391830695501,1.9266979393253096,1.7422173409163924,1.401279815507225
2018-01-03,1.3352040475713254,0.7110744235448101,0.930574613090816,1.2263818321955517,1.556813586736757,1.6899246029679773,0.7496886259858864,0.722473604826546,0.7321785476349101,1.4389841338715117,1.6612699047619048,1.1967341018027624,1.508640131128907,1.1371278131887343,1.1529522298994976,0.1281180358089743,0.9683924452621178,1.9164736650675442,1.57172838109144,2.312567249317196,2.0304563396522157,1.10376773741257,1.935664560957979,1.770812574977305,1.4102463510896563
2018-01-04,1.3436223636831028,0.6920360068269751,0.9204785646088035,1.2263818321955517,1.5689445612616255,1.684457094506639,0.7592362391033624,0.745475113122172,0.7361758827448368,1.4590954503102955,1.6866666984126983,1.2117030173348176,1.5085328541061038,1.1555600598655065,1.1554648555276381,0.1283407473828258,0.9738108677359761,1.924791999615882,1.5790290198941412,2.3229183310889376,2.026718065752108,1.1261229995437843,1.9527011667181986,1.7772253154786712,1.4159277200882083
2018-01-05,1.3431122616552995,0.6876777536962612,0.9191075064524179,1.2325479189605815,1.581075535786494,1.674563915646967,0.7513491075134912,0.6994720588235294,0.7175216522318454,1.4516532109611815,1.6860317777777776,1.2198678308683482,1.5209832568634378,1.1543448076634557,1.1576633479899496,0.13279509578635537,0.9747140284553272,1.9614955324457977,1.5970067530571272,2.360462596891641,2.054425642257031,1.1316248313009214,1.9769110070183593,1.8031213003135478,1.425887026331933
2018-01-08,1.3298469303610476,0.6789613850621412,0.9067680079732766,1.2041400572561112,1.5830975333602912,1.6662327518875295,0.7542548775425488,0.6900452111613876,0.7221852098600933,1.4305760270292915,1.6790475873015873,1.2060653617042254,1.5229151233855343,1.1476605458306774,1.1447864635678393,0.12867483423135298,0.96447923044915,1.927450416538458,1.5910750866946524,2.394511569443915,2.070148490494178,1.1384497914464735,1.9789284245925036,1.8108262540499234,1.4282573411888306
2018-01-09,1.328571445699708,0.6920360068269751,0.8885703394526859,1.1929090068266903,1.4840275374039629,1.6240562613902632,0.7476131174761312,0.6836349547511313,0.7268487674883412,1.442676947104262,1.6920634603174602,1.2103421308386884,1.5470645282186222,1.1504962558334262,1.1435301507537687,0.13290645992517394,0.9581577074606348,1.93705516733509,1.5908924986311372,2.4057075218265442,2.065640474952407,1.1409569368606989,1.9775834795430738,1.8097139652435132,1.4301182627409976
2018-01-10,1.3719387150015634,0.7103863145313573,0.8980431298251355,1.2301255450341335,1.526486049332794,1.6391564436344703,0.7596512660855127,0.6975867269984917,0.7235176548967355,1.4448926043655812,1.712063492063492,1.2270606576022678,1.5452399279862599,1.1606238638975868,1.1454146042713569,0.13045656579766482,0.9515352212060438,1.9226481011692986,1.5905273955101298,2.4088378127521444,2.065310634369785,1.1433943698974682,1.9686168579104044,1.8037429447272895,1.4285276466303982
2018-01-11,1.439285626548836,0.7484631479670272,0.9324441630645333,1.2887029288702931,1.566922765871411,1.6881019526165062,0.7783312577833126,0.6998491327300151,0.7115256495669554,1.449437559381035,1.7206349523809523,1.2249222244347244,1.5540409585497683,1.166700408480867,1.148241237437186,0.1325723730766468,0.9443106579075659,1.9328530749262234,1.5995619638620187,2.451759343027003,2.064541068648963,1.143533683224004,1.974445192233912,1.8085034268302693,1.4385754055384972
2018-01-12,1.491581620112714,0.7592439812688133,0.9163653776754814,1.3175512442193351,1.566922765871411,1.7016402239000261,0.7870485263594853,0.7051282428355958,0.7161892071952032,1.460231752977349,1.7498412380952382,1.2159797864692805,1.5644520567661706,1.1881709780873198,1.1476130967336682,0.13273941650091037,0.9566526202091323,1.960723754731809,1.6160795400620553,2.5065294662954267,1.9721825279444485,1.1361515672721376,2.0085181795893705,1.8358881224779378,1.4482852180595907
2018-01-16,1.4790815949213878,0.7750711079011121,0.8884456728737753,1.3069807971812377,1.5467044076021026,1.7045040614423328,0.7824823578248237,0.6979638009049774,0.7301798800799467,1.4683557841528057,1.7333332698412698,1.2150077996696695,1.5762584968607598,1.257241265084895,1.1494974246231155,0.12795099795263926,0.9235400083220948,1.9972557413836227,1.6078664354809271,2.505876589473078,1.9614074203872705,1.1410962501872344,1.9804975570388355,1.835070180064362,1.4431807549208142
2018-01-17,1.483673431538943,0.76429034341298,0.8827121694112363,1.3151288482713062,1.542660816821674,1.7201249674563914,0.777085886259859,0.698340874811463,0.7361758827448368,1.4410293616400554,1.7571427936507937,1.2418351913265007,1.5775464114531803,1.2564310361845459,1.1677135678391959,0.12639198352810746,0.9166164985967339,2.044678766446456,1.63442241284906,2.4869412968990967,1.9527214058071933,1.1745246792819743,2.0206231109477,1.8517888739213062,1.4567683762854593
2018-01-18,1.4882652681564983,0.7658959540489211,0.869874091865608,1.309183021360934,1.542660816821674,1.693829679770893,0.7858032378580324,0.6987179864253393,0.737508327781479,1.4258038592022757,1.7726984126984129,1.2431960000621307,1.5769024487904355,1.2382013821794893,1.161746293969849,0.12305122083347815,0.9184226093190063,2.0852414193873474,1.6358824237999636,2.483714890973521,1.9769104885182132,1.1777978947781291,2.0197264286095846,1.848206382667049,1.4544136704776633
2018-01-19,1.4811224367060603,0.7720892104246116,0.8585316518061206,1.3215150407399252,1.534573433077234,1.6935694610778445,0.7911996264009963,0.7081448340874811,0.7421718854097269,1.4550618633095818,1.8241269523809525,1.2484448337567036,1.5816250312681128,1.241239624088305,1.1601758479899498,0.1198218222776674,0.9238410618952118,2.0868707993579387,1.6285819310093081,2.4861346368449544,1.993293006925553,1.1307890488415362,2.017484823638538,1.860835366091999,1.4607916166183672
2018-01-22,1.4821427683126844,0.7693366367434927,0.8544185521219537,1.3241576965426118,1.5305296401132227,1.6894037750585786,0.8028227480282275,0.7311462669683257,0.782145236508994,1.4857401605331177,1.8209524126984127,1.2583593362822576,1.5899968034774454,1.2406319878596717,1.1598618090452262,0.12266147140329159,0.9268512966029109,2.0886716054483183,1.6152582588063515,2.548990115456893,2.038152843479478,1.1323909083471246,2.0535754079001256,1.8907721385872285,1.4725754231264219
2018-01-23,1.4869897834951584,0.7691072441344572,0.8658855590470314,1.3197533582911254,1.564900970481197,1.6990367612600887,0.8019925280199253,0.7341628582202112,0.782145236508994,1.4776161236764884,1.8066666666666666,1.253693609130902,1.5222711714558586,1.2497468553726323,1.1564070351758795,0.12416480097444985,0.922937961380555,2.1028214123761133,1.6156232159153132,2.616646402832128,2.0819132737299597,1.1578104647346044,2.0600762147483476,1.9139361237818298,1.4757773402355607
2018-01-24,1.397704071487141,0.7406642809553955,0.8063068625337083,1.2508257872715263,1.5042458956732714,1.6196302785732883,0.81527600664176,0.7443438914027148,0.7901399067288474,1.509373860711877,1.8171429206349206,1.2729394298782937,1.524847161636732,1.2392141227306892,1.1598618090452262,0.11069041389675678,0.9337748063282718,2.0997341900374393,1.5898886658149298,2.6069866446508922,2.0511270934951216,1.1516818692577997,2.0582828500721173,1.9045625348040631,1.474950940653154
2018-01-25,1.353316266497034,0.7165795020933939,0.7736507251532821,1.2070028848271306,1.4415690254751314,1.5670398073418381,0.8144458696554586,0.7405731146304676,0.7901399067288474,1.5284058225563952,1.8034920952380953,1.2762442316532705,1.5498550724451017,1.2416447284108716,1.1692839195979898,0.10974386604419155,0.9253461491467142,2.1025640245042103,1.561507574374886,2.6462398750594494,2.0613524154376828,1.1523783383906494,2.0697153089057316,1.9145905169739261,1.4758397769517668
2018-01-26,1.3538264960758546,0.7340123081752878,0.8044372253108355,1.2169125302796742,1.486049332794177,1.5834418120281177,0.8293897882938979,0.7356711915535445,0.793471019320453,1.5233496699613756,1.8285713650793651,1.281687427715541,1.5598369123073288,1.2566336288562614,1.225188379396985,0.1075723794797646,0.9298614711059159,2.1307777966659995,1.5651578390217193,2.6925221368166037,2.0890599919426056,1.1654014949620863,2.10849576084968,1.923538759537785,1.4933154856686364
2018-01-29,1.3438775167378185,0.7390586703194545,0.8161535653937343,1.2279233208544376,1.51637687019814,1.571465790158813,0.8144458696554586,0.7202111613876321,0.7788141239173884,1.5480059357344407,1.8238095555555556,1.2795490139881223,1.5421272521654448,1.2483289902436498,1.2255025125628143,0.10796212890995115,0.9232389848513249,2.121687692979267,1.5327615258258807,2.7225382796005726,2.0448598365539254,1.1616408360370731,2.1053574511240205,1.9231134131238776,1.483262524090703
2018-01-30,1.341581598429041,0.7312597344941689,0.8001993593344375,1.235851112089848,1.581075535786494,1.557667326217131,0.805313408053134,0.6930618024132731,0.7588274483677548,1.5278945340780699,1.7968253333333333,1.2690513271588517,1.5287109161470624,1.2284788986931112,1.187185898241206,0.10384186735494874,0.9334737828575019,2.0294142180823753,1.5237269574739916,2.761215290511683,2.057394185510528,1.139494390681646,2.0789059834363153,1.9036627179907735,1.4670967196635978
2018-01-31,1.3857142503644324,0.7305716254807161,0.8192696066582473,1.2501651618586216,1.5103112818439142,1.5829210882582663,0.8028227480282275,0.691553544494721,0.7574950033311125,1.5219293768451454,1.7952380634920635,1.278771389556209,1.4832028009703293,1.2001215556030294,1.163316614321608,0.10306235735871858,0.933172759386732,2.030529088152568,1.5279247307902901,2.786315286148301,2.0548653673952293,1.14005154648796,2.1297915236540796,1.9138869981604705,1.467814108524686
2018-02-01,1.3744897863650565,0.7652078450354683,0.7987037218482965,1.242457564413125,1.5750101496158513,1.5701640458214008,0.8181817766708178,0.7032428355957767,0.7568287808127915,1.5465856426182105,1.8238095555555556,1.2735226141820104,1.5028443383673786,1.2124772576965213,1.1567211683417085,0.10345211235683364,0.9078867878420592,2.017151178997074,1.5311188173024275,2.6693810059380265,2.1230346604629355,1.1309979700814252,2.1129791501237585,1.9102226325064993,1.4668628349900683
2018-02-02,1.3290815477275115,0.75236261587967,0.8046864712195012,1.2028187403655584,1.5123332794177113,1.5285081749544391,0.7941053964300541,0.6444193061840121,0.7308461025982679,1.4773321389084846,1.761269841269841,1.2455287955973715,1.47772883927721,1.1861454767297037,1.1498115891959797,0.10022271380102292,0.9030704123097406,1.988508730053094,1.464683336375251,2.74610161053339,2.0921385956725214,1.1075284033018566,2.0573861677340024,1.8189403785710356,1.4357528045922443
2018-02-05,1.2693876716992942,0.7271309427861444,0.782001740670507,1.1565734419731337,1.4395470279013343,1.4837282478521219,0.7625571191365711,0.6180240950226245,0.7008660892738174,1.4152368784175235,1.6682539365079365,1.1306376580606077,1.3994848320164177,1.1423942301477463,1.0888818467336683,0.09621381081691054,0.8789885647504947,1.886802179171579,1.4280891038510677,2.6693810059380265,1.9929631773379828,1.0622606257332856,1.9726518275576816,1.7271672806649545,1.3769167673449207
2018-02-06,1.3056122115915252,0.7335535229572167,0.7876105775541352,1.169345914996697,1.4537,1.5136682895079407,0.7471980074719801,0.6229260935143288,0.7128580946035976,1.4697193848490084,1.7247619682539683,1.1135303288011338,1.4149404833088008,1.123354266221476,1.1080401695979898,0.10167037522259326,0.8859120744758556,1.9310521487775307,1.4877714911480198,2.7708558272292576,2.0374931733092856,1.081830213297032,2.0472988108653034,1.7677371049587205,1.4009314637805506
2018-02-07,1.3112245073667217,0.7459400357085978,0.8005733590711694,1.1858621008588417,1.5224424585523655,1.5071595678208802,0.7484433789954338,0.6067119155354449,0.7075283144570286,1.4606294748181008,1.731746,1.1185848001280092,1.410539882162496,1.131861497505803,1.098618090452261,0.09894209023578762,0.8738711657474061,1.9365406488590975,1.4559225406096004,2.720809855399228,1.9810884985515722,1.071453515466356,2.008742411819269,1.7153560400756316,1.3939245809233334
2018-02-08,1.239795835719494,0.7220845806419778,0.7982051427818095,1.1281656022902444,1.486049332794177,1.4483207758396253,0.7135741386467414,0.5840874811463047,0.7121918720852765,1.3995568708202053,1.6441270158730157,1.0769829525074446,1.3562305861592912,1.1085679787030176,1.0562186243718592,0.0972717061045087,0.8729680652327493,1.8562730910190113,1.415860485490053,2.5935244953376295,1.8865311452401698,1.0278570938883513,1.9056265432497974,1.638371404806509,1.3416016427973971
2018-02-09,1.2336734634266973,0.7319479123212755,0.8066807750212848,1.111208962783528,1.4840275374039629,1.444936214527467,0.7289331257783314,0.5874811463046757,0.7161892071952032,1.4163163125482034,1.6552380634920636,1.0911742241674616,1.390254392835771,1.1114036887057663,1.07286432160804,0.09905345437460619,0.8723660182912095,1.8948632630575142,1.4273590436210986,2.5725918931578677,1.9363387224740647,1.0412284919904866,1.9766867972049589,1.6976886033619873,1.3616399260474243
2018-02-12,1.2778060898518855,0.7502982200256578,0.8227595604103368,1.1462232768112752,1.542660816821674,1.4790419422025516,0.7314238688252386,0.6036953242835597,0.7195203197868089,1.438245643943969,1.6961904761904762,1.0983670509013812,1.3981969174239972,1.1227466299928424,1.0885678391959799,0.1003897572252865,0.8795905514873403,1.935425778788905,1.4848513232341667,2.662140991707806,1.9396372712359737,1.054390961888459,1.9979824030938715,1.7208525885565886,1.3805865801123156
2018-02-13,1.2977040230177546,0.7535095101111938,0.8337279882689274,1.1488658445276372,1.566922765871411,1.4881541265295497,0.7339144873391449,0.5995475113122172,0.7228514323784144,1.4517099942799683,1.6949206031746034,1.1275272380934533,1.3948696982906448,1.1120114059552644,1.097361777638191,0.09994432294172641,0.8807946754727671,1.943572567159141,1.4997261909107502,2.7164504700742502,1.9037932898447485,1.0498642259172428,2.013674063804661,1.7211143873849015,1.3841939556437055
2018-02-14,1.3028060892141304,0.7558032985742417,0.8321076842038757,1.1495265580268663,1.5507479983825312,1.5029940119760479,0.7745952677459527,0.6131221719457014,0.7415056628914057,1.4917621919835886,1.7476190158730158,1.1576594120851362,1.3917570117367608,1.1120114059552644,1.105213536432161,0.10228285293041693,0.904876523032013,1.9619243378618958,1.5273772221208248,2.786622618320894,1.9738318847882976,1.0777909277189477,2.035642142218289,1.749905919445648,1.4027455576656132
2018-02-15,1.3181121602522408,0.7684191351210045,0.8247537769629649,1.1660427438890113,1.5386170238576626,1.5147097110127572,0.7779161477791614,0.607466101055807,0.7508327781479014,1.520736205641718,1.7587302222222223,1.1667962901787772,1.4085005776215642,1.1340895915351346,1.1215451947236181,0.10395322592583878,0.9154123746113071,1.938255741889583,1.5786640262821683,2.807190220096244,1.9786697409126908,1.0864962695590574,2.0771127980920694,1.7823292695958446,1.419675451789915
2018-02-16,1.315816343984277,0.7661253466579566,0.8097968162857977,1.1638405197093151,1.5628791750909825,1.517052850820099,0.7795766293067662,0.6063348416289592,0.7548301132578281,1.5203953466561677,1.750476158730159,1.1654355008832717,1.4291080482796616,1.1401661361184148,1.1388190326633167,0.1051224853522555,0.912101086330491,1.9669839038934576,1.573553495163351,2.782090224459626,1.9500825382105291,1.0876801821207653,2.0623178197193943,1.7909667889238647,1.4202056573333812
2018-02-20,1.3193877469543942,0.7580970870372894,0.8025675756237975,1.1554723849372386,1.5103112818439142,1.5029940119760479,0.7721046077210462,0.6206636123680241,0.7514990006662224,1.5048858594503838,1.7479365396825397,1.1654355008832717,1.4046366621152013,1.1136317827350979,1.1309672738693468,0.10345211235683364,0.8961468724820326,1.9437441219128366,1.568260704508122,2.819845709355365,1.935239151244832,1.080576699786244,2.078457720725001,1.803497522741981,1.4119096829449338
2018-02-21,1.346428511570701,0.7718598178155761,0.8063068625337083,1.1706672539088308,1.5183986655883541,1.510804451965634,0.771689497716895,0.6248114630467572,0.7548301132578281,1.4964207931730305,1.7492062857142856,1.1611586539883096,1.394333012650703,1.1049220195447036,1.1231155150753769,0.10361915578109725,0.8916315505228309,1.9306234719953395,1.5611426172659244,2.84782633005639,1.956129850119731,1.072219592512559,2.05088536088578,1.8180241881865107,1.4041491167697873
2018-02-22,1.351530577767077,0.7654372376445039,0.7998254468468612,1.1572340673860384,1.486049332794177,1.4923197084092685,0.7704441261934413,0.6195324283559578,0.7781479013990673,1.4852288777359648,1.7415873333333332,1.143273758617297,1.394333012650703,1.1053271441224861,1.1224874999999999,0.10172605450803826,0.898555060248192,1.94743155863621,1.574192370870597,2.8524735917993054,1.9680045179110892,1.0667873617045018,2.056265432497973,1.810319234450135,1.4055161277551282
2018-02-23,1.3619897356635273,0.7759886095236005,0.8099214828647083,1.1772737062321077,1.477961949049737,1.5097631346003646,0.777085886259859,0.6195324283559578,0.7808127914723518,1.5155663159739503,1.78,1.15027214522302,1.4169797878497323,1.1114036887057663,1.1388190326633167,0.10400890521128378,0.8955448255404929,1.9737587001650054,1.6015696294944333,2.8806269848252084,2.015283112103896,1.0830838382361956,2.10849576084968,1.8432987281855944,1.4280442692738355
2018-02-26,1.4030611886974187,0.7853931559848272,0.824504543518464,1.2043602510460252,1.5285078447230085,1.5490757615204376,0.7787463677874638,0.6214177978883861,0.7808127914723518,1.5410748996460653,1.8098412063492064,1.1658243033791662,1.4175164734896741,1.1355074364089008,1.164886934673367,0.10506681720266757,0.8994581005581547,2.0072034644781453,1.6332359919693376,2.9227800656026695,2.0333149983501375,1.1043945011322376,2.138982198184663,1.8710432710545764,1.4448338077476195
2018-02-27,1.3841835871381738,0.7707129235840522,0.8087996581528235,1.1807971592160318,1.494136716538617,1.5225201770372299,0.7779161477791614,0.6184012066365007,0.7808127914723518,1.5221564987579481,1.8006349523809524,1.1510497696549333,1.4132231493661724,1.1083654467969506,1.1557788630653267,0.10300667807327356,0.8895243260227474,1.9939971015007538,1.6279430553020624,2.903633553935653,1.995162319796448,1.0902570329481727,2.1116340481588423,1.8293937071548063,1.4264744654019716
2018-02-28,1.3839285361242721,0.7629140565724205,0.8039386462443483,1.1869632680026427,1.4557217953902142,1.5058578495183548,0.7621420091324201,0.6010558069381599,0.7828114590273151,1.4937506364333455,1.7784126984126984,1.1354976892592863,1.394011031319331,1.09823783873279,1.140389478643216,0.09125834327644733,0.87025885399582,1.9394563250196695,1.6254790655229054,2.9045360946987766,1.9606378546664494,1.085242749083996,2.101994954001458,1.8072110123814267,1.4106466063222738
2018-03-01,1.364285679482508,0.7509863290391106,0.8058082959313863,1.1748513102840785,1.43752523251112,1.5102837281957826,0.7496886259858864,0.5920060331825038,0.770819453697535,1.4588114598611188,1.7298413333333333,1.114113571425225,1.366104988002683,1.0877051263460629,1.119032694723618,0.08496658958908943,0.863636367741229,1.924791999615882,1.5970067530571272,2.8680481528909905,1.934469574528958,1.0711748888132846,2.0813717982207622,1.7496115730528137,1.3918505874561713
2018-03-02,1.3566326184532496,0.753968295329265,0.7899787938434952,1.1728693679806212,1.4092194904973716,1.505076828950794,0.7447073889580739,0.5953996983408748,0.7674883411059293,1.4664242082394228,1.7377778412698413,1.1160575644645716,1.3826339998418804,1.101073568990755,1.1290829459798994,0.08285077674217896,0.8792895280165705,1.9311379818957382,1.6080489870414307,2.8811070893226796,1.9419461333242265,1.0759106435242187,2.085855209911338,1.7649889296892742,1.3989095006503274
2018-03-05,1.3568876949773547,0.7473162537355033,0.7929701685290975,1.1845408720546136,1.4193286696320258,1.5199167143972925,0.7463677874636779,0.5991704374057315,0.7741505662891406,1.4948300705640254,1.761587365079365,1.1195567869276204,1.3930449263291815,1.1018837978911038,1.1344220791457287,0.0857460995853196,0.9003612010728115,1.9584941518009251,1.6136156962949444,2.9259680247600874,1.9835074211162427,1.093042700551367,2.0990808540891988,1.7846359228222124,1.4143423071672425
2018-03-06,1.3665815977912859,0.7613083771228255,0.8014458506252331,1.185641929090509,1.4355034371209057,1.5165321530851341,0.753009506019095,0.6055806561085973,0.7901399067288474,1.5164753262930275,1.7955555873015874,1.1094479220343687,1.376194094154644,1.0998582155126233,1.126884453517588,0.0853006653017595,0.9018662883243139,1.9396277425638646,1.6122467603577295,2.952911546770692,1.9766905434862192,1.0844766720377927,2.0919075971327596,1.7913921353377724,1.4180745566508435
2018-03-07,1.3803571331541546,0.7858519412028983,0.7977065637153223,1.1788152169125743,1.4557217953902142,1.4988284300963293,0.752594396014944,0.615761689291101,0.7868087941372419,1.5074991476536952,1.8057143174603174,1.1003110245006031,1.3849951247181522,1.1033016427648703,1.1284547738693467,0.0852449860163145,0.9066827240613267,1.9489752341225004,1.5972805256433655,2.9670457943699646,2.019901188122084,1.1025838248508621,2.1040125284910887,1.8152432641387095,1.4173883864077579
2018-03-08,1.397704071487141,0.7982383851406255,0.8076779331542591,1.203259171988549,1.4880711281843915,1.5196563134600365,0.752594396014944,0.610105580693816,0.7894736842105263,1.5131234515822416,1.8082539365079366,1.1026438977963433,1.4174090462039077,1.109175594676435,1.146356783919598,0.08502226887453444,0.9039735128243974,1.9271931573004617,1.6147107501368863,2.9802198329742957,2.004837845129341,1.0878892078247566,2.1167899099576353,1.8420063153726365,1.4237143016917237
2018-03-09,1.4303571063684413,0.799614671981185,0.8076779331542591,1.2351904866769436,1.4698745653052971,1.5542827649049729,0.756330386052304,0.6078431749622926,0.7841439040639574,1.5382910058336325,1.862539619047619,1.1319984667962377,1.4360846396068399,1.1168725970604132,1.1548366834170856,0.08563474101442958,0.9051775766051301,1.933196047224114,1.6424529658696843,3.0321287888533854,2.036613547112047,1.1094783929097678,2.1640887432394367,1.897691898688383,1.448456792328111
2018-03-12,1.4413264938437118,0.8142949043819598,0.8198927650544897,1.2367319973574102,1.477961949049737,1.555844780005207,0.7629721461187216,0.607466101055807,0.7908061292471685,1.5531189568658343,1.8701587301587301,1.1279160405893476,1.423526970559772,1.121328785119076,1.1498115891959797,0.0879175917176751,0.9114990995936453,1.9103850620839975,1.658331812374521,3.069576939656113,2.0314458614000834,1.1160944318154309,2.169244448122743,1.9049878812179708,1.446611480344845
2018-03-13,1.434438738917379,0.8239288434522222,0.8574099268075561,1.2462012772517068,1.526486049332794,1.5706847695912525,0.7501037775010377,0.5953996983408748,0.7834776815456362,1.525565236323935,1.8422221904761904,1.1189736026239037,1.4419878596541345,1.121531296769927,1.1542085427135678,0.08953229099558047,0.9111980460205283,1.9461452710218226,1.6423617448439496,3.0499695468757047,1.9997802198937953,1.10954809832295,2.116341669662819,1.861915105698003,1.4374058574190496
2018-03-14,1.4102040201478565,0.8025965694576854,0.818521694433939,1.2365118255890775,1.5103112818439142,1.55219992189534,0.7484433789954338,0.5920060331825038,0.776149233844104,1.5022723951307264,1.8092064126984126,1.100894286564819,1.4201997406933506,1.1099858235767839,1.1416456658291456,0.09437639439722513,0.9136062337866877,1.932767370441923,1.6283993794488045,3.0553850219046046,2.025178758389624,1.1011908865851627,2.1037882962611905,1.8804332336035778,1.429177395585647
2018-03-15,1.4073978722602583,0.792503913983006,0.821637735698452,1.2406958819643252,1.4840275374039629,1.5605310856547776,0.7521793690327936,0.5920060331825038,0.7768154563624251,1.514657305654873,1.8165079682539684,1.1047823309638867,1.4281421150186135,1.1191006910897445,1.1488694095477388,0.0934298465446599,0.8759782999404485,1.9679272277855482,1.6303156780434387,3.0387156900498447,2.0215503800401446,1.1115676958442147,2.111185785447528,1.8805804076179373,1.4280598783229372
2018-03-16,1.4132653210901704,0.8165886928450077,0.8289916429393628,1.2484034133450783,1.5285078447230085,1.5855246550377506,0.7575757575757576,0.5965309200603318,0.7834776815456362,1.5202817856997664,1.8257142222222222,1.086703014904802,1.434796564018387,1.1276078413532071,1.155150722361809,0.0931514445495063,0.8681516897004307,1.9540348087296562,1.6245665632414674,3.018282650042627,2.0350742397495627,1.1160944318154309,2.1206006697915116,1.8579234420231245,1.430492503065045
2018-03-19,1.3933672858834876,0.8078723242108877,0.8114171203508493,1.232327659105924,1.494136716538617,1.577714084873731,0.7492735159817352,0.5859728506787331,0.82145236508994,1.491478201534412,1.8079365396825398,1.078538123610772,1.3978749360926248,1.1065424773454016,1.1410176507537688,0.09014476870340415,0.8681516897004307,1.9299374073412452,1.5997445154225225,2.9669114688132443,1.8973062527973477,1.0958284726186633,2.0822684805588776,1.7991787622600284,1.410173507994183
2018-03-20,1.4112244537952945,0.8076429316018522,0.8125389450627343,1.2442193349482493,1.475940153659523,1.5800572507159596,0.7496886259858864,0.5852187028657617,0.8127914723517654,1.4952277924047768,1.8244444761904763,1.0672628901100873,1.408286034309027,1.1067449889962526,1.1410176507537688,0.08897549814113034,0.863335314168112,1.9447731502892278,1.5991969702500457,3.0467623643342074,1.8488180268988903,1.087819495447301,2.0876483952555844,1.795727069813011,1.4122631105104468
2018-03-21,1.3798469035753342,0.7998440645902205,0.8003240259133482,1.232107487337591,1.4476344116457742,1.5042957302785733,0.7322540058115401,0.5576923076923077,0.804130579613591,1.4876150440264733,1.8130159047619048,1.0651244569425438,1.4080713192673888,1.1077577498026687,1.139133165829146,0.09142538670071092,0.8651414549927315,1.9108138675000956,1.5629677313378354,3.0378323726708,1.862451947084726,1.0912320242699916,2.073077806028294,1.7845540484224984,1.409658912019618
2018-03-22,1.3344387669786029,0.7688779203390755,0.7829988489468211,1.2039197974014535,1.431459846340477,1.4839885446498309,0.7015359070153591,0.5350678733031674,0.7814790139906729,1.4350641987259585,1.734603142857143,1.021189736026239,1.3671782734180158,1.0962122766095255,1.1180903894472363,0.08886413957024032,0.853100516161935,1.8455535987860938,1.5408834458842855,2.9668922454291655,1.8129742104334539,1.0591963245127467,2.012777381466546,1.7161739824892075,1.3741878217328765
2018-03-23,1.3012754259878718,0.7647490598173972,0.7712825462564173,1.1869632680026427,1.4395470279013343,1.47669880239521,0.6911581569115816,0.5184766214177979,0.7721518987341772,1.3933643303405447,1.653015873015873,0.991057562034556,1.3427068872535555,1.0818310934136335,1.0832287060301506,0.08557906172898457,0.8506923283957758,1.8227424850120704,1.5052017156415403,2.872100442254787,1.75250142119301,1.0369106702948858,1.9542702991645307,1.6711708743243947,1.345375389927473
2018-03-26,1.3229591754347148,0.7856225485938627,0.7747725000085068,1.2125082801145124,1.4638091791346544,1.4993491278312943,0.7002906185139062,0.5305429864253394,0.7974683544303798,1.4480172662648048,1.723809492063492,1.016524144955757,1.3672856255723005,1.094591899829692,1.100502543969849,0.08763919529045004,0.8606261029311828,1.878655390801343,1.5766563606497537,2.9879015049338298,1.7598680954327026,1.0681105875927455,2.102219163814859,1.7229301950047675,1.381912093451182
2018-03-27,1.2984694056512907,0.7707129235840522,0.7664215343479421,1.1948909491301476,1.502224100283057,1.475917703722989,0.6870070153590702,0.5192307692307693,0.7794803464357095,1.4047266752703857,1.687301650793651,0.9933903381296721,1.3653536731856535,1.0887178668972628,1.0995602386934675,0.08546770315809454,0.8567127677088269,1.8691364816985123,1.5362292024091988,2.8749618458555335,1.6736669161187547,1.0579428110019584,2.005604102093609,1.6442278005087791,1.358037753185869
2018-03-28,1.2971937934389337,0.7775942889731955,0.7674186426242562,1.1876238713939662,1.5507479983825312,1.4644623795886489,0.6882523868825238,0.5188536953242836,0.7834776815456362,1.416713949171368,1.6796825396825397,1.0007776244319133,1.3679295882350453,1.1158598565092133,1.1086683103015076,0.0861358545834347,0.866947565715004,1.8737672423139762,1.5192553020624202,2.7489248035773914,1.6825728867258787,1.062191017819932,2.003810737417379,1.6433444586915833,1.3540768227381712
2018-03-29,1.3255101447573943,0.7915864123605177,0.7722796545327314,1.2070028848271306,1.564900970481197,1.491278286904452,0.6969697384806974,0.5271493212669683,0.787475016655563,1.430860102696055,1.7130158412698413,1.018856940490998,1.3754427042061328,1.1033016427648703,1.1146357412060302,0.08864142242846026,0.8618301667119155,1.8351770702754733,1.5311188173024275,2.779497708183733,1.7568993762583633,1.068528430072524,2.0459537089003876,1.6878896696061978,1.3727220795744883
2018-04-02,1.2698979012781146,0.7810349716677671,0.7198055321024979,1.1440211627394847,1.4900929235746057,1.4147357458995056,0.68285599833956,0.5158371040723981,0.7781479013990673,1.4052380432851257,1.6736508253968254,0.9982503693283509,1.3369110300936142,1.0789953631556688,1.1008165515075377,0.08390868316563418,0.8518963921765083,1.8626189446649606,1.5210804161343312,2.6347942587360453,1.7085212108363235,1.0451285687061374,1.9843083392892102,1.6464689545425526,1.34205900524539
2018-04-03,1.3130101960966787,0.7975502761271728,0.7492209741036654,1.1829993613741467,1.566922765871411,1.457172637334028,0.6836861353258614,0.5173453996983409,0.7894736842105263,1.4235882076221291,1.6879364444444445,1.0124417381889919,1.3775894467658998,1.0956046403808921,1.120603015075377,0.08724944029233496,0.8452739059219172,1.9259068696860744,1.5366855265559407,2.673317956917769,1.7164376706906326,1.0435964215780047,2.010984016790316,1.657821998514754,1.358988899369692
2018-04-04,1.32755101205227,0.7975502761271728,0.7630561973181031,1.1860823827350804,1.637687019813991,1.4673262431658423,0.6766292652552927,0.5233785822021116,0.7948034643570953,1.4351777596823596,1.7038094603174603,1.0285770028883554,1.399699547058056,1.1047195078938525,1.1347362123115579,0.0879175917176751,0.8464780299073439,1.9620100423461966,1.566070450812192,2.708883900287358,1.7053327225508321,1.0733337926968114,2.0697153089057316,1.6770109962444042,1.3747076208970754
2018-04-05,1.3301019813749495,0.8085604332243405,0.7741493042197692,1.1937898920942525,1.6659927618277395,1.4803436865399635,0.6845163968451639,0.5399698340874811,0.8014656895403064,1.4533007168889736,1.7415873333333332,1.035381007686256,1.402919499901674,1.1045169152221372,1.1221733668341707,0.0879175917176751,0.8524984692203952,1.964411328664683,1.576930133235992,2.787966816813331,1.751951635578394,1.0727070359414175,2.0708360217252633,1.681378880711831,1.3841420521377628
2018-04-06,1.2829081560482611,0.7913570197514822,0.7574473105778147,1.1682448579608016,1.6154468661544683,1.4394689143452226,0.6708177667081777,0.523001508295626,0.7928047968021319,1.420122686737355,1.6838095555555554,1.0153577180279494,1.3749061795622235,1.0808183528624336,1.1045853643216081,0.08596881672709966,0.8443708054072604,1.9205900444165163,1.5365943055302065,2.698628933515592,1.728422234032619,1.0486107054421814,2.0226406854373304,1.6474014203452227,1.3538013141069698
2018-04-09,1.2709183349255526,0.7714010325975049,0.7454817245862498,1.1574543272406959,1.589162919530934,1.4280134860713356,0.6741386467413865,0.5282805429864253,0.8001332445036642,1.4327348952906511,1.6936507301587302,1.0157465205238436,1.389717707195829,1.1375329377665169,1.1136934359296484,0.08780623314678508,0.8534015396327049,1.9100419697277937,1.5518343128308085,2.7002612427169614,1.7364485784425039,1.06337493038164,2.0347454598801735,1.6611592673616513,1.3583183381757078
2018-04-10,1.2107142293185147,0.7606202681093728,0.7459802537960768,1.1530500110107906,1.5527699959563284,1.4092684457172613,0.6861768783727688,0.530920060331825,0.8187874750166555,1.4576184590928651,1.718730126984127,1.0229393472577633,1.3979822131154278,1.1442171995992951,1.1290829459798994,0.0887527809993503,0.8555087039280944,1.9448588547735286,1.581036685526556,2.758142669738319,1.8146234023515142,1.0821784478634568,2.0820442707454774,1.6876442476208893,1.381038866201671
2018-04-11,1.1581632867815488,0.7516745068662173,0.736133600792711,1.133450803787712,1.556813586736757,1.3928664410309817,0.6778746367787463,0.5350678733031674,0.8167888074616922,1.4369957746393416,1.6742857777777778,1.009525680589535,1.3913277641156545,1.1383431666668657,1.1240578203517586,0.09036748027725566,0.8561107809719812,1.902924209733949,1.5736448622011314,2.7405325865636905,1.82869722359639,1.0819695335878412,2.0591795324102327,1.6685533997090984,1.373408122986578
2018-04-12,1.1880101737752506,0.7580970870372894,0.7512152280487887,1.166703369301916,1.5851193287505054,1.4303566519135642,0.6841012868410129,0.5433634992458523,0.8294470353097935,1.4747755374440281,1.709523746031746,1.02449459612159,1.3999140903705931,1.1492810036313754,1.1407035175879396,0.09259464612712764,0.8543045799426676,1.9229911935255022,1.5891586055849607,2.7817254583462097,1.8017592128122883,1.1008427564828402,2.097735931456267,1.689067459241087,1.3847397702362734
2018-04-13,1.1701530058634437,0.6929535084494635,0.7970833679265849,1.1653820303897822,1.5851193287505054,1.4337412132257226,0.6795351183063512,0.5422322775263952,0.8134576948700867,1.4539256458601149,1.6819047619047618,0.989307931362907,1.4019533949115248,1.157990665545689,1.1407035175879396,0.09548997453819683,0.8488862176735033,1.923334165823393,1.5945427632779705,2.747714930641675,1.8089060959507235,1.0913713445608006,2.086527682436053,1.6837672087599642,1.3807425453317344
2018-04-16,1.1836734902124109,0.6716212344549267,0.8127881909714001,1.1957718343977097,1.5932067124949454,1.4290549075761523,0.6795351183063512,0.5403469079939668,0.82145236508994,1.4650607836595662,1.6952381587301588,0.9875583201313826,1.4141890933602896,1.187968466436469,1.147298963567839,0.09593540882175694,0.8488862176735033,1.9751308208976004,1.6044899434203321,2.7682825324170253,1.8123145402632614,1.0995891315436765,2.1109615756341276,1.6980157001690612,1.3919390396007465
2018-04-17,1.1670918069619436,0.6514359235055679,0.8100460621944636,1.2012772296850915,1.581075535786494,1.4129133038271287,0.6832710253217102,0.5422322775263952,0.8121252498334444,1.4409158006836542,1.6901587936507936,0.983087110868723,1.401094727940211,1.2005266599255957,1.1410176507537688,0.09593540882175694,0.8458759528634571,2.045707923456754,1.626574228873882,2.887982101228071,1.8544256136698938,1.1206212722507491,2.1535529667439373,1.7572021015531847,1.4067792043777885
2018-04-18,1.2183672648375699,0.6551059988091752,0.8222609813438496,1.215811473243779,1.6235342498989083,1.4532673782869046,0.6824408883354088,0.5444947209653092,0.8141239173884078,1.4430178060898124,1.6907935873015874,0.9795878689655496,1.370827559747291,1.193437293770251,1.1460427763819094,0.09688195667432214,0.8434677650972977,2.0272703196357917,1.6229238547180145,2.9340913563693527,1.8291369597296416,1.0362142011620363,2.161847115851892,1.753799333513693,1.407948752497236
2018-04-19,1.1959183623490213,0.6580878962856757,0.8166520572110662,1.2127284739044264,1.5952285078851598,1.4267117677688104,0.688667496886675,0.5452488687782806,0.8174550299800133,1.443983594046504,1.7365079682539684,1.001944051359721,1.3690029595149287,1.1877658535095372,1.147298963567839,0.09649220167620706,0.8389524431380961,2.021781948188132,1.576930133235992,2.9899180379236885,1.848268406210063,1.0286231709345544,2.154449649082052,1.7793518463343758,1.3998866622625192
2018-04-20,1.1933672909855282,0.6619873641983185,0.8150317406818495,1.2199956397269325,1.5871411241407198,1.42593074720125,0.6874221253632213,0.5377073906485671,0.8141239173884078,1.4314282540295817,1.7288888571428573,1.02177297865033,1.3594505390029095,1.1916144053395668,1.1504397298994975,0.09565701239453188,0.8350391079157401,2.0157790582644797,1.5123197663807264,2.9334192561629253,1.8282573335324026,1.009123184319888,2.129567313840679,1.7552389203410104,1.3879364846755777
2018-04-23,1.1908162961526454,0.6576291798812585,0.8613984596261326,1.2025985685972254,1.5992720986655884,1.4313980734183807,0.6865919883769199,0.5373303167420814,0.8134576948700867,1.4013748005596,1.7028571111111113,1.0227449848900658,1.3612751392352718,1.2203767717313505,1.1557788630653267,0.09766147223848087,0.8392534064041719,2.0096046135871317,1.507939441503924,2.9149256213182575,1.8234194774080095,1.0158089356030067,2.137413043321833,1.746225178584557,1.3880145304408855
2018-04-24,1.1655611692458885,0.6587760741127824,0.8134114366167978,1.1849813036776042,1.5871411241407198,1.4027597240302005,0.6762142382731424,0.557315233785822,0.8061292471685543,1.3776275394244395,1.6847619047619047,1.0208009140902201,1.3544059751938602,1.217135937150819,1.1639447550251256,0.0972717061045087,0.8404575303895987,2.0085755852107403,1.486950209892316,2.8039830375547474,1.7557999699549194,1.01371963266856,2.087424364774168,1.6685697732803333,1.3694421167000417
2018-04-25,1.1543367052465126,0.6573997872722229,0.8274959057399014,1.2034794538647875,1.6821673271330368,1.4014580057276753,0.7044416355334164,0.55052790346908,0.7994670219853431,1.3591068660582464,1.6520635238095236,1.032465047287423,1.3605238244182423,1.2078185579870075,1.1520100502512562,0.09766147223848087,0.8377483191526693,2.0144069289562907,1.4934293849242561,2.804136820786541,1.7557999699549194,1.016366084445047,2.0692668892789308,1.670532856339418,1.3719578630462956
2018-04-26,1.0808672938554262,0.721396471628525,0.8213885022539511,1.170006628495926,1.7044076829761423,1.3876594376464464,0.7123287671232876,0.5407239819004525,0.7894736842105263,1.3639926743780781,1.6571428888888888,1.0194401247947147,1.3739400853051429,1.2033623901835606,1.1573491834170855,0.09888641095034262,0.8299217089126517,2.032672986599151,1.4986311370688081,2.915117617027214,1.9148984029103375,1.0217982107890022,2.1129791501237585,1.701385719430198,1.3862731523005012
2018-04-27,1.1071428799198244,0.7367648818564068,0.8228841397400921,1.1781545914996698,1.7165386575010109,1.3936474615985421,0.7044416355334164,0.5237556561085973,0.7794803464357095,1.3623451741314585,1.646349238095238,1.017884953691387,1.3767307797945858,1.204577723406476,1.1620603015075377,0.10061246879913802,0.8332329670911207,2.0596860555725405,1.481292279613068,3.0200877296484565,1.9086311349740894,1.0201267503343339,2.14794884223383,1.6850432463658023,1.3878169407439962
2018-04-30,1.0951530332869124,0.7351592024068117,0.8092982372193107,1.149966989649857,1.6659927618277395,1.3754231189794326,0.6961394769613948,0.5150829562594269,0.7688207861425715,1.3539938449268527,1.638730126984127,1.0101088648932517,1.3576258529059966,1.1924245532190512,1.1498115891959797,0.10061246879913802,0.8368452186380125,2.0272703196357917,1.5081218835553933,3.0076242360982923,1.8911490453375166,1.0095411312637683,2.096390829491351,1.6642347390161203,1.3764542022270934
2018-05-01,1.1061224462723864,0.7473162537355033,0.8156549863272473,1.1614182338691919,1.670036352608168,1.378286878417079,0.6924034869240349,0.5124434389140271,0.760159893404397,1.3445630759103948,1.6447619365079365,1.02177297865033,1.352474022807213,1.1743974311200613,1.111809108040201,0.10194876608188978,0.8320288431056939,2.031129439746768,1.5431648841029386,3.0386005878772027,1.9115998541484287,1.0098196534527377,2.129567313840679,1.6969197865697707,1.379962846585436
2018-05-02,1.0775510439400242,0.7347004171887406,0.7901034105657456,1.1530500110107906,1.653861787302871,1.359281411090862,0.6894977584059776,0.5139517345399699,0.7561625582944703,1.3296784324581654,1.641269873015873,1.014580093596036,1.3255339986161638,1.1606238638975868,1.095791425879397,0.10027839308646794,0.8392534064041719,2.002058185386689,1.6113342580762913,3.0144418140628604,1.9358989863408134,0.9920607352060932,2.0961667765934373,1.6757677074169208,1.370019022559817
2018-05-03,1.0742346919838088,0.72300215107812,0.7842452405242961,1.1404977097555604,1.5467044076021026,1.3600625357979694,0.6857617268576173,0.5139517345399699,0.748834110592938,1.3260424877617887,1.621587365079365,1.001944051359721,1.3204894455401834,1.1652825636071007,1.0917084798994976,0.09888641095034262,0.8512944054396625,2.0079752336165404,1.6142544259901441,3.0190506290376176,1.9133590955478537,0.9888572251231206,2.108719970663081,1.6746879678109166,1.366931445672827
2018-05-04,1.0933673445569554,0.7337829155662522,0.782749553181495,1.152609557366219,1.4961585119288314,1.3741212965373601,0.6782897467828974,0.5196078431372548,0.7568287808127915,1.334734670270772,1.6317460952380953,1.018856940490998,1.3329398375644486,1.1697387314105476,1.0942211055276383,0.10033407237191294,0.8497892579834659,2.0229825227426246,1.6775871509399527,3.0360847270057945,1.9418362487686505,1.0022286232252557,2.13315404319314,1.7147507708690097,1.384443449366337
2018-05-07,1.0826530080955865,0.7321773049303112,0.7684158007572305,1.1429201057035896,1.4557217953902142,1.3538141109086177,0.6832710253217102,0.5196078431372548,0.7614923384410393,1.3475740916356302,1.6631745714285715,1.0237169716896766,1.3264999318772122,1.1622443216982847,1.0970477386934674,0.10111358236814312,0.8521974156472782,2.004802306793566,1.689724438766198,3.0729376711384093,1.9567895202899237,0.9974232536366947,2.1569154638664996,1.7255150206306833,1.3892307793964416
2018-05-08,1.0969387475270727,0.7450224652724555,0.7681665049919044,1.1532701827791236,1.4799837444399515,1.3624056756053113,0.6857617268576173,0.5124434389140271,0.7581612258494338,1.3464378741861636,1.6946032063492062,1.0340202183907508,1.3159815781041446,1.1496860269330773,1.098618090452261,0.11007794732479018,0.8449728824511473,1.9897950176674812,1.697846358824603,3.0580544317168123,1.9672347872644789,0.9958911065085619,2.1477246324204295,1.724075433803366,1.3888617422620277
2018-05-09,1.0586734423807795,0.7298835164672633,0.75271091539159,1.1367539969169786,1.467852769915083,1.3423587867742777,0.6957243669572437,0.5196078431372548,0.7781479013990673,1.3733097972205477,1.718730126984127,1.0451010700836134,1.3256413507704485,1.173789794891428,1.1045853643216081,0.11275055302615078,0.8455749293926872,1.9656119117947697,1.7098010585873336,3.0880321277326237,2.008356349918296,0.9931750468187213,2.173055364872106,1.7712706718054518,1.4023090074563558
2018-05-10,1.0724489777436483,0.7390586703194545,0.7548298483797888,1.1464435366659327,1.4900929235746057,1.3522519916688365,0.6969697384806974,0.5233785822021116,0.7834776815456362,1.3830246362225966,1.747301619047619,1.0624028589114085,1.345390154457232,1.1760178686655431,1.100502543969849,0.11141425017547049,0.8317278196349241,2.0042020838332726,1.7342580032852712,3.090106094663306,2.039912095873956,1.0045268404353183,2.194799412804317,1.7954980213989375,1.41544954540148
2018-05-11,1.0867346151343211,0.7459400357085978,0.7544558984997171,1.1649416868531162,1.5062676910634856,1.3657901327779227,0.7052718970527189,0.5226244343891403,0.7841439040639574,1.380070403816148,1.7523809841269842,1.0585148145123409,1.3656756545170259,1.2090338304442745,1.1149497487437185,0.11609131015285155,0.8344370308718533,2.0433924788320685,1.721025698120095,3.0782572654583285,2.055964938624462,1.0038303713024685,2.190091791300341,1.7966268866263009,1.417866561094486
2018-05-14,1.0831632121642039,0.7326360213347284,0.7484730992718522,1.1471041620788374,1.5042458956732714,1.359021114293153,0.7007056454960565,0.5147058823529412,0.7788141239173884,1.385694798643454,1.753015904761905,1.0590979988160574,1.353010633315673,1.2088312985382075,1.1262563128140703,0.11586858744314296,0.8446718288780304,2.0830116792469626,1.7170103303522541,3.075626302414278,2.0521166042479364,1.0049446829150965,2.1974892804866784,1.7998004066737703,1.419119231337879
2018-05-15,1.101785660668733,0.725754655945585,0.7322696971605498,1.1532701827791236,1.502224100283057,1.3460036709190317,0.6990452469904525,0.501131221719457,0.770819453697535,1.3723440092638561,1.7412697777777777,1.0643468325106304,1.3430288685849279,1.1991088150518294,1.1209170540201006,0.12004453385151892,0.8488862176735033,2.05385471182699,1.7014054024457017,3.0268091926130487,2.026608170201479,1.0010447036992742,2.1815735892944725,1.7654959492890623,1.4094094182969865
2018-05-16,1.12397958867399,0.7385998851013833,0.7366321300025378,1.1777141598766792,1.5547917913465426,1.3801092944545694,0.6944790369447904,0.4901960784313726,0.7641572285143239,1.368935356915456,1.745079396825397,1.0699844881412224,1.345390154457232,1.21024916366719,1.120603015075377,0.1229398622625881,0.8524984692203952,2.072892538608245,1.7172841029384924,3.0482411226743595,2.014293601351081,1.0072429070894326,2.1777628294605957,1.76965116218542,1.4151324122928082
2018-05-17,1.1130102011987193,0.7374529908698595,0.730400047473512,1.169345914996697,1.5608571775171856,1.3660505337151785,0.6944790369447904,0.4898190045248869,0.7634910059960027,1.3583683704495315,1.7419047301587303,1.0540435858095565,1.3292905512351734,1.1964756166999315,1.1215451947236181,0.12266147140329159,0.8413606309042555,2.083526326356862,1.7064245665267386,3.0376403788822612,2.020450808810912,1.0063375167166937,2.1560187815283847,1.7644489600972977,1.41392123969589
2018-05-18,1.1066326503410038,0.7413524587825022,0.7255390355650367,1.1660427438890113,1.57096635665184,1.358760713355897,0.690327895392279,0.4792609351432881,0.7588274483677548,1.3464378741861636,1.7117459682539682,1.0439347209163048,1.3334764480729084,1.1978934615736978,1.1193467022613066,0.12327393240732964,0.8407585538603686,2.0979332553131527,1.7002189815659794,3.0234484611307524,2.0085761300245015,1.0034125357869639,2.160053773592159,1.7444421197430462,1.4101995234225522
2018-05-21,1.1295917824083728,0.7298835164672633,0.7221737109993627,1.1887249504514423,1.5851193287505054,1.359541812028118,0.6911581569115816,0.4792609351432881,0.760159893404397,1.3504146778680906,1.7257143174603173,1.0602644257438651,1.327895284488468,1.186348008635771,1.1243718278894472,0.1228841829771431,0.8561107809719812,2.1258896481786325,1.7122650483664903,3.0447458313443487,2.028477307151533,1.013232182275428,2.1878501639127963,1.7660684697173294,1.4206163189452656
2018-05-22,1.0938775486255727,0.7062574540096789,0.7251651230774602,1.1785950231226603,1.5770319450060655,1.3238739390783651,0.7023661270236613,0.4890648567119156,0.7654896735509661,1.352119046651084,1.742222253968254,1.0742612572756856,1.3192015309477627,1.1839174029555886,1.1218593278894473,0.12266147140329159,0.8470800166441896,2.1025640245042103,1.7079759445154223,3.036949055291755,2.0208906988748994,1.0104464102081319,2.1856085589417495,1.7499550434311226,1.4161616042419387
2018-05-23,1.0918366813306968,0.6904303273773801,0.7281564977630626,1.1759524774278793,1.5588353821269711,1.3100755011715701,0.6890826068908261,0.48567119155354455,0.7548301132578281,1.3510396125204043,1.7253967619047619,1.0921462109670725,1.324997312976222,1.1985010978023314,1.1297110866834172,0.12360801925585681,0.829018668602689,2.094674495371971,1.7189268114619458,3.0762407324684693,2.054975262945858,1.0075214292784016,2.2116117863346383,1.7662483925100438,1.4207618777854172
2018-05-24,1.111224486958559,0.6963941911440351,0.7462295495614029,1.197974058577406,1.5750101496158513,1.3332465243426193,0.6774595267745953,0.46191553544494723,0.7448367754830113,1.34132485305477,1.7142857142857142,1.0627915836468038,1.3121176625977817,1.197690949922847,1.1271984610552765,0.12371936669088976,0.8314268563688483,2.0815538454544735,1.7170103303522541,3.0785643633399267,2.044310050939309,1.0033429278736103,2.2037658775215,1.7655123244961821,1.4178873733332213
2018-05-25,1.1456632360800194,0.7149738914574528,0.7711578796775067,1.2303457168024665,1.605337687019814,1.376204139546993,0.6762142382731424,0.45437405731523384,0.7435043304463691,1.3351323125751093,1.6828570793650794,1.0672628901100873,1.30374587965538,1.1968807210224979,1.120603015075377,0.12383073082970832,0.8245032563364462,2.100591672235729,1.7209344770943604,3.0921610725009048,2.0332051027995086,1.0003482345664247,2.2048867696730157,1.759655928793912,1.4145451000537657
2018-05-29,1.1119897675512815,0.7062574540096789,0.7549544775662043,1.1942303457388241,1.5365952284674484,1.3405363707367874,0.6334578663345787,0.4260935143288085,0.7048634243837442,1.2897965790297334,1.5860317142857143,1.0293546273202687,1.2815284379420078,1.1829046624043886,1.1212311871859297,0.1211024458429027,0.8187838705965119,2.076751530085314,1.714728892133601,3.097384553741266,2.0422211228879976,0.983494706692519,2.197041017775364,1.7345613115875425,1.3981870354306014
2018-05-30,1.104591783046128,0.707863133459274,0.7513398572352041,1.1959920942523674,1.5285078447230085,1.3363707888570686,0.6450809464508094,0.4362745098039216,0.7155229846768821,1.3018975047858765,1.61809526984127,1.0542379676173788,1.298379345248027,1.2096415274385564,1.1322235866834172,0.12349665511703824,0.8169776695671983,2.1005059591758344,1.7110786639897793,3.120468016388025,2.0634414974197304,0.9932446477678012,2.2181124138508763,1.746797898590773,1.4159381264674755
2018-05-31,1.1107142828899417,0.6943297952900229,0.7579458896443018,1.1902664391103281,1.4961585119288314,1.3298620671700079,0.639269406392694,0.4177978883861237,0.7115256495669554,1.2832632647821096,1.591746,1.049572376546897,1.2838897238143119,1.205792995863743,1.1284547738693467,0.12249442797902801,0.8070438950317912,2.0710916124595524,1.705329403175762,3.1295515550718145,2.1086311745562787,0.9841214704121866,2.2156465766499314,1.7749186622523034,1.4061970953283796
2018-06-01,1.122448950957935,0.693182901058499,0.7585690978972044,1.198414402114072,1.502224100283057,1.3267378026555587,0.6484018264840182,0.41628959276018096,0.725516322451699,1.2972957664516358,1.625714253968254,1.063180405582823,1.3014919459373606,1.2266559089863462,1.1385050251256281,0.1229398622625881,0.8242022328656763,2.0868707993579387,1.736083263369228,3.1524430220096167,2.1329303067486634,0.9885785984700493,2.2593588599112566,1.8313730639961514,1.4214532512181366
2018-06-04,1.1443877514186798,0.7083218498636912,0.7705346838887692,1.2153710416207886,1.534573433077234,1.3447019526165063,0.6513075965130759,0.42269984917043746,0.7348434377081945,1.306044732279406,1.6365079047619047,1.0659020813744573,1.3088977097541634,1.2562285042784789,1.1447864635678393,0.12249442797902801,0.8127633710787666,2.097847550828852,1.7505931739368499,3.1980145044216095,2.125123753440036,0.9961696286975312,2.2790853109373392,1.8637472885249886,1.4278207909795733
2018-06-05,1.1270407875754902,0.6924947232313923,0.7633054930834291,1.2039197974014535,1.5082894864537,1.3251757875553243,0.6363636363636364,0.4159125188536953,0.7161892071952032,1.297238897915262,1.6120634603174602,1.0594868013119518,1.3038532318096645,1.2434676978624206,1.1444723304020101,0.13134743436478505,0.8022275496018195,2.09613232916446,1.7640992516882643,3.2577010110487965,2.1213854685448754,1.000766077046203,2.290741979584354,1.8643525577316107,1.428823968020134
2018-06-06,1.1272958640995954,0.6885953241324034,0.772902850321469,1.1929090068266903,1.526486049332794,1.3212705024733145,0.6467413864674139,0.4279788838612368,0.7328447701532312,1.3193386588038027,1.6479365079365078,1.0804821749704934,1.3179135304907916,1.25440553482693,1.1425879711055276,0.14148106431577737,0.8010234858210871,2.132321343518383,1.7702135061142545,3.2565488063448984,2.1037933184318853,1.0078000628957464,2.29746683933049,1.8598047504714692,1.4410652638071775
2018-06-07,1.118367318408997,0.6881365389143324,0.7748971167307572,1.1772737062321077,1.540638819247877,1.318406638896121,0.6446658364466583,0.43401206636500755,0.7281812125249834,1.3262696948921782,1.6552380634920636,1.0814541617701043,1.3237093983838015,1.2556208883050615,1.1460427763819094,0.1389198227532353,0.8007224322479701,2.135151306619061,1.7654682241284905,3.2441622044106313,2.069048919264945,1.0123267988669629,2.2613762550689027,1.8385054973042598,1.4400360713382476
2018-06-08,1.099744895414671,0.685613357842249,0.7768914329967058,1.1911473243778905,1.566922765871411,1.3142410830512887,0.638854296388543,0.4242081447963801,0.7241838774150566,1.325928835906628,1.6479365079365078,1.082426148569715,1.3315444956862614,1.267571465820771,1.151695917085427,0.14359688273061638,0.7944009092594547,2.1497297903290473,1.7494067895601386,3.2339646715796886,2.079164510582667,1.0177589182466442,2.278188628599224,1.8336142180299249,1.444537486357884
2018-06-11,1.1265305835068729,0.6986879796070828,0.7836220447355586,1.2087645672759306,1.6012938940558026,1.32725852642541,0.6587795765877957,0.4309954751131222,0.7288474350433044,1.3299056395885551,1.643809492063492,1.0791212884743642,1.3165182637440862,1.2625076617886908,1.1400753454773869,0.14732738371957516,0.8001203853064301,2.1763141825202457,1.745117685709071,3.243816425469881,2.105992295964562,1.0208232194671834,2.265187194234764,1.8485334794741228,1.446081274801379
2018-06-12,1.107397930933726,0.6957060133169284,0.776268187351308,1.2012772296850915,1.5305296401132227,1.3269982035928145,0.6550435865504358,0.43024132730015086,0.7195203197868089,1.3216111789203233,1.6292063492063493,1.0765941305714255,1.3152302632871151,1.2647356747971576,1.1400753454773869,0.14810689928373388,0.7983142444818108,2.17459908948976,1.7546997627304253,3.2623100603145487,2.1154480521863017,1.0228428100241744,2.2710153716427848,1.8637962129325143,1.4486023516880617
2018-06-13,1.094897880232197,0.6849252488287962,0.7682911217141548,1.2034794538647875,1.4840275374039629,1.3368913824524864,0.6513075965130759,0.4287330316742081,0.7188540972684876,1.3284285688347104,1.6380951746031747,1.0723172836764634,1.3161961965481634,1.2677739774716221,1.137562845477387,0.14955456627323274,0.7980132210110409,2.1685103578723064,1.7402810366855266,3.274043785426467,2.1155581126627196,1.0192214644256972,2.260703782544188,1.8563858068028067,1.4427700933089296
2018-06-14,1.0989796148219486,0.68607214306032,0.7790103161282445,1.2089848491521693,1.502224100283057,1.3522519916688365,0.6508924865089248,0.42307692307692313,0.7195203197868089,1.3274059123416448,1.6288889206349206,1.0641524701429328,1.31383499654041,1.2469111251146674,1.1356783919597988,0.14922047942470557,0.7959060868179985,2.1896063786158444,1.7411936849790108,3.310531727234253,2.1639362780847593,1.0112124872543349,2.273481186427232,1.8847356188784106,1.4463359711938448
2018-06-15,1.0910714007379745,0.685613357842249,0.7857409777237575,1.2151508478308743,1.534573433077234,1.3585003905233013,0.6400996264009963,0.41855203619909503,0.7048634243837442,1.3175775067020223,1.624126984126984,1.0688180612134148,1.3159815781041446,1.2564310361845459,1.14195983040201,0.14955456627323274,0.8019264960287026,2.195180463123399,1.723307136338748,3.2953796024082203,2.1533811155595752,1.0125357131425783,2.2445638815385816,1.884964667292484,1.444864899014827
2018-06-18,1.0826530080955865,0.6853839652332134,0.7823756406939185,1.2067826249724731,1.564900970481197,1.3634469929705808,0.6317974263179743,0.4177978883861237,0.703530979347102,1.314566490976787,1.611746031746032,1.070762112573136,1.3021359086001052,1.2353656721767403,1.1356783919597988,0.13118039094052147,0.7944009092594547,2.185661545444974,1.7223946340573097,3.3103974016775326,2.1804288569685166,1.0061982033901582,2.2609280147740862,1.9196453454697404,1.441792931696738
2018-06-19,1.0589284933946814,0.6736856991225929,0.778636403640668,1.1843206121999559,1.556813586736757,1.3462639677167407,0.6276463262764632,0.4211915535444947,0.6915389740173219,1.2971253369588607,1.5847618412698412,1.070762112573136,1.3155522446184875,1.2361758200562247,1.137562845477387,0.13496658791871086,0.7986152980549277,2.169796774120601,1.6945610877897426,3.331502776182172,2.1714129908107638,1.0021589108478002,2.2609280147740862,1.9108117277198349,1.4359920187666044
2018-06-20,1.0721938246889329,0.6716212344549267,0.7877352441330459,1.185641929090509,1.589162919530934,1.3538141109086177,0.6309672063096721,0.4177978883861237,0.6902065289806795,1.2942847507264004,1.5838094920634922,1.0590979988160574,1.3098637288797623,1.241239624088305,1.1451004711055277,0.13719375376858284,0.8154725823156959,2.1679958479719077,1.701952911115167,3.360885031236876,2.221000623012665,0.9933143601452569,2.2835687226279147,1.913723450574876,1.438450658417282
2018-06-21,1.0584183913668777,0.6704743402234028,0.7983298093607202,1.1832195551640607,1.5750101496158513,1.3837542827388702,0.6234952262349522,0.41063348416289597,0.6822118587608261,1.28951250336297,1.5806349523809522,1.056959565648514,1.3035311753468106,1.2392141227306892,1.1400753454773869,0.13763918805214295,0.8154725823156959,2.1601063102640743,1.6924622011315933,3.3227455587640597,2.2155030967180793,0.9837036279324083,2.2672045893924104,1.8937984846203384,1.4293229549455975
2018-06-22,1.0548468608457433,0.6612991863712118,0.7841206238020457,1.1609777802246204,1.5527699959563284,1.3514709711012758,0.6400996264009963,0.415158371040724,0.6908727514990006,1.284058623246026,1.5520634603174603,1.0486003119867868,1.3184501302661829,1.2450881556631184,1.1466707914572865,0.1351336257750459,0.83594217832805,2.1813737485518074,1.6875342215732798,3.2948036172017687,2.2181419643147433,0.9839125491722974,2.2508406579053877,1.8902321673593674,1.431984260651802
2018-06-25,1.0122448721366104,0.6507478144921152,0.7695375756124551,1.1299273508037877,1.5103112818439142,1.3350689664149962,0.6226650062266501,0.41063348416289597,0.6822118587608261,1.258606908110285,1.5215873015873016,1.048989114482681,1.3157668630625063,1.2371886416282893,1.1425879711055276,0.12839642666827084,0.8257073803218729,2.1499871782009503,1.6624384011680964,3.1939432259647287,2.158878641854161,0.9665714664411579,2.205559219781233,1.8400597089455306,1.4123307504162865
2018-06-26,0.9971938521124019,0.6392788721768763,0.7557023399338525,1.1246421493063203,1.4900929235746057,1.3322051028378028,0.6214196762141968,0.40648567119155354,0.6808794137241839,1.258834206139434,1.5171428888888887,1.038685867781607,1.3131909480131145,1.2298967435668775,1.1425879711055276,0.12978840880439615,0.8269114441026055,2.141926094315015,1.683062529658697,3.2475995932178296,2.18801546524515,0.9685911684265246,2.221026670678622,1.8296716799764055,1.4154443427316454
2018-06-27,0.9760203322443793,0.630791827338138,0.7479745202053651,1.0986566615282978,1.46178738374444,1.3113772194740954,0.6114570361145704,0.39140271493212675,0.6628914057295137,1.250880513557993,1.4980952063492063,1.035769829622275,1.3052485092894388,1.2128823620190878,1.137248712311558,0.12700444453214552,0.8229981690849436,2.128205092803318,1.680598685891586,3.1888732955855845,2.1532710550831577,0.9574482890855431,2.186505241279865,1.805984098761063,1.4032653568298121
2018-06-28,0.9744897965691378,0.6369850837138286,0.751963102880602,1.0966747192248405,1.4577435907804286,1.319968784170789,0.6160232461602324,0.3947963800904978,0.6728847435043305,1.2692875407501978,1.5330159047619047,1.0425739121806747,1.3094343953941052,1.2213895122825504,1.14195983040201,0.1301224956529233,0.8202889578480145,2.100162866819631,1.692827158240555,3.2674950947867525,2.1575591255929343,0.9752768082812677,2.210939134477939,1.8227355446681313,1.411935698373303
2018-06-29,0.9683672967253242,0.6374438001182456,0.75271091539159,1.0909491521691257,1.4537,1.3246550637854726,0.6176836861768369,0.40045248868778277,0.6682211858760826,1.2530962503557266,1.5047619682539684,1.0777604991788587,1.302350527044124,1.2294916392443112,1.1394472047738693,0.12939865937420958,0.8317278196349241,2.1039361452368053,1.6892681146194564,3.264326593304408,2.136558696093195,0.9729089831578517,2.2104908941831227,1.8250749466728537,1.4130065147999042
2018-07-02,0.9785714291180757,0.644325165507389,0.7625576182516159,1.0993172869412025,1.459765386170643,1.3418380890393127,0.6164383561643836,0.40120663650075417,0.6628914057295137,1.2683785361122932,1.5149206666666668,1.0948678284383326,1.3049265279580664,1.224630346863082,1.1410176507537688,0.1276726015254142,0.8305237558541915,2.12228791593956,1.7081583500638804,3.291173998394619,2.1699835899939615,0.9740232947704797,2.2418740138562203,1.8443946434207694,1.4173415587406535
2018-07-03,0.9630101795150464,0.6397375885812935,0.7686650342017313,1.0742127064523233,1.4577435907804286,1.3413173652694612,0.6172685761726857,0.40346907993966813,0.6595602931379081,1.252016816225047,1.4926984126984129,1.0800933530344743,1.3170548635194774,1.2296941508951622,1.1416456658291456,0.1280623565235293,0.8371462421087825,2.118000119046393,1.6784084686986676,3.2531111832467055,2.119076441530834,0.972003697249215,2.2203541981539074,1.8042010415554366,1.4103294732136018
2018-07-05,0.9691326793588602,0.6521240325190206,0.7745232042431808,1.084783043382515,1.4698745653052971,1.3501692527987503,0.6226650062266501,0.4196832579185521,0.6688874083944036,1.2540620383124181,1.4825397142857144,1.0738725325402902,1.3416336018382224,1.248531501894501,1.1579773555276383,0.1276726015254142,0.8464780299073439,2.1481862434766636,1.6919145099470707,3.264192031536275,2.181968153335948,0.9849571484074697,2.2362698893461133,1.8391762673393606,1.4224876463569007
2018-07-06,0.9716836486815397,0.6608404699667946,0.7770160497189562,1.091830037436688,1.4698745653052971,1.3730799791720907,0.6239103362391033,0.4321266968325792,0.6695536309127249,1.2600272012265152,1.494920634920635,1.0865085553364806,1.349683403449252,1.2598744634367929,1.1655151067839196,0.12783963381382069,0.8524984692203952,2.150415854983142,1.715367767840847,3.2851246356364543,2.2345244937171356,0.9922696564459824,2.267653031435709,1.865186875352306,1.4345521646857902
2018-07-09,1.0028061223773947,0.645930844956984,0.791349864464046,1.1123100198194231,1.50020210270926,1.38661801614163,0.6371938563719386,0.4351432880844645,0.6775483011325782,1.295250538683092,1.5368253968253967,1.1036158845959543,1.35290335629287,1.2562285042784789,1.1670854271356783,0.13112471165507644,0.8485851942027334,2.175370858628155,1.7391859828435847,3.339645331175516,2.251127122082258,1.0055714396704905,2.2831202805846162,1.8878929649325935,1.4472091984433557
2018-07-10,0.9979591327051242,0.6553353914182107,0.7838713280367197,1.1142919621228804,1.4900929235746057,1.3798489976568604,0.6313823163138232,0.4309954751131222,0.6708860759493671,1.288774007754255,1.5269840634920635,1.1006998464366222,1.3671782734180158,1.2618999445391927,1.1755653266331658,0.13251669379120176,0.8509933518665456,2.191407176130631,1.737087132688447,3.3474228819236127,2.2379329270346213,1.0078000628957464,2.2891728471380217,1.8859134085132996,1.4522357426478205
2018-07-11,0.9173468898635998,0.6381319779453524,0.7502180823799796,1.0975556044924026,1.459765386170643,1.3676125748502994,0.6164383561643836,0.4204374057315234,0.6688874083944036,1.2820134011586546,1.5158730158730158,1.090007797239654,1.35494258570232,1.2537979188535127,1.1686557474874373,0.13229398221735025,0.8440698421411846,2.1832603877603947,1.7145464865851434,3.370333572245494,2.2269378744454498,1.0094018109729592,2.286034537412362,1.8876475413114002,1.4419332878670548
2018-07-12,0.926785741663629,0.6379025853363168,0.7585690978972044,1.1171548117154813,1.4718965628790943,1.3738609737047647,0.6147779161477792,0.42232277526395173,0.6775483011325782,1.2908760131604133,1.5244444444444445,1.0892301728077405,1.371256893232948,1.2691918426006044,1.1783919597989951,0.13491090863326585,0.8645393779488447,2.1957806860836917,1.7432925716371601,3.4502613593823543,2.275096259761284,1.0199178290944446,2.3355749756652107,1.9360369425196107,1.4545488234583466
2018-07-13,0.9469387258433999,0.6569410020541517,0.765673659516129,1.1180356749614624,1.486049332794177,1.3821921374642023,0.6147779161477792,0.4238310708898944,0.676215856095936,1.286274280507345,1.52634926984127,1.0762053280755313,1.351615355835899,1.2738505220549023,1.1787059987437185,0.13028952794132978,0.8744731524842518,2.218506215431728,1.7460302974995439,3.4817754838905537,2.279494379752426,1.0160874577919758,2.3633713884023453,1.9447725118765158,1.4561186273302105
2018-07-16,0.9510203583923377,0.6365262984957574,0.7654243762149678,1.1158334728033474,1.4638091791346544,1.3819318406664933,0.6326276463262764,0.45776772247360487,0.6888740839440373,1.3148505666435504,1.5523810158730158,1.107892750931041,1.3383063719718014,1.2677739774716221,1.173995006281407,0.1283407473828258,0.8756772764696785,2.2037561855436394,1.742197517795218,3.49994256317855,2.278504704073822,1.0130232679998123,2.3517148990873147,1.9366585869333524,1.454621539722824
2018-07-17,0.9535714297558309,0.6376731927272813,0.770285388123443,1.1261836379652062,1.475940153659523,1.3855766987763605,0.6284765462847655,0.44758672699849167,0.6715522984676883,1.3124644855706287,1.5612698412698414,1.099533477829189,1.3857465253997323,1.2665586442487065,1.1824749371859298,0.1286191493779794,0.8747741759550217,2.1463853087523774,1.7471253513414857,3.5411164477884025,2.308851148175409,0.9993036353312523,2.3750279001338734,1.961098810947625,1.460401767245218
2018-07-18,0.9788264801319776,0.656252893040699,0.7876105775541352,1.16273946267342,1.5297210675293167,1.4032804478000522,0.6338729763387297,0.4555052790346908,0.6688874083944036,1.3137143491940837,1.605079396825397,1.0997278596370113,1.3716862267186052,1.2748632828613182,1.182788944723618,0.12822939994779287,0.8801926285312272,2.1903781477542394,1.7375432743201313,3.5391768064144404,2.3019242210640205,1.0064768300432294,2.3564223412593064,1.9563219552734104,1.4635569835182485
2018-07-19,0.9727040823289775,0.6596935757352707,0.7950891015172965,1.1671438009249064,1.526486049332794,1.4001561832856027,0.6305520963055209,0.45324283559577677,0.6555629580279814,1.3045676615255617,1.582539619047619,1.0950622685665292,1.3517227079901837,1.2661535196709242,1.1733668655778893,0.12622494010384389,0.87025885399582,2.1690248763482987,1.751049498083592,3.481660147426917,2.2879604493005097,1.0393482077957574,2.3402824402537004,1.9417297906362863,1.457771552806221
2018-07-20,0.9663265314712619,0.6615285789802473,0.7557023399338525,1.1449020480070469,1.51637687019814,1.3910439989586048,0.6330427563304276,0.45361990950226244,0.6635576282478348,1.3162708597597805,1.5958730158730159,1.096617439669857,1.3507566888645848,1.2663561123426397,1.1724246859296483,0.12577950582028377,0.8871161382565882,2.1670525240798173,1.7470341668187626,3.4830620141511726,2.3083013625607927,1.0192214644256972,2.382201179506811,1.938376346160218,1.456388932771778
2018-07-23,0.9704081640201998,0.6640517600523307,0.7670447301366796,1.1504074432944285,1.5325516376870199,1.394428560270763,0.6405147364051473,0.4592760180995475,0.6662225183211192,1.3280308469939588,1.6107937142857143,1.1275272380934533,1.3591284718069865,1.269799478829238,1.1686557474874373,0.12622494010384389,0.8847079504904288,2.167395616436021,1.7485855083044353,3.4605932177700174,2.318966585562394,1.0146946239903787,2.4203093158415308,1.972059159131184,1.4590658475270846
2018-07-24,0.9553571439959913,0.6404257664084002,0.7355103551473132,1.1380753138075315,1.4698745653052971,1.3514709711012758,0.6508924865089248,0.4630467571644042,0.675549633577615,1.3400749894313149,1.6184126984126983,1.134331242891354,1.3884297926034086,1.2845857663476963,1.1840452575376885,0.12594654924454735,0.8865141515197424,2.176142636342144,1.7612703048001461,3.512905384610263,2.360307917327364,1.0194303856655864,2.4133602686984923,2.041715063092364,1.4660415117662993
2018-07-25,0.9742346435144223,0.6390494795678408,0.7367568090456135,1.1376348821845408,1.611403073190457,1.3613642541004947,0.6513075965130759,0.4592760180995475,0.675549633577615,1.3446767220843832,1.620317492063492,1.1319984667962377,1.3804872572821132,1.3062588476049999,1.1931533291457286,0.12689309709711258,0.9114990995936453,2.185575840960674,1.7778792480379633,3.5789101413204683,2.391423938144825,1.0211017416561525,2.4844205226536533,2.067267575913047,1.4793848425979466
2018-07-26,1.0209183413031035,0.5415634698883103,0.8071793540877719,1.1887249504514423,1.6397088152042054,1.476178104660245,0.6467413864674139,0.46003016591251883,0.6702198534310461,1.3470628088384773,1.6187302222222222,1.1335536962199397,1.3983041944468002,1.2965364248842703,1.1984924623115576,0.12527839225127865,0.9133052103159177,2.2039276030878345,1.7723125387844496,3.472115725709318,1.9379879143921248,1.021728609839922,2.4572965824412334,2.074841730842183,1.474898909796416
2018-07-27,1.0124999486607156,0.5727589700478753,0.7933441308733343,1.1992952873816343,1.589162919530934,1.5199167143972925,0.6513075965130759,0.4683257918552036,0.6775483011325782,1.35007381888254,1.6206348888888888,1.1397745361542484,1.411935234773752,1.2860037124975432,1.2063442211055275,0.12533407153672368,0.9211318205559356,2.1949232038854025,1.742836247490418,3.4899180388838973,1.92292473632517,1.01086425268791,2.413808508993309,2.026043358427185,1.4652203153735261
2018-07-30,0.9941326532109018,0.5713827199079314,0.7775146287854433,1.1845408720546136,1.6093812778002425,1.507419994793023,0.6575342465753424,0.4822775263951734,0.6862091938707529,1.357516143449241,1.6158730793650793,1.1370529381231131,1.4185896837735252,1.3127405167660626,1.211997487437186,0.1208797231331941,0.922937961380555,2.1768286924206444,1.7330717649206058,3.41684604026835,1.8808136739135903,1.013232182275428,2.3620264657694134,1.9953541427109738,1.4567891885241946
2018-07-31,1.0086734691664931,0.567024498890256,0.7831235155257318,1.198414402114072,1.621512252325111,1.5141890132777922,0.6666666251556663,0.4924585218702866,0.6888740839440373,1.348880738577872,1.605079396825397,1.1137247689293306,1.4223463222570853,1.3342111471381637,1.2540829145728642,0.12104676655745768,0.9232389848513249,2.171511867151086,1.7365394415039241,3.413427638633818,1.8975261978293414,1.0093321055597773,2.3779421569616193,1.9912971810573343,1.463905208413927
2018-08-01,0.9729591333428793,0.5594549923746214,0.7613112266741409,1.1801365338031273,1.5770319450060655,1.4714917990106746,0.6650062266500623,0.4883107088989442,0.6822118587608261,1.3409839088516327,1.593015873015873,1.1207232332955528,1.4236342368495059,1.326514063733321,1.2647613065326635,0.12177060283617139,0.9202287501436257,2.172798154765473,1.8388392042343493,3.4513176833772716,1.887300710960991,0.9993732432446059,2.382425389320211,1.995795864332001,1.4623822322091673
2018-08-02,0.9676020161326017,0.5569318480031534,0.7677925426476676,1.1871834397709755,1.6093812778002425,1.475917703722989,0.660024906600249,0.47285067873303166,0.664890073284477,1.3293375734726152,1.581269873015873,1.1331648937240453,1.4087152819301336,1.3210452161443227,1.2452890075376886,0.12455456710842203,0.9349788701090045,2.1960379453216885,1.8925898886658148,3.5226802468845584,1.9391973701769336,0.9956125843195927,2.4113426942088614,2.0058402200730994,1.469586577932278
2018-08-03,0.9801019647933172,0.5739058642793993,0.782749553181495,1.1948909491301476,1.6639709664375253,1.4946628482166102,0.6554586965545869,0.471342383107089,0.6695536309127249,1.3299056395885551,1.5844444444444443,1.143662580553316,1.4162283979012211,1.335426399340215,1.2732412374371858,0.12694876524670048,0.9304635481498028,2.205814242296422,1.8980653768935938,3.501478991670938,1.954700438307876,1.0286231709345544,2.421878470704361,2.0018485580341054,1.4764116069727036
2018-08-06,0.9798469137794154,0.5814753753826108,0.7867380860000716,1.198414402114072,1.6659927618277395,1.5045561312158293,0.6475716064757161,0.4720965309200603,0.6622251832111925,1.3403589798804914,1.5869841904761903,1.1448289297206247,1.4169797878497323,1.3413004322726438,1.2889447550251256,0.12527839225127865,0.9214328741290525,2.2018695463350526,1.9079212265011865,3.548452340807186,2.0416713372733812,1.0169928481647148,2.4238958658620073,2.0035826924680906,1.4816354866922665
2018-08-07,0.9760203322443793,0.5883567407717541,0.79596159307136,1.2045805109006829,1.645774403558431,1.5123665712054155,0.6546284765462848,0.475867269984917,0.6628914057295137,1.3511532586943926,1.5914286031746032,1.1434681404251195,1.4109693015127034,1.3485923303340557,1.2826633165829147,0.13095767936666994,0.926249219559024,2.209501687595389,1.8900346778609236,3.57674005938981,2.0210005944255283,1.023817808310267,2.4407082393923285,2.0321288025435287,1.4858198954342268
2018-08-08,0.9790816331866931,0.5915680308572903,0.7995762134023603,1.2162519268883507,1.670036352608168,1.5313720385316325,0.6554586965545869,0.4720965309200603,0.6722185209860093,1.3428587071274012,1.5911110793650793,1.150660967159039,1.4078566149588194,1.3508204041081713,1.3005653266331658,0.13201558022219664,0.9166164985967339,2.219449410689912,1.8913122832633693,3.622906984683328,2.0360637614974304,1.0229821233507101,2.4543823256134876,2.0376744750099602,1.4854300460610776
2018-08-09,0.9673468630778861,0.5979906798420164,0.7945905224508094,1.2186743008147987,1.6963202992317024,1.535798021348607,0.6504773765047738,0.4675716440422323,0.664223850766156,1.328144493167947,1.5695237777777777,1.136080873563003,1.4081785962901918,1.3368442644691971,1.2876884422110553,0.12900890437609452,0.912101086330491,2.2432895442647323,1.9061872969519986,3.6459520005619295,2.0130841345712196,1.0082178984112513,2.458417295260765,2.043383698333755,1.483288539519072
2018-08-10,0.9505101288135172,0.6000550756960286,0.7881091566206223,1.2048006826690159,1.6983420946219168,1.535798021348607,0.6338729763387297,0.4457013574660634,0.6469020652898069,1.3044540153515733,1.5361904444444445,1.1284992248930643,1.4033487475227808,1.3382621295981796,1.2854899497487438,0.12165923869735283,0.9039735128243974,2.23274146957601,1.8938674940682607,3.6224845484176753,1.9819681247488112,1.0061982033901582,2.4433982864066737,2.024587396392748,1.472736591015675
2018-08-13,0.9385204097316221,0.6067070484761363,0.7714071629786677,1.1940101519489101,1.6942985038414882,1.5318927362665975,0.6226650062266501,0.4317496229260935,0.6362425049966689,1.2888307910730419,1.5031745396825396,1.1199456088636393,1.3976602317840554,1.3514280403368044,1.2817211369346733,0.11904230671350868,0.9000601776020415,2.237458209094776,1.9060959664172292,3.6414964983165587,1.979659251665506,0.9938715159515707,2.4256892305382376,2.020334136739274,1.4668368200814983
2018-08-14,0.9461734452506775,0.6184053834004107,0.7821263573927575,1.205901739704911,1.7044076829761423,1.5384014579536582,0.6264009962640099,0.4332579185520362,0.6382411725516323,1.3041699396848099,1.519365111111111,1.1288880468290834,1.3899324115043985,1.3461616436330086,1.2785803706030152,0.1198218222776674,0.9093918750935618,2.2594975451548107,1.9141266654498996,3.6865304403698396,1.9913139854199227,0.9983982519227872,2.4559514804763176,2.0319325045436947,1.4762088140861807
2018-08-15,0.9551019909412758,0.6239104619489946,0.7944659057285589,1.2162519268883507,1.7266478366356652,1.5706847695912525,0.6172685761726857,0.42194570135746606,0.6222518321119254,1.3024087875830295,1.5063492380952381,1.1273328757257557,1.3999140903705931,1.3645939713306454,1.2927135678391959,0.11631402172670305,0.9012643015874682,2.2348853680225935,1.9185983208614712,3.6154173065123327,1.9739417803389263,1.0022286232252557,2.4133602686984923,1.9865858245757138,1.4649864312197955
2018-08-16,0.9734693629216998,0.6225341751084351,0.8015704299549883,1.2210966967628276,1.7185604528912253,1.5495964592554023,0.6156081361560813,0.42269984917043746,0.6289140572951365,1.3237131843264813,1.5333333015873016,1.140357720457965,1.4219169136399465,1.3945715899244802,1.3008793341708542,0.12076837569816115,0.9015653250582382,2.256238776638035,1.9467056762182882,3.622906984683328,1.9208356543431222,1.0121874785761538,2.4129118266551934,1.9736786687512158,1.4765882570800626
2018-08-17,0.9640306131624843,0.6225341751084351,0.8101707287733743,1.225501035014314,1.7286696320258794,1.5537620411351212,0.6147779161477792,0.42232277526395173,0.6355762824783477,1.3258720582690136,1.5355555238095238,1.1442457648570328,1.443275774246555,1.3988251853114275,1.3219221105527639,0.12188195027120433,0.9066827240613267,2.249635406486276,1.985581310458113,3.6146490932263475,1.9109401729831834,1.0172017694046038,2.4115669040222616,1.9646321782164078,1.4814951310417488
2018-08-20,1.0201530862205845,0.6273511446435663,0.8331047426235295,1.2644791455626514,1.7771937323089364,1.6045300963290812,0.6168534661685346,0.42307692307692313,0.6382411725516323,1.3395068380977881,1.5330159047619047,1.1475505471918845,1.4691425130222715,1.4213084752138643,1.3294598618090452,0.12427616511326842,0.919325709833663,2.2502357580804753,1.966234787369958,3.60406757089791,1.8966465716321026,1.020335671574223,2.3956512128300558,1.9757726504065145,1.4850922275446663
2018-08-21,1.0288265553870777,0.6266630356301135,0.8299887013590166,1.2684430301695662,1.7670845531742823,1.5881280916428016,0.6251556662515567,0.4351432880844645,0.6449033977348434,1.3558117746662475,1.5409524126984127,1.1461897384562547,1.4527209284688403,1.4010532590855431,1.3241206030150752,0.12455456710842203,0.9289584608983004,2.2441471550969285,1.962401825150575,3.616953735004721,1.89796592296754,1.0165750056849363,2.375700529574075,1.9657119178224118,1.4881641948627555
2018-08-22,0.9997448469452845,0.6195522776319347,0.8089243371958992,1.2532481832195552,1.6963202992317024,1.5779745118458735,0.6205894562058946,0.43778280542986425,0.6482345103264491,1.3597317950293877,1.5428570793650793,1.15027214522302,1.444778403880614,1.3984201417545097,1.3212939698492463,0.12973272951895112,0.922937961380555,2.2360002380927857,1.9624931921883555,3.658204275019058,1.9091809205887054,1.011491113907406,2.399910235375247,1.975052756385939,1.4875716794340794
2018-08-23,0.9905612502407845,0.624827963571483,0.8064314418634635,1.25390880863246,1.6659927618277395,1.5883883884405106,0.6176836861768369,0.4260935143288085,0.6369087275149901,1.3426882776346263,1.5279365396825397,1.1395800960260516,1.450144938287967,1.397002276625527,1.3253769158291457,0.12939865937420958,0.9187236327897762,2.24183183910615,1.966508523453185,3.654363439039291,1.9010445266974556,1.0123963998160428,2.411118484395461,1.97186286113135,1.4850558057370302
2018-08-24,0.990306097186069,0.6211578882678757,0.8080518456418354,1.2591940101299275,1.6740801455721794,1.5878677948450926,0.6205894562058946,0.4294871794871795,0.6382411725516323,1.3357004639086363,1.5282539365079366,1.1409409047616816,1.4591606731600444,1.3984201417545097,1.3316583542713567,0.1276726015254142,0.9205297736143956,2.266357917276752,1.972622777879175,3.6591452625503393,1.9202858687285058,1.0170624491137947,2.4299484324154133,1.9968428535237657,1.4942614286628255
2018-08-27,1.0081632395876725,0.6259748578030069,0.8186463610128496,1.2717463113851575,1.6902547108774768,1.5857849518354596,0.6297218762972188,0.44230769230769235,0.6495669553630913,1.3782524740767532,1.5838094920634922,1.14891133648739,1.4481056230139662,1.3974073201824453,1.3059045854271356,0.1298997729432147,0.9289584608983004,2.290369476971362,1.9888666179959846,3.701951454441143,1.9511821094397617,1.021589289549113,2.4568481403979345,2.0314744077155473,1.5057230257035707
2018-08-28,1.0380101520915777,0.6268923594254951,0.8339773338909137,1.2946487778022462,1.708451273756571,1.596719656339495,0.6297218762972188,0.43552036199095023,0.6409060626249167,1.3769457419169244,1.5873015873015872,1.148328171623798,1.4416658783227623,1.3901154221210335,1.303391959798995,0.13062359808607132,0.9310655950913426,2.302632773324477,2.004927870049279,3.7118221955040016,1.9379879143921248,1.0208928204162635,2.4716431187706096,2.014019644208857,1.5061284846456207
2018-08-29,1.0331632389499175,0.6186347760094464,0.8397108373534524,1.2887029288702931,1.7023856854023454,1.5938557927623016,0.6330427563304276,0.4396681749622926,0.6415722851432379,1.371434998944779,1.5857143174603174,1.1461897384562547,1.4474616710842905,1.3937613812793472,1.303391959798995,0.13023384308795624,0.9388922354337074,2.3068347285238424,2.034860339478007,3.8371871394961343,1.9340296844649703,1.0275088593219266,2.511096043239273,2.043710994718778,1.514715576714371
2018-08-30,1.030612269627238,0.6200109940363518,0.8374672751788381,1.2869411803567496,1.6720581479983825,1.5834418120281177,0.6247405562474055,0.4306184012066365,0.6295802798134577,1.360072654014938,1.5650793333333333,1.1364696760588973,1.4484276043453386,1.388292533690349,1.303391959798995,0.13140311365023005,0.9370860344043939,2.3016037449480855,2.0535681693739734,3.8454065841849574,1.9531611309453918,1.016296379031865,2.5095268883764428,2.0270575988405946,1.5080048884158934
2018-08-31,1.0326530348813001,0.6250573561805185,0.8412064748395934,1.2878220656243118,1.678123736352608,1.5959385316323875,0.6205894562058946,0.42458521870286575,0.6235842771485676,1.3510396125204043,1.5501587936507937,1.1368584979949163,1.445637060118859,1.3893051932206846,1.3040201005025127,0.12867483423135298,0.9319686354013053,2.302203830698878,2.0772951633509766,3.865244417522062,1.9321605475149164,1.0201267503343339,2.5180452697142957,1.9928184410705323,1.5082076813024163
2018-09-04,1.0400509938762503,0.6190934924138635,0.8459429198824784,1.2966307201057037,1.6740801455721794,1.613902681593335,0.6272312162723122,0.4306184012066365,0.6322451698867422,1.3501874707377008,1.5463491746031748,1.1430793184891002,1.4352259726355256,1.376341875153775,1.2993090138190955,0.12143651598764424,0.9301625246790328,2.302632773324477,2.083956926446432,3.9167117137514205,1.8819132451428227,1.014555310663843,2.5041469736797364,1.958154138100396,1.5057126198441027
2018-09-05,1.011989719081895,0.6138178064743152,0.8522995692770946,1.2598546355428322,1.6639709664375253,1.5985420984118721,0.6264009962640099,0.4325037707390649,0.6262491672218521,1.3496193194041741,1.5466666984126984,1.145995376088557,1.4581947398989963,1.3899129914910469,1.3143843592964823,0.11881959513965717,0.9181215858482363,2.295172049608335,2.0703595181602483,3.830888110876777,1.8381528148923414,1.0213803752734973,2.4319658275730593,1.9409445970010653,1.5014919166453011
2018-09-06,0.9816326280195757,0.6106065163887792,0.8355976379559653,1.2428980180576967,1.5952285078851598,1.588909112210362,0.6234952262349522,0.42911010558069385,0.6202531645569621,1.3323485891978506,1.5215873015873016,1.1261664293578233,1.469035075003436,1.4053068342172743,1.312185898241206,0.11609131015285155,0.9172184853335795,2.312408813031397,2.035955539331995,3.760773867073364,1.787025886323009,1.0194999866146661,2.4375699520831664,1.9163408254011978,1.4960080099928437
2018-09-07,0.9803571178480327,0.6080833353166958,0.8336033216900167,1.25214712618366,1.581075535786494,1.6115595417859934,0.6164383561643836,0.4196832579185521,0.6135909393737509,1.328883073994249,1.5307936825396826,1.1158632020968742,1.4738650847668795,1.4111808671497037,1.3253769158291457,0.11492203959057773,0.9232389848513249,2.300660292422088,2.0195291476546817,3.7487902418092585,1.792633297173171,1.0129535556223568,2.4256892305382376,1.9055276512319985,1.4926968285003943
2018-09-10,1.0058673212788949,0.6080833353166958,0.8494328736345679,1.2675622329883287,1.589162919530934,1.6274407185628745,0.6160232461602324,0.4189291101055807,0.6242504996668887,1.3175207290644078,1.52190473015873,1.1170295512641826,1.4726844471972618,1.408952793375588,1.3209799309045227,0.11508908301484133,0.9238410618952118,2.227339068456058,1.992425625114072,3.7237097057681314,1.8051676571248265,1.014346389423954,2.4519164884125426,1.9052169296320443,1.4955297084751193
2018-09-11,1.0249999738520414,0.5812459827735752,0.8596534765180054,1.2831975335829113,1.564900970481197,1.6396771674043218,0.6197592361975923,0.4238310708898944,0.6175882744836775,1.3078627529175604,1.519365111111111,1.1154743801608549,1.4866373078595536,1.3992303706548586,1.3288316896984924,0.11508908301484133,0.9181215858482363,2.238573079164968,2.042799853987954,3.816158654686974,1.8245190486372418,1.0201964557475158,2.493611197184237,1.9260253355568673,1.5011227526798914
2018-09-12,1.0015305356752415,0.5702358256764075,0.8445718492619276,1.263818520149747,1.548726202992317,1.5977609737047644,0.6135325861353258,0.4238310708898944,0.6109260493004663,1.2961594637845821,1.5073015873015871,1.0874805615762162,1.4957604807504665,1.415029418979733,1.331972361809045,0.1310690435054885,0.9283563838544134,2.2525513313390673,2.0174302609965324,3.82163179986811,1.7811985194458007,1.0207536115538298,2.5041469736797364,1.9022395063705757,1.501658160893192
2018-09-13,1.0071428314504378,0.5663363577637647,0.8527981483435818,1.2732878220656245,1.57096635665184,1.6235355636552982,0.6201743462017435,0.42835595776772245,0.6089273817455031,1.2971821202776477,1.5149206666666668,1.069206863709309,1.5014489857561226,1.4346769988794206,1.3457913944723618,0.12873051351679798,0.9316676721352295,2.2767343085778724,2.0661617448439493,3.8213821359273354,1.7741616967837834,1.0373285127746643,2.5310468834107405,1.9227044419170896,1.509590301336859
2018-09-14,1.013775535362869,0.5631250676782286,0.8589056640070175,1.2757101959920722,1.566922765871411,1.6253579796927884,0.6201743462017435,0.4298642533936652,0.6055962691538974,1.3023520042642427,1.5298412380952382,1.0639580300147362,1.4971558226286534,1.4174600854255637,1.349246199748744,0.12444320296960347,0.9256471726174842,2.2751907703010827,2.0427084869501737,3.783588206183857,1.7847170132397037,1.0330106980433371,2.5413584500928392,1.9181240838206577,1.5100061656185781
2018-09-17,1.0285714023323622,0.589503635003278,0.8635173427576714,1.2763708214049772,1.6154468661544683,1.6428013017443375,0.6251556662515567,0.43401206636500755,0.6102598267821453,1.294682387349565,1.5136507936507937,1.0557931970410808,1.5022003864377027,1.4263722792459446,1.3508165201005027,0.12555678311057517,0.9235400083220948,2.2628418895219804,1.988319072823508,3.6642151929294835,1.7655855667592821,1.0302946313892227,2.5137860678371204,1.8911647345868967,1.5015958510079819
2018-09-18,1.0405612234550707,0.5991375740735403,0.8630187636911842,1.273508081920282,1.6356652244237768,1.6414995834418122,0.6264009962640099,0.43665158371040724,0.6062624916722185,1.3003635598144856,1.5190475555555556,1.0594868013119518,1.5084254160872688,1.4263722792459446,1.3665200376884423,0.1325723730766468,0.9232389848513249,2.2578681651842194,1.9916043438583684,3.7276274333637955,1.7625069630293666,1.0346124530848235,2.5377717207403783,1.8996221315442536,1.5096579412426987
2018-09-19,1.0612244117034588,0.586292344917742,0.8685030212450573,1.2750495926007488,1.6154468661544683,1.6430617287164802,0.639269406392694,0.450603318250377,0.6215856095936043,1.3383706206483215,1.5587300952380951,1.0734837106042712,1.5075669208450555,1.4174600854255637,1.3586682788944724,0.13402004006614565,0.9196266730997388,2.275362187845278,1.992790618726045,3.6995317085697104,1.7928532532002175,1.0380945898208673,2.5039227638663357,1.9157683066088154,1.5115499540620732
2018-09-20,1.0686223962086123,0.5828516622231703,0.8693755127991208,1.2801145342435587,1.6255560452891225,1.6271804217651655,0.6587795765877957,0.46191553544494723,0.6329113924050633,1.348710309085097,1.5834920952380953,1.0798989129062775,1.5238810673796515,1.4336641773073564,1.3740577889447236,0.13925389289797685,0.9211318205559356,2.2844525573754177,2.0079394050009127,3.7338687918309166,1.8253986748344808,1.052649893520437,2.5458416824514307,1.9415826166219265,1.5234014004759673
2018-09-21,1.1122448185651832,0.5920268160753613,0.873488712196608,1.312706474344858,1.6235342498989083,1.6602447279354338,0.6616853466168534,0.46530920060331826,0.6275816122584943,1.3370071051697057,1.5685714285714285,1.0690125013416116,1.5335409259105062,1.440145826213203,1.3837940012562815,0.13875277932897173,0.9217338975998223,2.2868537064844032,1.9863114071910932,3.6776196740109284,1.791423841388362,1.0540428317861363,2.5613091109323225,1.9075888824730576,1.5228399768342977
2018-09-24,1.0709183400275932,0.5817047679916464,0.8387136792204782,1.2642589737943184,1.5790537403962799,1.6157250976308255,0.6513075965130759,0.46153846153846156,0.6229180546302465,1.3231450329929546,1.5415873333333334,1.0548211324809706,1.5076741871347898,1.4336641773073564,1.3797110552763818,0.13841870918423022,0.9081878113128292,2.292770626080348,2.014874904179595,3.714779714104724,1.818691692755086,1.0448499420530661,2.5704997854629057,1.919498171455381,1.5174861468038858
2018-09-25,1.041071427523688,0.587897955553683,0.824504543518464,1.257432239594803,1.564900970481197,1.6050508200989326,0.6492320464923205,0.45814479638009054,0.6235842771485676,1.3208725980940212,1.5326983809523809,1.0542379676173788,1.4880326497377405,1.431031059976323,1.3753141017587938,0.1379732749006701,0.9196266730997388,2.259754804392807,2.0276510677130863,3.791961436024892,1.8131941664605002,1.037049990585695,2.5655681334775133,1.9379509997463102,1.5155056818399364
2018-09-26,1.0469387743127863,0.5885861333807897,0.8365947960889395,1.266461087866109,1.5830975333602912,1.616506118198386,0.6454960564549606,0.44871794871794873,0.6175882744836775,1.3003067821768712,1.514285746031746,1.033437034087034,1.4828808303720258,1.42454939081526,1.3718592964824121,0.13942093632224042,0.919325709833663,2.2546093966674436,2.011498448622011,3.7925374212313434,1.8356239967770422,1.0558535080675118,2.5550325138975003,1.9311456632452757,1.5105207621129424
2018-09-27,1.0586734423807795,0.5892742423942424,0.859778143096916,1.2772517066725393,1.6012938940558026,1.6326477219474098,0.638854296388543,0.4453242835595777,0.6182544970019986,1.2938302455668618,1.5165079365079366,1.0268273916568311,1.4835247823017017,1.4324489048500892,1.3787689070351759,0.13964364789609193,0.9124021098012609,2.269530844099727,2.0528380726409927,3.8657629668672726,1.8564046351755241,1.0550874310213088,2.564671630471383,1.9542934744465905,1.5146947644756354
2018-09-28,1.0543367588179398,0.5817047679916464,0.8582824183616197,1.273508081920282,1.621512252325111,1.62587870346264,0.6201743462017435,0.42835595776772245,0.5962691538974016,1.27394614193964,1.4784126984126984,1.02177297865033,1.48298809666176,1.4369050726535362,1.384108040201005,0.1429287257373477,0.9078867878420592,2.281451048096638,2.0600474904179595,3.846597233736595,1.8082464257805309,1.0530678404643175,2.5637749481332675,1.952379417219891,1.5146843580963683
2018-10-01,1.0104591834066534,0.5774841696941769,0.8445718492619276,1.2464214490200398,1.5378082895268903,1.606352538401458,0.6176836861768369,0.4242081447963801,0.6009327115256495,1.280138602882886,1.480317492063492,1.0157465205238436,1.499302404192388,1.4488555894035973,1.390389447236181,0.1522271664066648,0.9148102975674202,2.3076923393560387,2.073918561781347,3.849208973396567,1.7860363645751411,1.0655338412294404,2.591571360870402,1.9553895892597144,1.5201994833668284
2018-10-02,0.9821428320881931,0.5602349079775192,0.8258756016748497,1.2043602510460252,1.533360210270926,1.5928143712574852,0.6064757160647571,0.4196832579185521,0.5909393737508327,1.2843426989127895,1.480317492063492,1.0134137249886028,1.5077814641575928,1.453311757207044,1.3888191268844223,0.15178173212310472,0.9184226093190063,2.3208129892735356,2.092352619091075,3.785739300941849,1.7518417510228177,1.0707570463335063,2.5812597941883033,1.963241715374565,1.519596435247688
2018-10-03,0.9897958676072482,0.5645472073501644,0.8312351926498122,1.1962122880422816,1.5515567731500202,1.6058318146316064,0.6089663760896638,0.4268476621417798,0.6002664890073285,1.294057458378424,1.495555587301587,1.0235226093219791,1.4922185465754758,1.4456148358439302,1.4073492776381908,0.15768373638027605,0.9220348608658981,2.3231283052643144,2.117813542617266,3.7501154531290295,1.7859263150937763,1.0670659883575733,2.58170803448312,1.9678875726635912,1.5206776580535566
2018-10-04,0.9673468630778861,0.5587209984167538,0.8328555091790286,1.1794759083902224,1.5252729882733522,1.6032283780265557,0.6044001660440017,0.42232277526395173,0.6042638241172552,1.2923530895954303,1.5006349206349208,1.0402410388849348,1.4956532037276635,1.4425765129142498,1.4038945037688442,0.14755010642928373,0.9220348608658981,2.3010033847782916,2.080580434385837,3.6668846027416913,1.7465641697602257,1.0537642051330651,2.528356836396395,1.9110241997129553,1.5082545084497216
2018-10-05,0.9295917875104136,0.551059754125328,0.8236320519644004,1.1605373486016297,1.476344439951476,1.5894298099453268,0.5940224159402242,0.4193061840120663,0.6009327115256495,1.282297476825418,1.4841269841269842,1.0340202183907508,1.492969936523987,1.4387279813394367,1.4104899497487435,0.14654787929127353,0.9286574073251833,2.308549950188235,2.0468150392407374,3.6289179006733354,1.7298516458444744,1.0378856685809783,2.5135618580237202,1.8932912654426013,1.4999169095838036
2018-10-08,0.9158163541883583,0.5476649196745559,0.8140345950130401,1.1482052191147325,1.4710877881116053,1.5782348086435825,0.5882108758821087,0.4166666666666667,0.5936042638241172,1.2802522490568742,1.4926984126984129,1.043351458852089,1.4960824513487698,1.4474377242746146,1.4221105213567837,0.14749442714383873,0.926550273132141,2.306920570217644,2.0420697572549735,3.580465793196935,1.7289720196472356,1.033428533558842,2.48486876294847,1.8795825424116472,1.4993242678439305
2018-10-09,0.8558672995952219,0.5459216542053703,0.7803813867487952,1.1200176392865009,1.4023453295592399,1.5488154647227286,0.5828144458281445,0.4159125188536953,0.5882744836775483,1.2663901768801231,1.4653968253968253,1.0406298608209537,1.4940431468078381,1.465262253701889,1.4280779208542715,0.14309576916161126,0.9244430486320574,2.3163535089927665,2.0703595181602483,3.591796071136285,1.7361187378598815,1.0254196608515818,2.516476114851466,1.8629782705189386,1.4971983703510265
2018-10-10,0.8063775559597562,0.525736306555396,0.7507166614464666,1.094692776921383,1.376061423372422,1.4925801093465245,0.5711913657119136,0.4117647058823529,0.5942704863424384,1.2208271453055983,1.4165079047619047,1.0192457429868924,1.478265524917152,1.426979915474578,1.3979270728643216,0.13552338077316098,0.9184226093190063,2.256067101826026,1.9744478919510862,3.370813676742965,1.6644311159240612,0.9937321956607617,2.37973552163785,1.7687513453721304,1.4479941003792878
2018-10-11,0.7977040612830596,0.5406000466207918,0.7454817245862498,1.133670997577626,1.3226849575414477,1.4847695652173913,0.5570776255707762,0.4083710407239819,0.5822784810126582,1.209919305535296,1.380634984126984,1.0,1.4365138872279466,1.3848491874589666,1.344535207286432,0.13429844206129926,0.8919325137889068,2.204956631464226,1.9570176674575652,3.3018898462797774,1.686091380519782,0.9681733259467462,2.374131397127743,1.7656431233034218,1.4182045064418933
2018-10-12,0.7885203880479493,0.5492705991241508,0.7674186426242562,1.1462232768112752,1.3554387383744442,1.4938818276490498,0.5603985056039851,0.40874811463046756,0.5789473684210527,1.2150323266666896,1.3787301587301588,1.0130249224927084,1.4368358685593186,1.4140165974076684,1.3749999685929648,0.1373051179074014,0.8940397382889903,2.2263097742362596,2.026920970980106,3.434878792079208,1.690379440034506,0.980917960329214,2.456175690289718,1.8159629569454516,1.438351800413239
2018-10-15,0.8107142905430027,0.5596843849836569,0.7710332629552563,1.1415987667914558,1.3441165386170641,1.501692267638636,0.5612287256122872,0.4159125188536953,0.5762824783477681,1.222701943581367,1.380000031746032,1.0349922829508609,1.4376945355306328,1.4069272920179723,1.3542713253768843,0.13741647647829142,0.8934376612451034,2.23179828289342,1.9835736448256982,3.3817599651848194,1.6879605174698358,0.9828679499371251,2.412015144317078,1.7867952024562719,1.4298583631588981
2018-10-16,0.848979544668889,0.562803937293402,0.79596159307136,1.1695661968729354,1.403558390618682,1.5344961989065349,0.564134495641345,0.42081447963800905,0.5762824783477681,1.259515918429362,1.4584126666666666,1.0445179052200215,1.4657078558700838,1.4425765129142498,1.3797110552763818,0.144320707873473,0.9250451256759443,2.337449658370211,2.0272859280890674,3.4950838499720227,1.7457944391136155,1.0106553314480207,2.48823128248753,1.834284986429141,1.4605940269214779
2018-10-17,0.8563775291740426,0.5664281276525943,0.8038139796654377,1.1957718343977097,1.4177113222806308,1.5412653215308514,0.5637193856371938,0.42458521870286575,0.5816122584943372,1.2968980446108842,1.4980952063492063,1.0587091768800385,1.4968338520303497,1.4547296223360262,1.3998115577889447,0.13853005661926315,0.8970499127919953,2.2922561161799493,2.0185253148384743,3.5176872062008933,1.7528312617756325,0.9335608798261962,2.481730475639308,1.8251402462874993,1.460224989787064
2018-10-18,0.8178571475036441,0.5464262922548178,0.7773899622065327,1.170006628495926,1.3768701577031945,1.5089820098932571,0.5458696554586966,0.4136500754147813,0.5662891405729513,1.2779797289403538,1.4612698095238095,1.0322705877191016,1.4972630996514564,1.4626291363708555,1.3819095477386936,0.1368596836238413,0.898254036777422,2.288054160980584,1.9713451724767295,3.4005224873543405,1.7033535251243603,0.9091859226738888,2.4321900373864596,1.7797935679554033,1.439209544924845
2018-10-19,0.8173469434350269,0.550325723466845,0.7800074742612187,1.1757321955516407,1.384148807116862,1.5134079927102317,0.5454545454545455,0.4117647058823529,0.5682878081279147,1.2893989424065686,1.47365073015873,1.0281881809523363,1.4924332508840452,1.4654648463736044,1.3976130653266332,0.1350779464896009,0.9211318205559356,2.275104928607281,2.0013688264281804,3.3876750023862634,1.6937878843470442,0.8990877470321817,2.4357767667389205,1.7936822137790716,1.438689745760646
2018-10-22,0.8204081423365269,0.5554638233868029,0.7919730602527835,1.1944506055934816,1.3991103113627172,1.5066388700859152,0.5400581154005811,0.4042232277526395,0.5656229180546303,1.2589478523134223,1.4320635238095236,1.0040824845272645,1.488461908091916,1.469921034432267,1.3935301193467338,0.13613585848098467,0.9244430486320574,2.2484349519900957,2.013597298777149,3.4362040033989785,1.7018142287569291,0.9054948646979556,2.4575206129226497,1.8013709918862761,1.432504059816001
2018-10-23,0.82602041260152,0.5565189477294972,0.78511778193502,1.1770535344637747,1.3788919530934087,1.4964852902889874,0.5334163553341635,0.40346907993966813,0.5742838107928048,1.2416770425706842,1.4133333333333333,1.0023328538556153,1.4911451752955924,1.4604010423415241,1.385050188442211,0.1348552237798923,0.9271522598689866,2.271331641614513,2.032578901259354,3.3966432046064163,1.697526158247152,0.9137823710225605,2.423223393337292,1.805509628361681,1.424608340660171
2018-10-24,0.7739795720923578,0.5295898895236241,0.7616851391617173,1.1343316009689497,1.2741609381318237,1.4212444675865663,0.5085097550850975,0.3770739064856712,0.5782811459027315,1.1883876164438674,1.380634984126984,0.9756998440066066,1.4754749806906724,1.4288029659469914,1.3341708542713566,0.12544543567554223,0.8847079504904288,2.1980962593422837,1.9628581492973172,3.1959595246635932,1.6057174031572536,0.8859252214200214,2.293656079496613,1.7188404829368886,1.3806386109690536
2018-10-25,0.8257652595468046,0.509955069455089,0.7859902610249186,1.1827791015194893,1.3606955923978974,1.2994011976047903,0.5172270651722707,0.3770739064856712,0.5842771485676216,1.2158276908117784,1.4142856825396826,1.0081648912940298,1.4862080495053782,1.4170549000821329,1.3633793969849246,0.129231615949946,0.8789885647504947,2.2660148163449545,2.0058405183427634,3.4225114135290196,1.6597031553502966,0.8806323596526877,2.4277068050278685,1.7922262517446343,1.406353060027999
2018-10-26,0.8280611778555823,0.49238464065298904,0.7661722385826161,1.1733098216251927,1.3283460574201373,1.290809737047644,0.5180572851805729,0.364630467571644,0.5709526982011992,1.2064537903316943,1.3958730476190477,0.996306395729129,1.4701084462833196,1.4259672559442427,1.337939635678392,0.1272271672418541,0.8826008162973865,2.2140467437265525,1.9739003832816209,3.1548819912651287,1.5983507399126138,0.8690716935461158,2.3976686079877023,1.7528014683074027,1.3819848091958602
2018-10-29,0.8316325808256995,0.5290393711173387,0.7603140685411666,1.1763928209645453,1.3780833805095025,1.247331424108305,0.518887505188875,0.36349924585218707,0.5836109260493004,1.218554710406665,1.395238126984127,1.0153577180279494,1.4763336476619866,1.447235131602899,1.3577261306532662,0.1222160371197315,0.8753762529989085,2.199811223738863,1.9368498266106955,2.955292845873968,1.5622869784151836,0.8332056712363164,2.3279532766654727,1.668733422290787,1.3729195424403817
2018-10-30,0.8841836509136822,0.5444995145334346,0.788233823199533,1.2138295309403215,1.430246623534169,1.2796147357458996,0.5317559153175592,0.36726998491704377,0.5782811459027315,1.2457674924265993,1.4126984126984128,1.0243001559933933,1.5106794356698385,1.475997660036412,1.3470477072864322,0.12355233997041179,0.9000601776020415,2.2149043545587483,1.9465231246577843,2.9390461845758553,1.6076966005837252,0.8036771726074844,2.3252634089831115,1.6951201529431912,1.3944287710384307
2018-10-31,0.8948979873750513,0.523626025756969,0.7655489929372183,1.2052411363135873,1.3995147998382529,1.2783128872689404,0.5367372353673724,0.3684012066365007,0.5856095936042638,1.2803658100132755,1.4495238095238094,1.034797842822664,1.5025223570360062,1.4909864794609373,1.352386966080402,0.1273941995302606,0.9139072873598046,2.2412314875119503,1.9972622741376165,3.0688471712178673,1.6689389555449905,0.8038860868831001,2.39430611086514,1.7614717380496625,1.4095601803267717
2018-11-01,0.9278060732702532,0.5533535425883759,0.7938426600831612,1.2340894296410483,1.421350667205823,1.3264775058578497,0.5363221253632212,0.386500754147813,0.6082611592271819,1.2894557200441832,1.4568253650793652,1.0412131034450447,1.5114308256183497,1.4810614640684923,1.371545163316583,0.1379732749006701,0.9211318205559356,2.237629626638971,2.027924803796313,3.1985138303827414,1.6684992304067916,0.8136360836725699,2.374355427609159,1.7503967650521501,1.4244420964122804
2018-11-02,0.926785741663629,0.5638132133922968,0.7962108763725212,1.235851112089848,1.4399515163768701,1.349127831293934,0.5330012453300125,0.39668174962292607,0.6089273817455031,1.3049085148299393,1.4587301904761905,1.0421851096847805,1.5099280457213273,1.4638444088281226,1.3483040201005025,0.13457683292059577,0.8976519898358822,2.238315819926972,1.8934111699215186,3.1985138303827414,1.653106222752267,0.8055574985878542,2.37973552163785,1.7304226751121379,1.4154443427316454
2018-11-05,0.9112244920605997,0.5505092311314659,0.7964601721378473,1.2343096014093813,1.459765386170643,1.3387138245248633,0.5296803652968036,0.3944193061840121,0.6069287141905396,1.299397771857794,1.4546031746031747,1.0431570964843915,1.5262423532519556,1.4810614640684923,1.3668341708542715,0.14237193288289757,0.9175195389066965,2.238315819926972,1.8396604854900531,3.126056498032798,1.6347443419926666,0.8361306591303198,2.409997749159432,1.7014673942519634,1.423371279985679
2018-11-06,0.8971938036430152,0.5468391558278586,0.8051850378218234,1.2215371283858183,1.446825677315002,1.3501692527987503,0.5309256953092569,0.3936651583710407,0.6049300466355763,1.2964435394513456,1.4514286031746033,1.0410186633168481,1.5302136960440849,1.4849098538567924,1.3508165201005027,0.14877504514114548,0.9175195389066965,2.260012063630803,1.8595546997627304,3.1548819912651287,1.648598207210496,0.857441370776276,2.4147051913314237,1.7271836558720743,1.4322805815217388
2018-11-07,0.9431122463491775,0.5514267327539542,0.8250031101207862,1.250605615503193,1.4921149211484028,1.376724837281958,0.5417185554171856,0.4000754147812971,0.6175882744836775,1.3139415620056456,1.4796825714285713,1.0416019253810638,1.5536117109286618,1.5207616674247855,1.3944724246231157,0.15100222769480307,0.9301625246790328,2.3551153644188716,1.9159517795218106,3.371274557856357,1.6660803078421214,0.8694198723983528,2.5097510981898434,1.788660135697497,1.4626576145291716
2018-11-08,0.9403061239717825,0.5511514873135424,0.819020273500426,1.2492842986126405,1.4799837444399515,1.3725592554022392,0.5354919053549191,0.389894419306184,0.6189207195203197,1.3160435674118038,1.473968253968254,1.033437034087034,1.5595149309759564,1.5288637741313302,1.3771984296482411,0.1519487755473683,0.933172759386732,2.372437969535735,1.9026282533308998,3.3701607999206162,1.6258383713855427,0.8592520400933781,2.5050436560178513,1.770681776170065,1.4589879285927727
2018-11-09,0.9239795937760309,0.5595926472078658,0.8222609813438496,1.2475226161638406,1.4864536190861304,1.36657125748503,0.5325861353258614,0.3815987933634992,0.6095936042638241,1.2649130152275192,1.4517460317460316,1.031104238551793,1.559944178597063,1.5163054996213388,1.3907034861809044,0.15144766197836318,0.9422034334074824,2.3715803587035387,1.8659426902719474,3.288581482118726,1.5938429002916845,0.860366351706006,2.456175690289718,1.7440986477288525,1.4455666788268136
2018-11-12,0.9403061239717825,0.5591797469342095,0.8196435191458238,1.2486236731997358,1.4419733117670843,1.3509502473314243,0.518472395184724,0.3668929110105581,0.5816122584943372,1.1706056034403909,1.4009524126984128,1.0176904941230656,1.5629494271321116,1.5128621331347405,1.3853643530150752,0.14593540158344984,0.9301625246790328,2.3358202783996203,1.7719474356634421,3.14343614065073,1.556349726982399,0.8419806767039675,2.3956512128300558,1.6990790662038302,1.4170868623481876
2018-11-13,0.9637754601077688,0.5590880137459953,0.8423282995514783,1.251266240916098,1.502224100283057,1.3728195782348347,0.5193026151930261,0.3717948717948718,0.6095936042638241,1.1649244309754703,1.4184126984126983,1.0252722205535034,1.5528603209801506,1.5112416955892585,1.3668341708542715,0.14827393157214036,0.9361829940944312,2.30872136773243,1.7542434385836831,3.132528297056615,1.5630567200568461,0.8415627785100014,2.397220345276388,1.6948585553287117,1.4149868534526566
2018-11-14,0.9721938782603602,0.5569777329475682,0.8377165210875038,1.2426778242677825,1.475940153659523,1.366310856547774,0.5155666251556662,0.3721719457013574,0.5996002664890073,1.1503806408276187,1.3920634285714286,1.013802546924622,1.5482451765213088,1.500708881926451,1.3476758793969847,0.14727171556998722,0.9292594843690701,2.2721892524467093,1.7046906734805622,3.070767589207751,1.5857064954053819,0.8371056504521386,2.353059821720246,1.7073076143250625,1.404279066560837
2018-11-15,0.9647958937552068,0.5570694661357826,0.8439486036165298,1.2354106584452764,1.452891225232511,1.385837021608956,0.5155666251556662,0.3733031674208145,0.5689540306462358,1.1574821064087693,1.4063491746031747,1.0268273916568311,1.5509284437249853,1.5159002940226918,1.3570979585427136,0.1429287257373477,0.9334737828575019,2.272017834902514,1.746760394232524,3.1100015962322294,1.5816383809226515,0.845741384378895,2.4048418873606394,1.7417428705170102,1.419155652625716
2018-11-16,0.9374999760841842,0.551059754125328,0.8474385573686194,1.2310064303016959,1.4638091791346544,1.3689143972923719,0.5139061851390618,0.36990950226244346,0.5629580279813458,1.1482785502038733,1.4009524126984128,1.0291601871920721,1.566920769924241,1.5406116982096758,1.3665200376884423,0.14103563003221725,0.9452136982175285,2.3249291027791004,1.7661069538236904,3.060013294554435,1.534139676772062,0.8466467260017194,2.427482595214468,1.7364753688142422,1.4223108694185458
2018-11-19,0.9137754868934824,0.5456922615963348,0.8388383457993889,1.237392622770315,1.4723008491710472,1.3639676907055456,0.5105853051058531,0.3687782805429864,0.5676215856095936,1.1261220116777182,1.4098412698412697,1.0365474540541884,1.5855962130642096,1.546485710886889,1.3875628140703518,0.13084632079577993,0.9325707124451922,2.281536623947032,1.6961124292754153,2.904228996817178,1.446399201090683,0.8378717274983417,2.3452140922390923,1.668602523694573,1.3986391946889607
2018-11-20,0.9079081401043843,0.5389944038718122,0.835348304798144,1.2202158114952655,1.4743226445612618,1.3426191096068734,0.4865089248650893,0.34803921568627455,0.5483011325782812,1.0870355167132026,1.3682539047619047,1.0213841761544358,1.5718578957144551,1.514685041820641,1.3671482097989949,0.12667037438740397,0.9316676721352295,2.2425177751263377,1.6150757072458477,2.871908212254836,1.456074737418628,0.8162128300358751,2.279981993275454,1.6780252366578141,1.3732521582869586
2018-11-21,0.9262755120848084,0.5552344307777674,0.8540445523852218,1.2325479189605815,1.506671977355439,1.3603228325956784,0.4964715649647157,0.3559577677224736,0.5636242504996669,1.0941938508307272,1.388253968253968,1.0192457429868924,1.5239884946654179,1.5148876344923565,1.3536431532663316,0.12867483423135298,0.9337748063282718,2.234370858122195,1.613250593173937,2.9127555393875992,1.4823530670374845,0.8257539055854558,2.3113651353650497,1.6974104309624394,1.3774313638392852
2018-11-23,0.9681122457114223,0.5661528867997594,0.8651377465360435,1.2587535785069368,1.5200161746866157,1.3715178338974228,0.4894146948941469,0.34879336349924583,0.558294470353098,1.0743097472035055,1.3676191111111111,1.007581706990313,1.526564334583328,1.5124569477913097,1.3548994660804021,0.12951001794509961,0.9346778466382345,2.243546803502729,1.5722758897609055,2.8845831591890296,1.4483782335913657,0.8161432221225217,2.3104684530269344,1.674949765003345,1.3684025183716437
2018-11-26,0.9719386996954413,0.5699605481229572,0.8587809974281069,1.2488438449680688,1.5240598059037607,1.3736005727675087,0.50186799501868,0.3668929110105581,0.5749500333111259,1.1040790341079643,1.405714253968254,1.0279938185846387,1.517333884669612,1.5280535452309814,1.361180904522613,0.13118039094052147,0.9464178222029552,2.2824800764730293,1.593538930461763,3.0368144954440397,1.499505327086487,0.8326485223942759,2.3866845687808884,1.715421539268226,1.3896570500574277
2018-11-27,0.9767857148779153,0.5684007903183923,0.8818396778571728,1.2840784188504735,1.5042458956732714,1.374381697474616,0.49522623495226237,0.37104072398190047,0.5729513657561626,1.100159013744824,1.3984126666666667,1.0340202183907508,1.5371901263752306,1.5462831182151735,1.384108040201005,0.12678173295829398,0.9443106579075659,2.325272203710898,1.5900712173754334,3.036987502059912,1.4843320995381672,0.8359217378904307,2.4017035776349793,1.7085345279454263,1.3941896836950665
2018-11-28,0.993367296087569,0.576337275462653,0.9315716715104697,1.2964104602510462,1.5713708451273756,1.3819318406664933,0.5026982150269821,0.3729260935143288,0.5749500333111259,1.1268605925040203,1.4384127301587302,1.056570743712495,1.5717506186916521,1.5643104023558922,1.4101759422110554,0.12973272951895112,0.9623720059490666,2.4093131771776592,1.6512137616353348,3.2219812825269956,1.5036833371198464,0.856605637066805,2.4909213295018757,1.776947143079123,1.4262197690095058
2018-11-29,0.9801019647933172,0.5784017080172806,0.9091362242626366,1.296190288482713,1.5661140315406388,1.385837021608956,0.49522623495226237,0.3552036199095023,0.5702864756828782,1.1069764888767983,1.4130158095238097,1.0505443633465077,1.565418151023251,1.5780839695783668,1.4293341080402011,0.13207125950764168,0.9587597544021748,2.4230339214215424,1.638528965139624,3.2139538316267116,1.5247938161009504,0.8460199622820519,2.4700739639077796,1.7803335375473797,1.423106177213946
2018-11-30,1.024489769783424,0.6166162329868103,0.9131247570812132,1.336930169566175,1.6231297614233726,1.4217651913564175,0.49066002490660027,0.3453996983408748,0.5509660226515656,1.0833427886980391,1.4092063174603175,1.0552099544169897,1.576687744481866,1.607048766600137,1.4519472361809045,0.135579060058606,0.9762191157068296,2.4128289390890236,1.629676948348239,3.24583295845974,1.5460143555584727,0.8654502434835363,2.485765445286585,1.7903615197172427,1.4347340185025819
2018-12-03,1.0114796170540914,0.6132672513674144,0.9078897329718411,1.3239374366879544,1.589971694298423,1.415516766467066,0.50186799501868,0.35407239819004527,0.5549633577614923,1.088683107858582,1.4415873015873015,1.0544324077455756,1.5692820665296137,1.604618241940819,1.4444096105527637,0.14075723917292074,0.9786272432682949,2.4554496573582916,1.6866217192918416,3.4036719997436014,1.551291925826012,0.872693094858781,2.512665175685605,1.8099921376430612,1.450432054622226
2018-12-04,0.9359693383681291,0.5803743660955017,0.8728654665512103,1.25390880863246,1.5369995147594016,1.374641994272325,0.4831880448318805,0.3416289592760181,0.5263157894736843,1.0470968856471563,1.3688888571428572,1.006609642430203,1.5673500282784163,1.5841604331407824,1.417713536432161,0.13624720591601763,0.9620709824782966,2.3887315462762064,1.6124293119182331,3.204025420411617,1.5165475266590718,0.8468556402773351,2.4326383000977745,1.719020405729603,1.4034889619550706
2018-12-06,0.9423468892258446,0.6199192929611762,0.8676305421551586,1.2790134772076636,1.3408815204205418,1.3954698776360324,0.4703196347031964,0.3355957767722474,0.5243171219187208,1.0458470163425289,1.3526984444444443,0.9931959757619747,1.5660621136859956,1.5874013487421783,1.4126884422110553,0.1350222672041559,0.9533413319283163,2.374153191200127,1.5944515422522358,3.2631549309254364,1.5352392480012949,0.8629431537834988,2.4476574658673513,1.7483191586039712,1.4013525312519033
2018-12-07,0.8563775291740426,0.5795027173043896,0.8094229037982213,1.234750055053953,1.2345329963606955,1.337151809424629,0.4611872146118721,0.32918552036199095,0.5149900066622252,1.0207362454099251,1.3117460317460317,0.9770606333021119,1.56091012259118,1.5539802016200162,1.3793969221105529,0.13173718936290013,0.9482239329252277,2.3083782753762265,1.5375981383464137,3.1286105694609514,1.510940104813857,0.8311163683018696,2.3496973245976838,1.6957254221498133,1.3686728238132113
2018-12-10,0.8632652841003755,0.574961025322709,0.7912251978851353,1.2402554503413346,1.2365547917509097,1.3314240822702423,0.4566210045662101,0.3159879336349925,0.5089940039973351,1.0159640832640817,1.2923809206349208,0.9486780705419532,1.5590855223588176,1.5681587921441928,1.3944724246231157,0.1272271672418541,0.9491270334398845,2.2856530032960034,1.5477277605402446,3.1514635896305965,1.5596482757443082,0.8435824247811804,2.411790934503678,1.700584152223742,1.3710846363165838
2018-12-11,0.8698978859719927,0.5739976387558058,0.7781378245741808,1.2307861484254572,1.1847957541447633,1.3298620671700079,0.4533001245330012,0.3141025641025641,0.49700199866755496,1.0044313088414656,1.2895237777777777,0.9284603213153251,1.572394581354397,1.5618797359100614,1.382223555276382,0.12850779080708938,0.9512341676329269,2.291570180159762,1.5388757437488594,3.155707638491937,1.5621770938596073,0.8419110130764262,2.434207432544106,1.7205418669566344,1.3705960552505883
2018-12-12,0.8762754368297082,0.5764290499390595,0.7730275169003796,1.2391543712838584,1.2171451678123737,1.3251757875553243,0.46990452469904526,0.34049773755656104,0.5303131245836109,1.0038631575079386,1.2955555873015874,0.9280715965799299,1.5788344870416333,1.5801094506807667,1.3869346733668342,0.1343541102108872,0.971101656499047,2.3208988309673373,1.5431648841029386,3.194692217787053,1.5887850991352974,0.8437914017352574,2.445191651082904,1.7400580612823329,1.3780240055791582
2018-12-13,0.8280611778555823,0.5543627773990784,0.7645518846609043,1.179255648535565,1.1819652244237768,1.310596198906535,0.46741386467413865,0.3344645550527903,0.5269820119920053,0.9994318486664732,1.2888888253968254,0.9142690496553081,1.5867768506338276,1.6003646668090878,1.3998115577889447,0.1316815100774551,0.9602648717560242,2.333847797497232,1.5600474174119365,3.184782795665043,1.594392520980512,0.8407967571779861,2.453485643275372,1.7371461372134585,1.377748496947957
2018-12-14,0.8267856931942424,0.5433526203019107,0.776517470652469,1.1783747632680028,1.1823695915891628,1.3040874772194744,0.46077210460772106,0.3318250377073907,0.5229846768820786,0.9815361894890083,1.2584126666666668,0.9047434273861474,1.4274981523558687,1.5491189902596514,1.3756281092964824,0.12733853138067266,0.9358819706236612,2.2727037709227016,1.510129549187808,3.05713266756961,1.583947254005957,0.8350164032318796,2.376821264810104,1.7047555391133862,1.3514518114888077
2018-12-17,0.8173469434350269,0.5354160984570345,0.7639286888721667,1.1537106144021143,1.1310149211484029,1.2858630304608176,0.4541303445413034,0.32428355957767724,0.5049966688874084,0.9544937574254344,1.2571427936507937,0.9061042361217775,1.3860684959980356,1.52379997009925,1.353957317839196,0.12004453385151892,0.9346778466382345,2.2131035484683683,1.4960759627669282,2.9207829902878837,1.5413964444660728,0.808552136180852,2.3064334609631594,1.662926050785017,1.3233774534324325
2018-12-18,0.8556122485813201,0.5438572583513581,0.7810045825375327,1.1660427438890113,1.1471896886372825,1.291330330643062,0.452054794520548,0.32767722473604827,0.5063291139240507,0.9743210777338693,1.2663491746031748,0.9043546054501285,1.3998068133477901,1.5055702553285446,1.3316583542713567,0.1161469950062251,0.9310655950913426,2.1693679687045027,1.5155138528928638,2.97949006453605,1.5795492989406035,0.8123825144475941,2.330643323679818,1.6828510167395547,1.3234917941743807
2018-12-19,0.8270407442081442,0.5281677177386498,0.773152146086795,1.143580709094913,1.118479579458148,1.2699817495443895,0.44499792444997927,0.3156108597285068,0.49700199866755496,0.9615384396877982,1.2476190158730158,0.8878304604943713,1.3696469221776735,1.4942272330206043,1.3181532977386936,0.10963251860915861,0.9102949756082185,2.1465568635060728,1.4682423799963495,2.8711784438165906,1.4649808619564881,0.810850360355188,2.3243667266449966,1.6735265533831474,1.3031156924079421
2018-12-20,0.8135203618999908,0.5129828518760042,0.75632553572259,1.121118696322396,1.0849171047310957,1.2254621192397814,0.4371108343711083,0.303921568627451,0.4936708860759494,0.9567662775419548,1.235238095238095,0.8950233649887901,1.3767307797945858,1.4885557927598905,1.3175251570351758,0.1042316167851353,0.9217338975998223,2.0790669747099995,1.4311918233254244,2.8054041276630817,1.466739949425177,0.787102166922548,2.2754987609168627,1.6512784592061478,1.2825628131833497
2018-12-21,0.7852040871121406,0.4856408979840517,0.7396235545448004,1.0889672098656684,1.0412454508693894,1.1963030721166363,0.43628061436280613,0.29675716440422323,0.4896735509660226,0.9092716700540469,1.1961904761904762,0.877138411297403,1.3747987415433882,1.4766052962650456,1.316896984924623,0.10083519150884661,0.909090911827486,2.0439069887324677,1.3755246942872787,2.6452796660645075,1.3738317880318347,0.7726165129219726,2.2019726697607562,1.6024145875985554,1.2561571170028818
2018-12-24,0.7581632204550199,0.4792641660567789,0.7176866489709592,1.0561550099097117,1.0125354225636878,1.1559490236917471,0.43254462432544627,0.2982654600301659,0.4830113257828115,0.8882513489773584,1.1749205714285715,0.8475894021693119,1.3184501302661829,1.4411586680404835,1.2735552449748744,0.09821825395707391,0.9018662883243139,1.9975988337398265,1.339934294579303,2.58096488678749,1.3640462022225246,0.7491468973924895,2.1100648932960127,1.5969834385212185,1.2220998658883848
2018-12-26,0.8237244942927424,0.47761263836338447,0.7576966063431407,1.1101079057476326,1.0634856045289123,1.2163499349127833,0.44831880448318806,0.3076923076923077,0.4943371085942705,0.9256333899412933,1.2476190158730158,0.8862752893910438,1.3599871387783007,1.4988859934957666,1.3250627826633166,0.10495545306384901,0.922636937909785,2.0868707993579387,1.4342945793027924,2.8247428674096313,1.4753160794496782,0.7757504150915917,2.2542029981124636,1.7004367786314336,1.282708372023501
2018-12-27,0.8173469434350269,0.46669421445443093,0.7570734105544031,1.1120898480510901,1.0558027092600082,1.2184326737828692,0.4429223744292237,0.2944947209653092,0.4950033311125916,0.9397227601471932,1.259047619047619,0.885108862463236,1.3675003406139388,1.5268381309872014,1.3457913944723618,0.1033407482180151,0.9051775766051301,2.1093388122001646,1.424986238364665,2.8069597795395484,1.4790545182755752,0.7923950286898817,2.2681012717305253,1.7076674615463758,1.2936917943775181
2018-12-28,0.8119897752043425,0.4608220884635671,0.7517138071152758,1.1050429420832417,1.054589567327133,1.2173912522780528,0.45122457451224574,0.30354449472096534,0.5023317788141239,0.9262015412748201,1.2498412380952382,0.8899688936619147,1.3659976358483983,1.5266357003572149,1.349246199748744,0.10462138291910747,0.9283563838544134,2.11165425682485,1.4257163350976456,2.8384162358159295,1.4645409718925004,0.7871718235858157,2.2503922158620893,1.696543364563389,1.292085569217817
2018-12-31,0.8191326576751872,0.4597669641208728,0.7584444188541287,1.0988769434045365,1.0679336837848767,1.2101015360583183,0.4508094645080946,0.30731523378582204,0.5023317788141239,0.9490398773084905,1.2587302222222223,0.8958009894207035,1.3851025627369875,1.547701145385885,1.3709171482412061,0.10283963464900998,0.9355809471528913,2.136351881173554,1.4394962949443328,2.884410152573157,1.4413413999342959,0.7916289516436785,2.276843705966292,1.6941386613081362,1.3030585857123658
2019-01-02,0.8285714074344028,0.4766033622644896,0.7667954343713537,1.1030609997797844,1.0845127375657098,1.2272845352772717,0.4582814445828144,0.30920060331825033,0.5063291139240507,0.9773320934591048,1.282539746031746,0.9125194384237838,1.3711495410786634,1.5310917061189326,1.358354271356784,0.11263919445526076,0.9268512966029109,2.0880713739124315,1.4411388939587515,2.955772950371439,1.4918086583334358,0.8023539397549673,2.2667563490975935,1.7108901072152043,1.304711511188376
2019-01-03,0.7668366896215131,0.46531792761387153,0.724417260709812,1.0044043382514865,1.0347755762232107,1.187451210622234,0.45454545454545453,0.305052790346908,0.5043304463690873,0.9630155161228152,1.2596825396825397,0.9053266116898642,1.3493614221178796,1.4996962223961157,1.320351790201005,0.11408685587683108,0.9476218859836879,2.031129439746768,1.2975908377441139,2.881164757554498,1.4484882830727306,0.7863361455905326,2.183366953970703,1.6621571342038262,1.2724111204323691
2019-01-04,0.8173469434350269,0.4958711715913601,0.7478499034831148,1.0524113851574544,1.0796603720177922,1.2460297058057799,0.4694894146948942,0.3212669683257918,0.524983344437042,0.9944892570278546,1.3111110793650793,0.9321540033466953,1.3720082080499774,1.5448652733414072,1.350502512562814,0.11831848157065206,0.957254606945978,2.054883740203381,1.3529840846869867,3.0254073258887932,1.5167674716910655,0.8170485637453461,2.2849136452608465,1.7515581794799193,1.3161002651336478
2019-01-07,0.8405612285571116,0.5016515276933944,0.7493455908259159,1.0537326139616825,1.109179134654266,1.2462900026034889,0.472810294728103,0.32805429864253394,0.5303131245836109,1.0,1.3241269523809525,0.9261275257800842,1.3632070916219188,1.5278509525592658,1.3577261306532662,0.12449888782297702,0.9488259798667675,2.0588285733742513,1.3499725497353532,3.129340337899197,1.5178670429202983,0.822828924655726,2.287827745173106,1.7477630150187085,1.3253267002981786
2019-01-08,0.8270407442081442,0.5102761952523387,0.7559516356991786,1.045364479189606,1.1609380913869793,1.2376985420463422,0.4794520547945206,0.3295625942684766,0.5336442371752165,0.9963071867672494,1.3158730476190477,0.9241835521808621,1.3948696982906448,1.5391938330806934,1.3640075376884422,0.1262806193892889,0.9738108677359761,2.0863561522480394,1.3757072458477824,3.1813259491827712,1.5671248345395767,0.8345289040888335,2.3044160658055133,1.7606701692073217,1.3381761205629998
2019-01-09,0.8525509476390064,0.5354160984570345,0.7750217833096679,1.0673860603391325,1.1888394662353416,1.2777922936735227,0.4798671647986717,0.32277526395173456,0.5336442371752165,1.0025565105656968,1.3250794285714285,0.9292379457472384,1.3838144871485345,1.527445929257564,1.361180904522613,0.1298997729432147,0.9747140284553272,2.089357661526819,1.3990691367037782,3.1867801052708233,1.5858163909560108,0.8405181792748291,2.3373681834259545,1.7580200439667604,1.3436600272154575
2019-01-10,0.8173469434350269,0.5517020103074045,0.7902280896088213,1.0731116494164281,1.1928831378892033,1.2754491538661807,0.48775425487754254,0.32466063348416285,0.5403064623584277,0.9998863538260118,1.3225396825396825,0.9282659589476275,1.3921864310869683,1.508608558003009,1.3288316896984924,0.12544543567554223,0.981336454505224,2.0999056075816345,1.403540828618361,3.1806346275126827,1.5854865503733881,0.8481788731298523,2.3223491521553656,1.7509365350661776,1.3497312461069577
2019-01-11,0.8112244435912132,0.5566107176183267,0.7994515343592846,1.0693680026425898,1.2389809543065102,1.2632127050247333,0.49066002490660027,0.32277526395173456,0.5403064623584277,1.0051698044501804,1.3250794285714285,0.9305987544828684,1.392615678708075,1.5171157285216879,1.3467336997487438,0.12594654924454735,0.9756170687652898,2.123917295910151,1.3897608322686623,3.1505610507878905,1.5810885953080351,0.8458806489555163,2.3044160658055133,1.729440983899134,1.3495337832410643
2019-01-14,0.8089285252824355,0.5527571346500988,0.802193675600386,1.0515304998898922,1.2377679336837848,1.269461025774538,0.49398090493980906,0.3235294117647059,0.5502998001332445,1.015339148611768,1.3485714285714285,0.9412908036798368,1.3768380568173888,1.4861252681005725,1.330716048994975,0.12388641011515333,0.9732089412038247,2.1272617774868214,1.3688629311918235,3.1057191025231488,1.5985706849446075,0.8384288763403823,2.287603692275192,1.7089924235597398,1.3424385750702679
2019-01-15,0.8188774791102683,0.5479401972280062,0.8011965174674118,1.0532922704250165,1.2458551961180753,1.2915907576152044,0.4931506849315069,0.32541478129713425,0.5476349100599601,1.0220997608885407,1.361269873015873,0.9267107100838007,1.3884297926034086,1.5090136015599271,1.3420226130653266,0.12438752368415845,0.9780253167361432,2.2028127330176424,1.3968790655229057,3.2158552624439287,1.6377130501719532,0.8477610306500739,2.3539565040583614,1.7620933808275194,1.3568317837785844
2019-01-16,0.8377550806695133,0.5486741911858738,0.8089243371958992,1.0460251046025106,1.2648605337646581,1.2960166362926322,0.5060190950601909,0.3503016591251885,0.5562958027981345,1.1196454807488814,1.4123810158730157,0.9513996880132132,1.3742620559034464,1.5112416955892585,1.3225502826633164,0.12444320296960347,0.9765201090752524,2.24217467419454,1.4139441868954188,3.233561458698115,1.6222099820410112,0.8469949605681442,2.3622504962508297,1.7683423741653423,1.359846644401097
2019-01-17,0.8566326822287581,0.5597302699280717,0.8029414881113741,1.061880665051751,1.3542257177517185,1.3171049205935956,0.5043586550435866,0.33634992458521873,0.5576282478347768,1.1310646033163367,1.3501586984126983,0.9570373436438052,1.385531810358094,1.5312942987906482,1.3338568153266332,0.12822939994779287,0.9759180320313656,2.227681903544448,1.4223398430370506,3.251690093138371,1.6305663319593073,0.8509645894829608,2.3788388392997346,1.7829509123737017,1.3701697845896021
2019-01-18,0.866581636056591,0.5628498222378168,0.808425758129412,1.0594582911253028,1.3554387383744442,1.3426191096068734,0.5134910751349108,0.3446455505279035,0.5709526982011992,1.1506646312767952,1.3869840952380952,0.9722006021034332,1.402704784860036,1.5367633084213754,1.3357411746231154,0.1285634700925344,0.9816375682830351,2.2768201502716736,1.4311006388027012,3.2574129003398644,1.64969761351394,0.862316341313917,2.4144809815180235,1.7966268866263009,1.3882328055455144
2019-01-22,0.8352041113468338,0.5482613276128329,0.7972079846488352,1.0372164280995375,1.323089405580267,1.3158032022910702,0.506434205064342,0.333710407239819,0.5602931379080613,1.1230541330972814,1.3463492063492062,0.9692846417046003,1.382419295533311,1.5359530795210263,1.3275753768844223,0.1276169222399692,0.9695965692475446,2.2784495302422645,1.398977952181055,3.1344487150464984,1.6225399875494224,0.8532627649073825,2.3689755129124523,1.7512474578799653,1.3685791684790027
2019-01-23,0.8073979385867872,0.546105161869991,0.7940919433843223,1.0416207663510242,1.2596037201779215,1.32829992189534,0.5110004151100042,0.34125188536953244,0.5669553630912725,1.1186228242558158,1.3380953015873016,0.9743390352709765,1.382419295533311,1.5280535452309814,1.3241206030150752,0.1296770613693632,0.9777242330606791,2.28985495849537,1.404635882460303,3.149523950177052,1.586586121602621,0.9254822947414802,2.3920644834775953,1.7595085552016037,1.3715940291015154
2019-01-24,0.8586734474828202,0.5571612039115736,0.8198927650544897,1.046465536225501,1.2737565709664376,1.4113511845873472,0.5110004151100042,0.33408748114630465,0.5649566955363091,1.1237359306047965,1.3349206031746033,0.9716174372398413,1.3634217207990065,1.4820741235988277,1.2861181218592965,0.1298997729432147,0.9653822707591128,2.282222817235033,1.3935024274502648,3.178157447700426,1.6034085410690009,0.9229751562915288,2.3806320246439805,1.756776755139277,1.3734809660820513
2019-01-25,0.8923469160115581,0.558675113472339,0.7912251978851353,1.0502091829993394,1.2515164173069147,1.4313980734183807,0.5180572851805729,0.3484162895927602,0.5742838107928048,1.1404385890140076,1.3644444444444443,0.9745334753991733,1.376301371177447,1.4776179557953808,1.2763818781407037,0.13246102564161383,0.9650812773906899,2.2986878115196996,1.4396787369958022,3.2081925776570612,1.6383727313371985,0.9330037240198822,2.4023760501596945,1.7847339712152126,1.38514002598869
2019-01-28,0.9329081394666291,0.5690889314448836,0.8043125587319249,1.0572560669456068,1.3186413667610188,1.445456912262432,0.5126608551266085,0.3495475113122172,0.5642904730179881,1.134643770375099,1.3539683174603174,0.968507017272687,1.3844586000742427,1.4770103195667474,1.2415200690954773,0.13463251220604078,0.9671884416860793,2.287711060048786,1.4263552108048914,3.1454334502565104,1.6214404163201896,0.9350930269543289,2.355525658921191,1.7505275638593898,1.374271071207617
2019-01-29,0.9257653080161911,0.5734471157619436,0.8046864712195012,1.061880665051751,1.334411645774363,1.4675865399635513,0.5122457451224575,0.34803921568627455,0.5636242504996669,1.1390750792165645,1.3488889523809522,0.9690901821362788,1.398840880086742,1.4832895378426076,1.2804648241206031,0.13452115363515077,0.9714027401745111,2.292599208536153,1.4115713816389852,3.0609158353175587,1.5853766548227592,0.9355108694341073,2.3075543531146754,1.7350521571940445,1.3722697934851331
2019-01-30,0.9270407926775309,0.5768419135121005,0.8059329625102969,1.1070248843866992,1.245046542660736,1.4967456912262431,0.5155666251556662,0.3503016591251885,0.5649566955363091,1.1503237779724174,1.35841273015873,0.97375585096726,1.4129011680348,1.4861252681005725,1.3059045854271356,0.13452115363515077,0.9717037335429337,2.3185832491331513,1.5080306625296587,3.20792392654362,1.6538757884730881,0.9358591040005322,2.384666994291258,1.781576826374863,1.3936075746456575
2019-01-31,0.9124999767219394,0.5963850003924214,0.7970833679265849,1.0885267562210967,1.2947836635665184,1.4777401197604791,0.5026982150269821,0.33484162895927605,0.5569620253164557,1.1249289313730502,1.3428571111111112,0.9508165037094966,1.428356819327183,1.5075957364309447,1.3332286746231157,0.13669264019957772,1.0024081275614651,2.317125543974569,1.5188903449534585,3.3006799733440606,1.8327653380791205,0.9361376261895012,2.340954890361917,1.826252736307743,1.4055889708506015
2019-02-01,0.9211734713986358,0.6232223529355418,0.802193675600386,1.0993172869412025,1.253538212697129,1.4873731059619892,0.49854711498547116,0.333710407239819,0.5509660226515656,1.116577596487272,1.3276190476190477,0.9508165037094966,1.4403778027343093,1.5485112122445048,1.3467336997487438,0.13719375376858284,0.9936784168067906,2.304433570839263,1.5196204051834277,3.1230413092798397,1.8219902415169953,0.933909114392621,2.3039676461787124,1.8170590717585753,1.4068520469534627
2019-02-04,0.9382652566769066,0.6378108154474872,0.8036894003356824,1.108566395067166,1.2199757379700769,1.5175735745899506,0.49730178497301786,0.3318250377073907,0.5536309127248501,1.1232814254452579,1.3479364761904764,0.9537325418688286,1.4262102377634482,1.5570185245496966,1.3329145414572865,0.14031180488936063,1.005719415842281,2.3000599322522945,1.5627851797773316,3.1366380203612354,1.8609126507172948,0.9415001446201028,2.3703204579618817,1.8531304123556234,1.4163852093671971
2019-02-05,0.9420918127017395,0.6229011904376767,0.8069300209299507,1.1129707333186523,1.2252324706833804,1.5068992710231712,0.5039435450394355,0.3355957767722474,0.5556295802798135,1.1249289313730502,1.3476190793650793,0.9578149486355939,1.4262102377634482,1.5626899648104104,1.3225502826633164,0.14331848073546277,1.0078265801376705,2.2837663640874166,1.5895235626939224,3.185608679103264,1.8819132451428227,0.9440072900343279,2.4034969423112096,1.8747076367085476,1.423054146357208
2019-02-06,0.9377550270980861,0.61973574859594,0.8079271790629248,1.1125302796740808,1.2426202992317024,1.4998698516011455,0.5031133250311333,0.3374811463046757,0.5556295802798135,1.1170321016468105,1.3453968571428572,0.9568429618359829,1.4274981523558687,1.5675511559155593,1.3294598618090452,0.14192649859933745,1.0072245030937839,2.3111225254170096,1.5900712173754334,3.1499848312904444,1.8745465709031304,0.9493698084649295,2.376821264810104,1.824387803066518,1.419888650535906
2019-02-07,0.9227040070738773,0.6244609482422414,0.8130375241292214,1.1101079057476326,1.2438334007278609,1.4964852902889874,0.49149024491490245,0.3152337858220211,0.5429713524317122,1.0968640075704124,1.3168253968253967,0.934681239010133,1.4173017691811047,1.5560057029776322,1.309673398241206,0.1370267270481049,0.9996989163245359,2.3068347285238424,1.5599562328892134,3.1002651807260913,1.8293569047616354,0.9275715976759271,2.3597846814663828,1.7973629546401626,1.4066025537506304
2019-02-08,0.9183673235110377,0.622809420548847,0.8135360159465531,1.1114292226381857,1.239385361908613,1.5009112731059622,0.48567870485678705,0.3088235294117647,0.54163890739507,1.0889103149889714,1.2955555873015874,0.9263219853484056,1.4210582466686323,1.5701842935018087,1.326319095477387,0.13630289076939117,1.016255177114534,2.2459479611873086,1.5551195838656688,3.0500462042006067,1.8398021717361905,0.9311930547027801,2.368751303099052,1.7913921353377724,1.4075536999344531
2019-02-11,0.9334183435352464,0.6294614621426087,0.826374180741337,1.114512243999119,1.2422158916295998,1.5173131736526946,0.48484848484848486,0.3137254901960784,0.5363091272485011,1.0869787390755883,1.2765079047619048,0.9263219853484056,1.416765083541163,1.5537776089483006,1.3090452261306533,0.13969932718153694,1.0129440393454532,2.2051283148518284,1.5461762365395144,3.0553850219046046,1.822869691793393,0.9331430373464178,2.3593364187550683,1.7913102609380582,1.4085518006163764
2019-02-12,0.9119897726533222,0.6235892994511294,0.8312351926498122,1.0986566615282978,1.2353416498180347,1.5022129914084874,0.4931506849315069,0.32202111613876316,0.54163890739507,1.1049312611082545,1.3063492698412698,0.9535381017406318,1.4399485551132025,1.5904395096301298,1.3150125314070351,0.14109130931766226,1.0195664653953502,2.2596689626990054,1.5594999087424712,3.145663890813206,1.8146234023515142,0.9474894267703718,2.3960994531248723,1.8344321604435005,1.426708349555702
2019-02-13,0.9237244407213153,0.6337737248146385,0.8313597719795672,1.1101079057476326,1.2426202992317024,1.5100234313980736,0.497716894977169,0.32202111613876316,0.5396402398401066,1.1060674785577211,1.3076190158730159,0.9529549174369153,1.4430610699379858,1.6005671176942904,1.309673398241206,0.14086858660795368,1.0111378383161398,2.26224153792778,1.5530205511954736,3.149485503408895,1.803958355270754,0.9577269157386145,2.39430611086514,1.8324528036021555,1.4310227080887121
2019-02-14,0.9211734713986358,0.6410680225904766,0.8297394679145157,1.1116494164280994,1.2648605337646581,1.5100234313980736,0.4798671647986717,0.31447963800904977,0.5363091272485011,1.0937961289899756,1.2926984444444445,0.9432348550395578,1.4415584510369959,1.5989468016801056,1.3181532977386936,0.14198217788478246,1.0159542138484583,2.275362187845278,1.5586786274867677,3.1161662973744484,1.8026388390095274,0.9504840156134553,2.396323685354771,1.8349230060500026,1.427228148719901
2019-02-15,0.8941326047415151,0.6386366159947998,0.8266234266500027,1.1248624091609778,1.278204650222402,1.5022129914084874,0.48775425487754254,0.3318250377073907,0.5456362425049966,1.1277127342867235,1.3330159365079364,0.9568429618359829,1.4637759786149185,1.6165687586908801,1.3316583542713567,0.14170378702548594,1.024081847559246,2.325100786166703,1.5552108048914035,3.087936012732648,1.7866960457403864,0.9612786603880119,2.425913440351638,1.8218031770185508,1.4427546110908238
2019-02-19,0.9048469412028842,0.6486374969930726,0.8046864712195012,1.141158335168465,1.311767044076021,1.50143186670138,0.49398090493980906,0.32466063348416285,0.552964690206529,1.128678522243415,1.3384126984126983,0.9599533818031373,1.4563701289335649,1.605023285497737,1.337939635678392,0.14025612560391562,1.034015561889959,2.318926350064949,1.5598648658514327,3.1256338274761504,1.7843870077312924,0.9659447096857637,2.4247925482001227,1.8298354287758336,1.444916929871565
2019-02-20,0.8943877577962307,0.6258830879141772,0.7894802147770081,1.128385862144902,1.2446421754953496,1.4165581879718823,0.4989622249896222,0.3295625942684766,0.5589606928714191,1.1282808856202504,1.346666603174603,0.9683126354648646,1.463453997283546,1.6088718170725507,1.3253769158291457,0.13390867592732708,1.0421432257030936,2.311208367110811,1.5699032670195292,3.1151099752999487,1.7873557269056317,0.9610697391481228,2.401927809864878,1.822048600639744,1.447484707074557
2019-02-21,0.8923469160115581,0.6285898087639198,0.7834974280133082,1.133670997577626,1.2818439547108775,1.4139547253319449,0.493565794935658,0.32654600301659126,0.5576282478347768,1.115555030892966,1.3320634603174604,0.963452604266186,1.453472157421319,1.6169739440343112,1.3234924309045226,0.13090200008122493,1.0403371450831682,2.2845381332258112,1.561051250228144,3.1100015962322294,1.7596481394056562,0.9599554275354949,2.4525891402692417,1.794516531399767,1.4423802439357805
2019-02-22,0.9053571707817047,0.6458390750681544,0.7777639245507694,1.1345518608236074,1.2717347755762232,1.395990601405884,0.4927355749273557,0.3261689291101056,0.5436375749500333,1.1135098031244222,1.3266666984126982,0.9529549174369153,1.4661372644872226,1.6360137459188526,1.349246199748744,0.13223830293190525,1.0454545139839098,2.2906267276337644,1.5784814747216644,3.1332772888789395,1.779989052665939,0.9697750809882325,2.4875588099628154,1.8164374273448336,1.4516274913390466
2019-02-25,0.9158163541883583,0.6464354830064314,0.7821263573927575,1.1321294868971592,1.269308491710473,1.4048424629002867,0.5014528850145289,0.3306938159879336,0.5509660226515656,1.1285648760694267,1.3393650476190477,0.9653965973055325,1.461843940363721,1.6281142116288072,1.3530151381909548,0.13001113151410473,1.0415411486592068,2.269102167317536,1.5899798868406643,3.1360425774797105,1.8100055022541672,0.9712376271672852,2.5014569266653908,1.8148506665031567,1.4534156966267362
2019-02-26,0.9247448743687532,0.6480410936423726,0.7844945362896223,1.1257432063422155,1.2321067124949454,1.397813043478261,0.5060190950601909,0.33634992458521873,0.5762824783477681,1.1299851691856568,1.3463492063492062,0.9640357885699027,1.4608780071026728,1.635406109690219,1.3511306532663319,0.1289532250906495,1.047862731852416,2.2552097482616436,1.5908924986311372,3.142572044735346,1.8046180364359992,0.9730482964843873,2.518717742239011,1.8242242554809232,1.452266833915028
2019-02-27,0.9104591349372669,0.6087255914987721,0.7725289502980575,1.1105483373706233,1.192074403558431,1.401978599323093,0.5118306351183064,0.34351432880844646,0.5942704863424384,1.12544029938779,1.351111142857143,0.9700622661365137,1.4583020061887302,1.632975585030901,1.3483040201005025,0.13379732849229414,1.047561648176952,2.144584511237591,1.595820368680416,3.151578693723656,1.7901044900529246,0.9692179251819185,2.514458540361835,1.825729341500835,1.4514767293092614
2019-02-28,0.9089285737518221,0.6060189394626836,0.769038996545968,1.091830037436688,1.2029923170238577,1.4589950794064046,0.5110004151100042,0.3484162895927602,0.5769487008660893,1.1174866068063491,1.3326984126984125,0.9698678065681923,1.466566512108329,1.646546539326444,1.3614949120603015,0.13195991207260874,1.0430463864224446,2.0771803355014122,1.5801240372330718,3.149158947852223,1.7751512075365985,0.9619751295208616,2.5113202530526735,1.8320602076024874,1.4473755695222426
2019-03-01,0.8836734213348618,0.6022112414388704,0.7641779721733277,1.0781765910592382,1.197735584310554,1.4147357458995056,0.5130759651307596,0.3503016591251885,0.5702864756828782,1.1260083655037298,1.3492063492063493,0.9725894240394521,1.4849201349129577,1.6538384373878559,1.3618090766331656,0.13491090863326585,1.047561648176952,2.1108823590525483,1.596732980470889,3.210420327819538,1.7842771231757162,0.9694268464218077,2.5225285020728876,1.8665282125727898,1.4573556880047027
2019-03-04,0.8602040851988755,0.5973942719037393,0.7416178209540888,1.074432966306981,1.0667205418520016,1.4014580057276753,0.5155666251556662,0.3469079939668175,0.5729513657561626,1.1133961569504338,1.3333333333333333,0.974144672903279,1.4863153265281812,1.6481669971271418,1.3527010050251256,0.13463251220604078,1.0472606849108763,2.0240116797529226,1.6047637160065706,3.2573554663990407,1.840241896874389,0.9640643279912062,2.516476114851466,1.8776686847628965,1.4517003344345198
2019-03-05,0.8477040600075494,0.5960638378945562,0.7201794445900743,1.0949130367760407,1.0590376465830973,1.3900025774537883,0.5076795350767954,0.3453996983408748,0.5789473684210527,1.1135098031244222,1.3301587936507937,0.9698678065681923,1.4894280023489963,1.654851096918191,1.3470477072864322,0.13340756235832196,1.0487657721623789,2.070405547805458,1.6018434020806718,3.2501731223210566,1.8830126514462668,0.9602340611528396,2.5039227638663357,1.9009472931355664,1.4500576874671824
2019-03-06,0.8357142133746375,0.5946416982226204,0.6958743601193683,1.094692776921383,1.0594420137484837,1.3814111168966416,0.5035284350352844,0.3457767722473605,0.5742838107928048,1.1063515542244846,1.3212698095238096,0.968507017272687,1.492862498505152,1.6358112950336499,1.3146985238693467,0.13118039094052147,1.048163725220839,2.050167266528023,1.5926264281803248,3.20508151011554,1.8967564671827313,0.9539661523494992,2.5050436560178513,1.8941255814274123,1.4405973681489213
2019-03-07,0.8219387800525823,0.5826681545585495,0.6973700474621696,1.092050209205021,1.046502183582693,1.365009112210362,0.49149024491490245,0.32654600301659126,0.5609593604263824,1.0951596387874187,1.3069840634920635,0.9657853998014269,1.483739486610271,1.6295320767577897,1.2999371545226133,0.13095767936666994,1.0084286270792104,2.0298430234984735,1.574192370870597,3.1225035365505507,1.8595932993818571,0.9426840641460844,2.474557196266371,1.8703072030407144,1.4288914810949775
2019-03-08,0.8140305914788114,0.5817965057674375,0.6932568480646822,1.092050209205021,1.0359887181560856,1.347826086956522,0.48775425487754254,0.3257918552036199,0.5522984676882078,1.109192140456945,1.3130159047619048,0.9681181953366679,1.4818074590921424,1.6163663078056778,1.2842336369346734,0.1301224956529233,1.0120408786261024,2.034902589530035,1.5779339660521992,3.1126135721036134,1.8647609850938205,0.9408036754872533,2.4772472432807167,1.868703867413969,1.4258455286854583
2019-03-11,0.8176019944489287,0.5882649708829245,0.6907640025889068,1.1257432063422155,1.036797371613425,1.3436605311116896,0.49522623495226237,0.3438914027149321,0.5616255829447035,1.113339373631647,1.3285713650793651,0.9673405709047546,1.4871739934994954,1.6380393890629812,1.303391959798995,0.13067927737151636,1.0117399153600264,2.085155577693546,1.6325971162620916,3.2082886926570366,1.891918775984127,0.9590501485911315,2.5292535187345098,1.9234079607305454,1.4467570391849964
2019-03-12,0.7887754900822579,0.5813377526624048,0.6741866879900279,1.1158334728033474,1.0339668418924384,1.312158344181203,0.49024491490244915,0.33408748114630465,0.5669553630912725,1.1170889701831845,1.3342856825396825,0.9652022349378351,1.4938284424992687,1.6453312668691769,1.310615577889447,0.13234966150279526,1.0099337143307128,2.10856704306177,1.6509399890490966,3.2130512927840056,1.8902694191402778,0.9630197287560339,2.5469625746029463,1.9519376955988637,1.4510297732405357
2019-03-13,0.8122448772386511,0.5857877068682945,0.6983671557384835,1.123541070248844,1.0909826122118884,1.317625644363447,0.49730178497301786,0.3416289592760181,0.5769487008660893,1.1206112687055727,1.3463492063492062,0.9704509908719088,1.4962971663904079,1.652825595560575,1.3194094849246232,0.13312917149902545,1.0156532505823823,2.1631935326027483,1.6582406278517976,3.2470620547795352,1.9062122124094187,0.9649697183639451,2.566689025629029,1.9521339935986977,1.4611138260856766
2019-03-14,0.8196428617438045,0.584273801895106,0.6916365439996307,1.1217793217353007,1.0744035584310554,1.3319448060400938,0.49937733499377335,0.33597285067873306,0.5796135909393737,1.1218611323290277,1.3552380634920635,0.9788102445336362,1.481378200737967,1.65059752178646,1.2936557474874373,0.1344097894963322,1.0298012634015272,2.171940672567184,1.67667453914948,3.2382471672091873,1.8710280771092274,0.9665714664411579,2.5687064207866754,1.939423336987867,1.4598455462733828
2019-03-15,0.8017856938319976,0.5775300546385917,0.6950018187086445,1.1272847170226823,1.0501414880711686,1.337412106222338,0.5006226650062267,0.33484162895927605,0.5842771485676216,1.1263492244892803,1.375555619047619,0.9848367221002472,1.4768703333019284,1.6522179795871577,1.312185898241206,0.13351892649714053,1.0213726363223166,2.1559042264308017,1.6984850885198028,3.288446920350593,1.8249587847704933,0.9710286014632941,2.5982963775320247,1.9376400785684074,1.4671227345721676
2019-03-18,0.8005101581502511,0.5785393307374865,0.6956250643540423,1.1173750715701387,1.0501414880711686,1.3298620671700079,0.5126608551266085,0.3491704374057315,0.5842771485676216,1.1502669946536304,1.397777746031746,1.005637655630592,1.472255027847054,1.6477617915284948,1.3131281721105528,0.13663697204998979,1.0192655021292742,2.1867764155151668,1.715824091987589,3.345656247165523,1.7643760999794207,0.9764608322713512,2.6355076746131436,1.9373129817613335,1.4725598135575209
2019-03-19,0.8058673263809355,0.579181586919563,0.6993643138714578,1.1222197533582914,1.0469065507480793,1.3210102056756055,0.5130759651307596,0.34125188536953244,0.5889407061958695,1.1425973777389529,1.395238126984127,0.9994168156962833,1.4858860681740058,1.6591048340916514,1.3285175565326632,0.14638084700286702,1.0144491265969557,2.2050424731580267,1.7022266837014055,3.383488389386164,1.776470723797825,0.9784108149149888,2.637301039289374,1.9611804857693904,1.472367553881261
2019-03-20,0.789795872709289,0.5764290499390595,0.6878972570897199,1.0982162299053073,1.0242620299231702,1.2939338974225463,0.49854711498547116,0.3310708898944193,0.5729513657561626,1.103965473151563,1.3660317142857141,0.979782328533871,1.473542942439475,1.6625481803230338,1.3244346105527638,0.14125835274192583,1.0261890118546353,2.1481862434766636,1.7171016973900346,3.451509679086228,1.819021522342656,0.9722126184891041,2.634386782461628,2.002273904448013,1.4680323831095157
2019-03-21,0.8022959234108182,0.5829433999989614,0.6882712069697917,1.1076855097996037,1.0327537808329963,1.3210102056756055,0.4943960149439602,0.3178733031674208,0.5576282478347768,1.10544254958658,1.369206380952381,0.9692846417046003,1.4822368677092812,1.6801701170785925,1.3300878768844222,0.14181513446051888,1.0270920521645979,2.1612211803342665,1.780343091805074,3.493739651479586,1.826058355999726,0.9850268538206518,2.694911416836776,2.0146576638297184,1.4839641770716936
2019-03-22,0.7798469188814562,0.5603725306977251,0.6761809543993162,1.0957938339572784,0.9902951880307318,1.2840406144233274,0.47779161477791615,0.30957767722473606,0.5443037974683544,1.0735143887395888,1.3244444761904763,0.9391524482727925,1.4694644943536435,1.6668017554547652,1.3143843592964823,0.13747216133166498,1.016255177114534,2.11894343436289,1.743475123197664,3.3890960944150152,1.806926898524252,0.9711679147898297,2.623851162881615,1.972059159131184,1.4558066968913732
2019-03-25,0.7706632201361423,0.559546762263451,0.6680792221832523,1.0797181017397048,0.9951476344520825,1.2676386097370478,0.472810294728103,0.3080693815987934,0.54163890739507,1.0709577929563052,1.3095238095238095,0.934681239010133,1.4662445415100256,1.668017007656816,1.315640672110553,0.1344097894963322,1.0183624618193117,2.116971090670002,1.7223946340573097,3.4073208419348293,1.8283672180879789,0.969287533095272,2.637525249102774,1.9516105987917898,1.4545852447461838
2019-03-26,0.7706632201361423,0.5689054237802629,0.6719431382795785,1.0810394186302579,1.0097047715325516,1.269200728976829,0.47530095475300954,0.31221719457013575,0.5409726848767488,1.0833427886980391,1.3295238412698414,0.9527604773087185,1.4872814207852618,1.6795624808499592,1.3322863693467337,0.1348552237798923,1.0319084276969164,2.087213763080235,1.7045993064427816,3.4255648128387226,1.8436503411869272,0.9765304332204312,2.643129373612881,1.9379018757608357,1.4650331320559038
2019-03-27,0.7892857196610785,0.5797779581572247,0.6854044614706047,1.1004184320634223,1.0448847553578648,1.2973184587347046,0.47654628476546285,0.31900452488687786,0.5483011325782812,1.0795931978276743,1.3133333015873017,0.9480948862382366,1.4886766124004853,1.6668017554547652,1.3197236180904524,0.1353563373488974,1.0295003001354515,2.0728068341239445,1.719930644278153,3.3908819506367656,1.8237493179906317,0.969705473074879,2.617574408931307,1.9189256526629983,1.4582290420852098
2019-03-28,0.7882652860136407,0.5816129981028167,0.6876479613243939,1.1081259634441754,1.0582288718156085,1.3134600624837283,0.47737650477376503,0.3088235294117647,0.5343104596935376,1.0861265120752979,1.3311111111111111,0.9543157261725452,1.490608650651683,1.6736884479175298,1.3282035489949748,0.13652560791117122,1.026489975120711,2.0772660485613064,1.722212082496806,3.405707756117539,1.8202309891225177,0.9744411302859844,2.62116111586727,1.9115150453194572,1.46346332818404
2019-03-29,0.8102040609641822,0.5939535892091676,0.6994889305937082,1.137414710416208,1.0614638091386979,1.3514709711012758,0.48360315483603156,0.306184012066365,0.5329780146568954,1.0907283299459531,1.3396825714285714,0.9393468300806149,1.5003756144762395,1.6846262848820395,1.3338568153266332,0.13752784061711,1.0352196858753857,2.1204012767309726,1.7334367220295674,3.4197843354849935,1.8327653380791205,0.982659028697236,2.6438018237210983,1.9194001230623805,1.473318700065084
2019-04-01,0.8252550299679839,0.5958803623429738,0.7144459411275356,1.1490861043822946,1.0881520420541853,1.364488414475397,0.49937733499377335,0.3223981900452489,0.5536309127248501,1.1177138991543256,1.38190473015873,0.9488725106701499,1.491681860935534,1.6872595642548018,1.3454773869346734,0.13958796861064693,1.037326850170775,2.1056512382672907,1.74520901624384,3.4840029997620356,1.8548653388080927,0.9979804094430088,2.6680115295222704,1.953950002432397,1.4903629349313336
2019-04-02,0.8415816622045493,0.6114322481224378,0.7246665440109731,1.2184541290464657,1.0970480792559645,1.3722988544649832,0.5006226650062267,0.32051282051282054,0.5589606928714191,1.1220315618218029,1.387301619047619,0.9372083969130716,1.4780509816046146,1.6854365137823883,1.3476758793969847,0.13875277932897173,1.0403371450831682,2.095960911620265,1.770578609235262,3.4835997868804616,1.9153381280485364,0.9958911065085619,2.6718224462716336,1.9638633597883066,1.4903889503597028
2019-04-03,0.85994893214416,0.616111594937363,0.720304111168985,1.2552301255230127,1.1140315002021834,1.376985134079667,0.5080946450809465,0.32390648567119157,0.5722851432378414,1.1411203069851084,1.4088889206349207,0.9498445169098856,1.472255027847054,1.684828877553755,1.3454773869346734,0.13808462233570304,1.03491872260931,2.1082239421299724,1.7827158970615076,3.496504940080357,1.908081349359473,1.0002786336173448,2.689307292326669,1.97274630273752,1.4935908674688416
2019-04-04,0.865561202409153,0.623681069339959,0.7206780236565615,1.2600748953974896,1.1192883137889202,1.384535277271544,0.5114155251141552,0.32051282051282054,0.5702864756828782,1.1489034848561872,1.4263492063492063,0.9558708972758728,1.4550822143411444,1.6578893995926554,1.3423367462311557,0.13897549090282324,1.0319084276969164,2.121516138225571,1.785818616535864,3.4929714362731827,1.935349200726197,0.9943589593804292,2.675633228522008,1.9876000649891237,1.4967044597842005
2019-04-05,0.8688775543653685,0.6284521860437138,0.729652234962524,1.271305879762167,1.141124100283057,1.386357719343921,0.5080946450809465,0.31485671191553544,0.5629580279813458,1.1497557118564774,1.4253968888888888,0.9482892680460588,1.4616292360551515,1.643710829323695,1.3501885050251254,0.1398663706058005,1.0301023470769914,2.1334362135885754,1.7977733162985947,3.528345620145228,1.9320506519642877,0.9978410961164731,2.687513927650439,1.9747584083572198,1.503643829046775
2019-04-08,0.8642857177478133,0.6327186004719442,0.7270347727644981,1.2708654261175953,1.1140315002021834,1.3522519916688365,0.5080946450809465,0.3137254901960784,0.5622918054630246,1.1506646312767952,1.4279365079365078,0.9502333194057799,1.461199977700976,1.6396596848219502,1.3548994660804021,0.1437639150190229,1.0331125516823434,2.1331789543505795,1.8260632232159153,3.5525043939595706,1.9233644724584213,0.9986071661984027,2.688410609988554,1.9693435346980284,1.5052188361082726
2019-04-09,0.8497449017922218,0.6141389001585265,0.7209273069577226,1.2541290684871176,1.1856045289122523,1.3509502473314243,0.5068493150684932,0.31070889894419307,0.558294470353098,1.1397567915064926,1.4050793015873018,0.9358475881774415,1.4550822143411444,1.636621523933999,1.3454773869346734,0.1456013314387083,1.0288982230915644,2.1335219180728764,1.820587698485125,3.5255800972534623,1.9525014607751996,0.9896929100826773,2.6738398638457777,1.9585631093071838,1.4960859289271553
2019-04-10,0.8678571207179306,0.6273511446435663,0.7326436096481262,1.2741687073331867,1.16012943792964,1.3699557146576413,0.5068493150684932,0.30957767722473606,0.5622918054630246,1.1531643642048774,1.4111111428571428,0.9290435833795408,1.4551894913639474,1.6370265674909168,1.3420226130653266,0.1454342991503018,1.0301023470769914,2.109853330676157,1.8308085052016791,3.5476456807530434,1.9551403283718636,0.9960304198350977,2.694238944312062,1.9665953594285819,1.5012891237587782
2019-04-11,0.8880102069385151,0.6256996123625949,0.7442352831521146,1.2858401012992735,1.198139870602507,1.3798489976568604,0.5163968451639684,0.31636500754147817,0.5676215856095936,1.1523122224221742,1.4222221904761905,0.9280715965799299,1.4512183095678501,1.6171763746642975,1.3275753768844223,0.14482182144247813,1.0210715526468526,2.0188662720275596,1.8155684979010769,3.5413850989018436,1.9517317301285892,1.001323232852517,2.6973772540377214,1.9706195723038664,1.5013463572853505
2019-04-12,0.8849489315064049,0.6155151869990859,0.7557023399338525,1.2783527637084344,1.1965224423776788,1.3832335589690186,0.5330012453300125,0.32466063348416285,0.5776149233844105,1.1807748623843914,1.4822221904761905,0.9037714405865365,1.4594826544914168,1.6088718170725507,1.3099874057788945,0.13791759004729653,0.9960866647776441,1.9142440535610663,1.8148384376711078,3.5394456937392937,1.9692139846909507,1.0052929174815215,2.711275370740297,1.9922950462636244,1.5112692422412384
2019-04-15,0.8609693657915978,0.6098265686728428,0.7485977658507629,1.2651398590618808,1.1961180752122926,1.3613642541004947,0.5359070153590701,0.3257918552036199,0.5822784810126582,1.1357232101869512,1.4628572063492065,0.9092146366488072,1.4652785975159084,1.5906421023018453,1.3219221105527639,0.13552338077316098,1.009632751064637,1.9741016638873023,1.8181237087059683,3.5429215273942316,1.9752611316743638,1.0021589108478002,2.713517155043328,1.9975789231735122,1.5103180960574154
2019-04-16,0.8681121972420357,0.6170749493912276,0.7599401560535901,1.2796741026205682,1.2094621916700363,1.3741212965373601,0.5504358655043586,0.3344645550527903,0.5829447035309794,1.1466878275948682,1.4926984126984129,0.9263219853484056,1.481378200737967,1.5709945224021575,1.2851758165829146,0.1343541102108872,0.9951836244676813,1.8948632630575142,1.818306260266472,3.577815606768806,1.9666850016498625,1.0107946447745564,2.7072404010930198,2.007443356121896,1.5110873889442458
2019-04-17,0.8770408194632444,0.6131296286472085,0.7650504637273914,1.2867209865668356,1.238172300849171,1.3736005727675087,0.564549605645496,0.33672699849170434,0.5902731512325117,1.1811157213699415,1.5320634285714287,0.9243779145485598,1.48674473514532,1.4972655356950688,1.2525125942211055,0.1283407473828258,0.9849488264615043,1.8595317223262868,1.8537142179229789,3.5812337721919256,1.9656954908970476,0.9688000896664138,2.729656899133448,2.0225097915804535,1.5076514603305813
2019-04-18,0.876785666408529,0.6016606863319697,0.7686650342017313,1.2809953314247964,1.2317023453295592,1.3585003905233013,0.5579078455790785,0.3310708898944193,0.5829447035309794,1.1698102449764742,1.5095237777777777,0.9249611766127755,1.4760116663306142,1.4824793089422588,1.2368090766331659,0.12878618166638592,0.9840456958445003,1.9016379221195616,1.8603759810184342,3.5752228542815003,1.9601979646024619,0.9772965102666344,2.765523430497121,2.022558915565928,1.510032181046947
2019-04-22,0.8540816108652649,0.5979906798420164,0.7515891405363652,1.2717463113851575,1.200566154468257,1.3462639677167407,0.5562474055624741,0.3299396681749623,0.5796135909393737,1.1623679204097734,1.501269873015873,0.9187402589179677,1.4793388961970355,1.487948156531257,1.224246231155779,0.1276169222399692,0.9777242330606791,1.9476031133899057,1.8664902354444242,3.6244241897916374,1.9949423637694017,0.9672679355740074,2.77426584231639,2.0429583519198475,1.5115603604413403
2019-04-23,0.866581636056591,0.6061565621828895,0.7589429979206159,1.2825369301915879,1.23089369187222,1.374381697474616,0.5504358655043586,0.32202111613876316,0.5722851432378414,1.1597545413077026,1.5031745396825396,0.920489870149492,1.5015562627789256,1.511039082662327,1.2380652638190954,0.13067927737151636,0.9900661652598987,1.9773604324040783,1.8934111699215186,3.6944425548064874,2.020670753842906,0.978062580348564,2.8119255590243095,2.068658238332839,1.524924376680727
2019-04-24,0.8670918656354115,0.6107441391089851,0.7578212230653911,1.273948425456948,1.1459765467044076,1.3780265555844833,0.547945205479452,0.32051282051282054,0.5669553630912725,1.1393022863469542,1.5041270158730158,0.9230171252530545,1.4940431468078381,1.5136723620350894,1.2364949434673367,0.1281180358089743,0.9864539137130068,1.9753880801355967,1.8904910020076655,3.6521549122608934,2.007476723721058,0.9746500515258736,2.8022864648669255,2.0546713429023367,1.521582103401271
2019-04-25,0.8522958966251046,0.6421689997645472,0.7375046215566015,1.2488438449680688,1.0905782046097858,1.3889611559489716,0.5525114155251142,0.31485671191553544,0.5509660226515656,1.1441881003479581,1.501269873015873,0.9236002901166465,1.4988729955752493,1.5462831182151735,1.244032694723618,0.13207125950764168,0.9768211927507165,1.9791612299188646,1.8733345501003833,3.6531151212558353,2.124903808408042,0.9654572662569055,2.8950905874223136,2.0668586047062596,1.5210206797596015
2019-04-26,0.8433673509345063,0.6467107238592664,0.7555776733549419,1.2576525214710417,1.10068738374444,1.3793282999218954,0.5566625155666252,0.3088235294117647,0.5556295802798135,1.1537325155384044,1.5203174285714287,0.9323483657143928,1.5068155201634756,1.5521571511476029,1.2553392273869348,0.13251669379120176,0.9831426555345376,2.032415727361155,1.8643913487862749,3.7460249532084875,2.105442675275734,0.9710983068764761,2.9116789080547205,2.081140047743429,1.5281471060286012
2019-04-29,0.8614795698602151,0.6614368090914177,0.7545805650786277,1.271305879762167,1.1293974929235746,1.4014580057276753,0.5612287256122872,0.3137254901960784,0.5689540306462358,1.1755481950790092,1.5384126666666669,0.9383748238408792,1.5009123001161813,1.5551954740772833,1.2434045226130654,0.13157014593863656,0.982841692268462,2.0362747188382238,1.8672202956743933,3.7225959478323905,2.1416163323237933,0.9683822471866355,2.9089890403723597,2.1063325137648503,1.5297845492865059
2019-04-30,0.8719387532668685,0.6738233218427989,0.7715318420217434,1.283637987227483,1.1407197331176708,1.4118719083571987,0.5520963055209631,0.31221719457013575,0.5702864756828782,1.1698670226140888,1.5317460317460319,0.9410964413121391,1.5155092844372497,1.594288041204943,1.2754397298994975,0.1285634700925344,0.9951836244676813,1.998713703810019,1.831264829348421,3.699723704278667,2.1264431047754737,0.9768786677868561,2.9275947785789116,1.9442163666553682,1.5312400124164218
2019-05-01,0.8650509983405357,0.6677676881873142,0.7736507251532821,1.2591940101299275,1.1241406793368378,1.4032804478000522,0.5471149854711499,0.30731523378582204,0.5649566955363091,1.1631064160184885,1.5101587301587303,0.9375972188490905,1.523559086048279,1.5944906338766585,1.2804648241206031,0.12683741781166755,0.9948825407922172,1.989108953013387,1.9211535316663626,3.670917434430415,2.122374990292743,0.9788982653081207,2.8666217021604643,1.910844276920241,1.5197523999473077
2019-05-02,0.8660714319879737,0.6722176423932038,0.7770160497189562,1.2697643690817,1.0917913465426607,1.3894818797188233,0.5496056454960565,0.30995475113122173,0.5689540306462358,1.16458357198992,1.5177778095238095,0.9389580081445958,1.516367951408564,1.610694725758451,1.288002449748744,0.13090200008122493,0.9906682423037854,1.993396749906554,1.9086511407191094,3.6503688198277304,2.1168774639981573,0.9721429061116487,2.829186195265945,1.901896034356382,1.516524467929599
2019-05-03,0.8875000028698978,0.6755665551989459,0.7787610328270834,1.2728473684210526,1.1342498584714922,1.395990601405884,0.5383976753839768,0.30995475113122173,0.5736175882744836,1.1789569326449965,1.5257143174603174,0.9457621101431204,1.5242030487110239,1.6204172902656935,1.2999371545226133,0.1305122506510384,1.0003009933684226,1.989108953013387,1.932378171199124,3.7687434135304176,2.1492029406004267,0.9767393544603203,2.8894864629122066,1.939177913366674,1.5311411544123785
2019-05-06,0.88647956922246,0.6747866717090866,0.7751464124960833,1.271305879762167,1.1419328750505457,1.3923457432960167,0.526774595267746,0.3058069381598793,0.5656229180546303,1.172764392165336,1.514603142857143,0.9414852438080336,1.5250617049492692,1.6098846386446148,1.3081030778894474,0.14187081931389245,0.9936784168067906,2.062430305613324,1.9025369227961306,3.7458714042676884,2.1317208509638546,0.9776447448330593,2.8726740893818854,1.9457050791040449,1.5242954399642137
2019-05-07,0.8650509983405357,0.6636847447230891,0.7614358433963914,1.2589737502752698,1.1152446421350586,1.359281411090862,0.5151515151515151,0.2948717948717949,0.5516322451698867,1.1511760049727076,1.4828571111111113,0.9169906476864433,1.5023076527274368,1.5778813769066513,1.282349309045226,0.14192649859933745,0.9777242330606791,2.041420126563587,1.8512502281438221,3.6891229585661502,2.0865311738273067,0.9585625937338975,2.813718766785054,1.9206923362973898,1.499126804978037
2019-05-08,0.8609693657915978,0.652032331443845,0.7564501649090054,1.2431182779123542,1.0958350181965224,1.364488414475397,0.5168119551681195,0.29675716440422323,0.5502998001332445,1.1416315897822613,1.4771428253968253,0.9136858653515915,1.5003756144762395,1.5835527969121492,1.2861181218592965,0.14727171556998722,0.981336454505224,2.0508532025482102,1.8516151852527833,3.6829200468671863,2.0840021907862187,0.9610697391481228,2.8134947138871396,1.9078834300797254,1.4967200688333022
2019-05-09,0.8660714319879737,0.6530874557865393,0.7515891405363652,1.2462012772517068,1.0800646583097453,1.3657901327779227,0.5110004151100042,0.2933634992458522,0.546968687541639,1.1454948325077872,1.4746032063492063,0.9086314717852152,1.4889985937318577,1.5865911198418292,1.2763818781407037,0.1452672557260382,0.9671884416860793,2.0407340619094927,1.831721116992152,3.6485445168378225,2.0742166049769084,0.9425447438552753,2.8132705040737394,1.9015198135638336,1.4921978415749308
2019-05-10,0.8670918656354115,0.6573080173833933,0.7636793931068406,1.2468619026646115,1.0804690254751315,1.3730799791720907,0.5118306351183064,0.29675716440422323,0.5516322451698867,1.1478809135807087,1.4711111111111113,0.9166019229510483,1.4924332508840452,1.5837553895838645,1.2788945037688444,0.14097995074677225,0.9650812773906899,2.063202074751719,1.7994158788100019,3.6295515541116052,2.0708081606643707,0.9424055349928416,2.849809328630143,1.9046116604254224,1.497749260782433
2019-05-13,0.8198979127577064,0.6429948003118597,0.7494702574048265,1.2067826249724731,1.0303275374039629,1.3288206456651914,0.48816936488169366,0.28808446455505277,0.5316455696202532,1.1076582011667264,1.4025396825396825,0.9006610206193822,1.4725770091784265,1.5630949881121126,1.2741834170854272,0.1368040043383963,0.9629740829929534,2.054283517243088,1.6948348238729696,3.5003075655033786,1.9960417700728459,0.9152448057732377,2.7650749884538226,1.8518707483210202,1.4616077366525027
2019-05-14,0.8249999789540823,0.6629048658208068,0.7650504637273914,1.2166923585113412,1.0590376465830973,1.3447019526165063,0.49232046492320464,0.28959276018099545,0.5403064623584277,1.1151005257334274,1.3971427936507939,0.9037714405865365,1.4684985503595267,1.5681587921441928,1.2770100502512562,0.13880845861441674,0.964178146773686,2.027527578873788,1.7216645738273406,3.5337995419422854,1.9871358104607746,0.9284072826354839,2.7960098678321037,1.8329106992164692,1.4733239032547176
2019-05-15,0.8204081423365269,0.6629507186521831,0.7664215343479421,1.2122880202598547,1.0901738374443994,1.3540744077063267,0.49232046492320464,0.28921568627450983,0.5436375749500333,1.1157822380233555,1.3936508571428572,0.8911353205897224,1.4694644943536435,1.5707920715169552,1.2923995603015075,0.14075723917292074,0.96447923044915,2.0245261982289153,1.7422887388209527,3.593390167860491,2.048048489765206,0.9359983128629656,2.824927015805268,1.9045134108185886,1.4819266048923687
2019-05-16,0.8244897748854649,0.6618038244206592,0.7807552867722067,1.2195551860823608,1.0800646583097453,1.3691746940900809,0.49481112494811125,0.28883861236802416,0.5463024650233177,1.1313486789831,1.405714253968254,0.8923017669576548,1.4834175160119676,1.6027951914684058,1.307788913316583,0.14053451646321213,0.9816375682830351,2.0306147926368685,1.7346231064062787,3.663331641259444,2.055964938624462,0.9463055142086639,2.8901589354369217,1.9286754607974286,1.4951087673149637
2019-05-17,0.8096938568955648,0.6585466815037468,0.7776392455076937,1.2087645672759306,1.0889607763849576,1.3600625357979694,0.4894146948941469,0.28582202111613875,0.5343104596935376,1.1216338399810513,1.3930159047619048,0.8884137225585872,1.4877106791394372,1.5944906338766585,1.302449780150754,0.13953228375727336,0.9885610780083962,2.069976871023267,1.7247672933016973,3.58926122309221,2.0373832777586567,0.9354412615207538,2.870881060953126,1.9013890147565937,1.4863813190758965
2019-05-20,0.789795872709289,0.6512524525415625,0.772155037810481,1.1953314027747193,1.0695511928831378,1.3540744077063267,0.48692403486924035,0.2801659125188537,0.5289806795469687,1.120554485386786,1.392698380952381,0.8835536913599085,1.4856713638654364,1.5977313874363255,1.3062185929648242,0.13491090863326585,0.9966887418215308,2.1095103583782664,1.6708340573097282,3.569999374961557,2.009016020088489,0.9410125967271423,2.8294104050793454,1.8630273961402979,1.4763491697366984
2019-05-21,0.7984693418757821,0.67107074816168,0.7805060034710456,1.2074433384717023,1.0845127375657098,1.3894818797188233,0.49398090493980906,0.28355957767722473,0.5323117921385743,1.1311782551714975,1.4092063174603175,0.9006610206193822,1.482451411021818,1.610289682201533,1.3087310929648241,0.13635857005483618,0.9948825407922172,2.143383928107504,1.7028655594086513,3.5672148629767073,2.032105696496065,0.9502750943735662,2.844653646163335,1.8806622820176515,1.488891989583312
2019-05-22,0.7632652866513958,0.6560235004316635,0.75632553572259,1.1904866989649858,1.0622725434694702,1.368653996355116,0.48733914487339147,0.27677224736048267,0.5149900066622252,1.1107828630659502,1.380634984126984,0.8961897141560986,1.4893205750632301,1.6402674628370966,1.3187814698492462,0.13608017919553966,1.0087295903452862,2.1382385203821412,1.6680051104216098,3.571363031129067,2.0376032227906506,0.9495787297048187,2.8619142599884726,1.883590579657761,1.4846867691224155
2019-05-23,0.7525510012104336,0.6546931352361341,0.7648011804262304,1.189165382074433,1.0420541852001617,1.3267378026555587,0.4790369447903694,0.2726244343891403,0.5049966688874084,1.0906146837719648,1.3558729841269843,0.8856921050873271,1.5003756144762395,1.641077549950933,1.3165828517587939,0.13179286864834516,1.0159542138484583,2.1138838683313277,1.6395327979558312,3.4864804138652867,1.9886751068282058,0.9220001580054363,2.8285137227412305,1.866168366987361,1.4669979879707515
2019-05-24,0.7441326340782491,0.6512524525415625,0.7552037608673654,1.191807949790795,1.0242620299231702,1.331684509242385,0.4831880448318805,0.2707390648567119,0.508327781479014,1.0964662857296605,1.3638094920634922,0.8975505228917287,1.4902866693203105,1.6441158526253972,1.3175251570351758,0.13095767936666994,1.0234798006177062,2.123574332187854,1.6332359919693376,3.501459768286859,1.9907641998053063,0.9212340879235068,2.82985866779066,1.8542263275907984,1.4689836566441337
2019-05-28,0.7329081445686698,0.6534544665282038,0.7484730992718522,1.186522814358071,1.0315406389001214,1.3025253579796927,0.4782067247820672,0.2647058823529412,0.5043304463690873,1.0762413231168884,1.3387300952380952,0.8862752893910438,1.471181817563203,1.6256836869694893,1.315954836683417,0.12566814724939374,1.0006020770438868,2.0758082147688173,1.626482898339113,3.5267133128642767,2.026498120720114,0.9085591659184946,2.828065482446414,1.8553388159751574,1.456679924140884
2019-05-29,0.7247448794707939,0.6558400294676581,0.7387510629907369,1.1717683109447259,1.0307319045693488,1.2902890132777924,0.4761311747613118,0.2609351432880845,0.5096602265156562,1.0683444990718214,1.3393650476190477,0.8841368756636251,1.4095739489014478,1.6074539721987842,1.3103015389447237,0.1229398622625881,0.9951836244676813,2.078723882353796,1.6187260814017157,3.493605089711453,2.0031886532112804,0.9031966405236196,2.8007173100040954,1.8263999103221025,1.446611480344845
2019-05-30,0.718622430647387,0.6533626966393742,0.7326436096481262,1.1678044263378111,1.0424585928022643,1.2858630304608176,0.4748858447488584,0.2605580693815988,0.5023317788141239,1.0644812563462958,1.3279365714285714,0.875777602561773,1.4179457318438495,1.613935621104631,1.315954836683417,0.11943207284748086,0.9948825407922172,2.088157086972326,1.6271217740463588,3.488093499682577,2.012204519369033,0.9023609625283365,2.8184263658725315,1.8288373623557101,1.449647152686294
2019-05-31,0.6946428394223766,0.6427654077028243,0.7254144188427863,1.1341114292006167,1.0101091791346544,1.2392605571465765,0.4678289746782897,0.2552790346907994,0.49766822118587606,1.0367571915292082,1.291746,0.8625583177013669,1.40764191065025,1.6044156492691035,1.3040201005025127,0.1154231587275114,0.9897652019938228,2.0735786032623396,1.597645628764373,3.408876257599884,1.951291993995338,0.8843930742918886,2.77247247764016,1.8054115799686805,1.430518518493414
2019-06-03,0.6938775588296541,0.6378566636912867,0.7362582299791264,1.1473243338471704,1.0440760210270925,1.2442072637334027,0.46907430469074307,0.25377073906485675,0.5016655562958028,1.0407339952111352,1.293015873015873,0.8654743558606991,1.4107545864710653,1.6256836869694893,1.3165828517587939,0.11425389373316612,0.9996989163245359,2.0286424489439803,1.581493009673298,3.2506722139911934,1.8048378165422039,0.8933073861218019,2.686393035498923,1.695152901721546,1.4265627907155507
2019-06-04,0.7428571494169094,0.6557023379337983,0.7585690978972044,1.1959920942523674,1.0889607763849576,1.2744077323613643,0.48733914487339147,0.26659125188536953,0.5209860093271153,1.078741056044971,1.3485714285714285,0.888024900622568,1.4353332496583286,1.6422929641947126,1.326319095477387,0.11893095927847575,0.9987958760145732,2.0646599171198017,1.6393502463953276,3.3214782518875197,1.8416713086862444,0.9240894609398832,2.7608159883251293,1.7226685973902878,1.4571374134198731
2019-06-05,0.7744898016711785,0.6610698625758301,0.7679172216907433,1.2098656463334068,1.0659118883946623,1.3074720385316325,0.48609381486093817,0.2609351432880845,0.513657561625583,1.070560150651968,1.346984126984127,0.8915241425257414,1.4423098409855069,1.6546486460329888,1.3341708542713566,0.11870823656876715,1.0015050872515026,2.081896937810677,1.66581485672568,3.338646675412417,1.8490379719308843,0.9157323536661982,2.8206679932600762,1.7049518371132202,1.4690303569604428
2019-06-06,0.774999954719389,0.6530874557865393,0.7596908727524291,1.2043602510460252,1.0606550748079255,1.3012236396771675,0.481527604815276,0.25452488687782804,0.5096602265156562,1.0783433342042192,1.3590476507936509,0.89269049169305,1.4669957704625043,1.6495848420009085,1.341394440954774,0.11753897714235043,1.0174593010999606,2.0737501494404413,1.6902719474356636,3.369104475925699,1.850797224325362,0.9208162454437284,2.8652767795275325,1.7084199047673574,1.4780437202099785
2019-06-07,0.7887754900822579,0.653041602955163,0.7544558984997171,1.2127284739044264,1.0339668418924384,1.3113772194740954,0.4790369447903694,0.2549019607843137,0.5103264490339774,1.0783433342042192,1.3555555873015872,0.8870529138229571,1.4870667164766924,1.6702451016861475,1.3479898869346734,0.11826280228520704,1.030704424120878,2.116199312956013,1.7352618361014784,3.4644917219816023,1.905992432303214,0.9284072826354839,2.945527708013277,1.743918724936138,1.4935597762016342
2019-06-10,0.78469385753332,0.6532250739191682,0.7558269566561029,1.2052411363135873,1.04609789729074,1.3095547774017184,0.48277293482772937,0.2598039215686274,0.5129913391072618,1.1028291704845092,1.374285746031746,0.8994945742514497,1.4921112695526728,1.6706502870295783,1.3527010050251256,0.1207126908447876,1.0301023470769914,2.1279478335653215,1.757437488592809,3.573187334118975,1.9221551706043487,0.9383662424504837,2.9724277746597676,1.7673772577374072,1.5005198308719478
2019-06-11,0.7801020209157647,0.6544637426270986,0.757322643998904,1.2085443955075976,1.060250667205823,1.3168446237958866,0.4865089248650893,0.2631975867269985,0.513657561625583,1.1062946913692833,1.3863491428571428,0.899300134123253,1.5002683481865051,1.6807778950937389,1.3401381281407034,0.12321825312188464,1.026489975120711,2.1084812013679683,1.7777878810001826,3.579082913645346,1.958218932101779,0.9467929576375222,2.961219525639554,1.7646616333042515,1.4999948290379146
2019-06-12,0.7933673266998131,0.6601064393083115,0.7598154894746795,1.2210966967628276,1.0691468257177517,1.3228326217130957,0.47696139476961397,0.2594268476621418,0.5049966688874084,1.080672631958354,1.3530158412698412,0.8730560045306377,1.5206611145360331,1.695564121846549,1.3530151381909548,0.12032294141460106,1.0427452726446336,2.09673268075866,1.772129987223946,3.5629898012880328,1.9245739282432304,0.9392715283591203,2.9475454394183944,1.7618970828276854,1.496938470768927
2019-06-13,0.8441326315272288,0.6696486084897442,0.7747725000085068,1.24465976657124,1.0942175090982613,1.3637073939078366,0.4790369447903694,0.25904977375565613,0.5049966688874084,1.0876604513655164,1.3634920952380953,0.880443271392754,1.510250188048732,1.6791574575482573,1.3347989949748744,0.12149220084101779,1.045153520615487,2.1006775139295297,1.771764847599927,3.59175786057954,1.951291993995338,0.9454697317492786,2.966151177624946,1.7811023559754808,1.5030719995456372
2019-06-14,0.8336734481205753,0.6513900706741915,0.7867380860000716,1.2329883726051531,1.078447230084917,1.349127831293934,0.47530095475300954,0.2560331825037707,0.5009993337774816,1.0888535373513568,1.3593650793650793,0.8862752893910438,1.5035955673198576,1.6767267708472104,1.3429647613065328,0.1195434202825138,1.0400360614077042,2.104193404474801,1.7588976455557583,3.590547987643823,1.9937329079845931,0.9412215179670315,2.969065098205221,1.7755075578876902,1.5006497806629977
2019-06-17,0.8306122492190753,0.6496009202605912,0.7792595994294056,1.22594137855098,1.0541852001617469,1.3324655037750588,0.47322540473225405,0.2571644042232278,0.4996668887408394,1.084138152843128,1.3495237460317462,0.880054449456735,1.4966191369887116,1.6872595642548018,1.3467336997487438,0.12249442797902801,1.036724803229235,2.1093388122001646,1.7693922248585507,3.621965997152047,2.078174834904063,0.9398286841654344,2.9780318991698747,1.7872041736630597,1.5020480102663412
2019-06-18,0.8295918155716374,0.6532250739191682,0.7844945362896223,1.2338691697863906,1.0646987464617872,1.3460036709190317,0.481527604815276,0.2669683257918552,0.5063291139240507,1.1077149844855134,1.375873015873016,0.8961897141560986,1.5050981969539163,1.7113631701714234,1.3527010050251256,0.12494432210653711,1.0487657721623789,2.1070233675754793,1.8110056214637709,3.651425143822648,2.0722375724762254,0.9497876509447079,3.0298139648102675,1.805362455983206,1.5166440113413815
2019-06-19,0.8471938304287289,0.6546013607597276,0.7834974280133082,1.2411363356088967,1.0501414880711686,1.3410569643322054,0.48692403486924035,0.2703619909502262,0.5096602265156562,1.1114645753558783,1.3695237777777778,0.8874417357589762,1.5074594828262204,1.728985268968711,1.3662060301507537,0.1273941995302606,1.0605056875224053,2.145527826554088,1.8057126847964957,3.665674729805975,2.0613524154376828,0.9546626214823489,3.0416946639386984,1.803284849535027,1.5211714417893867
2019-06-20,0.8201530913226253,0.6400128340217054,0.7568241147890772,1.2325479189605815,1.0505458956732714,1.3413173652694612,0.49066002490660027,0.2703619909502262,0.5096602265156562,1.1118054343414285,1.379682507936508,0.8915241425257414,1.5263497912707906,1.7135912439455387,1.3693466708542714,0.1353006580634524,1.0764598712685167,2.1246890736241397,1.8202227413761634,3.6837264707099164,2.0838923062306423,0.9669894133850383,3.069939339387148,1.8181551865716992,1.5355802595468047
2019-06-21,0.8053571223123183,0.6198275230723466,0.7737753917321928,1.2329883726051531,1.0388192883137888,1.3342879458474357,0.48567870485678705,0.2707390648567119,0.5023317788141239,1.113168944138872,1.383492126984127,0.9115474321840481,1.5250617049492692,1.7129836279721211,1.371545163316583,0.13262805793002033,1.071643495736198,2.1634507918407446,1.8140171564154044,3.670494998164762,2.1015943408992084,0.9694268464218077,3.070387759013949,1.835266478064196,1.5336466217301605
2019-06-24,0.8117346731700339,0.6185430061206167,0.7780131579952702,1.234750055053953,1.0400323089365144,1.3335069252798752,0.4840182648401827,0.26772247360482654,0.5009993337774816,1.121974778503016,1.3673015873015872,0.8994945742514497,1.5354728031656715,1.7320235716431756,1.3743717964824123,0.13229398221735025,1.0653220329523772,2.1408112242448225,1.812192005840482,3.6754880369280096,2.1176471946447673,0.9704715501210822,3.0885450775936993,1.8248622751017847,1.5309905192135895
2019-06-25,0.797448959248751,0.6170749493912276,0.7720303712315704,1.2314467738383617,1.039627941771128,1.327779224160375,0.4806973848069738,0.2684766214177979,0.49566955363091275,1.1138506621099724,1.354285714285714,0.896967338588012,1.5481378994985058,1.7265545822676642,1.3743717964824123,0.13574609234701251,1.0593015635369787,2.12383159142585,1.7847235626939222,3.6070635362667893,2.0763056869589565,0.9635768845623479,2.9910331766188483,1.7771434427148418,1.5164516248341258
2019-06-26,0.80255097442472,0.6303330421200668,0.7716564587439938,1.2415767672318874,1.060250667205823,1.319968784170789,0.4865089248650893,0.2779034690799397,0.5023317788141239,1.1192477589081296,1.3647619682539682,0.890357696157809,1.522485875764428,1.6921207756151666,1.3501885050251254,0.13919821361253185,1.0526791073847348,2.0878998277343297,1.8233254608505203,3.644626789242159,2.0633316128641543,0.9646911892107023,3.0022414256390624,1.7664285165165916,1.5145804237336875
2019-06-27,0.8201530913226253,0.6435911348489061,0.7866134692778212,1.251266240916098,1.093813141932875,1.3210102056756055,0.4989622249896222,0.28431372549019607,0.5069953364423718,1.1323713354761655,1.380634984126984,0.8998833961874687,1.5100354730070937,1.6979948085475958,1.3640075376884422,0.13830734504541162,1.052077060443195,2.112511739023139,1.8227779156780435,3.6570136254674206,2.08356246564802,0.9646911892107023,3.0071730776244547,1.760228449222179,1.520370930804353
2019-06-28,0.8318877593906183,0.6583172888947112,0.7965847888600976,1.249724730235631,1.109179134654266,1.3220515230408747,0.4968866749688668,0.2877073906485671,0.5069953364423718,1.1623679204097734,1.3907936825396825,0.9199067052859001,1.4949018137791523,1.6983998318492979,1.3605527638190955,0.14042315232439356,1.0565923221977025,2.0925305969253873,1.8061690089432378,3.6365611277851295,2.1220451497101203,0.9603732700152731,3.002914234411248,1.7682443241364574,1.529124394471789
2019-07-01,0.8387755143169512,0.656390515760905,0.7940919433843223,1.2726271966527196,1.1180752122927617,1.3418380890393127,0.4997924449979244,0.28808446455505277,0.5116588940706196,1.1752073417746316,1.395238126984127,0.9270995320198199,1.4957604807504665,1.7166295668752192,1.3746859296482412,0.13953228375727336,1.0638169457008746,2.080782067740485,1.8392955283810914,3.6914081426694505,2.1220451497101203,0.9741626080970153,3.0414702972098118,1.7961196658126792,1.5408562969541018
2019-07-02,0.8211734229292494,0.648820972544655,0.7863641735124951,1.2891433825148646,1.1148402749696724,1.3389742254621193,0.4968866749688668,0.2861990950226244,0.5129913391072618,1.170207881599639,1.3914286349206348,0.9181570940543758,1.5029516153901816,1.7320235716431756,1.3888191268844223,0.14047883717776713,1.0695363615431557,2.0921876246274964,1.8500638437671109,3.7146838353161606,2.144035254888464,0.9765304332204312,3.06164534719468,1.8178770141721512,1.545368118353005
2019-07-03,0.8346938817680133,0.6568492321653222,0.7957122973060341,1.302576569037657,1.1083704003234938,1.3509502473314243,0.502283105022831,0.2944947209653092,0.5163224516988675,1.170548734904017,1.3965079999999999,0.9265163477161031,1.5255983905892108,1.760178322061542,1.3944724246231157,0.14287304645190269,1.072245572780085,2.1028214123761133,1.865395181602482,3.723690482384053,2.1682243375994834,0.9857232184893995,3.0813719775527466,1.8347756324576943,1.5572247674367339
2019-07-05,0.8280611778555823,0.663959990163501,0.7985790552693859,1.292666835498789,1.1322280630812778,1.3506899505337153,0.5085097550850975,0.30279034690799395,0.5223184543637575,1.1811157213699415,1.4034920317460318,0.9286547614435219,1.5087475584146732,1.73384646007386,1.3793969221105529,0.14075723917292074,1.0541841946362374,2.1180859521646003,1.8637524730790291,3.731199382018709,2.1594282625429884,0.9846090183051471,3.0724051765880933,1.8511508559363294,1.5544125728697482
2019-07-08,0.8364795960081735,0.6711625180505095,0.8061821959547977,1.3074212508258094,1.1370805095026284,1.3558969539182506,0.49937733499377335,0.28431372549019607,0.519653564290473,1.1689012346573973,1.380634984126984,0.9239891120526654,1.5130407215421426,1.7022483836793272,1.3599245917085427,0.13858573590470816,1.0445514736739472,2.12537512970264,1.8253331264829349,3.7492703463067296,2.1523914398809714,0.9789679707213028,3.0701637285325325,1.826219987529388,1.5468962972275992
2019-07-09,0.8255102085329028,0.6610698625758301,0.7938426600831612,1.2983924025545035,1.09502628386575,1.3457432699817757,0.49564134495641343,0.27450980392156865,0.5163224516988675,1.1803772257612266,1.389841238095238,0.9298212078114543,1.5177633040198195,1.7188576609045505,1.3621230841708543,0.13914253432708681,1.0445514736739472,2.109596071438161,1.8364665449899618,3.8183671833857895,2.190324503254244,0.9703322367945466,3.0589554795123184,1.8400922581459367,1.548809122805508
2019-07-10,0.840306075502396,0.6679512279649735,0.7844945362896223,1.3096234529839244,1.1010917913465426,1.3501692527987503,0.49854711498547116,0.2790346907993967,0.5183211192538308,1.1701510982808523,1.3749206666666667,0.9166019229510483,1.5156167224560848,1.7180474320042014,1.3837940012562815,0.13875277932897173,1.0457555976593738,2.12228791593956,1.8546267202044169,3.8742705222650278,2.22902696742255,0.9782715015884531,3.0901143893720158,1.8656938949520943,1.5557953197351868
2019-07-11,0.8426019938111735,0.6629048658208068,0.7891063022894316,1.3248183219555165,1.0679336837848767,1.3496485290288989,0.506434205064342,0.28205128205128205,0.5269820119920053,1.200715834547987,1.4025396825396825,0.9164074633827268,1.5038102823614958,1.6406725063940146,1.3498743718592965,0.13290645992517394,1.027995212883949,2.2396021075413595,1.8411206424530024,3.8428907233135488,2.2125343885387925,0.9836340200190546,3.1024431942962747,1.8717957142755577,1.5593506649296378
2019-07-12,0.8617346463843202,0.6820350524274713,0.8006979384009247,1.3576305219114733,1.117266437525273,1.367091851080448,0.5110004151100042,0.28921568627450983,0.5243171219187208,1.2154300485074412,1.4244444126984126,0.9206843297178136,1.4414511740141929,1.6149484426766951,1.3316583542713567,0.13145879850360362,1.003612251546892,2.2802503363326445,1.8552655959116628,3.861960577655663,2.2525563689683246,0.9940804302271865,3.113651443316489,1.8729245778670365,1.5665551374837445
2019-07-15,0.8573979628214805,0.6800165094048355,0.7897295105423341,1.3587315789473686,1.1378891629599677,1.3605831293933874,0.5093399750933998,0.29298642533936653,0.519653564290473,1.202022481490229,1.4104761904761904,0.9080482097209994,1.4458517751604973,1.6398622774936658,1.3426507537688441,0.1305122506510384,1.0099337143307128,2.280764846233043,1.8726958204051833,3.881145534170419,2.242001217438193,0.9981197227695444,3.113651443316489,1.881823696445421,1.5668306461149457
2019-07-16,0.8729591869143065,0.6814845661342246,0.8152810863038358,1.390883065404096,1.1690254751314193,1.3871387399114814,0.5134910751349108,0.3005279034690799,0.519653564290473,1.2244063123643605,1.4104761904761904,0.8806376337604517,1.422131617948516,1.6526230028888598,1.3457913944723618,0.12900890437609452,1.013245002611529,2.2696166857935283,1.8662164628581859,3.8598481639568227,2.2412314757965306,0.9995821644844951,3.072853596214894,1.8871239469265435,1.5614975014922732
2019-07-17,0.8484693150900685,0.6782732760486885,0.7949644349383859,1.370843426558027,1.1144358673675698,1.3616245508982037,0.5114155251141552,0.2971342383107089,0.513657561625583,1.2117941038110647,1.3895238095238096,0.8788880225289274,1.415262464640173,1.659307264721638,1.3423367462311557,0.12756124295452417,1.0285971394161004,2.286682031672395,1.855721920058405,3.8255303040796953,2.2188016454799886,0.9963786544015224,3.054696277635143,1.8752965323439343,1.5512989810741882
2019-07-18,0.860714314777696,0.6759335659406105,0.802193675600386,1.3798722748293328,1.1140315002021834,1.3652694350429577,0.5159817351598174,0.29901960784313725,0.519653564290473,1.21872513989944,1.4104761904761904,0.8907465180938281,1.4175164734896741,1.67490386216131,1.352386966080402,0.1286191493779794,1.0376279338462393,2.2347997921722,1.8768023726957472,3.798394788280552,2.207586647858823,1.0420642744498718,3.0580586178422187,1.875263781929695,1.55685573030232
2019-07-19,0.8438775805133271,0.6601064393083115,0.791349864464046,1.3413345078176613,1.1051354630004042,1.3543348086435827,0.5080946450809465,0.2911010558069382,0.5176548967355097,1.2130439674345195,1.4092063174603175,0.8948289248605933,1.3986261757781726,1.6485720204288439,1.343278894472362,0.12906458366153953,1.0126429255676421,2.200926093809055,1.8487862383646652,3.772699587894239,2.180978642583133,1.0424124045521945,3.06254185020081,1.8487134039027218,1.5472394457646401
2019-07-22,0.8392857438957718,0.666850186564826,0.7836220447355586,1.3497027306760625,1.0958350181965224,1.3715178338974228,0.5110004151100042,0.29411764705882354,0.5209860093271153,1.2157709074929914,1.4126984126984128,0.9035770004583398,1.3807019615906826,1.644926081525746,1.3448492462311559,0.12951001794509961,1.0141480429214917,2.1895206655559503,1.8910385106771308,3.813239582854409,2.224519116806568,1.0428303445318015,3.1031156668209894,1.861751356898575,1.5516161141828602
2019-07-23,0.8604591617229805,0.6774016272575764,0.8114171203508493,1.3893415547236294,1.1192883137889202,1.4090080447800053,0.5234537152345371,0.2997737556561086,0.5269820119920053,1.2466196342093028,1.4317459682539682,0.9175739097506592,1.3828485431544175,1.6615353587509694,1.3533291457286434,0.1316815100774551,1.0213726363223166,2.1868621285750613,1.9058221938309912,3.830254457438507,2.2249588529398197,1.0472874795539378,3.122393855135758,1.875067483929861,1.5622407789507344
2019-07-24,0.8823979366735221,0.6824938376455425,0.8172753028564638,1.390883065404096,1.1544682167408007,1.4246290288987244,0.5180572851805729,0.2986425339366516,0.5316455696202532,1.2613907167051308,1.4444444444444444,0.9418740657440526,1.3929376600394474,1.6558639184902555,1.3470477072864322,0.13246102564161383,1.0210715526468526,2.1535889104400234,1.9042708523453185,3.8423916316434115,2.2502475068800716,1.0448499420530661,3.154449626665554,1.8613262116985008,1.5695647949166236
2019-07-25,0.8079081426554046,0.6973575455978998,0.79596159307136,1.3704029949350365,1.0917913465426607,1.4295756313460037,0.5035284350352844,0.29788838612368024,0.5216522318454364,1.2497442961085263,1.4244444126984126,0.9348756013778305,1.4073199293188778,1.6558639184902555,1.3401381281407034,0.13090200008122493,1.0015050872515026,2.1327501489344813,1.88921339660522,3.790559333089224,2.2068170821380018,1.0473570805030177,3.1425689051206254,1.8520179223353797,1.5613051149850175
2019-07-26,0.7969387551801338,0.7002018891678483,0.8091735706404001,1.3688614842545694,1.0962394257986252,1.386357719343921,0.5002075550020756,0.29901960784313725,0.5243171219187208,1.2620156456762721,1.4520635555555554,0.9583981329393105,1.4031340432142114,1.649382249329193,1.3533291457286434,0.1325723730766468,1.0192655021292742,2.1691107094665063,1.8957839386749407,3.7314682693435626,2.1962617546870287,1.0541124396994899,3.16834774336813,2.0455268023386437,1.5728395546014367
2019-07-29,0.7841836534647026,0.6980457234250064,0.7973326512277459,1.3754679365778464,1.0691468257177517,1.376724837281958,0.49813200498132004,0.29524886877828055,0.5176548967355097,1.2516759572394964,1.4358730158730157,0.9385692056487014,1.4277128566644381,1.670852737914781,1.3018216394472362,0.13608017919553966,1.020469626114701,2.176657274876449,1.9134877897426539,3.6727032906521653,2.15437062631239,1.0507696162899816,3.161398696225091,2.0275320692399768,1.5702976659958177
2019-07-30,0.7834183218515735,0.6939168629033281,0.797831230294233,1.3792116494164282,1.079256004852406,1.3681332725852644,0.49522623495226237,0.2922322775263952,0.508327781479014,1.2578115496463687,1.4180951746031747,0.9438180393432745,1.4176237505124771,1.6866517862396555,1.218278925879397,0.13724943862195638,1.0078265801376705,2.186176063920967,1.9052746851615259,3.6459712220255907,2.166465085205006,1.0430392657716905,3.1461556344730863,2.0041879616747127,1.5662484102345406
2019-07-31,0.7783163066756045,0.6874484299008795,0.7897295105423341,1.344197335388681,1.0509502628386573,1.3415776881020567,0.5010377750103777,0.2944947209653092,0.4983344437041972,1.2505965231088167,1.4146032063492064,0.9410964413121391,1.3976602317840554,1.6809803459789416,1.2198492462311559,0.133463241643767,1.0099337143307128,2.135408565857057,1.9441503194013507,3.58499795084679,2.135569020414591,1.0323839343236696,3.054696277635143,1.9903484398365188,1.5491989721786572
2019-08-01,0.7612244703769268,0.6795577930004183,0.7869873693012327,1.3283417749394408,1.0489284674484431,1.3267378026555587,0.49107513491075133,0.2869532428355958,0.4903397734843438,1.202136127664217,1.3628571428571428,0.9148522922793991,1.3984114607365346,1.695159078289631,1.201319095477387,0.13279509578635537,1.0156532505823823,2.137466751243746,1.9020805986493885,3.5629898012880328,2.119076441530834,1.0468696370741593,3.0948216746285215,1.9778011312333341,1.5352580500794952
2019-08-02,0.751275516549094,0.6773557056125462,0.7886077232229445,1.3241576965426118,1.0954306510311362,1.317885941161156,0.48733914487339147,0.29751131221719457,0.49233844103930713,1.189467050574547,1.3371428253968254,0.9222395008211411,1.4067834046749683,1.7109581266145053,1.1934673366834172,0.13307349221358042,1.0249848878692085,2.144327251999595,1.8618361379813835,3.5013828766709625,2.078284884385428,1.0254892687649353,3.0688184472356324,1.9532301084118215,1.524077164859585
2019-08-05,0.7278061293927007,0.6684558660144209,0.7667954343713537,1.2732878220656245,1.0012131014961585,1.2746680291590733,0.4719800747198007,0.2884615384615385,0.4736842105263158,1.1457788229569634,1.2853968888888887,0.896967338588012,1.3970162798543795,1.683613625351704,1.1608039886934673,0.1298440936577697,1.0141480429214917,2.1015349961278194,1.7643730242745028,3.3897874160851034,1.9981308630499461,0.9802910991097179,2.9636853628404984,1.8850627156854844,1.4786934691652271
2019-08-06,0.7234693948094543,0.6734563065135574,0.778636403640668,1.2946487778022462,1.0359887181560856,1.2941941942202553,0.47737650477376503,0.2877073906485671,0.4790139906728848,1.1703783110924142,1.3085714603174605,0.9123250566159614,1.4035634518313502,1.7085274399134585,1.160489981155779,0.12572382653483874,1.02016851233689,2.1291484166954087,1.7977733162985947,3.433380810354977,2.0286970982527905,0.9800821778698287,3.01927816589827,1.9139033733675903,1.4979416478094878
2019-08-07,0.7303570987153801,0.6746490535764575,0.7866134692778212,1.3045585113411142,1.0428629599676507,1.2999218953397553,0.47447073474470736,0.2816742081447964,0.4776815456362425,1.1688444513386103,1.2876190793650795,0.8905521362860057,1.3975529654943213,1.7065019588110586,1.1488694095477388,0.12466591454345496,1.0198675490708142,2.1134550629152296,1.8163897791567807,3.444077669147051,2.0357339209148075,0.9688000896664138,3.0325038324926292,1.9205124118687906,1.499090383170401
2019-08-08,0.7418367157694715,0.6823562149253365,0.8043125587319249,1.3219554943844969,1.075616659927214,1.3145014839885447,0.4806973848069738,0.28883861236802416,0.4676882078614257,1.1760027002385478,1.3101587301587303,0.9020218293550123,1.4133304263889754,1.7162245233183009,1.1579773555276383,0.12667037438740397,1.0415411486592068,2.123488490494053,1.8564518342763279,3.5199149582837874,2.090819244337083,0.9756947552251481,3.1134273904185745,1.9709141199105344,1.5272167720835137
2019-08-09,0.7341836802504162,0.6704743402234028,0.7968340721612587,1.3109447038097335,1.0400323089365144,1.3134600624837283,0.4806973848069738,0.2839366515837104,0.4623584277148568,1.175434548905021,1.3174603174603174,0.9000777585551664,1.4171943311622697,1.732226022528378,1.1416456658291456,0.12594654924454735,1.050872936457768,2.132149925974188,1.8341851067713086,3.4713090656551757,2.0654206948462024,0.948046582576686,3.0869761020628537,1.9434475498631518,1.5171117796488425
2019-08-12,0.7051019973188266,0.6610698625758301,0.7741493042197692,1.2917859502312266,1.0351799433885969,1.3030460557146577,0.4686591946865919,0.2620663650075415,0.4530313124583611,1.1448698978554732,1.281269873015873,0.8831648694238894,1.416013693592652,1.7364797394466223,1.1114949434673367,0.12416480097444985,1.0502708594138814,2.0855843831096443,1.8295308997992334,3.427792563001199,2.038152843479478,0.9340483232550545,3.043936111994259,1.9216902015036799,1.4984250251660505
2019-08-13,0.701785696383018,0.6544178209820685,0.7624329516727053,1.2957498348381415,1.0343712090578243,1.2996614944024996,0.472810294728103,0.2718702865761689,0.4530313124583611,1.1595841174961001,1.291746,0.8934681161249635,1.4320060197919076,1.7435690448363184,1.1055276695979899,0.12633630424266243,1.0605056875224053,2.13720949200575,1.9070085782077022,3.5034952903698025,2.072017627444232,0.9456786460248944,3.106926762902337,1.9585958597214232,1.5210987255249093
2019-08-14,0.6658163095455023,0.6514359235055679,0.7382524963884147,1.2602950891874036,1.0,1.269461025774538,0.4549605645496057,0.252262443438914,0.44103930712858097,1.1110100758775123,1.248571492063492,0.8547823066637308,1.3980894901382308,1.6892850656124179,1.0753769472361807,0.11737193371808684,1.037928927214662,2.0855843831096443,1.8502463953276145,3.3856200245486647,1.9759209777653979,0.9140608932115297,3.003362317790578,1.904644409203777,1.4765415567637532
2019-08-15,0.6482142691782075,0.6463437085300249,0.7356350217262239,1.2576525214710417,0.9615851597250302,1.2551418640978913,0.4566210045662101,0.24283559577677227,0.4390406395736176,1.1145323743999005,1.2412697777777777,0.843312633034849,1.401094727940211,1.6905003178144686,1.0829145728643215,0.11625834244125804,1.0403371450831682,2.0945887823120763,1.8410294214272678,3.410892790589743,2.007586608276634,0.9187269425092817,2.9966373011289553,1.9095029396997572,1.4801801509131456
2019-08-16,0.6579081719921385,0.6551518516405515,0.7523370153681784,1.2781325919401014,0.9995955923978973,1.2962770372298882,0.4678289746782897,0.2616892911010558,0.4490339773484344,1.1329394015921053,1.2679364761904761,0.8629471201972614,1.4098959302328202,1.7229086433645662,1.0882538316582915,0.11859687242994857,1.0445514736739472,2.1069376545155847,1.8844679686074102,3.442483572422845,2.0197911276456666,0.931541184805103,3.0515579903259815,1.92641793319242,1.5015334142917758
2019-08-19,0.6658163095455023,0.6516193944695733,0.7552037608673654,1.281435785069368,1.0161746461787304,1.318406638896121,0.472810294728103,0.2658371040723982,0.4530313124583611,1.1487330553634119,1.2815872698412698,0.8796656469608407,1.4194483507448394,1.745797118610434,1.104899497487437,0.12154788012646278,1.0517759767677308,2.0985336154829466,1.91960219018069,3.487709510185082,2.046948918535973,0.9404554409208284,3.1026675834416593,1.9605260909414093,1.5197107754698371
2019-08-20,0.6589285546191694,0.6490503651536905,0.7492209741036654,1.2702048007046907,1.0279013344116459,1.3022650351470972,0.46824408468244083,0.26282051282051283,0.4457028647568288,1.136120846810116,1.2666667301587302,0.8685847758278533,1.401738851598988,1.7348593019011405,1.086997518844221,0.11837416085609707,1.044852436940023,2.0595146380283453,1.9196933747034133,3.4594025682183793,2.0210005944255283,0.9262483717876835,3.076888408946685,1.9347445297066526,1.5076826789485838
2019-08-21,0.6739795746433782,0.6574456401035993,0.7454817245862498,1.2774718784408723,0.9745248685806713,1.3171049205935956,0.47073474470734744,0.2643288084464555,0.447035309793471,1.1400976504920428,1.2679364761904761,0.8748056157621621,1.4117205304651825,1.7603809147332574,1.0951632851758795,0.12472159939682852,1.046959601235412,2.0611440179989367,1.9405000912575288,3.5019590961684086,2.0181419357276065,0.9349537136277933,3.111185606115544,1.9487478003442744,1.520116234411887
2019-08-22,0.6767857225309765,0.6519864097988147,0.7444845789174407,1.2763708214049772,0.9785685806712495,1.3327258266076545,0.47654628476546285,0.2703619909502262,0.45236508994004,1.1499829189868669,1.2784126984126984,0.8868584736947603,1.408929986238703,1.756532362903228,1.1017588567839196,0.12305122083347815,1.0403371450831682,1.9975988337398265,1.9388575287461214,3.465701594917319,2.0015392963674317,0.9354412615207538,3.0885450775936993,1.9459341258822338,1.519346941525057
2019-08-23,0.6484693712125161,0.6454720597389129,0.7220490818129472,1.2376128826249726,0.951475980590376,1.316323900026035,0.4686591946865919,0.26282051282051283,0.44503664223850764,1.1146460205738888,1.248571492063492,0.8635303045009779,1.3709349119015757,1.7204780984500325,1.0785175879396987,0.11876391585421216,1.0358217629192725,1.9780464970581726,1.849242562511407,3.360001713857831,1.9543705977252535,0.9023609625283365,2.9901366511962193,1.8833779064508072,1.4799254540008808
2019-08-26,0.6426020499336211,0.644187542787183,0.7276579685532356,1.2393745650737724,0.9441973311767085,1.319708383233533,0.47364051473640517,0.26659125188536953,0.4457028647568288,1.1342460485343473,1.2749206349206348,0.8744168132662676,1.3716862267186052,1.7395179003345738,1.0942211055276383,0.11959910513588735,1.0376279338462393,1.9816482292972455,1.8843767475816755,3.396969760163088,1.983067695978044,0.9052859434580665,3.0363145923265056,1.9121694401474383,1.496179457430368
2019-08-27,0.6237244993947831,0.6368474609936225,0.7230461900892613,1.2362915437128388,0.9502628386575009,1.3145014839885447,0.4694894146948942,0.26885369532428355,0.44370419720186544,1.125269869895015,1.2631746349206348,0.8699455845634834,1.3914350304053884,1.732226022528378,1.0785175879396987,0.11681514086363672,1.037326850170775,1.9117570627582792,1.8631137433838292,3.3834499426180065,1.9934030674019705,0.9135037374052157,3.042815556090214,1.9104516809205727,1.49138692421063
2019-08-28,0.6461734529037384,0.6410680225904766,0.7321450804382994,1.248183219555164,0.9704811969268096,1.3319448060400938,0.47114985471149856,0.26998491704374056,0.44103930712858097,1.1386205740570259,1.2819047936507937,0.8839424938558028,1.381131219944858,1.7516711515428631,1.1017588567839196,0.11692649943452674,1.0328115583139206,1.9496612987765947,1.8756159883190364,3.3880974386519163,1.9984607036325688,0.9245769113330151,3.038780429527451,1.9156538830086953,1.5011487675884612
2019-08-29,0.671428554300292,0.6491421350425202,0.7473513244166277,1.2746091389561771,1.0052568135867368,1.3616245508982037,0.47862183478621834,0.2722473604826546,0.44503664223850764,1.1557777376257756,1.3107936825396824,0.8979393448277477,1.3764087984632134,1.756532362903228,1.1096106155778895,0.1197661429922224,1.030704424120878,1.977703396126375,1.9073735718196752,3.4306347432178668,2.0403519859379435,0.9393412407365761,3.0961665972614525,1.951365176806481,1.5201942801771948
2019-08-30,0.67117342675578,0.6513900706741915,0.7443599497310253,1.2741687073331867,0.9870602507076426,1.3621452746680554,0.48484848484848486,0.27337858220211164,0.4423717521652232,1.1584479000466332,1.3171429206349206,0.9053266116898642,1.377696723788703,1.7514685588711476,1.1165200690954773,0.11881959513965717,1.0288982230915644,2.006688946002153,1.904909691549553,3.4112193461464146,2.0414513922413873,0.9438679767077923,3.09033844226993,1.9435947238775113,1.5211714417893867
2019-09-03,0.6762754929521558,0.6494173804829321,0.7532094944580771,1.2616164060779564,0.9547109179134654,1.337672507159594,0.48277293482772937,0.27526395173454,0.44103930712858097,1.1303828910264087,1.3012699047619047,0.8959953517884012,1.3817753328705662,1.7551145180294616,1.1344220791457287,0.11998885456607389,1.0334136353578074,1.977703396126375,1.877167329804709,3.4372408697188224,2.005387630743957,0.933909114392621,3.0495402365043662,1.9113514977338626,1.5106767273323611
2019-09-04,0.6887754926332782,0.6572621645520169,0.7699114756358666,1.2602950891874036,0.9389405175899718,1.3564175475136684,0.49149024491490245,0.28205128205128205,0.4457028647568288,1.146062898623727,1.3184126666666665,0.9039658029542341,1.3830632581960558,1.742961408607685,1.1253141331658292,0.11876391585421216,1.041240185393131,1.9443443448731297,1.9090162803431283,3.457943031341888,2.057614130542522,0.9493698084649295,3.085182737386624,1.9326507492651874,1.5270556036744616
2019-09-05,0.7063775585107765,0.6763464341012282,0.7901034105657456,1.281435785069368,0.9640113222806308,1.367352252017704,0.5047737650477376,0.2948717948717949,0.45569620253164556,1.1762867759053113,1.348254,0.9257387232841898,1.380058009661007,1.7439740681380205,1.1413316582914574,0.12093540241863912,1.0316074343284938,1.968870543102045,1.9463405730972805,3.5349517466461835,2.0989554733025444,0.9817536383244971,3.1394306178114637,1.9816781700942592,1.5469223126559681
2019-09-06,0.7089285788538627,0.6764382039900578,0.7863641735124951,1.2768112750495486,0.9789728669632025,1.357458969018485,0.5076795350767954,0.2960030165912519,0.4576948700866089,1.1771957862243885,1.339047619047619,0.9166019229510483,1.3760868278649097,1.7534940602287634,1.146356783919598,0.12349665511703824,1.0409392221270553,1.963810977070483,1.9461580215367769,3.5211056078354255,2.061462464919048,0.9789679707213028,3.118135011922551,1.971126793117488,1.54833094811878
2019-09-09,0.7255102110839231,0.6833195693792011,0.8073039334175272,1.2796741026205682,1.02992312980186,1.3819318406664933,0.522623495226235,0.3065610859728507,0.463690872751499,1.2042949163891623,1.3685714603174601,0.9410964413121391,1.3625630538276923,1.6907029104861842,1.1567211683417085,0.12299554154803313,1.0328115583139206,1.9782179146023675,1.9544624931556853,3.516957439683065,2.07542607175677,0.9931054389053677,3.0827169001856785,1.970276100289673,1.5481853892786284
2019-09-10,0.7428571494169094,0.675291309758534,0.8100460621944636,1.291345496586655,1.09502628386575,1.3897422806560793,0.5354919053549191,0.31297134238310714,0.48700866089273814,1.2250312470166744,1.383492126984127,0.9391524482727925,1.3904690971443403,1.6546486460329888,1.173995006281407,0.12522271296583362,1.0325104746384564,1.9934825916003551,1.9775506114254426,3.496217065582837,2.046948918535973,1.0101678880191625,3.050437098174466,1.9728771015447597,1.548684376204092
2019-09-11,0.7591836541024578,0.6936875391079463,0.8205160106998873,1.2944285179475887,1.1358673675697533,1.4243686279614687,0.5413034454130344,0.3125942684766214,0.4903397734843438,1.2316782074382864,1.394920603174603,0.949650057341564,1.4078566149588194,1.6795624808499592,1.1749371859296482,0.1285634700925344,1.0213726363223166,2.0084898807264397,2.0404270487315204,3.5009027721734913,2.0724575175082194,1.0000697123774556,3.051333601180596,1.9960576615244294,1.559880870473104
2019-09-12,0.7637755162302163,0.6960730286461699,0.8186463610128496,1.3089627615062762,1.1200970885564092,1.4313980734183807,0.5388127853881278,0.3137254901960784,0.4903397734843438,1.2426996933825771,1.406984126984127,0.9457621101431204,1.3999140903705931,1.6874620151400042,1.1708542399497486,0.13223830293190525,1.0207705893807768,1.9732441816890132,2.0358641722942146,3.540386679350157,2.061242519887054,1.000208921239889,3.0827169001856785,2.019090847911791,1.564372005944469
2019-09-13,0.764030618264525,0.6921736295471811,0.8210145897663745,1.3215150407399252,1.1467853214718964,1.4524863577193439,0.5446243254462432,0.31862745098039214,0.5176548967355097,1.2492897909489877,1.4336507936507936,0.9510108660771941,1.4036707288541532,1.673283424615828,1.1592336683417084,0.12939865937420958,1.038230010890126,2.0033444730010768,1.996258441321409,3.5323015602180545,2.0581639161571386,1.0005571558063138,3.078233667827087,2.02777749286117,1.5632387528016616
2019-09-16,0.7084183492750421,0.6912560591110388,0.8059329625102969,1.3008147985025327,1.1346542256368783,1.4530070554543089,0.5375674553756745,0.3103318250377074,0.5069953364423718,1.234064288511208,1.4206349206349207,0.9521773124451265,1.3903616591255052,1.6615353587509694,1.1567211683417085,0.1301224956529233,1.036724803229235,2.01037639130112,2.00675298412119,3.471808393536725,2.0474987041505894,0.9922696564459824,3.056041222684573,2.0142650678300504,1.558337082029609
2019-09-17,0.7306122007496887,0.6951096741923053,0.8091735706404001,1.3074212508258094,1.1229276182773957,1.4509242384795626,0.5305105853051059,0.3088235294117647,0.4983344437041972,1.2266219696256795,1.4034920317460318,0.9479004461100399,1.3917570117367608,1.6712579232582119,1.146356783919598,0.12850779080708938,1.0590005701685559,1.9939971015007538,2.0140536229238912,3.500057901562604,2.0679495129615013,0.9903196668380713,3.079802643357932,2.010747874554554,1.5623603223625169
2019-09-18,0.7295918181226577,0.6983209642778413,0.8092982372193107,1.3061,1.1124140719773554,1.463941681853684,0.5305105853051059,0.303921568627451,0.4903397734843438,1.2332689300472917,1.408254,0.9512053062053909,1.399699547058056,1.6815879822075752,1.1425879711055276,0.12912026851491307,1.0623118584493718,1.9776176916420747,2.0329440043803615,3.4902828049973142,2.0686091831316937,0.9904589801646069,3.1051333982261067,2.016080875449916,1.5628957305758175
2019-09-19,0.7219387315831957,0.6946967418056105,0.8049358043773225,1.2924465756441315,1.0849171047310957,1.4340016141629786,0.5338314653383146,0.3042986425339367,0.49566955363091275,1.2227587269001539,1.3974603174603175,0.9508165037094966,1.3964795942144381,1.7008305185503447,1.1466707914572865,0.12889754580520446,1.072847619721625,1.9968270646014317,2.0164264281803246,3.498041368572745,2.090599288310037,0.9956821852686728,3.162295535478693,2.0263868304413784,1.5629269491938202
2019-09-20,0.7140305940298317,0.6894210558660622,0.8101707287733743,1.291125324818322,1.0905782046097858,1.4186410309815152,0.5321710253217102,0.3012820512820513,0.4996668887408394,1.2142938310579745,1.3863491428571428,0.9453732882071012,1.413008445057603,1.7249342865086954,1.1523240891959798,0.12728285209522766,1.0749547840170144,1.9971700283237284,1.9869501368862932,3.4455372060235425,2.0882902612959953,0.988091155041191,3.125756531590304,2.0120239137962765,1.5552755205709878
2019-09-23,0.7015305943487093,0.6885494024873733,0.8056836168883106,1.2776921382955297,1.1023048928427013,1.4183806300442594,0.522623495226235,0.29374057315233787,0.4930046635576283,1.2127031141301416,1.3828571746031746,0.9517884905091075,1.4139745393146836,1.70873005284039,1.1381910175879395,0.1256124623960202,1.0752558676924784,1.9618386248020014,1.9959846687351708,3.4285223314394444,2.054095801674408,0.9894143809294346,3.1190315149286816,2.0187310006904773,1.555124758541203
2019-09-24,0.6887754926332782,0.6852922641580378,0.8058082959313863,1.2772517066725393,1.0982612211888394,1.42488935173132,0.5147364051473641,0.28582202111613875,0.4830113257828115,1.1802635795872383,1.3504762222222222,0.9457621101431204,1.411935234773752,1.6933360278172176,1.1309672738693468,0.12260578654991804,1.073148733499436,1.929508601925147,1.986493812739551,3.3446191465546846,1.9931831223699767,0.9866982167754916,3.079578612876517,1.9937510082980616,1.5420362514528165
2019-09-25,0.700000007653061,0.6812551735251889,0.8107939744187721,1.2840784188504735,1.1035180347755762,1.427232491538662,0.5080946450809465,0.28582202111613875,0.4836775483011326,1.1932166471260846,1.366349238095238,0.9576205085073972,1.4059247377036541,1.6832084197530568,1.1275126256281407,0.12132516855261129,1.0707404855285825,1.9052396543586343,2.0170651578755248,3.3959326595522494,2.009895646285728,0.9970054181211898,3.1239631893305724,2.039163187458637,1.5515329920589147
2019-09-26,0.6936224567953454,0.6857509805624549,0.8048111377984118,1.2944285179475887,1.0614638091386979,1.4209841707888573,0.5060190950601909,0.27978883861236803,0.48700866089273814,1.1829337363269234,1.3530158412698412,0.9500388792775832,1.3829559811732528,1.6990074680779315,1.1237436871859297,0.12165923869735283,1.0909091182748607,1.8478689147768723,2.006661799598467,3.341219970224649,1.980318932830751,0.9997214778110307,3.127997979645865,2.030771090115925,1.5477644481184727
2019-09-27,0.6890305946675869,0.6836407318770664,0.7999501134257718,1.2834177273728253,1.0574201374848362,1.4147357458995056,0.5047737650477376,0.2850678733031674,0.4910059960026649,1.1871946156756137,1.36,0.9858087088998583,1.3802727139695763,1.6793600502199726,1.137562845477387,0.12082405498360618,1.0975315443247577,1.845982275568285,1.9968973170286548,3.313585126543956,1.9472238795126076,0.9975625669632304,3.0874241854421838,2.0041060872749985,1.539535986804869
2019-09-30,0.688010161020149,0.6865767811097675,0.8090490037748098,1.2684430301695662,1.0618681763040843,1.406144181202812,0.5068493150684932,0.2828054298642534,0.4890073284477015,1.1773093471807898,1.3546031111111112,0.9805598752052853,1.388644496911978,1.7050840936820761,1.1284547738693467,0.12165923869735283,1.097230581058682,1.8636481016752586,2.0438948713268843,3.33367285811283,1.9579989870697854,1.0127446343824675,3.1165657001442346,1.9941436042977299,1.5473069588394839
2019-10-01,0.6836734264369023,0.6882741616345383,0.8095474831279764,1.2554502972913457,1.0760210675293167,1.3894818797188233,0.4931506849315069,0.27337858220211164,0.4836775483011326,1.1515168582770854,1.3136508253968253,0.9537325418688286,1.3951916688889485,1.693538640744149,1.112751256281407,0.10952115447034005,1.0900059575555099,1.8627047863587618,2.049552801606133,3.3331735302312806,1.9330401737121554,1.0004875548572338,3.07262954331698,1.9714047659390874,1.528339492535857
2019-10-02,0.6471938865511763,0.6845123852557553,0.781752444905181,1.196872891433605,1.0566113627173475,1.354855532413434,0.48111249481112495,0.2711161387631976,0.4696868754163891,1.1262924411704933,1.2771428571428571,0.942262868239947,1.416765083541163,1.653230801159222,1.0898241520100502,0.10517816463770051,1.0641179089669501,1.8587599531878918,1.9981749224311005,3.290117674399702,1.9197362480396785,0.9867679221886738,3.018381326644669,1.9248311723507432,1.5009773201509367
2019-10-03,0.6446428406978867,0.6734563065135574,0.776517470652469,1.1634001761726493,1.0323494136676101,1.3605831293933874,0.47696139476961397,0.26960784313725494,0.46835443037974683,1.120554485386786,1.2777777777777777,0.9424572500477691,1.4080713192673888,1.6759165419468613,1.1133794283919598,0.10857460661777484,1.0641179089669501,1.8468398864004814,2.015148822777879,3.311607274613249,1.9722925884208662,0.9890661463630097,3.054920330533057,1.943153002256484,1.512942980475783
2019-10-04,0.6589285546191694,0.6771722346485409,0.7915990979085469,1.1849813036776042,1.0392236554791752,1.374381697474616,0.4794520547945206,0.2711161387631976,0.4736842105263158,1.140779447999558,1.2946031428571427,0.9566485217077862,1.4345820207058497,1.7216933709072995,1.1284547738693467,0.10634743519997433,1.088801833570083,1.8849155399629918,2.071637123562694,3.3408552021908147,1.984057206730859,0.9958214985952084,3.0961665972614525,1.9777847560262143,1.5344523359048279
2019-10-07,0.6589285546191694,0.682264445036507,0.7972079846488352,1.1750715921603172,1.0194095835018195,1.3808904191616767,0.47654628476546285,0.26734539969834087,0.4703530979347102,1.1385069278830375,1.2914285714285714,0.9488725106701499,1.429215486298497,1.7093376688138073,1.1253141331658292,0.10740534719135811,1.0948223330878286,1.8972644121665003,2.0720934112064247,3.327431499645709,1.9755909722569864,0.9839125491722974,3.0737500992210243,1.9756254763921548,1.527580606028294
2019-10-08,0.6698979420944403,0.6779521135508233,0.7874859483677198,1.1715481391763929,1.0917913465426607,1.3806300182244207,0.47447073474470736,0.2609351432880845,0.46635576282478347,1.1212929809955008,1.2641269841269842,0.9296267676832576,1.415047749598535,1.6870569715830863,1.112751256281407,0.1080178137633247,1.0827814544617262,1.8875739568855678,2.047818872056945,3.2752921051303407,1.9543705977252535,0.9637161978888835,3.041246244311898,1.9452797326901374,1.503810200645461
2019-10-09,0.6905612068734386,0.6816221888544305,0.7990776343358731,1.1874036115393085,1.111605337646583,1.3926061442332727,0.47405562474055624,0.2616892911010558,0.4676882078614257,1.1183388338066393,1.2838094920634922,0.9360420477457629,1.3869271629693498,1.7050840936820761,1.1209170540201006,0.10701558105738594,1.0869957830525048,1.9044678852202395,2.071819675123198,3.306940555195261,1.9774602741328295,0.9727000619179624,3.0988568011912845,1.9668407830497752,1.5175016290219916
2019-10-10,0.6933673292508334,0.6850628715490021,0.8086749915739129,1.169345914996697,1.1205013748483623,1.3972923197084093,0.4823578248235782,0.26885369532428355,0.4936708860759494,1.135495912157802,1.3031745714285714,0.9457621101431204,1.3852098397597905,1.6965769434186133,1.1240578203517586,0.10734966790591309,1.0833835315056128,1.9186175635141278,2.0997444424164997,3.303618270481122,1.979439306633512,0.9828679499371251,3.118135011922551,1.9772449860121868,1.527237457491253
2019-10-11,0.6979591913785921,0.6882283088031619,0.8236320519644004,1.1660427438890113,1.1128184391427416,1.40380104139547,0.49564134495641343,0.2812971342383107,0.5336442371752165,1.162822340351725,1.3311111111111111,0.9566485217077862,1.4095739489014478,1.708324847241743,1.13410807160804,0.11481069215554479,1.09361832951179,1.904382172160345,2.1555941595181602,3.326010409537375,2.025178758389624,0.9942196460538936,3.1311362893715247,1.9883361330029854,1.5439438738410918
2019-10-14,0.7045918442706162,0.6877695235850908,0.825252356029452,1.1669236291565734,1.1463809138697938,1.4066649049726634,0.49730178497301786,0.28469079939668174,0.525649566955363,1.1692989564981489,1.3412698412698412,0.9578149486355939,1.4030267661914084,1.7154142944179522,1.1400753454773869,0.1163697065800766,1.0842865417132288,1.8916901990250392,2.1524912940317575,3.334671513875929,2.01517322754832,0.9892053552254434,3.1282223687912496,1.9911008830575003,1.541802239948291
2019-10-15,0.7211734509904731,0.6943297952900229,0.8392122582869652,1.1812375908390225,1.1524464213505863,1.4100494662848218,0.5060190950601909,0.2933634992458522,0.5562958027981345,1.172934906875698,1.3501586984126983,0.974144672903279,1.4257808184132408,1.7225035998076483,1.146356783919598,0.11881959513965717,1.0900059575555099,2.046050887179051,2.1474722394597556,3.394108356562341,2.0768554725735724,0.9958911065085619,3.173503784498907,2.0334212153564866,1.5571519248610597
2019-10-16,0.71556118072548,0.6932287538898754,0.8329801757579393,1.1708874256771638,1.1945006469874646,1.3972923197084093,0.5114155251141552,0.2956259426847662,0.5562958027981345,1.1783887813114695,1.35841273015873,0.9640357885699027,1.4507888902176427,1.7105529412710743,1.1413316582914574,0.12344097583159323,1.0758579447363652,2.0323300143012606,2.1388026647198393,3.4134086514611517,2.084112251262636,0.9896929100826773,3.1475005795225157,2.0344518309770163,1.5540383325457008
2019-10-17,0.71249998182398,0.6992384659003297,0.8348498129808122,1.1752917639286502,1.1767084512737567,1.4022390262952356,0.5101701951017019,0.29788838612368024,0.558294470353098,1.172934906875698,1.3790475873015873,0.9644246105059217,1.4615219590323485,1.6973871723189624,1.1451004711055277,0.12694876524670048,1.100541839237151,2.089614920764815,2.147107136338748,3.4327087101485496,2.0933480514573297,0.9350233215411469,3.1313606561004113,2.0498781120210023,1.5583318788399754
2019-10-18,0.7198979153087267,0.6973116927665234,0.8331047426235295,1.185421757322176,1.149211484027497,1.3923457432960167,0.5118306351183064,0.2986425339366516,0.5649566955363091,1.1732757601800758,1.386031746031746,0.971423055432019,1.3706128554387216,1.7152117017462367,1.1451004711055277,0.12550111496098726,1.108067426006399,2.1039361452368053,2.157419273590071,3.3751538406042814,2.0434305896678593,0.9338394020151655,3.080251085401231,2.037478177010126,1.5522242386606382
2019-10-21,0.7301020477014784,0.7016698770835834,0.860525968072069,1.2019379431843207,1.1916699959563284,1.385837021608956,0.518472395184724,0.30467571644042235,0.5676215856095936,1.188785338284619,1.4279365079365078,0.9809486777011797,1.3740475125909093,1.711970806400057,1.1451004711055277,0.12728285209522766,1.1056592081378924,2.0917588192113987,2.194834787369958,3.429213653109533,2.0864211243459416,0.9233233908579536,3.1031156668209894,2.03855791661613,1.562890527905983
2019-10-22,0.7209183489561646,0.7020368924128249,0.862395605294942,1.2034794538647875,1.2183582288718156,1.3777661546472273,0.5176421751764217,0.2982654600301659,0.5609593604263824,1.190773782734376,1.4406349523809523,0.9840590976683339,1.3867124586607804,1.6467491319981595,1.1441582914572865,0.12572382653483874,1.0915110448070124,2.139439103512228,2.189815732797956,3.390939618868584,2.004837845129341,0.932934123070802,3.056937725690703,2.033077743342293,1.557313092750313
2019-10-23,0.7216836805692939,0.7005689044970896,0.8589056640070175,1.1849813036776042,1.1318236959158916,1.386097422546212,0.523038605230386,0.3012820512820513,0.5682878081279147,1.2005454050552118,1.4574603174603173,0.9900855557948203,1.394225574631868,1.6785498213196237,1.1548366834170856,0.1256124623960202,1.0981336213686446,2.1250321659803433,2.219200511042161,3.38410305373135,2.0467289735039795,0.9358591040005322,3.0764403031508563,2.0597916705907453,1.5617469952149046
2019-10-24,0.7502550829016561,0.7082301487885155,0.8570360143199796,1.1845408720546136,1.1132228467448442,1.4655038010934653,0.518887505188875,0.29788838612368024,0.5642904730179881,1.1990114657649935,1.4526983492063492,0.9933903381296721,1.368466273874987,1.6726757883871943,1.1429019786432162,0.12616926081839885,1.1047561678279298,2.0968183938185545,2.222850885198029,3.419842003716812,2.0492579565450675,0.9337001931527318,3.1369647806105183,2.062834391830975,1.5647462462685164
2019-10-25,0.7872449033866096,0.7623635014655198,0.8920602932047752,1.2023782867209867,1.119692721391023,1.4772195261650611,0.5217932752179327,0.3005279034690799,0.5789473684210527,1.2170775544352335,1.4720634603174603,1.0025272356634376,1.3775894467658998,1.6661941192261316,1.1548366834170856,0.1310133642200435,1.11378684184868,2.100248708513432,2.2502281438218654,3.382489733623065,2.065860419984401,0.9432412129881247,3.1546736795634684,2.0696069795536545,1.5711189892195867
2019-10-28,0.8000000051020407,0.783328760130815,0.873488712196608,1.2149305879762167,1.1322280630812778,1.5006508461338195,0.526774595267746,0.30354449472096534,0.580279813457695,1.2370753042364435,1.486984126984127,1.0040824845272645,1.386497754352211,1.6649787049823517,1.1708542399497486,0.13390867592732708,1.11438888879022,2.118600470640593,2.272768789925169,3.4127363169637297,2.082462894418787,0.9469322709640579,3.2322348972823383,2.1102914270254893,1.5798879351051285
2019-10-29,0.7887754900822579,0.7694284066323224,0.8695001793780315,1.2195551860823608,1.1358673675697533,1.4894558448320752,0.5276048152760482,0.30090497737556565,0.5822784810126582,1.2364503695841298,1.4866667301587302,1.014191271660017,1.3858537916894662,1.7237188520096993,1.2000627826633168,0.13624720591601763,1.1122817545971777,2.163536496325045,2.2202043438583683,3.385139920051194,2.0814733836659722,0.9319591247847099,3.201748459947356,2.065500892278656,1.5785728281455296
2019-10-30,0.7727040874310181,0.7687861504502459,0.8772278993931985,1.218233869191808,1.1447634047715325,1.4850299661546473,0.5201328352013284,0.277526395173454,0.5796135909393737,1.2260538182921528,1.4685713650793653,1.0114696736288815,1.4257808184132408,1.7464047548390673,1.208542713567839,0.13858573590470816,1.1288380153871758,2.1850613224846813,2.2199306077751415,3.418324798608502,2.0698186499115554,0.9419179870998812,3.2416498040428205,2.0633252374374766,1.5837085099023087
2019-10-31,0.7668366896215131,0.7676392562187221,0.8653869799805443,1.212948733759084,1.1568945006065507,1.4613382192137465,0.5139061851390618,0.27337858220211164,0.5749500333111259,1.2122486089706033,1.4619047301587302,1.0036936625912454,1.4171943311622697,1.7553171107011771,1.2050879082914574,0.13830734504541162,1.1324502669340677,2.1670525240798173,2.2701222485855084,3.4119298912005815,2.107201762744423,0.9313322635652137,3.2138532119737007,2.0613948050036575,1.578921179872204
2019-11-01,0.7795917913369441,0.7696577992413579,0.8743612037506717,1.2336489759964766,1.1512332794177114,1.464722676386358,0.5238688252386883,0.278657616892911,0.5776149233844105,1.2350300764678996,1.502539746031746,1.0143857117882136,1.4081785962901918,1.7204780984500325,1.205716048994975,0.144320707873473,1.134858514904921,2.1628505688804514,2.334550173389305,3.4403134904921866,2.1288620273401437,0.9438679767077923,3.221699120786839,2.083691923377157,1.5941772089309652
2019-11-04,0.7895408216953872,0.7701624372908054,0.8803439406577114,1.2525875578066505,1.1831783259199353,1.4834678469148659,0.5425487754254877,0.28883861236802416,0.5796135909393737,1.2491193614562126,1.5501587936507937,1.0248833986174846,1.3977675088068586,1.6994126736765784,1.1944095163316581,0.1458240541484169,1.1315472266241051,2.1546179388164144,2.3498813652126302,3.465701594917319,2.140956651158548,0.9587715149737868,3.2403048589933907,2.112532581059263,1.6000821835745744
2019-11-05,0.7954081429742821,0.766905225560239,0.8896920644512503,1.266461087866109,1.2199757379700769,1.5068992710231712,0.5413034454130344,0.2869532428355958,0.5789473684210527,1.2421315420490502,1.5476190476190477,1.0361586321181693,1.3998068133477901,1.6795624808499592,1.1771356783919598,0.14548996729988975,1.11378684184868,2.146471150446178,2.346504873152035,3.4600362216566496,2.136558696093195,0.9603036621019195,3.2382874638357437,2.113612320665267,1.5981849670457673
2019-11-06,0.789795872709289,0.7714469542425351,0.8895674975856601,1.2680026866329004,1.2385765871411243,1.5063785732882062,0.5388127853881278,0.2884615384615385,0.5736175882744836,1.2408816784255952,1.5415873333333334,1.0458786945155267,1.4056027671053506,1.6862467426827374,1.1812186243718592,0.1429287257373477,1.1170981301294962,2.1483577896547654,2.3475085964592077,3.4486290521014027,2.1061023564409793,0.9665018654920778,3.229320662871091,2.1132360998727187,1.5993076874981105
2019-11-07,0.7880101584691286,0.7712634098772989,0.8840832275676221,1.2697643690817,1.220380105135463,1.5162718562874251,0.5450394354503943,0.29260935143288086,0.5762824783477681,1.268548959923896,1.5447619047619046,1.0497667389145944,1.410647159185299,1.67875225194961,1.1592336683417084,0.14482182144247813,1.1186032173809985,2.1992967052628702,2.3674939952546086,3.434091355409144,2.0936778920399526,0.9589108283003224,3.233803895229682,2.141144190327295,1.6036739500568624
2019-11-08,0.78469385753332,0.7721809803134413,0.8870746022532245,1.2680026866329004,1.2187625960372017,1.5147097110127572,0.5421336654213367,0.2877073906485671,0.5676215856095936,1.2663901768801231,1.560317523809524,1.0517107125138163,1.4274981523558687,1.693133435145502,1.1636306218592964,0.1458797334338619,1.1255267271063598,2.2036703438498386,2.373973498813652,3.4296360893751854,2.0982957921372996,0.958353679458282,3.271912210896386,2.1452502776022935,1.607780439344712
2019-11-11,0.7803571229500734,0.7801174700452789,0.8962981591811732,1.2598546355428322,1.22280630812778,1.5167924498828431,0.54337899543379,0.2869532428355958,0.5856095936042638,1.2443471993103694,1.5584126984126985,1.0507387257142053,1.4165503792325935,1.686854378911371,1.1598618090452262,0.14766146500017377,1.1306441863141423,2.178972590867228,2.392772513232342,3.402308577867086,2.0847719324278815,0.9434501342280139,3.275274551103463,2.1253251120698073,1.6046252230716813
2019-11-12,0.7530612052790508,0.7716763468515707,0.8829614028557372,1.2600748953974896,1.197735584310554,1.5061181463160636,0.5413034454130344,0.2877073906485671,0.586275816122585,1.2521872457178218,1.5558729523809525,1.0540435858095565,1.4097886532100172,1.7038688414800252,1.1611181218592965,0.1503897499869794,1.1285370521211,2.1889203139617504,2.3905821500273774,3.414503186012814,2.138207888011255,0.9442858122232972,3.2967945237212617,2.124687293662779,1.607135893579097
2019-11-13,0.7311224303285094,0.7894302466176759,0.8789728825013257,1.2442193349482493,1.214314638091387,1.4993491278312943,0.5334163553341635,0.27450980392156865,0.580279813457695,1.245994784774576,1.5361904444444445,1.0359642697504718,1.408929986238703,1.7180474320042014,1.1494974246231155,0.15244987798051632,1.1318481898901809,2.1745133764298656,2.413487862748677,3.3667039534383445,2.1241342316921683,0.9365554686692796,3.302174281502482,2.1233785056427017,1.6082794262701754
2019-11-14,0.7339285527059043,0.7802550927654848,0.8776019115940953,1.2453203919841445,1.2248281843914275,1.5003905493361105,0.5334163553341635,0.2718702865761689,0.5816122584943372,1.2466196342093028,1.5431746349206348,1.0398523141495395,1.4056027671053506,1.7125785844152033,1.1479271042713568,0.15451001710991033,1.1240216398548573,2.1938941755090116,2.3967878810001824,3.369565358959509,2.1236943416281804,0.9332126452597713,3.3189866550328033,2.145397451616653,1.609625625016781
2019-11-15,0.7362244965248853,0.7812643642768028,0.8772278993931985,1.2519268443074214,1.2385765871411243,1.5045561312158293,0.5404732254047322,0.2756410256410256,0.5849433710859426,1.2512782353987448,1.5552381587301587,1.0458786945155267,1.4483203273225356,1.7196678898048996,1.1708542399497486,0.15857460494739628,1.1297410556971383,2.3102649145848133,2.42526015696295,3.3405478700182214,2.1451348261176966,0.9359983128629656,3.3618022335395152,2.183693571040355,1.6220124796439759
2019-11-18,0.7295918181226577,0.7801633228766552,0.8732393790387867,1.256991896058137,1.23089369187222,1.5042957302785733,0.5400581154005811,0.27714932126696834,0.5856095936042638,1.2483240029922962,1.5565079047619046,1.0497667389145944,1.447139689752918,1.7040712721100117,1.1708542399497486,0.15812917066383617,1.1297410556971383,2.340536752074979,2.43748866581493,3.3655901955026035,2.17042331513216,0.9353715561075717,3.370096225731984,2.160513011060685,1.6228285996781113
2019-11-19,0.7471938840001561,0.7854390776298573,0.8733640456176973,1.2567716362034795,1.2543469470279014,1.4983077063264776,0.5417185554171856,0.27714932126696834,0.5849433710859426,1.2500851494129044,1.5660318095238095,1.050349923218311,1.447032412730115,1.7146040857728193,1.182788944723618,0.15707125867245236,1.152919862946422,2.3516851783579007,2.430096805986494,3.366089523384153,2.1915339590390532,0.936834095322351,3.3712171178834986,2.1519409909252594,1.6218669208038246
2019-11-20,0.7201530428532387,0.7747958624607002,0.8530474815014031,1.22594137855098,1.2345329963606955,1.4795626659724033,0.5400581154005811,0.27526395173454,0.5749500333111259,1.2379843145555205,1.5587300952380951,1.0408243009491505,1.4590533961372414,1.7271622184962978,1.1636306218592964,0.15439865853902032,1.149006527724066,2.363090606611006,2.4018069355721847,3.352147269573419,2.1716327819120216,0.9276412055892806,3.353956324726377,2.1316398041781732,1.615774889673589
2019-11-21,0.71249998182398,0.7674557118534859,0.84756322394753,1.218013675401894,1.2147190052567731,1.4733142410830515,0.5458696554586966,0.27828054298642535,0.5762824783477681,1.2398022442949155,1.5504761904761906,1.0412131034450447,1.4644199305445942,1.731010750071111,1.1853015703517586,0.15451001710991033,1.1508127287533794,2.3715803587035387,2.3910385836831543,3.331368216334457,2.1762506820093686,0.9320983336471435,3.3508180374172154,2.1288586805524234,1.6132175183300652
2019-11-22,0.7316326343971267,0.7763097720214657,0.8570360143199796,1.235630940321515,1.2365547917509097,1.4842488414475399,0.5508509755085097,0.277526395173454,0.5796135909393737,1.25144866489152,1.5634920634920635,1.0552099544169897,1.4819148863779088,1.7308081573993954,1.2038317211055276,0.1535634692573451,1.1459963532210609,2.374067349506326,2.38893958751597,3.3525120376072537,2.1860364327444675,0.9355804703831875,3.353283852201663,2.1190269963823942,1.6167261626884077
2019-11-25,0.7395407974606939,0.7772272736439539,0.8574099268075561,1.240916053732658,1.244237767893247,1.4985681072637336,0.5533416355334163,0.27828054298642535,0.5876082611592273,1.2654811665610461,1.5860317142857143,1.05384914568136,1.4723623048698573,1.7358719614314757,1.214824120603015,0.15423162625061382,1.1583383155226272,2.424063207065747,2.4308267567074284,3.406514181880687,2.1967014798252276,0.9469322709640579,3.390046908987965,2.137594248273444,1.6288633972817745
2019-11-26,0.7410713841563422,0.7782823979866482,0.8655116465594549,1.2653600308302138,1.2478771128184392,1.4993491278312943,0.5508509755085097,0.2748868778280543,0.5856095936042638,1.2637767977780525,1.5685714285714285,1.0460731346437235,1.472255027847054,1.7690904956267064,1.2025754082914573,0.15567927653632704,1.1673689895433776,2.413172040020821,2.4118453002372697,3.450875789436546,2.1876856246625276,0.9408036754872533,3.4079801746698015,2.1488165948632645,1.6324396815459568
2019-11-27,0.7385204148336629,0.7897513403018871,0.8621462721371207,1.2567716362034795,1.2401940962393854,1.5035147097110129,0.5516811955168119,0.277526395173454,0.5962691538974016,1.2666173840105128,1.5803174285714285,1.0563763813447975,1.4784802292257213,1.7745595052574337,1.2132538002512563,0.15684854709860088,1.1604454497156698,2.4069120194930793,2.444241613433108,3.492299337987173,2.221000623012665,0.931610890218285,3.41448113843351,2.147900402842855,1.6392541773761191
2019-11-29,0.7331632466029784,0.7786494133158898,0.8601520555844926,1.2620568377009471,1.2248281843914275,1.5006508461338195,0.54337899543379,0.2718702865761689,0.5869420386409061,1.2575275591971922,1.5707936507936506,1.0587091768800385,1.4756896849992418,1.7658497420670396,1.2097989949748744,0.15723830209671594,1.1610475267595566,2.4000513901033242,2.4388574557400986,3.4582888102826383,2.2170423930855105,0.9363465474293904,3.3934095854425115,2.134764200240168,1.6326787683695219
2019-12-02,0.7163265123386093,0.7776860588620251,0.8489342945680807,1.249724730235631,1.2163364334816011,1.47669880239521,0.5442092154420921,0.2711161387631976,0.5816122584943372,1.2364503695841298,1.5580953015873016,1.0423794720524782,1.474294343121055,1.7630140320642909,1.2025754082914573,0.1589086862279949,1.1565321144933136,2.3982505925885382,2.4106589158605587,3.4214166446863628,2.1957119690724123,0.9256216150322893,3.3523873491955314,2.1101606282182495,1.6185870842405747
2019-12-03,0.6961734771384317,0.774474768776489,0.8302380469810029,1.224840321515085,1.1758997169429841,1.4561312158292112,0.5325861353258614,0.26621417797888386,0.5756162558294471,1.2057720723605938,1.527301619047619,1.022161800586349,1.47214776155732,1.7699007245270555,1.195037657035176,0.157405339953051,1.1496086047679528,2.374581867982318,2.367676692827158,3.399062950477849,2.1860364327444675,0.9201197763108787,3.3470072775833386,2.1189289463535093,1.6078427492299219
2019-12-04,0.6984693444268024,0.7730984819359296,0.8341019007565039,1.2345298612640387,1.1831783259199353,1.452225956782088,0.5371523453715235,0.2703619909502262,0.5789473684210527,1.2267923934372822,1.5504761904761906,1.0349922829508609,1.495975185059036,1.796029973587806,1.197864290201005,0.15968819065629652,1.1595424094057072,2.3953349164279656,2.3885744843949626,3.38126063730327,2.184826976959658,0.9192144904022421,3.3591123658571544,2.1602514134462054,1.6180100515498033
2019-12-05,0.6948979414566852,0.7777777599372009,0.8387136792204782,1.230565976657124,1.1908613424989891,1.4457172350950274,0.539227895392279,0.2707390648567119,0.5849433710859426,1.2336097833516695,1.5577777777777777,1.034797842822664,1.4979070623142012,1.7976504313885038,1.1944095163316581,0.16119153693124041,1.1568331981687778,2.418317447746184,2.423617338930462,3.3424490646240264,2.1919736951723046,0.9186573415602015,3.360905394285914,2.1726677236642016,1.6204374731022775
2019-12-06,0.7073979411378076,0.7853473031534508,0.8515517567661065,1.2362915437128388,1.2098665588354227,1.456391538661807,0.5429638854296389,0.2722473604826546,0.5929380413057962,1.2760481530269707,1.5809523492063493,1.056959565648514,1.5067082538737417,1.7996759124909036,1.2025754082914573,0.16208240549836062,1.1610475267595566,2.4027956401441073,2.4704324876802337,3.3638041049898586,2.21055535603811,0.9277805189158163,3.4017035776349793,2.1930999087964764,1.6352413429026793
2019-12-09,0.7012754923144007,0.7880539597771165,0.8474385573686194,1.2288042061219997,1.2017791750909828,1.4441551939599064,0.5446243254462432,0.2718702865761689,0.5982678214523651,1.260140853081676,1.5746031111111112,1.0482114900507677,1.5079961684661622,1.7970427951598702,1.2035175879396984,0.16263918721695364,1.1559301879611623,2.380070376639479,2.435846066800511,3.3597904966852137,2.2137438443236013,0.9326554894534573,3.3929611658157106,2.1979095148849304,1.630069366689059
2019-12-10,0.6887754926332782,0.7899348800795464,0.8380904335750804,1.2228583792116274,1.1843914678528102,1.4295756313460037,0.5421336654213367,0.2711161387631976,0.5949367088607594,1.2605385749224276,1.5768253333333333,1.0437402807881082,1.5025223570360062,1.804739716522984,1.208542713567839,0.16280623064121721,1.1559301879611623,2.3970498808245444,2.450082241284906,3.3400100972889324,2.208576158611638,0.9325858885043773,3.3878054609324044,2.1997089472976765,1.6282812882323654
2019-12-11,0.6852040896631609,0.7861271866433102,0.8318583510460544,1.212948733759084,1.1775172260412454,1.405883884405103,0.5375674553756745,0.27375565610859726,0.5976015989340441,1.256618548878115,1.5698413015873016,1.0336313964547317,1.5131479985649456,1.802309191863666,1.2003769158291457,0.16330734421022233,1.1586393991980912,2.4054540570666836,2.470979996349699,3.358273291576904,2.2238592817105864,0.931541184805103,3.4005826854834638,2.2002978429330637,1.633016587405732
2019-12-12,0.7071428135932956,0.7877328660929052,0.8436993577078641,1.2484034133450783,1.2179539425798624,1.4186410309815152,0.5525114155251142,0.28544494720965313,0.6049300466355763,1.2842290527388012,1.6092063174603175,1.0567652032808166,1.5170119033382399,1.814259708613727,1.210427167085427,0.17756123571621707,1.1571341915372007,2.4321240251082754,2.477276802336193,3.3805693156331813,2.163276596919514,0.9424055349928416,3.4351042717977074,2.208886238275609,1.6470200730520963
2019-12-13,0.7010203902800921,0.7988347930789026,0.8402094164199396,1.2492842986126405,1.1945006469874646,1.409789169487113,0.5537567455375675,0.28205128205128205,0.6489007328447701,1.2782638046071173,1.5949206984126982,1.045684332147829,1.5174413226884473,1.8065627669953974,1.2038317211055276,0.17260578487953948,1.14870556445799,2.4481606084541583,2.5109508304435115,3.3817407418007406,2.1342496690791535,0.934675191438824,3.464021419770872,2.2048945746007305,1.6471396169836778
2019-12-16,0.7122448797896714,0.8035140710801738,0.860027389005582,1.286500726712178,1.2066316215123332,1.4149960426972144,0.5603985056039851,0.28996983408748117,0.675549633577615,1.2955345291322684,1.610158761904762,1.0540435858095565,1.521841752105651,1.8085882683530135,1.2292713253768845,0.1688195934692786,1.1622516507449832,2.50433064484752,2.553933053476912,3.3976226369854365,2.1761407864587397,0.9341180356325102,3.4864379178113003,2.226717422152797,1.6589130171124653
2019-12-17,0.7214285785349852,0.8177814399079079,0.8732393790387867,1.2924465756441315,1.2490901334411646,1.4105701640197865,0.5657949356579494,0.2944947209653092,0.653564290473018,1.3132029811793435,1.6158730793650793,1.0563763813447975,1.5408393375730243,1.8031192789775021,1.221733731155779,0.16425389206278757,1.16345577473041,2.4909527356920274,2.5589524000730064,3.4388157430589503,2.1813084721707026,0.9347447923879041,3.467608126706834,2.2168202387901736,1.6594692380843004
2019-12-18,0.7142856960641404,0.8082392707264753,0.8604013014931584,1.290024267782427,1.235746016983421,1.3954698776360324,0.5649647156496471,0.2922322775263952,0.6455696202531646,1.3092261774974168,1.608253968253968,1.043351458852089,1.5368681450438582,1.8152725301857915,1.2214195665829146,0.16213808478380562,1.1718843717072736,2.511791368563662,2.552838036137981,3.426083362183933,2.226498149307251,0.9360680252404212,3.4604346904184107,2.2127305267222948,1.658751849223212
2019-12-19,0.7283162824409112,0.8180108325169435,0.862520184624697,1.3023562871614183,1.2292761827739587,1.4079667274147358,0.5620589456205894,0.29751131221719457,0.6369087275149901,1.3063288079461695,1.6146032063492062,1.0425739121806747,1.5600516166158982,1.8227668588771897,1.2239321922110553,0.16648106348058805,1.1854304579942667,2.5265413984517506,2.5553932104398616,3.4419268106004717,2.2656405145345966,0.9371126244755936,3.4904730667905612,2.218325324810085,1.6661487077647754
2019-12-20,0.7408163331424404,0.8233324355139451,0.8642651552686593,1.2986126624091612,1.2248281843914275,1.4222858890913825,0.5496056454960565,0.29298642533936653,0.6175882744836775,1.3005907726260477,1.6092063174603175,1.0367418941823852,1.5676720096097887,1.8549727335420847,1.2320979899497486,0.1670378563350382,1.2004816315327622,2.509132951641086,2.550100419784632,3.4308267389268234,2.2682793821312606,0.9442858122232972,3.528581046209795,2.2077737482553657,1.6743874486266501
2019-12-23,0.7474489350140577,0.8260390921376107,0.8636420093365821,1.3089627615062762,1.245450828952689,1.4384274928404062,0.5496056454960565,0.28921568627450983,0.619586942038641,1.3014997772639525,1.610158761904762,1.0460731346437235,1.5717506186916521,1.8582134871017517,1.234924623115578,0.16653674276603309,1.214629644351907,2.530571936106921,2.591713816389852,3.443309455861066,2.2669598658700343,0.9440072900343279,3.528581046209795,2.206546834635002,1.6758377085669325
2019-12-24,0.7443877361125577,0.8264519557106516,0.8611491140041463,1.3078616824488,1.2430246663970885,1.4303566519135642,0.5487754254877543,0.2873303167420815,0.6249167221852099,1.3061583841345668,1.6092063174603175,1.0462675164515458,1.5662766569985327,1.85213700328412,1.2339824434673365,0.16631403119218158,1.2143286810858314,2.525855471007157,2.594177660156963,3.436030996783106,2.2553051321156175,0.9400376054053236,3.527908573685081,2.1979095148849304,1.6755101690789933
2019-12-26,0.7568877357936803,0.8208551072732381,0.8608998805596455,1.3116053952873816,1.2280631217145166,1.429315334548295,0.5504358655043586,0.28883861236802416,0.6275816122584943,1.313543925382481,1.622539714285714,1.0526827965140513,1.5652034467146816,1.850111360139991,1.2368090766331659,0.16531180405417134,1.2149307581297182,2.5353742514760804,2.645647052381822,3.5888195653628965,2.2846619005386004,0.9395501619764651,3.556825699241746,2.2254577581181936,1.6841024643373772
2019-12-27,0.7255102110839231,0.8136984964436828,0.8511778442785302,1.3010350583571901,1.206227254346947,1.4142150481645406,0.5566625155666252,0.28883861236802416,0.6295802798134577,1.3104192634832572,1.621904761904762,1.0482114900507677,1.5643447797433674,1.853352275741387,1.234924623115578,0.16536748333961637,1.2233593551065818,2.5381185015168644,2.644643073553568,3.590797651584598,2.288070509776927,0.9420573004264168,3.563326685421953,2.2115363635161707,1.6841596983837488
2019-12-30,0.7219387315831957,0.8042940187961101,0.8435746911289534,1.2917859502312266,1.183987100687424,1.4079667274147358,0.5574927355749274,0.2911010558069382,0.6275816122584943,1.3055334494822532,1.6177777460317462,1.0419906501164589,1.5595149309759564,1.84383230390586,1.2220477386934672,0.16391982191804602,1.2260685964458578,2.5199382855678047,2.660339368497901,3.546800810142156,2.2474987437327787,0.92492514589944,3.532615836525088,2.1857711774885336,1.6744238699144873
2019-12-31,0.7316326343971267,0.7984218561046309,0.844447182683017,1.2878220656243118,1.1843914678528102,1.405363186670138,0.5583229555832295,0.2933634992458522,0.6342438374417055,1.3062719450909681,1.6228571111111112,1.0458786945155267,1.5656326943357879,1.842211846105162,1.2305276381909547,0.16659242205147812,1.2239614321504684,2.521053155637997,2.6797772586238366,3.548625113132064,2.2567345439274726,0.9334911674487406,3.535081673726033,2.1872107643158514,1.6793567587847433
2020-01-02,0.7420918178037802,0.8076429316018522,0.8496821070790688,1.3001541730896278,1.1819652244237768,1.4277531892736268,0.5707762557077626,0.3141025641025641,0.6502331778814124,1.3312123717483837,1.6520635238095236,1.0449067077159158,1.5667060656156715,1.8642901127058966,1.2292713253768845,0.16653674276603309,1.2308849418758294,2.508361182502691,2.740919948895784,3.6449725681829093,2.3065421211613675,0.9431018996615891,3.600537803171087,2.23685982792278,1.6934277580257502
2020-01-03,0.7053571248633386,0.7960822193977837,0.8341019007565039,1.2785730235630919,1.1763040841083703,1.4149960426972144,0.5595682855956828,0.306184012066365,0.6335776149233844,1.3156459307886392,1.6253968571428572,1.0384914276534103,1.5485671578526812,1.8482884717093067,1.222675879396985,0.16380845777922748,1.2236604688843928,2.4829775020754865,2.714272604489871,3.6007260627996924,2.2943376017923343,0.9355804703831875,3.5557048070902306,2.2258831045321013,1.681472377249175
2020-01-06,0.6969387577311541,0.7844756543623388,0.8301133679379272,1.2697643690817,1.1758997169429841,1.4092684457172613,0.5616438356164384,0.303921568627451,0.6322451698867422,1.3291102811246385,1.6196825396825398,1.0322705877191016,1.5466352805975159,1.856187985744136,1.2211055590452262,0.1606904233622353,1.2347982770981856,2.500214265498548,2.7359006022996897,3.6543249941915517,2.3375482464281996,0.933909114392621,3.5648956609527986,2.280766921063443,1.6874136458298266
2020-01-07,0.6943877118778645,0.78493443958041,0.8248784435418756,1.2686633120458048,1.1787302871006873,1.41343402759698,0.572436695724367,0.31108597285067874,0.6335776149233844,1.3378593321699959,1.616507873015873,1.0237169716896766,1.5560802738237687,1.8067652178805997,1.2170226130653266,0.15907571851640137,1.2251655561358952,2.48512140052207,2.723033546267567,3.661968219382928,2.342605882658798,0.934535871148015,3.5323918060436723,2.2793437094432454,1.6826834230150973
2020-01-08,0.7102040635152025,0.7970456380777252,0.8288669763604521,1.2959700066064743,1.1763040841083703,1.415516766467066,0.5778331257783312,0.32315233785822023,0.6349100599600266,1.3507555368536408,1.6371428571428572,1.0268273916568311,1.5558657305112316,1.7946121084588234,1.2267588253768844,0.1586859635182863,1.229379854624327,2.537518149922664,2.766837050556671,3.6333731686277115,2.366355229236566,0.9423358295796596,3.5886570816261587,2.297305692127673,1.6909326965674363
2020-01-09,0.7130102114028007,0.8034682182487974,0.8272466722954005,1.2983924025545035,1.1670036797412051,1.413694324394689,0.5790784557907845,0.32466063348416285,0.6335776149233844,1.3782524740767532,1.6526984444444444,1.0250777804253066,1.5604808642370045,1.8104111567836978,1.2214195665829146,0.15595767853148068,1.2299819316682137,2.5231112123907797,2.825606899069173,3.6508107137684567,2.40022001320132,0.9522947893946594,3.633490077707015,2.3226782821556418,1.7021862975320248
2020-01-10,0.6969387577311541,0.8013120525059556,0.8212638232108754,1.3045585113411142,1.1767084512737567,1.4043217651653217,0.5703611457036115,0.3212669683257918,0.6269153897401732,1.37546867116308,1.6574602857142857,1.0206065517225225,1.5569389407950829,1.8134494797133782,1.2402638819095477,0.1539532242554602,1.2350992704666082,2.5309150370387186,2.8319947800693557,3.6164544071231717,2.397581145604656,0.9519465548282345,3.616677704176694,2.338873581205678,1.697326251757242
2020-01-13,0.6987244464611111,0.8014496752261615,0.8210145897663745,1.310063906628496,1.1940962798220784,1.405623587607394,0.5778331257783312,0.3197586726998492,0.6275816122584943,1.3930803398913683,1.6755555238095237,1.0130249224927084,1.5638080941034258,1.8130444361564602,1.237751256281407,0.15657015623930434,1.2393135689550399,2.451333535277133,2.892498558131046,3.6320866383670927,2.4399121640432817,0.9513197980728406,3.6601657776246186,2.3544144870636177,1.709167164960873
2020-01-14,0.7022959259618385,0.7986971703586966,0.8248784435418756,1.3532261836599868,1.1973312171451678,1.4186410309815152,0.5819842258198422,0.3235294117647059,0.6235842771485676,1.395636850457065,1.6780952698412697,0.9583981329393105,1.572609285662966,1.821551586419923,1.2584798994974875,0.15879732208917632,1.239614652630504,2.4718290672169703,2.853440335827706,3.5901060937030973,2.4085761981938276,0.9458876717288855,3.6343869393771144,2.3407548896540225,1.7065785749993467
2020-01-15,0.7035714106231783,0.8075511617130225,0.8299887013590166,1.3569698084122441,1.1993530125353822,1.4326997917209061,0.5745122457451225,0.31711915535444946,0.6149233844103931,1.3930803398913683,1.680634888888889,0.9393468300806149,1.5778683927845527,1.854162504641736,1.2773240577889446,0.16174831864983344,1.2504515276805679,2.5418917885096324,2.841211863478737,3.575856743931183,2.4315558141249856,0.9514590069352741,3.6579239933215875,2.354365363078143,1.7097702130800134
2020-01-16,0.7201530428532387,0.814753689600031,0.8293655554269393,1.3626954635542834,1.23089369187222,1.4397292111429316,0.5786633457866335,0.32202111613876316,0.6169220519653564,1.418702393621125,1.791746,0.9574261461396996,1.5906407661401902,1.8468706065803244,1.2754397298994975,0.16564587419891288,1.2567729904643892,2.5790239895461453,2.8768022631867125,3.606429646617107,2.438372856680798,0.960930425821587,3.724949434544958,2.374813923417537,1.7240750964747507
2020-01-17,0.7244897774364852,0.8156252695774892,0.8303627135599135,1.3659986566835498,1.2151232915487262,1.4321790679510547,0.5757575757575757,0.3174962292609351,0.6075949367088607,1.4172253228672804,1.8257142222222222,0.9560653374040695,1.6010518536235236,1.8426170314485928,1.272298932160804,0.16842983847116352,1.2769415028012792,2.5595574859826993,2.908651323234167,3.581041778403387,2.4424409711635287,0.9632286499959231,3.745796957054541,2.4217475638051438,1.7307337539164904
2020-01-21,0.6938775588296541,0.7801633228766552,0.8100460621944636,1.3287822065624313,1.1484027496967246,1.393907862535798,0.5662100456621005,0.3118401206636501,0.6022651565622917,1.3958640575874546,1.7752380317460317,0.9513996880132132,1.602125224903407,1.8223618153202716,1.266959798994975,0.16553451562802285,1.2778446635206302,2.5772231920313593,2.888939660521993,3.63343083685953,2.434744467336266,0.9692179251819185,3.7323469237312956,2.428307476684985,1.7261438867522791
2020-01-22,0.6969387577311541,0.7824112585083266,0.8175245363009647,1.3133670777361817,1.1775172260412454,1.3923457432960167,0.5637193856371938,0.31674208144796384,0.6102598267821453,1.403533674502132,1.773333365079365,0.9440124794714712,1.591177451780132,1.815880166414425,1.2622487123115578,0.1643095713482326,1.2817579987429861,2.577737701931758,2.8992517977733163,3.6247120642891573,2.4334251160008287,1.0020893029344466,3.7144136580494584,2.4308429787474775,1.7266428736777428
2020-01-23,0.7346938332986267,0.8019084604442327,0.8373426085999275,1.3272406958819645,1.2066316215123332,1.4423327779224162,0.5620589456205894,0.32277526395173456,0.6009327115256495,1.3951823452975265,1.762857111111111,0.9374028370412683,1.5941827003151807,1.7938018998136904,1.2785803706030152,0.1625278397819207,1.2760384624913166,2.568047238075232,2.9132141996714727,3.6191812508762027,2.41627270202109,0.9949857161358231,3.7372785757166875,2.431988217546076,1.728612932782224
2020-01-24,0.7051019973188266,0.7936508082145299,0.8316091051373885,1.2950892094252369,1.1734735139506671,1.4722728195782349,0.5587380655873807,0.32315233785822023,0.5996002664890073,1.3743892313512276,1.731746,0.9247667364845789,1.591928841728643,1.7415435434787025,1.2506281407035176,0.15812917066383617,1.240216729674391,2.5110195994252673,2.904818361014784,3.575126975492937,2.3962617832741655,0.9788982653081207,3.6996186796767843,2.39936857103193,1.7129825365684195
2020-01-27,0.6660714370900144,0.7647032069860208,0.8144084950364516,1.2514865007707554,1.109179134654266,1.4644623795886489,0.5446243254462432,0.32202111613876316,0.5889407061958695,1.3529144051150004,1.6860317777777776,0.9156298389508133,1.5965439861874848,1.7439740681380205,1.2613065326633164,0.15785077423661112,1.233293189846683,2.436240404457247,2.81940146012046,3.511176962329336,2.3625068948600405,0.9653875538794497,3.6377492795841904,2.345695292913832,1.6860361021540213
2020-01-28,0.686224472290192,0.7833746129621912,0.8169013903688874,1.2658004844747852,1.1152446421350586,1.499609424629003,0.5400581154005811,0.3269230769230769,0.5942704863424384,1.378138827902765,1.714920634920635,0.9208786920855111,1.6045937877985141,1.747012391067701,1.197864290201005,0.16263918721695364,1.239915645998927,2.451504952821328,2.899160467238547,3.559014639751545,2.394612426430317,0.9718643839226794,3.709033922684736,2.3762209610444485,1.7029868085170585
2020-01-29,0.6836734264369023,0.7485090696120573,0.8337279882689274,1.2475226161638406,1.1035180347755762,1.4811246810726375,0.5408883354088834,0.3306938159879336,0.592271818787475,1.3641631038708533,1.7041269841269842,0.9189346990461645,1.6157561042343265,1.7670650145243065,1.180276444723618,0.1623051170722121,1.2483443633851787,2.4260354307003222,2.959846650848695,3.5681366252034916,2.454425545500568,0.9589108283003224,3.766868173798069,2.386150693607478,1.7015105331484073
2020-01-30,0.7071428135932956,0.7786494133158898,0.8227595604103368,1.257432239594803,1.1281843914274161,1.4535277792241605,0.5396430053964301,0.35067873303167424,0.6009327115256495,1.3869446622669093,1.7085714285714286,0.9313763789147818,1.61382423771223,1.7520761950997812,1.1642587939698492,0.15785077423661112,1.2796507140382085,2.409570436415655,2.9555575469976274,3.5924876290177856,2.3037933580140746,0.9525037106345485,3.8731225090086867,2.381586511140217,1.7068436777710796
2020-01-31,0.6846938600843403,0.7708963945480576,0.8050603712429127,1.2274829773177713,1.1273756166599274,1.4313980734183807,0.5234537152345371,0.34502262443438914,0.586275816122585,1.3506987535348538,1.6590475555555557,0.9125194384237838,1.5978319007799053,1.730605706514193,1.169598052763819,0.15272827997566993,1.2582780777158915,2.33642062999382,2.8245118452272315,3.857581968946607,2.22001111225985,1.0009749982860923,3.8159603717561006,2.34623506292786,1.6766226105028645
2020-02-03,0.6928571251822162,0.7603450226689609,0.8058082959313863,1.2340894296410483,1.116053376465831,1.437646472272846,0.5197177251971772,0.3378582202111614,0.5836109260493004,1.3578570024347916,1.6698412063492063,0.9160186608868325,1.6117849224382292,1.7690904956267064,1.178077826633166,0.15545656496247556,1.2603852420112809,2.3498841149997074,2.8167549187807994,3.848901641223974,2.245079810173056,1.0186643086193832,3.90898904037236,2.430826603540358,1.6887858600048011
2020-02-04,0.7252550835394111,0.7845215071937152,0.8197680984755791,1.2757101959920722,1.1803477961989486,1.4496224941421505,0.5276048152760482,0.3389894419306184,0.5909393737508327,1.3745028775252157,1.714920634920635,0.9187402589179677,1.6271332967078094,1.7897509173536745,1.1837311243718593,0.1604677006525267,1.2760384624913166,2.4083697246516618,2.9097463770761087,3.936222991531854,2.307091906775984,1.0384428243872923,4.037659514959437,2.3672397684884015,1.7140845716130233
2020-02-05,0.7423469198380888,0.7878704842255342,0.8267480932289133,1.2968508918740367,1.211888354225637,1.4826868263473054,0.5388127853881278,0.34351432880844646,0.5982678214523651,1.3879104502236008,1.7457143492063492,0.9391524482727925,1.6527853204418872,1.738505240804238,1.1988064698492462,0.16180399793527847,1.3112582687760905,2.5360604447640815,2.933473371053112,3.917403035421509,2.3101705105058996,1.08872488582004,4.032727862974045,2.3691374505079814,1.7333690441943261
2020-02-06,0.7219387315831957,0.7697036520727343,0.7979558096239883,1.281215591279454,1.1637687424181156,1.5027336891434524,0.54337899543379,0.391025641025641,0.6049300466355763,1.3738211652352876,1.746349142857143,0.9327371876504118,1.6478480443887096,1.7354669178745579,1.2016331030150755,0.16102449350697684,1.3073449335537346,2.508018081570894,2.967786019346596,3.937298536990432,2.3183069043971494,1.0917194746631234,4.116341647246321,2.4149422256682245,1.7391336626676184
2020-02-07,0.7239795478576646,0.7458482658197682,0.7972079846488352,1.2754899361374148,1.1459765467044076,1.4907575631346006,0.5421336654213367,0.3925339366515837,0.6042638241172552,1.352119046651084,1.746984095238095,0.9300155701791519,1.630245811532592,1.7233138287079972,1.195037657035176,0.15673718852771085,1.3040336753752655,2.48023324345911,2.920514692462128,3.993086773697028,2.3345795382489127,1.0683892212100903,4.122169802237844,2.419849880149679,1.729740856424201
2020-02-10,0.7344387822847249,0.7335535229572167,0.8030661546902848,1.2708654261175953,1.1427416093813183,1.4949231450143192,0.5471149854711499,0.38838612368024134,0.6062624916722185,1.3484831019547074,1.7571427936507937,0.9286547614435219,1.6299238409342887,1.735061894572856,1.1875000314070352,0.15695991123741942,1.3073449335537346,2.4614526759158504,2.934385727322504,4.097998983795457,2.342605882658798,1.0754927035446118,4.229993112979307,2.468026809364769,1.7424136260618641
2020-02-11,0.7612244703769268,0.7524543857684997,0.8045618918897461,1.2917859502312266,1.1552769915082894,1.5082009893256965,0.5579078455790785,0.39592760180995473,0.614257161892072,1.3433700808233136,1.770793619047619,0.9329316277786086,1.6313191828124756,1.7267571749393797,1.1962939698492463,0.15684854709860088,1.3067428866121946,2.493696994308404,2.916681730242745,4.130435106741854,2.278064967940571,1.0688766646389487,4.134498943409573,2.4682067321574834,1.7453556435889037
2020-02-12,0.7772958730281665,0.7632810719016621,0.8169013903688874,1.3096234529839244,1.1775172260412454,1.5225201770372299,0.5657949356579494,0.40912518853695323,0.6135909393737509,1.3558117746662475,1.7834920634920635,0.9290435833795408,1.6216593242816213,1.6862467426827374,1.1853015703517586,0.1589643543775828,1.306140809568308,2.60252129660817,2.9859464500821318,4.148102858148301,2.3173172287185455,1.0816212990214165,4.140551509962979,2.4837148892370684,1.756635259981861
2020-02-13,0.7676020212346423,0.7665841318760278,0.8288669763604521,1.3021361153930853,1.1528507885159724,1.5240822962770113,0.5666251556662516,0.4155354449472096,0.6095936042638241,1.354107491100841,1.7755555555555556,0.9354587856815472,1.6109262554669155,1.6603200862937022,1.1598618090452262,0.15272827997566993,1.3148705203229825,2.5915445451372565,2.9646832998722394,4.128649248599685,2.343485497860984,1.0746570255493286,4.118135011922551,2.477809367913439,1.7537711613891334
2020-02-14,0.7448979656913784,0.7590145886597778,0.8240059644519769,1.2970711737502754,1.1306105539830165,1.5092424108305131,0.5653798256537982,0.41628959276018096,0.6049300466355763,1.3468923793457022,1.7726984126984129,0.9374028370412683,1.611355674817123,1.674093653516177,1.1466707914572865,0.15445433782446533,1.306140809568308,2.5622159029052747,2.965413506114255,4.099842978751433,2.354920286583407,1.0495159913508179,4.154898046292355,2.487755475683588,1.757004297116275
2020-02-18,0.7303570987153801,0.7593816039890192,0.8162781447234896,1.2931072671217796,1.093408855640922,1.499609424629003,0.5666251556662516,0.4038461538461539,0.6049300466355763,1.324906270312322,1.7625396825396826,0.9134915029838938,1.6007298722921512,1.6702451016861475,1.1407035175879396,0.15618039010533216,1.3275134458906246,2.591030035236858,2.911115167001278,4.139787298459502,2.3947224869067343,1.0523017634181144,4.19704083844338,2.4860051672563164,1.7518739453801255
2020-02-19,0.7227040631963249,0.7563537848674884,0.812289611904913,1.2884826690156355,1.0796603720177922,1.4868524082270242,0.5711913657119136,0.4023378582202112,0.6049300466355763,1.3483126724619323,1.7876190793650795,0.9154354765831159,1.5985832907284165,1.6609277225223358,1.1378768844221105,0.14732738371957516,1.3464779847538233,2.618214521754442,2.9532761087789745,4.167729474312788,2.391314042594196,1.050630302963446,4.1981617305948955,2.497488910246783,1.7601178889118347
2020-02-20,0.7272958998138801,0.7506652353548993,0.8146578406584379,1.2856199295309405,1.0832996765062677,1.4824264254100497,0.5703611457036115,0.4023378582202112,0.6209193870752832,1.322179245036263,1.7063492063492063,0.9202955077817946,1.5924653663725525,1.670852737914781,1.125942148241206,0.14704899286027864,1.3202889728991878,2.590944193543056,2.922978536229239,4.134852162219067,2.359318406574549,1.0531374414133976,4.134050523782773,2.4835185896013496,1.7534021242547195
2020-02-21,0.7096938594465853,0.7471327827714981,0.8155303197483367,1.2743888791015197,1.084108329963607,1.47175212184327,0.5653798256537982,0.3861236802413273,0.6175882744836775,1.310191965454108,1.6641269206349205,0.9272939721480166,1.609208932257356,1.6678144149851006,1.1218593278894473,0.14755010642928373,1.3254063116975823,2.5849411749854974,2.856816827888301,4.02513843856394,2.3109400762267205,1.0435267092005491,4.003362295374081,2.429468891112754,1.7349596603049253
2020-02-24,0.6492347028256453,0.7097899065930802,0.7853670153795209,1.1942303457388241,1.0254751718560453,1.4087477479822963,0.5325861353258614,0.36349924585218707,0.5776149233844105,1.2756504255050467,1.5771428571428572,0.9018273697866908,1.5660621136859956,1.647356768226793,1.0888818467336683,0.1447661421570331,1.2805538747575593,2.382214275086062,2.72111691914583,3.858676737789264,2.206926966693578,1.019778515767909,3.830755327712277,2.3255574558102765,1.6768148701791243
2020-02-25,0.5897959288317365,0.6792825475600064,0.733017559528198,1.1206782426778243,0.9781642135058632,1.2928924759177298,0.5134910751349108,0.35180995475113125,0.5636242504996669,1.236279945772527,1.524761873015873,0.877138411297403,1.5525383396487782,1.625886137854692,1.0656407035175879,0.13791759004729653,1.2567729904643892,2.2587257760164157,2.6289467786092353,3.7884853661585414,2.163496541951508,0.9869072424794829,3.767540982570254,2.271344208100202,1.6260409231665176
2020-02-26,0.5691326130323313,0.663959990163501,0.7150691369162732,1.092050209205021,0.940962393853619,1.273106014058839,0.5060190950601909,0.35633484162895923,0.5609593604263824,1.2258833887993776,1.4996826031746031,0.8580870889985827,1.5421272521654448,1.6192020178084268,1.090452292713568,0.13608017919553966,1.2688139894998798,2.2553811658058387,2.670651505749224,3.8016401832992113,2.1682243375994834,0.9732572177242764,3.8146154267066708,2.279082111828766,1.6198968616993432
2020-02-27,0.5255101906757604,0.6007891063545115,0.6601021690102642,1.0612199735741028,0.8924383340072786,1.2140067951054414,0.48111249481112495,0.33861236802413275,0.5223184543637575,1.1685603756718468,1.4415873015873015,0.8256221194716586,1.493184479836524,1.581527315809749,1.0709798366834171,0.12538975082216866,1.2275736836973603,2.1775147570747384,2.496075816754882,3.6186437124379083,2.0863112287953127,0.9270144488338867,3.5458415031194463,2.156243376200092,1.5483569635471488
2020-02-28,0.48596934984772067,0.6218001444499522,0.6289417563651345,1.0158555604492403,0.8443186008896079,1.202551392866441,0.46824408468244083,0.32880844645550533,0.5129913391072618,1.140609018506783,1.4295237777777776,0.7941290589838463,1.4433830512693582,1.5507393062738364,1.049623052763819,0.12321825312188464,1.2007825947988382,2.18643345179287,2.4946156597919327,3.617587388442991,2.116217782832912,0.9064001506065923,3.6316967354472824,2.1909895535699424,1.5356010717855402
2020-03-02,0.4811224622162637,0.6304706648402728,0.6235821653901721,1.0385377670116713,0.8075211888394663,1.222337958864879,0.4719800747198007,0.32390648567119157,0.5003331112591606,1.190035201908074,1.4755555555555555,0.8215396349443942,1.5028443383673786,1.6481669971271418,1.0954774183417086,0.1285634700925344,1.240216729674391,2.3420802903517686,2.726866179959847,3.7524006372323293,2.159868152606976,0.9353019481942182,3.8733465394901025,2.2724239477062063,1.6062989607864269
2020-03-03,0.45535713124088956,0.6052389917467472,0.590427486335754,1.0169566174851354,0.7743631217145167,1.1770372038531633,0.45371523453715235,0.30693815987933637,0.4743504330446369,1.1557208747705743,1.409523873015873,0.7879082384896624,1.4552967576536817,1.6027951914684058,1.077261275125628,0.1281737150944193,1.2519566149320707,2.2416601642941414,2.640262894688812,3.66605871930347,2.0438703148060577,0.8976948087664824,3.687737980548353,2.1943595728310794,1.5611492765965946
2020-03-04,0.4727040950840792,0.6251949789007245,0.6193443492704345,1.068046685752037,0.7682976142337242,1.2218172350950274,0.4653383146533832,0.30920060331825033,0.4796802131912059,1.1858879687333719,1.4361905396825396,0.8048212053814386,1.53998067060171,1.6805753024220236,1.1432161432160803,0.12878618166638592,1.3136663963375557,2.4819484651235015,2.762730352254061,3.7944193924530696,2.1084112295242847,0.9347447923879041,3.8231338080445236,2.2681870632598526,1.627033820658807
2020-03-05,0.40918368854123244,0.5665657503728002,0.541692600958771,0.9911913234970272,0.680145572179539,1.1780786253579798,0.43918638439186386,0.2922322775263952,0.4590273151232512,1.129360234533343,1.3520634920634922,0.7562208933946519,1.5242030487110239,1.6524205722588732,1.1136934359296484,0.12500000139198214,1.2971101355475576,2.426549940600721,2.673115641540427,3.694941880767619,2.0359538659468015,0.9022216492018009,3.727191218847989,2.1577975862054783,1.5718414539195136
2020-03-06,0.40739794879086866,0.5585833756965478,0.563504889810362,1.0105703369301917,0.7124949858471491,1.1905753709971363,0.42963885429638854,0.2861990950226244,0.4490339773484344,1.0956141439469573,1.3282539682539685,0.7210342286359688,1.5244177530195933,1.6649787049823517,1.0998743718592965,0.11670377672481815,1.2652016175435994,2.43435376524866,2.6376163533491512,3.6508873710933587,1.9910940293928765,0.8895466714826009,3.621833745307471,2.124049274041918,1.5450355025064284
2020-03-09,0.3762755006052168,0.5431691172248668,0.538327276393097,0.958379211627395,0.6813586736756976,1.1356417339234575,0.3706932337069323,0.24962292609351433,0.4010659560293138,0.9817634023005704,1.1904761904761905,0.6314152533323338,1.4644199305445942,1.5993518452370232,1.060301444723618,0.10172605450803826,1.191450957512012,2.344910382086353,2.429001752144552,3.4579238079578096,1.8636614138645877,0.8204610438181221,3.3763728227668053,1.9885162570095332,1.42765962309032
2020-03-10,0.43367345832465665,0.5826222696141347,0.5830736289515033,1.0013213168905528,0.7060250303275374,1.1861494662848218,0.40058115400581157,0.26244343891402716,0.4117255163224517,1.047324177995133,1.253968253968254,0.6819596166788418,1.5202318561818577,1.661332766079254,1.0863693467336684,0.1077951021894732,1.2314870189197162,2.4011662601735164,2.603942288738821,3.6330850579187794,1.959208442854594,0.8689323802195802,3.6072628198327097,2.0945705983748355,1.498180734633053
2020-03-11,0.4147959077858187,0.5503716084112599,0.5696123556171374,0.9396608236071351,0.6364739183178326,1.1062223900026036,0.37650477376504776,0.24547511312217193,0.391072618254497,0.9765367293140158,1.1704761587301586,0.6284992734933762,1.4146185019774284,1.6052258781694526,1.0103642587939698,0.10272828721397705,1.1791088748010572,2.382128433392261,2.5135060412484034,3.4968122722529498,1.8717978077558375,0.8215753484664766,3.443846706033475,1.9882708333883399,1.4249669719351168
2020-03-12,0.343112236145096,0.4704560275338293,0.4372429351647912,0.7423474785289585,0.4957541447634452,0.9390783650091123,0.32004981320049813,0.20852187028657618,0.3331112591605596,0.8560390272460169,0.9939682222222223,0.528771413856365,1.3460342029845271,1.5080007799878625,0.9428391959798995,0.09031179542388211,1.0734496967655116,2.1474144743382686,2.265285599561964,3.219791977212259,1.698405784444391,0.7159969417368044,3.1172381726689498,1.8238644082596098,1.2894345430598837
2020-03-13,0.3650510110956375,0.5198183323207327,0.4730150764172351,0.8447478749174191,0.5713708046906592,1.0747200989325696,0.33872976338729766,0.2251131221719457,0.35976015989340443,1.0065333142476238,1.1904761904761905,0.6005054354686127,1.4413437359953576,1.5545878378486497,1.02732408919598,0.10467705106869539,1.2131245571004046,2.332904610814642,2.5366855265559414,3.4279461119419983,1.872237543889089,0.7517933004190626,3.560412428594207,1.995337767503854,1.4091859405225233
2020-03-16,0.40612243861932557,0.40379850727219946,0.4054592768742636,0.7885928429861264,0.5321471896482005,0.9768289507940642,0.27687837276878374,0.20663650075414783,0.2811459027315123,0.8786501561492976,1.0047619047619047,0.5151633070599398,1.3644950062143395,1.416244671181784,0.9478643216080402,0.08329621102573906,1.1240216398548573,1.929851565647444,2.210348676765833,3.243874093701699,1.6053875735696836,0.6900202295430107,3.035642119801791,1.7738389226462994,1.2403083188534525
2020-03-17,0.3974489694528324,0.47495183457109524,0.4054592768742636,0.6989649856859723,0.492923574605742,0.9958344181202813,0.30053964300539643,0.21832579185520362,0.28314457028647566,0.9014316236465941,1.0726984444444443,0.5760108782272721,1.4660298264683875,1.508608558003009,1.0100502512562812,0.08190422888961374,1.1827212467573374,2.09433152307408,2.30753787187443,3.471808393536725,1.6428807358839166,0.7427397797267157,3.2855862747010476,1.8318639096026532,1.3146708174321007
2020-03-18,0.29719386996954417,0.34039819415355893,0.31322445544467953,0.5172869412023783,0.36231298018600894,0.9151263212705025,0.2843503528435035,0.20965309200603316,0.25782811459027316,0.7954777912628612,0.9761904761904762,0.5466563286675025,1.4485350423641736,1.4508810705059971,1.0163316896984924,0.07227171250762653,1.135159478170997,1.8614183701104678,2.2510494615805805,3.5143649214867545,1.6158330054700276,0.7211505389275169,3.147276190377131,1.7942385585781677,1.2465304266057338
2020-03-19,0.2624999933035716,0.3325993271419273,0.3013835111036952,0.4736842105263159,0.3489688637282653,0.8034366310856549,0.31133250311332505,0.22096530920060334,0.2618254497001999,0.849278500186831,0.9815873015873017,0.549961149882604,1.3636364251075759,1.4326514975218045,0.9554020100502513,0.078674830333803,1.1724864487511604,1.8849155399629918,2.2338017886475634,3.612171913414091,1.6836724579551114,0.6987951723322006,3.199058592264995,1.8244860526733515,1.252398852610711
2020-03-20,0.2647959116123492,0.3157170440538956,0.293655716303538,0.4701607575423916,0.34977759805903763,0.8315543087737569,0.29057700290577004,0.2171945701357466,0.2671552298467688,0.7863311035943391,0.9419047619047619,0.5151633070599398,1.2867876094620072,1.4454122431722147,0.9111180904522613,0.0760579039178874,1.0863937060086182,1.7716318860163633,2.091987625479102,3.5452643816497678,1.6462891801964545,0.6643220395381861,3.0789061403518017,1.754191929513361,1.1980954490010263
2020-03-23,0.2614795851663371,0.3289751367827349,0.29951389880915247,0.48931951112089855,0.3546300040436716,0.8781567300182244,0.27936903279369035,0.22021116138763197,0.2558294470353098,0.7667878532714952,0.8828571111111112,0.4908631510665465,1.1928732573333316,1.3449463914309578,0.894786432160804,0.07388641178553189,1.0614086977300212,1.6710402137806346,2.0475451359737176,3.6542288791915762,1.6283673544266308,0.6600041760569447,3.0481953138714344,1.7285086178854383,1.1629985990383322
2020-03-24,0.35510203175760124,0.4251766295105355,0.36033901182828076,0.5921602950891874,0.41285887585928027,0.980473834938818,0.32503113325031135,0.24811463046757165,0.29447035309793473,0.8726281246988269,1.0546032063492066,0.5622084090631495,1.279167141336635,1.3986227344262252,0.9327889761306533,0.08301781459851398,1.1189041806470745,1.8849155399629918,2.2529659061872604,3.725802896082893,1.7699835218246351,0.7345915867286463,3.3252632296511275,1.8558458372108302,1.272120129063263
2020-03-25,0.3926020308009686,0.424534373328459,0.37193068533226903,0.6848711737502754,0.5143550343712091,1.0257745899505337,0.34288086342880864,0.2594268476621418,0.3271152564956696,0.8813203128889828,1.0790476825396824,0.5631803958627605,1.2815284379420078,1.3818108645292861,0.9343592964824121,0.08780623314678508,1.1225165526033547,2.0108910298354257,2.240554882277788,3.621600996747636,1.717537241919865,0.7371683330919515,3.293431847266715,1.8035466467274555,1.2867940495924144
2020-03-26,0.39948978572730137,0.44595834839817133,0.4049607476644367,0.6980841444615724,0.509502628386575,1.0734183806300444,0.369032793690328,0.26357466063348417,0.34443704197201863,0.9418815431909661,1.133650761904762,0.6006998561566845,1.3584845198773106,1.4893660216602396,0.9971733668341709,0.08596881672709966,1.1673689895433776,2.190120888516243,2.358459609417777,3.7553581558330515,1.7959318459350804,0.7861968252997235,3.4994395315077447,1.900489197943304,1.367108223130981
2020-03-27,0.35816325616930467,0.41705663670165405,0.37230462274817566,0.6507377009469281,0.4476344520824909,0.9471492059359543,0.34578663345786637,0.24396681749622925,0.3211192538307795,0.8995568253708256,1.0796824761904762,0.5886469982240863,1.3218847981514392,1.4529067136501257,0.9704773869346733,0.08079064318071348,1.1730884956927004,2.0791526877698936,2.260814053659427,3.648986176487554,1.7239142184908485,0.7523504562253766,3.3557496894026073,1.8169935725659812,1.3210539667624384
2020-03-30,0.31249999202806145,0.38989815377370685,0.35310979609461063,0.6313587315569259,0.42862919530934085,0.9138244727935434,0.34786218347862186,0.24547511312217193,0.3097934710193205,0.9068287204447512,1.1060317460317461,0.5816485338578642,1.4276054293786717,1.5586388203086654,1.0260677763819095,0.08491091030364442,1.2305839786097537,2.1548751980544107,2.325333053476912,3.771604817131164,1.8246289441878707,0.7864754032028805,3.5917953913518184,1.876065349136151,1.3653304237027595
2020-03-31,0.3109693798222097,0.3752638063173467,0.35485476673857286,0.6282757322175733,0.42215932066316214,0.9271023431398073,0.3358239933582399,0.2420814479638009,0.301798800799467,0.8782524286273736,1.0793650793650793,0.5579316010484371,1.4074273673377131,1.558436369423463,1.0251255967336685,0.08630289243976974,1.2212522209135392,2.138581621313939,2.320587625479102,3.744277307543482,1.8339748048589821,0.7725468562587048,3.5353060628714177,1.9022233323772892,1.3434677675391977
2020-04-01,0.27270407467591645,0.3270483636489286,0.32843074927966787,0.5256551640607796,0.3978972907399919,0.8341577974485811,0.3183893731838937,0.22473604826546004,0.2698201199200533,0.8254175076600954,1.0038095555555555,0.5165241157955699,1.382526572556114,1.4948350110357507,0.9971733668341709,0.0765590174868925,1.2281757306389003,2.035159977401938,2.198485161525826,3.6635813052002186,1.7548104592021043,0.7322237058910427,3.409773539346032,1.8086669744158639,1.2841638351534173
2020-04-02,0.2566326465144733,0.31883659636364065,0.30736631033156014,0.4994494604712619,0.386170642943793,0.8200989325696434,0.3275217932752179,0.22699849170437406,0.2671552298467688,0.8517781478973264,1.0761905396825397,0.5291601774720097,1.4291080482796616,1.5570185245496966,1.0323492148241207,0.07561246963432729,1.253762815961384,2.0619157871373313,2.2351705785727325,3.6849555670297116,1.7393073910711618,0.7660700819296631,3.4803853736743924,1.8335650940444503,1.3134804570739178
2020-04-03,0.23954081021579568,0.3181484506495724,0.3077402477474667,0.4950451442413566,0.3857662757784068,0.7951054673262172,0.32129514321295144,0.22247360482654602,0.2591605596269154,0.8347346305025649,1.0746031111111112,0.5099144733653669,1.4400558214029369,1.5444602297844892,1.0565326319095478,0.07410912892731195,1.2378084817035375,1.9680130609037556,2.203048037963132,3.661449670037718,1.6952171312331104,0.7405808131647277,3.4483299383920665,1.7960052422125592,1.2935981390433093
2020-04-06,0.24234693259319048,0.3434260132750897,0.3324192820982445,0.49152169125743234,0.39425798625151637,0.7992710492059361,0.3449564134495642,0.24057315233785823,0.28181212524983346,0.8989318963996842,1.1749205714285715,0.5565707534325575,1.500053643877936,1.6266963667550407,1.0857412060301508,0.08140311532060861,1.253762815961384,2.1296629265958074,2.395236356999453,3.836207707117114,1.8202309891225177,0.7996378800651264,3.7047747208075608,1.9416644910216407,1.3845786023470201
2020-04-07,0.26071427906341127,0.3744838907144489,0.36183472409941203,0.48998018057696546,0.4294379296401132,0.8531632387399116,0.348277293482773,0.25037707390648567,0.301798800799467,0.9431882753507947,1.172698380952381,0.5592923903439423,1.4755822577134754,1.5912497385304787,1.0555904836683416,0.0826837388858439,1.2046959300211941,2.1270902227331256,2.3674939952546086,3.8631127823595612,1.8562947506199479,0.800473606810324,3.6648733767120967,1.9409937226224245,1.3823590495199076
2020-04-08,0.28903060487166826,0.36342784867286626,0.3632057573274676,0.5115613301035015,0.4532955923978973,0.8929965894298361,0.35159817351598177,0.24660633484162897,0.30446369087275155,1.0053403191605426,1.2498412380952382,0.5886469982240863,1.537619384729406,1.653230801159222,1.0866833542713568,0.08730511957777996,1.214629644351907,2.296801172311113,2.428089140354079,3.923413953331934,1.9162177542457755,0.8307681894496326,3.701636433498399,1.9798787360456285,1.4294372951677463
2020-04-09,0.3191326449200856,0.3822827944266959,0.393992269949186,0.5371063422153711,0.4779619894864537,0.9494923457432962,0.3682025736820257,0.252262443438914,0.3251165889407062,1.0468128099803928,1.3041270476190476,0.6454121626246533,1.5158312657686221,1.670852737914781,1.1114949434673367,0.10027839308646794,1.1965682963104063,2.2650716296623647,2.445610439861288,3.922953072218542,1.9262232850870793,0.8461592268586733,3.701860463979815,1.9817925936943792,1.4501461396117576
2020-04-13,0.29489795166076654,0.3481053233893995,0.36781751086311193,0.512001761726492,0.4613829357056207,0.8919551679250197,0.35907015359070155,0.2458521870286576,0.31445702864756825,1.0179524424962516,1.256508,0.6110031222978834,1.5001610711637021,1.6313551272302032,1.103643184673367,0.09933184523390272,1.1857314212603425,2.259754804392807,2.4936119729877717,4.165137190407472,1.9218251650959375,0.8437217450719895,3.7101544785887812,1.9917880266638361,1.4354929050101448
2020-04-14,0.3048469309988028,0.3627855924907898,0.3870123125883468,0.5404096234309624,0.4638091386979378,0.9054933350689924,0.36239103362391034,0.25829562594268474,0.31245836109260494,1.0125553456980947,1.265396857142857,0.58670296630449,1.5673500282784163,1.6779420230492612,1.1444723304020101,0.10222717364497193,1.2281757306389003,2.3196981192033435,2.6195472531483848,4.384928935249153,1.9589884978226002,0.8629431537834988,3.8937456423728842,2.076314066447855,1.479379639928112
2020-04-15,0.31352040016529586,0.35654648328372296,0.3749220849462015,0.5362255009909712,0.4727052163364335,0.8544649830773237,0.3358239933582399,0.23491704374057318,0.28847435043304465,1.0142029311623013,1.2190476825396825,0.5528771686018111,1.5848449841117307,1.6623455876513182,1.1297110866834172,0.09766147223848087,1.2068030943165835,2.415573197705401,2.5956378171199126,4.431710056305868,1.9457944677007522,0.8265896323306534,3.8529477952712896,2.0652554702933474,1.4467882572832
2020-04-16,0.28239795197964407,0.33282871975096284,0.352237304540547,0.5016516406077957,0.4350990699555196,0.7987503254360844,0.32503113325031135,0.23453996983408748,0.2864756828780813,1.005794733421322,1.2177778095238094,0.5227449362897538,1.6064183880308764,1.6811829386506572,1.126884453517588,0.09420935097296156,1.2579771144498157,2.5592143936264953,2.6162621281255705,4.624731285752818,1.9378780188414961,0.8059753898175468,3.9686166561619225,2.066891355120499,1.4552037756032288
2020-04-17,0.29515305369507516,0.34402238451275136,0.3730524601874937,0.5344637744990091,0.4654266073594824,0.8120281437125749,0.34205064342050645,0.24660633484162897,0.30313124583610923,1.0424383639941288,1.240952380952381,0.5517107222338787,1.631641164143848,1.6905003178144686,1.1592336683417084,0.09693763595976716,1.2832630859944885,2.491724513406016,2.580762803431283,4.560992725973247,1.970753281058382,0.8365485503600124,4.003586684519465,2.0992492044422164,1.494193916107781
2020-04-20,0.28214284994533545,0.3302596537344647,0.3643275446468574,0.5205901563532261,0.4666397088556409,0.8086435563655299,0.33748443337484435,0.23868778280542988,0.295802798134577,1.0248834785846272,1.2177778095238094,0.5381026543177032,1.627884525660288,1.6832084197530568,1.133165891959799,0.09599108810720194,1.3007223870944495,2.419518159510178,2.5271946705603217,4.596731910249703,1.9597582284692103,0.8385681966311914,3.924232102124365,2.0720280563801423,1.4674761626574797
2020-04-21,0.28061223773948374,0.3336085986532452,0.35261124195645366,0.5086985245540631,0.462191670036393,0.7839104660244729,0.3221253632212536,0.2292609351432881,0.2838107928047968,0.9874445747654909,1.1730159047619049,0.5217729494901429,1.6065256650536794,1.5912497385304787,1.118718561557789,0.09042315956270067,1.304936685582881,2.3513420774261036,2.449078262456653,4.470963755296414,1.8779550152156685,0.8131485845295239,3.761936858060147,1.9897920950374226,1.422461631448331
2020-04-22,0.26198978923495436,0.32608497708202544,0.34313847651233415,0.4948249064082802,0.4613829357056207,0.7734964592554023,0.3275217932752179,0.22963800904977374,0.2844770153231179,0.9997727076520234,1.200317492063492,0.5209953250582294,1.6420522516271814,1.6200122467087754,1.1385050251256281,0.09109131655596937,1.343768743414547,2.3756108963587095,2.519620441686439,4.538888695705508,2.004178174959148,0.8309074540262539,3.8897108296410936,2.066466008706591,1.4550790290018127
2020-04-23,0.2614795851663371,0.32131389249130915,0.35148946710122897,0.4950451442413566,0.4557217953902143,0.7846914605571467,0.32710668327106684,0.2330316742081448,0.2924716855429713,0.9944892570278546,1.1895238412698415,0.515746530243906,1.6690994777095518,1.6382418196929678,1.1523240891959798,0.09086859384626078,1.329921693861478,2.4468740635719577,2.509855813104581,4.6079468517254165,2.035514140808603,0.8451145719093132,3.842636049257206,2.0878962602589892,1.4542941270658807
2020-04-24,0.26301019737218884,0.3192036116928821,0.34912126327603404,0.4935036335608897,0.46259603720177916,0.7636032283259568,0.33540888335408886,0.22435897435897437,0.29447035309793473,1.0055675262909323,1.2053968571428573,0.5233281594737201,1.662123047378406,1.649382249329193,1.173995006281407,0.09420935097296156,1.3564117893915775,2.497984791201571,2.582314290929002,4.628629791884821,2.089829722589216,0.8685841944030696,3.9127998002062365,2.092803914740444,1.4745350758516358
2020-04-27,0.2556122383772388,0.3191577267484673,0.34712699686674575,0.4879982382735081,0.46583097452486855,0.7578755792762303,0.34786218347862186,0.252262443438914,0.301798800799467,1.0427223544433053,1.2479365396825397,0.5522939454178449,1.6560051122894732,1.70103311122206,1.2038317211055276,0.10083519150884661,1.351294330183795,2.521053155637997,2.5841395510129583,4.56291314396313,2.0615723604696767,0.8769413016767547,3.9015915511860224,2.087192741445534,1.4962314877673069
2020-04-28,0.2872448906315079,0.3531058005891513,0.3936183325332793,0.5360052851794759,0.549939344925192,0.772975813590211,0.36695724366957244,0.25829562594268474,0.32445036642238506,1.0624360342589243,1.2739682857142858,0.5612364222635385,1.6248792771252392,1.6443184452971127,1.1906407035175879,0.0975501080996623,1.3630342455438214,2.4728580955933617,2.54225212630042,4.444001011822149,2.011105113065589,0.8793787904277119,3.8065454874121167,2.0181421066909753,1.488387673157018
2020-04-29,0.32219386933178906,0.3815029155244135,0.423781611973765,0.601629597005065,0.632834613829357,0.8063004165581881,0.3889580738895807,0.28921568627450983,0.3677548301132578,1.0795931978276743,1.2949206666666666,0.5832037438414414,1.6125363123867404,1.6360137459188526,1.1972361494974875,0.10239420036544987,1.3178807249283344,2.4667695011854085,2.6257529841211897,4.556594893880112,2.13512928428134,0.8962323670515318,3.977359090397689,2.194506745209554,1.5279548463523414
2020-04-30,0.3063775432046545,0.36003305092270943,0.4053346476878482,0.5705791675842325,0.5822887181560857,0.8135902108825828,0.3752594437525944,0.27941176470588236,0.3524317121918721,1.042040642153377,1.2517460317460318,0.5647356058463376,1.6103895698269737,1.607048766600137,1.2047739007537688,0.10089087079429161,1.3085490575391614,2.508103923264695,2.6811460850520166,4.751114106971711,2.250797292494688,0.8744341632268029,4.017260770740624,2.206252486606283,1.5138786444415
2020-05-01,0.27142856450437336,0.3387008136287882,0.37529602236210813,0.5311605593481612,0.5244642135058634,0.7609997396511325,0.35990037359900373,0.26960784313725494,0.34177215189873417,1.0061356776244592,1.2190476825396825,0.5363530430861789,1.5916066994012386,1.5732225961762731,1.1821607726130654,0.09554565382364186,1.2895845487783097,2.4398422739058208,2.6379814564701585,4.3901524164895145,2.2239693311919515,0.8487360289361662,3.9132482198330374,2.1603658370463257,1.4714006718173407
2020-05-04,0.2505101976910664,0.32131389249130915,0.3585940287201535,0.497027086544814,0.5248685806712495,0.7175214527466807,0.3536737235367372,0.2658371040723982,0.3331112591605596,1.000056783318787,1.2092063492063494,0.5316874131354474,1.5913921560887012,1.556815931877981,1.1815326319095478,0.09287304812228124,1.3320288581568676,2.4658263145028188,2.6753057492243113,4.447668841186044,2.2568444394781015,0.8474127960836492,4.008966419884188,2.1704920688230227,1.4776538708368292
2020-05-05,0.2426020346274991,0.3163593002359721,0.3610868492675988,0.47808850473464,0.5078851597250303,0.6878417078885708,0.3424657534246575,0.26282051282051283,0.33510992671552303,1.0129530675388463,1.2057142857142855,0.5116640845968913,1.6045937877985141,1.5801094506807667,1.2094848618090452,0.0934298465446599,1.3157735606329453,2.5129920803276558,2.7154589888665814,4.451144911052394,2.276745616605133,0.853680656137075,4.052006073705312,2.2102603242744476,1.4910126838865825
2020-05-06,0.23596938173547496,0.30411047901845084,0.34687771356558467,0.4624532041400573,0.4727052163364335,0.6490497266336892,0.33748443337484435,0.2564102564102564,0.3284477015323118,1.0051130211313937,1.1841269523809523,0.4978616154327686,1.5893528515477697,1.5620823285817769,1.2094848618090452,0.09532294224979034,1.3353401464376835,2.476374123348134,2.7434751231976637,4.515402022097593,2.2921386242596578,0.8577895496285131,4.091907395384277,2.204027707779629,1.480606294743136
2020-05-07,0.24336734073042496,0.30383523357803893,0.3521126628899665,0.4774278793217353,0.47715325515568136,0.6625878937776621,0.34454130344541306,0.26357466063348417,0.34110592938041306,1.0357914035725166,1.2320635238095239,0.4904743485706522,1.584093583430151,1.5312942987906482,1.1608039886934673,0.0883630260012352,1.3163756376768319,2.4440442291051863,2.771856105128673,4.546801042512733,2.3228147550131313,0.84427889391403,4.115669174721606,2.2453501748723252,1.4976401232301186
2020-05-08,0.25867346278894227,0.34594919434717303,0.3739249517415574,0.5003303016956618,0.5220380105135463,0.7081489455870867,0.34910751349107516,0.26885369532428355,0.3510992671552298,1.0532325575904429,1.2723810158730158,0.4943623735295951,1.596007300547543,1.5474985527141696,1.1689698806532665,0.09359687326513787,1.3257073953730463,2.4611954166778545,2.830169775506479,4.5698460583913345,2.3347994832809067,0.8565359804035372,4.139878701190794,2.2712134092929626,1.5229076167401374
2020-05-11,0.2576530546517078,0.3385631909085823,0.35348373351051726,0.4846950011010791,0.49413667610190054,0.6792501952616506,0.33955998339559984,0.26131221719457015,0.33710859427048634,1.0405635713995325,1.2644445079365079,0.48172631185315534,1.600407901693848,1.5780839695783668,1.1966079773869347,0.09398662826325296,1.3419626928969688,2.4756881873279464,2.8747034860375984,4.626286937629285,2.3439252339942356,0.8537502570861552,4.186056956152052,2.295571758907521,1.5231102822758653
2020-05-12,0.24617346310781982,0.33581061722746336,0.33466283180869383,0.4631138735961242,0.46906591184795793,0.6571205415256444,0.33208800332088,0.2605580693815988,0.3264490339773485,1.0067606122767727,1.219682476190476,0.4673406195050665,1.5792637346627396,1.5635001734555434,1.1733668655778893,0.09554565382364186,1.3401564918676552,2.4671984352354137,2.841850739185983,4.526329087155369,2.3100606149552707,0.8375235416818313,4.091234945276061,2.2505521757466145,1.4918860379670893
2020-05-13,0.23239795325515425,0.3562253574864732,0.3180854922814848,0.4274388901123101,0.4650222401940962,0.6248372819578235,0.3208800332088004,0.248868778280543,0.31379080612924715,0.976025446516863,1.1742857777777778,0.43798603106504724,1.5791564683730057,1.5776787639797198,1.1636306218592964,0.09114699584141438,1.3503913199761792,2.384015072600848,2.8075377988684065,4.547396016812269,2.2550853520094125,0.8059753898175468,4.029365522766969,2.207348401841458,1.4658336430409376
2020-05-14,0.23341836139238875,0.34126984294467094,0.3258132621533119,0.42677822065624316,0.4638091386979378,0.6451445196563396,0.32295558322955586,0.251131221719457,0.31712191872085277,0.9910805194618675,1.200317492063492,0.4677293831207112,1.5846302690700924,1.621430111837758,1.1909547110552763,0.0888084602847953,1.3570138664354645,2.492153181612613,2.8247856178134696,4.5875907033340955,2.2738868039764752,0.8144717616678532,4.046850368822005,2.218472498824445,1.4827271158774022
2020-05-15,0.2306122390149939,0.3464079428646287,0.31945653797370543,0.4225941642809954,0.4512737565709664,0.6214527727154388,0.31797426317974264,0.24283559577677227,0.31379080612924715,0.9764230831400276,1.1838095555555554,0.4541213346446605,1.6146828939504752,1.6159611224622468,1.185929585427136,0.08763919529045004,1.3729680802839226,2.495154690891393,2.8080853440408835,4.627784919353516,2.318636744979772,0.8146807316576566,4.105805870750821,2.2463805892790214,1.488548841046271
2020-05-18,0.25178570786260945,0.392467219790205,0.362083982472243,0.4813917859502313,0.5382126971289931,0.7052850820098933,0.35159817351598177,0.26885369532428355,0.34443704197201863,1.0332916763256068,1.278730126984127,0.4939735710337008,1.6155415609217894,1.6147458500049796,1.1956658291457287,0.09665924510047065,1.3585189536869668,2.5157360645250315,2.8742470523818215,4.659433371338854,2.3440352834756,0.8465770693384516,4.14503474232157,2.2639663511709007,1.5354399033764878
2020-05-19,0.2459183610735112,0.3803101363484748,0.3572229705637678,0.4791896058136975,0.5026283865750101,0.7209060400937256,0.3449564134495642,0.26621417797888386,0.3337774816788807,1.0102829107991613,1.248571492063492,0.46559100827354216,1.5994419576997307,1.5707920715169552,1.1834170854271358,0.09983295880290782,1.3386514046161528,2.4787752810327133,2.8576384011680966,4.7037375449538885,2.3846070605148015,0.8377324629217204,4.116341647246321,2.2468632472819636,1.5193417383354233
2020-05-20,0.25178570786260945,0.39723826768030585,0.37716563465665087,0.5003303016956618,0.5301253538212697,0.7589169487112731,0.35491905354919057,0.28318250377073906,0.34443704197201863,1.0307919433975243,1.3034920952380953,0.4766718599664047,1.5850595274242678,1.5574235478513987,1.1818467650753768,0.10194876608188978,1.3524984541692215,2.4696851687703867,2.9132141996714727,4.79708880034486,2.5285322549268474,0.8453234931492023,4.1618471158518915,2.301231856609957,1.5446404499436455
2020-05-21,0.25229591193122675,0.4112303910676281,0.3968590154483729,0.5100198194230346,0.5430651031136271,0.7706326477479823,0.35118306351183065,0.277526395173454,0.33710859427048634,1.0231791950192206,1.2793650476190477,0.47550543303859705,1.5746486009369667,1.550536855388634,1.170226067839196,0.10122494093903314,1.334136022452257,2.4604236475394594,2.8914948713268847,4.698763493363307,2.544145207613366,0.8295842768879246,4.1118580786402585,2.2948193156865395,1.5326330388301317
2020-05-22,0.2474489732793629,0.40141298103336054,0.3866384001007703,0.4996696983043383,0.5410432672866964,0.7516272064566519,0.34288086342880864,0.27601809954751133,0.33510992671552303,1.022213321844942,1.2739682857142858,0.46986781628825464,1.5495330911137293,1.546890916485536,1.1777638190954773,0.09888641095034262,1.3455749444438607,2.486407679560864,2.9101114801971164,4.6798279664983315,2.5828478477025127,0.8245003293962067,4.113651443316489,2.30728474989001,1.5362404143615216
2020-05-26,0.28418366621980445,0.46467567143179506,0.43661968951939334,0.5648535564853556,0.6126162555600485,0.846654517052851,0.3640514736405147,0.30957767722473606,0.3624250499666889,1.1138506621099724,1.3869840952380952,0.5104976771092083,1.55157240638773,1.5649180385845258,1.177449811557789,0.1010579030826981,1.3284166066099756,2.528856980285936,2.8903998174849423,4.650983718463912,2.55305117822049,0.847969951889963,4.070163706116035,2.3180815504879746,1.5551195558713684
2020-05-27,0.30561223710172863,0.5026149188478745,0.4454692841031054,0.5796080158555384,0.664779660331581,0.8763342879458474,0.3852220838522208,0.3273001508295626,0.38840772818121255,1.1911146417199263,1.4876190793650792,0.543351507452401,1.5551143298296515,1.5707920715169552,1.1749371859296482,0.10311803664416358,1.2971101355475576,2.6050080301431437,2.9029931009308267,4.628956113150498,2.5194063392877295,0.8742948986501817,4.075543463897255,2.319422887708458,1.5781777755827466
2020-05-28,0.2801020336708665,0.4860079087257163,0.4295151154363039,0.565073772296851,0.6004852405984634,0.8474355376204115,0.38646741386467415,0.32088989441930615,0.3930712858094604,1.1431655290724798,1.409523873015873,0.5291601774720097,1.5774391344303773,1.6009723030377214,1.1991206030150754,0.10345211235683364,1.3229981841361171,2.6067232518075363,2.9042708523453187,4.611115823710168,2.478944633719999,0.867260968514826,4.066352610034687,2.3176070784527076,1.5748511113523926
2020-05-29,0.26785713602405264,0.4888063352382115,0.4261497908706298,0.5551640387579828,0.5835018196522442,0.8357198125488154,0.37608966376089664,0.31674208144796384,0.37708194536975354,1.1162936060380955,1.4031746349206349,0.5145800838759736,1.5965439861874848,1.6350010661333008,1.199434641959799,0.10289531950238354,1.304936685582881,2.6142698172174788,2.9014419054572,4.690371510640601,2.4748763433164274,0.8698377705923189,4.1078232659084675,2.337548619192314,1.5824298242305466
2020-06-01,0.28341836011687854,0.49986237727979405,0.45008101271041956,0.5763047786831095,0.6061463809138697,0.8752928664410311,0.38397675383976754,0.32767722473604827,0.39906728847435047,1.1358367711433526,1.4190476507936507,0.5266329806888216,1.5798004203026814,1.6115049546587998,1.1136934359296484,0.1066815109126444,1.3073449335537346,2.6235313470240005,2.9371236356999453,4.745429744617957,2.549862689934998,0.8697681069647776,4.098408381564484,2.3422925248743405,1.5883658896215644
2020-06-02,0.2862244824942734,0.5167905498998174,0.45120278756564425,0.5815899581589958,0.642135058633239,0.8976828950794064,0.39809049398090496,0.3355957767722474,0.39640239840106595,1.1597545413077026,1.4469841904761904,0.5326594193751831,1.591177451780132,1.637431590792619,1.1356783919597988,0.1054008873474091,1.3184827718698742,2.6267901155407762,2.9507208979740827,4.748060473371013,2.558768649547069,0.8774984574830685,4.14503474232157,2.3543981134923824,1.6014076963936414
2020-06-03,0.30229591065571654,0.5581246271790922,0.48984167431727504,0.6269543933054395,0.6854023857662758,0.9481905233012237,0.42216687422166876,0.3476621417797889,0.4177215189873417,1.1962845257065213,1.4892063492063492,0.5604587978316251,1.5954706149076012,1.6621429949796027,1.1356783919597988,0.10634743519997433,1.3226971004606531,2.618557614110646,2.966964738090893,4.7595637579262355,2.530621347903948,0.898739512465757,4.15512209919027,2.349752256203356,1.6232652767183648
2020-06-04,0.4265305758538119,0.5773006620295561,0.5274834652567569,0.7130588196432505,0.7868984634047715,0.9963551158552462,0.4238273142382732,0.35784313725490197,0.4150566289140573,1.2204295086824337,1.545714253968254,0.5874805518561538,1.5748631442495038,1.6518129360302398,1.1309672738693468,0.1078507814749182,1.3034315983313787,2.556212884347716,2.9414127395510126,4.725380694108235,2.4880703734382754,0.8976252008531289,4.100425776722131,2.3101639235446454,1.6177969796348082
2020-06-05,0.4742346817797275,0.5693182873533037,0.5324691437441428,0.7522572120678265,0.782854872624343,0.9940119760479043,0.43462017434620176,0.36538461538461536,0.4397068620919387,1.238041092193135,1.5723809206349206,0.615668752248615,1.580981068605368,1.6661941192261316,1.1303392587939698,0.10712694519620448,1.2928958370591257,2.674298973721817,3.0251870779339294,4.768397868880662,2.5373283299833425,0.919701940795374,4.196368365918665,2.3530404010647787,1.6602021091634944
2020-06-08,0.518112206170607,0.6135884138652796,0.6261996774448582,0.8141378771195773,0.8572584310553983,1.056756053111169,0.45454545454545453,0.3846153846153846,0.4477015323117921,1.2544596806167554,1.5920635555555556,0.6477449581598942,1.5752925528666426,1.6791574575482573,1.1491834170854272,0.11419821444772113,1.2904875890882723,2.653974859326174,3.043073480562146,4.847250344849939,2.544255103163995,0.9454001238359251,4.222371593311554,2.36648732526742,1.6801935647464172
2020-06-09,0.47321424813228957,0.5962473776722154,0.574597984247863,0.7524773838361595,0.790537767893247,0.9895859932309297,0.4445828144458282,0.3702865761689291,0.4283810792804797,1.2390637486862004,1.6000000634920635,0.6343312914916659,1.5665987993259374,1.6661941192261316,1.137248712311558,0.11057906646172383,1.31276338612994,2.651659277491988,3.139167658331812,4.994738538653053,2.6241891794674825,0.9183787079428568,4.2546513953227665,2.3821101055250735,1.66708944808913
2020-06-10,0.4341836623932739,0.5593632545988303,0.5170135666079932,0.6967628055494385,0.7213910230489284,0.9669356677948453,0.4371108343711083,0.3687782805429864,0.4150566289140573,1.2130439674345195,1.545714253968254,0.5775660882108493,1.5863476030127208,1.6562689620471738,1.1281406407035175,0.10456570363366245,1.3193859325892252,2.6219878001716164,3.2199306077751415,5.084210513216518,2.6028587554543847,0.9044501609986811,4.412463384611895,2.397961734618852,1.658232050059013
2020-06-11,0.36683672533579786,0.4907331083720178,0.4435996344160676,0.598987029288703,0.6049332794177114,0.8547253840145796,0.40431714404317143,0.3393665158371041,0.3757495003331112,1.1028860390208832,1.414920634920635,0.5208009626905319,1.511967350262259,1.5667409270152102,1.0458542399497488,0.09476614382741166,1.2805538747575593,2.4331533193280737,3.0653403175762,4.912352326506025,2.467619575622416,0.8218539263696336,4.1755211796565534,2.2965205001283366,1.560489121781878
2020-06-12,0.42704080543263245,0.5183503077043822,0.47949644224742216,0.6701167143800926,0.655074848362313,0.9338713616245771,0.41386467413864675,0.35407239819004527,0.3944037308461026,1.1463469742904904,1.4692063174603174,0.5437402710680457,1.5257056676120138,1.5454730513565538,1.0599874371859297,0.09532294224979034,1.288079461526807,2.4453305167195736,3.0918049644095635,4.887502231021594,2.5132491428229518,0.8490146068393232,4.208473454192481,2.3117998083717968,1.5808704267379499
2020-06-15,0.4260204228056015,0.5240847788620017,0.47077151424262076,0.6707773397929971,0.670845127375657,0.9461077844311379,0.41594022415940224,0.3570889894419306,0.3930712858094604,1.1720826798754078,1.5047619682539684,0.5484059010187772,1.5160459700771916,1.4992910370526846,1.0477387248743717,0.09944320937272129,1.3022274743459519,2.4550209805760996,3.1300419054572,4.940620823624989,2.556349726982399,0.8472038818080334,4.2353731845915,2.322711032569881,1.5940109646830742
2020-06-16,0.43443878993778595,0.5291311043055529,0.47625573440399854,0.6892754679585995,0.6854023857662758,0.9520958083832336,0.423412204234122,0.36010558069381604,0.407728181212525,1.1907169141980023,1.5415873333333334,0.5544323591452636,1.5504991961038785,1.5590440056520964,1.0489950376884423,0.10790644962450614,1.3124622723521289,2.512648979395858,3.212994962584413,5.022411594810908,2.590984076667974,0.8715788389603408,4.339161682601173,2.3601237103874126,1.624237235140923
2020-06-17,0.43316325425603946,0.5228461468546866,0.46628441482172195,0.6765029508918741,0.6619490901738778,0.9453267638635773,0.42258198422581983,0.3521870286576169,0.3924050632911392,1.171400961904307,1.5161904126984127,0.5336314450550437,1.5457766136262017,1.5452704586848383,1.0540201319095477,0.11024497961319667,1.3482841556807899,2.5092187933348873,3.208523416681876,5.071785464514093,2.589664725332536,0.864614565488253,4.354180691455264,2.3738651821967216,1.6183894945436852
2020-06-18,0.42066325457491693,0.5230755073506838,0.46678299388820915,0.6780445056155032,0.6570966437525273,0.9333506378547254,0.42216687422166876,0.3484162895927602,0.38774150566289145,1.1580501725247092,1.510476253968254,0.5355754186542655,1.5392294416492311,1.5438525935558556,1.0439699120603014,0.11174832588814056,1.3359421933792235,2.499614171172162,3.209801168096368,5.096750898382578,2.5941727298792543,0.8646842221515209,4.40080705221235,2.34906511259702,1.6193511739377713
2020-06-19,0.4081632548937945,0.5016056427489796,0.4523245624208689,0.6498568597225282,0.6332389809947432,0.8995053111168967,0.41926110419261103,0.3476621417797889,0.37641572285143243,1.1454948325077872,1.4898412698412697,0.536547444334126,1.5437373090852702,1.5778813769066513,1.049623052763819,0.10902004090133492,1.3531005312131086,2.4975558485759723,3.1914582953093635,5.137137346322367,2.6255085308029202,0.852914579090872,4.374579458090575,2.3421289772887457,1.6102026577075523
2020-06-22,0.3806122351884634,0.5060097487110699,0.4545681121313183,0.6454525214710417,0.5879498584714921,0.8945587347045041,0.423412204234122,0.35256410256410253,0.3810792804796802,1.1556640914517875,1.5041270158730158,0.5316874131354474,1.5390147266075929,1.5545878378486497,1.039886966080402,0.10935411104607647,1.351294330183795,2.509819144929087,3.274958897609053,5.211668879893988,2.6302364913766847,0.8431645892656755,4.49607716888417,2.3750757206099657,1.6206610777077368
2020-06-23,0.3571428480320702,0.5252775580379403,0.45905522401638205,0.6527196432503855,0.5952284674484432,0.904712314501432,0.42963885429638854,0.36010558069381604,0.38374417055296467,1.163390491685252,1.5203174285714287,0.5293545981600816,1.5333262216019368,1.5620823285817769,1.029208542713568,0.10902004090133492,1.3494882796662167,2.5520967622665576,3.344862201131593,5.308822526416987,2.6634415941761933,0.8316039231591036,4.52611520900885,2.395606155349074,1.6276419451365849
2020-06-24,0.33265305273844253,0.49495366996887186,0.4286426238822402,0.6020700286280556,0.5535786494136676,0.8396250976308254,0.41137401411374014,0.3438914027149321,0.3664223850766156,1.1249857942282515,1.4904762222222223,0.5077760790780731,1.500697756803644,1.5367633084213754,1.0109924309045226,0.1033407482180151,1.3106562218345505,2.479890151102906,3.2858185435298415,5.251190763336404,2.5730622508981504,0.8107807036919201,4.434879882652323,2.3425379484955338,1.5855590250752083
2020-06-25,0.33596937918445463,0.49064133848318814,0.44222857625968176,0.6168244879982383,0.568944601698342,0.8583702421244469,0.4259028642590286,0.3608597285067873,0.37641572285143243,1.1765708515720747,1.5488889206349206,0.5320762350714664,1.4990876998838187,1.550941898945552,1.015075376884422,0.10573496306007917,1.3461769913854005,2.5402623999634475,3.3294396422704873,5.2899451363658185,2.591313917250597,0.8289574644183428,4.490921127753394,2.3578498059394,1.6029358757880348
2020-06-26,0.31581631847407354,0.4894944442516643,0.4275208490270155,0.5926007487337591,0.5467044076021027,0.8320749544389483,0.41469489414694893,0.3393665158371041,0.35842771485676217,1.0748210300006582,1.4936507619047619,0.4926127622980708,1.4791241918884661,1.522989741198901,1.006281438442211,0.10133630507785173,1.3214930968846146,2.460166388301463,3.227140025552108,5.171436217106411,2.3758109854583065,0.8161432221225217,4.401031105110265,2.224639815704618,1.5641017005029014
2020-06-29,0.33979590969908396,0.5121111984973153,0.46005233229269604,0.6300374587095354,0.5770319450060655,0.912262457693309,0.4213366542133666,0.356711915535445,0.3737508327781479,1.0991364424693457,1.4996826031746031,0.4996112266642929,1.4923258128652102,1.5418271124534557,1.0251255967336685,0.1012806257924067,1.3154725973668693,2.484864141284074,3.3015148749771854,5.147449747034957,2.425948392279771,0.8339717482825195,4.4483299159755685,2.2820102098909265,1.5870715949007008
2020-06-30,0.3334183588413684,0.5010092715113179,0.45195060007663224,0.6177053292226382,0.5677315002021835,0.8898724290549337,0.42797841427978417,0.358974358974359,0.37708194536975354,1.122713274111731,1.5333333015873016,0.4976671947446967,1.509391521077418,1.566335903713508,1.0270100816582914,0.10183741864685683,1.305839846302232,2.529371490186335,3.3290745391494796,5.298087689438745,2.4966466683885655,0.8410752863312287,4.561981404125053,2.312503125971419,1.6115281710464187
2020-07-01,0.32678570594934425,0.4967887099144639,0.4449707050366183,0.6099978198634662,0.556813586736757,0.8802395469929707,0.42216687422166876,0.3514328808446456,0.374417055296469,1.1224292836625547,1.5114286031746031,0.4877527310993921,1.5067082538737417,1.582337544710098,1.059673429648241,0.10256124378971346,1.3254063116975823,2.5532116323367497,3.322777733162986,5.528307173377071,2.6118747755428733,0.8255449843455668,4.588657081626159,2.352467880636512,1.6196214793793389
2020-07-02,0.31887754288577697,0.5010551564557327,0.4548174078966443,0.6104382074432945,0.556813586736757,0.8883103098151524,0.42797841427978417,0.35935143288084465,0.38640906062624913,1.1214634104882761,1.5171428888888887,0.4926127622980708,1.5130407215421426,1.5957059063339256,1.0838567211055277,0.10211580950615336,1.3181818086037984,2.5577566884679133,3.322777733162986,5.5505842102606815,2.5664651533743315,0.8336235137160947,4.62362677373623,2.3960804261705073,1.6269765871322346
2020-07-06,0.32653060391503563,0.5106890634129565,0.462171265280895,0.6262937899141159,0.5762232106752931,0.8929965894298361,0.44167704441677047,0.37518853695324283,0.38840772818121255,1.178047928007092,1.5498412698412698,0.495528781017278,1.5346141361943573,1.6119101400022309,1.0838567211055277,0.1057906423455242,1.3211919831068035,2.596775537288607,3.4116627851797774,5.870794686689672,2.6418912251311015,0.8370360425387852,4.723156069868728,2.446792855812205,1.6528157833123953
2020-07-07,0.3038265228615683,0.48999908230111167,0.4499563336673439,0.5948029068487118,0.5491306105944197,0.8594115594897164,0.4304690743046907,0.3702865761689291,0.37641572285143243,1.1325985482877277,1.507619111111111,0.47550543303859705,1.5332189445791338,1.5944906338766585,1.0687813756281406,0.10261692307515846,1.31276338612994,2.5439498452624143,3.401076875342216,5.761484644498108,2.6482683776229266,0.8188592887766358,4.668235716919173,2.4295835159267076,1.6349347424844716
2020-07-08,0.30586733913603725,0.5055968484374135,0.45195060007663224,0.5948029068487118,0.5580266882329155,0.856287399114814,0.43628061436280613,0.3770739064856712,0.38441039307128577,1.1490171310301753,1.5526984126984127,0.4772550442701214,1.5377268120151724,1.5782864002083534,1.0599874371859297,0.09771714038806881,1.3281155229345114,2.5586140334567014,3.4802883372878264,5.917019278294591,2.678174931660526,0.8197646234351869,4.77090332277733,2.4472837014187068,1.647732131892555
2020-07-09,0.28520407435703893,0.46674006728580725,0.4292658321351428,0.5648535564853556,0.5183987060250708,0.8219213746420204,0.42507264425072644,0.36651583710407243,0.37308461025982675,1.1182251876326512,1.5082539047619048,0.4673406195050665,1.5293550290727707,1.5533725653913828,1.0508793655778896,0.09548997453819683,1.3395544449261152,2.496869921131379,3.495254681511225,6.1119796824539305,2.688290358052458,0.8058360764910112,4.804304016940058,2.4718055986188605,1.638432980983346
2020-07-10,0.30459182896449416,0.505963863766655,0.44534461752419474,0.5965646333406739,0.549939344925192,0.8648789638115076,0.43877127438771274,0.3808446455505279,0.4003997335109927,1.1678218005267174,1.5809523492063493,0.49513995908125896,1.5280669534843176,1.5541827942917317,1.0625000628140704,0.09571269724790543,1.3314268112153276,2.4974702727255784,3.501368789925169,6.145337567627111,2.6945576149936543,0.8242217514930497,4.789733091465298,2.52210905705377,1.6555811502122766
2020-07-13,0.29668366590092693,0.5041288238210629,0.43475008968901574,0.5906188064303017,0.5281035179943389,0.8497786774277534,0.4337899543378995,0.3668929110105581,0.3937375083277815,1.186683332878461,1.594285746031746,0.4939735710337008,1.558548997714908,1.5667409270152102,1.1058416771356785,0.09693763595976716,1.330222687229901,2.570191136521815,3.48521631684614,5.960977440598298,2.6278175688120147,0.8301413769800507,4.641784406146954,2.4723781190471277,1.6400807037895218
2020-07-14,0.29515305369507516,0.5133039776732541,0.4423532428385924,0.5749835058357191,0.5361908613020623,0.865659984379068,0.44624325446243257,0.3778280542986425,0.39840106595602937,1.2158276908117784,1.6031746031746033,0.47142302627183175,1.5876355176051413,1.5849706620411315,1.106469849246231,0.09688195667432214,1.3389523979845754,2.64574210062823,3.5428911480197116,5.922569080800629,2.6358439132218994,0.8398913668052472,4.670477501222204,2.4874936784911594,1.662068233905295
2020-07-15,0.3428571341107874,0.5450500054142583,0.483111012721762,0.629817220876459,0.5944197331176708,0.9307472012496747,0.44624325446243257,0.3842383107088989,0.4050632911392405,1.2322462735542261,1.6301586666666668,0.492807163546018,1.591284728802935,1.6090744097442662,1.1218593278894473,0.10384186735494874,1.3464779847538233,2.6075808626397317,3.5672567256798686,5.778288301909588,2.6418912251311015,0.856605637066805,4.663528095415197,2.4761407343079327,1.6771632219057988
2020-07-16,0.3176020327142338,0.5311037669713509,0.46466406090001017,0.6003083021360934,0.5604528912252325,0.8906534496224943,0.44250726442507266,0.37858220211161386,0.3930712858094604,1.2195772816821433,1.6711110793650794,0.4949455578333118,1.6019105205948376,1.608264201099133,1.1180903894472363,0.10194876608188978,1.3524984541692215,2.6339935800189216,3.5233618908559956,5.761061739650466,2.6490379433437474,0.8636395672021607,4.571172235571122,2.483273167616041,1.6714506337694452
2020-07-17,0.3038265228615683,0.5199559504533617,0.46117410714792073,0.5956837480731116,0.5507480792559644,0.8885707107524083,0.44167704441677047,0.37594268476621423,0.38507661558960693,1.2010566935335372,1.6638095238095236,0.48503113306825685,1.6029838918747212,1.61778417293466,1.1385050251256281,0.10055678394576446,1.3690547450615667,2.628676754749363,3.5162438036137984,5.688220417803027,2.6611325671621517,0.8713002610571838,4.547859234524564,2.479265329947876,1.6762119483711808
2020-07-20,0.292602033351989,0.5057803561020342,0.4473388714693181,0.5774058357190047,0.5349777598059038,0.8586305649570425,0.4437525944375259,0.38386123680241324,0.38840772818121255,1.2027610623165308,1.646349238095238,0.47764386620614047,1.6056671590783977,1.6084667937708486,1.146356783919598,0.09933184523390272,1.3666466175001017,2.6023496132205675,3.5903448804526374,6.139269215775863,2.698405784444391,0.8800752595605614,4.743331119853596,2.5613375441270523,1.6903037598509232
2020-07-21,0.292602033351989,0.51913022330728,0.45120278756564425,0.5820303897819864,0.549939344925192,0.8752928664410311,0.44665836446658364,0.36726998491704377,0.3917388407728181,1.2045222087371388,1.6628571746031746,0.5093312890616503,1.6071697779793876,1.597933980108041,1.1523240891959798,0.09855234080560109,1.3630342455438214,2.616499291514456,3.5407921153495163,6.0268286483677045,2.6580539634322364,0.8779162999628468,4.679443965939387,2.5493957043084388,1.6931418430152818
2020-07-22,0.2897959109745941,0.5191760715510795,0.45244917914311933,0.5780665051750716,0.5398301657905378,0.8669617026815934,0.4474885844748858,0.3706636500754148,0.3950699533644237,1.1703215277736274,1.619047619047619,0.5104976771092083,1.6100675992286702,1.5957059063339256,1.2110553077889448,0.09649220167620706,1.3982540518285955,2.630220293026153,3.550739149479832,5.9531227620228915,2.6373832095893306,0.8960930537249961,4.746693460060672,2.565868976180074,1.7028724682949097
2020-07-23,0.3002550943812476,0.5218827602877835,0.45706090775043345,0.5897379652059018,0.5467044076021027,0.8536839625097631,0.44001660440016604,0.3627450980392157,0.38974017321785476,1.1533916565528541,1.605079396825397,0.5122472883407327,1.6057744361012007,1.581122130466318,1.2063442211055275,0.09476614382741166,1.3254063116975823,2.598147658021202,3.389122139076474,5.735424441786966,2.557449298211632,0.8867609551294923,4.540237356192842,2.47947800315483,1.681893317889532
2020-07-24,0.29056121707752,0.5210569964410863,0.43699363939946506,0.5716802246201278,0.5313384553174283,0.8242645144493622,0.43877127438771274,0.36236802413273,0.38374417055296467,1.1445858221887097,1.593015873015873,0.5104976771092083,1.589782099168876,1.5616771229831299,1.182788944723618,0.09493317611581817,1.2928958370591257,2.579452932171744,3.380726336922796,5.778364724943496,2.53666865981315,0.8760359670182036,4.512441122787691,2.473245185446178,1.6714817255564518
2020-07-27,0.29056121707752,0.5205523583916388,0.4256512616608029,0.5615503193129268,0.5281035179943389,0.8208800052069773,0.4412619344126194,0.36010558069381604,0.3790806129247169,1.1533916565528541,1.6292063492063493,0.495528781017278,1.579692993016915,1.59874420900839,1.1790201319095477,0.10022271380102292,1.3178807249283344,2.5606723560528915,3.460850447161891,5.867280171975582,2.5673447795715707,0.8789609479479336,4.569603260040277,2.5032308823489333,1.6838425647552777
2020-07-28,0.3002550943812476,0.527617231445403,0.4362457770318169,0.5712398370402995,0.5325515568135867,0.8406665191356417,0.43752594437525943,0.35633484162895923,0.38374417055296467,1.1454379639714132,1.5955554920634922,0.49630640544919136,1.5759365155293874,1.6141382137763465,1.2255025125628143,0.10462138291910747,1.3389523979845754,2.5720777843059963,3.4039971527651036,5.761887857379682,2.5301814468449075,0.8668431260350477,4.528581023793297,2.4543833859484607,1.6729423913562023
2020-07-29,0.2908163191118286,0.5266079599340849,0.43325435248955435,0.5663950451442414,0.49090173877881116,0.8276490757615205,0.44209215442092153,0.3476621417797889,0.3670886075949367,1.150891929305944,1.6060317460317461,0.5011664366478701,1.5728238289755034,1.6072513592718525,1.2330401381909548,0.10601336505523279,1.347080031695363,2.629963042363751,3.4692462493155687,5.825645640543332,2.5650357415624767,0.8727627515220489,4.5743105452967825,2.4898494573388867,1.6937343579241588
2020-07-30,0.28520407435703893,0.5114689423152389,0.4320079609120792,0.549218255890773,0.46987464617873026,0.8060400676907056,0.4342050643420507,0.3393665158371041,0.351765489673551,1.1335643362444192,1.5539682857142858,0.47919907618971763,1.5760437818191217,1.5999594814656568,1.2167086055276382,0.10495545306384901,1.3362431566452992,2.6175285857342545,3.511224749041796,5.860885030276667,2.5783398321607423,0.8559092236481433,4.570723815944322,2.5052757383828728,1.687382427731623
2020-07-31,0.28367346215118716,0.5139462384429074,0.4292658321351428,0.5498788592820966,0.4807925596441569,0.8042176256183287,0.4383561643835617,0.33634992458521873,0.3491005996002665,1.1246449409238737,1.5517460634920635,0.4716174275197789,1.5644520567661706,1.6252785016260585,1.208542713567839,0.10172605450803826,1.2974110988136331,2.5965182780506106,3.878810074831174,6.077508273636004,2.7891149683050567,0.8561877945870268,4.595606151185695,2.4259516994731425,1.700325502810854
2020-08-03,0.2826530540139527,0.510918456021992,0.423781611973765,0.5549438669896499,0.46987464617873026,0.8221817235095028,0.44707347447073476,0.3476621417797889,0.35842771485676217,1.1327689720993301,1.5701586984126985,0.4722006507037452,1.5815177542453096,1.6718655594868455,1.2044597361809044,0.10651446748838082,1.3293196469199382,2.6036359008349548,3.976546815112247,5.976129333053754,2.7703135273330464,0.8657288213866932,4.854068328758837,2.412030303235235,1.7125355799798947
2020-08-04,0.292602033351989,0.5222497389164096,0.4275208490270155,0.5652939881083463,0.49534977759805904,0.8174954438948191,0.45246990452469904,0.34879336349924583,0.3637574950033311,1.1455516101454013,1.5638094603174604,0.47083980308786555,1.5801224016340538,1.6542434606895577,1.205716048994975,0.10573496306007917,1.3193859325892252,2.611268307938699,4.00310279248038,6.0278657489785425,2.746894010342848,0.8763841458704407,4.781214710127445,2.3965221477915346,1.7187211396133428
2020-08-05,0.32040815509162873,0.528855863452718,0.4457185175476063,0.5829112310063863,0.5171856045289122,0.8518615204373863,0.4582814445828144,0.3521870286576169,0.37175216522318455,1.1619134152502348,1.58,0.47433904499103896,1.592787347703925,1.6536358244609242,1.207600533919598,0.10835188390806623,1.306441923346119,2.679615798991375,4.017612703048002,6.154997325808347,2.739087446039168,0.8736680861805999,4.773369137561777,2.4106562156005116,1.7297720750422034
2020-08-06,0.33265305273844253,0.5413799622236896,0.45394486648592053,0.5963444175291785,0.5289122523251112,0.8596719604269722,0.45703611457036114,0.3476621417797889,0.3690872751499001,1.1603794759600166,1.5698413015873016,0.4712286250238846,1.5836643358090443,1.6416853279660792,1.2019472361809047,0.1120823960328821,1.3073449335537346,2.6932509673848646,4.157784121189998,6.193348017374198,2.9167675398603916,0.8783341911925395,4.84980948554563,2.4539907899487923,1.7408905230261085
2020-08-07,0.3323979507041339,0.5420681079377577,0.4563130952394455,0.5985465756441313,0.5321471896482005,0.8664410049466285,0.45703611457036114,0.3476621417797889,0.3690872751499001,1.183217811993687,1.598412634920635,0.48736392860349786,1.594934090263692,1.641077549950933,1.207600533919598,0.10050110466031943,1.2947018875767042,2.71872048950587,4.055940974630407,6.0828470913400015,2.951511939027332,0.8702556061078237,4.763057413964192,2.44481349897086,1.7419925580707125
2020-08-10,0.3571428480320702,0.546976810661103,0.48921847852853756,0.6461131909271086,0.556813586736757,0.9109607393907837,0.46326276463262767,0.3552036199095023,0.37175216522318455,1.189523919110921,1.6057143492063493,0.4801711018695782,1.588816165907828,1.6388496179633303,1.205716048994975,0.09866368824063403,1.288380424792883,2.736472028672738,4.114893265194379,6.045782930034769,2.891698830952133,0.8852288080013595,4.668235716919173,2.4474472506401863,1.7467694822413489
2020-08-11,0.35025509310573744,0.5594549923746214,0.4858531539628635,0.6527196432503855,0.5616659927213911,0.9187711793803697,0.4686591946865919,0.3604826546003017,0.38307794803464357,1.1990682490837803,1.643809492063492,0.49222395980217654,1.5774391344303773,1.6388496179633303,1.1868718907035174,0.09832961809589248,1.2694159160320313,2.706028516370564,3.992516882642818,5.916173939101713,2.816162874639787,0.8827216625871345,4.559067483544778,2.4216329389911904,1.7328492450301272
2020-08-12,0.3454081544538736,0.5500045930820184,0.4793717756685115,0.640607795639727,0.556813586736757,0.9177297578755533,0.4798671647986717,0.36613876319758676,0.38241172551632246,1.2051471433894525,1.6628571746031746,0.48969676301898835,1.606311121741142,1.6747012694895944,1.2038317211055276,0.09682627182094859,1.305538762626768,2.7636565151903225,4.125205402445702,6.072822565124932,2.8575043823255983,0.8823734280207096,4.689307269910171,2.464656790103632,1.757103155640117
2020-08-13,0.3392857056304667,0.5416093227196866,0.47102081000794677,0.6320194010129928,0.5390214314597654,0.9036708929966156,0.47364051473640517,0.36010558069381604,0.374417055296469,1.1838995242836148,1.6565079365079365,0.4863919223637621,1.5884941845764555,1.6921207756151666,1.1988064698492462,0.09571269724790543,1.3007223870944495,2.7572248198505718,4.198211425442599,6.070479712789814,2.87300710960991,0.87074310525087,4.678323073787872,2.4840092356299026,1.7535060591371994
2020-08-14,0.3400510117333926,0.5431691172248668,0.469649739387396,0.6375247963003744,0.5467044076021027,0.9086175995834419,0.47239518472395187,0.358974358974359,0.37641572285143243,1.1815134432106933,1.6603174285714286,0.4918351378661574,1.5910701747573288,1.6909055031578994,1.1953517902010051,0.09732739095788226,1.280854838023635,2.7759198115434374,4.194469830260997,6.0455142789213285,2.872347428444665,0.8724145169556241,4.682806306146463,2.4664725977234983,1.7532046619086252
2020-08-17,0.3219387672974804,0.5339021888962692,0.45195060007663224,0.6170447038097335,0.5301253538212697,0.8802395469929707,0.46824408468244083,0.356711915535445,0.3737508327781479,1.1536757322196176,1.627936476190476,0.4756998342865442,1.5991199763683583,1.7168321595469345,1.2044597361809044,0.09949888865816629,1.3046357223168055,2.7485636502138444,4.183518817302428,6.111557246188278,2.8714679781682677,0.8666342047951585,4.713741185524744,2.4832404172018014,1.7579555701310936
2020-08-18,0.32142856322886315,0.5371135156824207,0.4510781209867336,0.6084562651398371,0.5276991508289527,0.8893517313199687,0.4611872146118721,0.35444947209653094,0.37641572285143243,1.1436768175508052,1.616507873015873,0.4673406195050665,1.6109262554669155,1.7127810353004056,1.2047739007537688,0.09649220167620706,1.3112582687760905,2.716833850297283,4.218379266289469,6.361365368104924,2.8844420522630694,0.8699770282046668,4.74086528265265,2.5496900523371577,1.7620048258923706
2020-08-19,0.32346937950333216,0.535920736506482,0.4468402924028309,0.6093371504073993,0.526081682167408,0.8922155688622756,0.46284765462847655,0.3597285067873303,0.37774816788807464,1.1533916565528541,1.630793619047619,0.4679238038087831,1.6141462083105333,1.722301007135933,1.2016331030150755,0.09393096011366502,1.3190848489137612,2.7047422287561766,4.22367209344771,6.261484409246904,2.8871908154103623,0.862455598926265,4.7007395718283,2.5315808940024858,1.7542442602370232
2020-08-20,0.31887754288577697,0.5365629926885584,0.4458431841265169,0.6082360933715041,0.5163768701981399,0.897162171309555,0.4582814445828144,0.3521870286576169,0.374417055296469,1.146744696131242,1.612698380952381,0.4617029638744744,1.6252012584566116,1.722301007135933,1.2160804334170856,0.09398662826325296,1.3392534816600394,2.686990689589309,4.317393757985034,6.33232889199097,2.9577792069635804,0.8576502920161652,4.810132194348079,2.5875608253469515,1.7597852735850572
2020-08-21,0.3102040737192838,0.5304615062016975,0.44160536800677924,0.6005285179475887,0.5062676910634856,0.9031501952616507,0.4549605645496057,0.34615384615384615,0.3737508327781479,1.1500397023056539,1.6222221587301586,0.459564530706931,1.6395835384691109,1.7212883273503812,1.2211055590452262,0.09125834327644733,1.3208910198407278,2.6939371606728657,4.539879649571089,6.308035324037918,2.9357891017852373,0.857719948679433,4.7751625022380075,2.5853851705057727,1.7658408829076564
2020-08-24,0.3428571341107874,0.5697770404583363,0.4676554729781078,0.6562430962343097,0.5398301657905378,0.960947669877636,0.46284765462847655,0.36161387631975866,0.38241172551632246,1.1779342761519311,1.6625396507936507,0.47608865622256324,1.6330363557590715,1.730200521170762,1.2198492462311559,0.09437639439722513,1.3226971004606531,2.6484863506690135,4.594177696659974,6.351705609923688,2.9839474871010716,0.8752698899720005,4.790181511092098,2.5981122023237226,1.7835764912066256
2020-08-25,0.3352040730815288,0.5670703884222477,0.4700236518749726,0.6628495926007488,0.5382126971289931,0.9648529289247593,0.46077210460772106,0.36349924585218707,0.379746835443038,1.1703215277736274,1.6523809206349207,0.4784214906380539,1.6320704224980234,1.7354669178745579,1.2063442211055275,0.09437639439722513,1.3184827718698742,2.6774719005447913,4.556488300784815,6.426659579760962,3.087630745056539,0.8680270385967557,4.852499353227991,2.630862649280993,1.7899908586351665
2020-08-26,0.32627550188072696,0.562895675069193,0.4573102035157596,0.659546377449901,0.5232511120097048,0.9471492059359543,0.46492320464923204,0.36990950226244346,0.38507661558960693,1.1772525638620028,1.64158726984127,0.4673406195050665,1.6346464126788969,1.7326312078718091,1.195037657035176,0.096102446678092,1.336845233689186,2.6483149331248184,4.618452235809454,6.609790846681392,3.341506476355354,0.8647538231006009,4.957408407141708,2.7031033788680894,1.808240936077705
2020-08-27,0.33877550156184943,0.6034957583906002,0.4798703547349986,0.6787051310284079,0.5438738374443994,0.9802135381411092,0.4624325446243255,0.3668929110105581,0.38507661558960693,1.1938983594160126,1.6701587619047618,0.47803266870203476,1.641944824341415,1.7383026481325226,1.1890703831658291,0.09465478525652164,1.3103551381590866,2.6727554268694327,4.563241540427085,6.529421165603806,3.223969331191952,0.8680967022242969,5.079130170833218,2.6735755775796473,1.811266203079485
2020-08-28,0.3466836646254167,0.6101018783393316,0.5076654428144544,0.7044703809733539,0.5649009300444804,1.0104139807341839,0.46492320464923204,0.3729260935143288,0.39640239840106595,1.1800363724568486,1.6790475873015873,0.479976700621631,1.649028681958327,1.7348593019011405,1.1906407035175879,0.09415367168751654,1.3070438498782704,2.695909375731847,4.555849717101661,6.532878012086078,3.2288071873163453,0.8710216831540268,5.131360656100411,2.6900654242363515,1.8234606711994241
2020-08-31,0.33290815477275115,0.5899624202213491,0.48547924147528704,0.6793657784628937,0.5434694702790133,0.9783910960687322,0.45537567455375677,0.35935143288084465,0.38774150566289145,1.1639017744824047,1.6590475555555557,0.4694790137923603,1.6465601297962889,1.7271622184962978,1.1868718907035174,0.0925389779775397,1.3154725973668693,2.6803017350115623,4.71034834823873,6.627285591471966,3.223749551085747,0.8587645479146053,5.055592780641274,2.6733303551722876,1.8194582431052515
2020-09-01,0.33418366494429425,0.5897330276123136,0.4879720869510625,0.6762827350803788,0.5394257986251516,0.9869825566258786,0.45039435450394355,0.358974358974359,0.37308461025982675,1.1672537344107774,1.6692064126984127,0.46753498187276404,1.6262746297364952,1.7101478977141564,1.1582914886934674,0.09014476870340415,1.3395544449261152,2.6827028926961423,4.897973827340755,6.719773221449961,3.248378358934965,0.8593913603841872,5.09459759931411,2.7167302274993292,1.833149671481782
2020-09-02,0.33749999139030634,0.6081291881480722,0.504424772363526,0.6857520149746752,0.5596441568944601,1.019786461858891,0.4557907845579079,0.35633484162895923,0.368421052631579,1.1932734247636991,1.6904761904761905,0.47764386620614047,1.6510679972323279,1.7607859380349593,1.1683417399497487,0.09125834327644733,1.3585189536869668,2.746248068379658,4.79649549187808,6.781860016273507,3.3260034082244117,0.8926805249023058,5.192781636566204,2.827267076510127,1.8613176848723658
2020-09-03,0.3408163178363184,0.603908621963641,0.5034276142305517,0.6875137414666374,0.5487262434290335,1.0085915646966936,0.4549605645496057,0.3503016591251885,0.3677548301132578,1.1791841454565586,1.6746031746031746,0.4766718599664047,1.605130473438456,1.7316183862997445,1.1432161432160803,0.08891981885568534,1.3187838555453384,2.7118601173839285,4.412483920423435,6.467967789927535,3.200879654784376,0.8667038127085119,4.871105091434543,2.6858610889904035,1.7959373309252507
2020-09-04,0.34719386869403396,0.6131296286472085,0.508787217669679,0.6996256331204581,0.5596441568944601,1.0255141629783913,0.4533001245330012,0.3668929110105581,0.37841439040639574,1.1983865311126796,1.6733333015873018,0.4819207131011025,1.5948266522448569,1.7265545822676642,1.14195983040201,0.09070156155785429,1.3178807249283344,2.675585261336204,4.415404234349333,6.327047742518791,3.1086313394820673,0.851730666529164,4.802734705161742,2.602758259190698,1.7813309234709431
2020-09-08,0.3477040727626512,0.6172125675238567,0.5185092414866294,0.7165822726271747,0.5649009300444804,1.0544129133038271,0.4337899543378995,0.3548265460030166,0.35709526982011996,1.1503237779724174,1.5926983492063491,0.4659797718891869,1.5805516599882292,1.6878672004834352,1.1284547738693467,0.089810681854877,1.3208910198407278,2.6348511908511174,4.118269757254973,6.049009570251339,2.981418504059984,0.8441395805874943,4.542927582539171,2.506813574817024,1.731887692986836
2020-09-09,0.33290815477275115,0.6140012774383206,0.5069175679826411,0.6994054173089629,0.547513141932875,1.0210882843009634,0.44665836446658364,0.3552036199095023,0.35909393737508327,1.1488467015374002,1.6209524126984127,0.46345257510599874,1.6067403693622488,1.7192626842062526,1.1363065326633166,0.08997772527914058,1.351595443961606,2.6757566788803993,4.2825333089979924,6.2770976513977415,3.0095658057031054,0.851452088626007,4.736381714046589,2.5470071766823565,1.7667765468733736
2020-09-10,0.3318877466355167,0.6162033648261926,0.5096596967595777,0.7000660867650298,0.556813586736757,1.013798463941682,0.444167704441677,0.35256410256410253,0.3530979347101932,1.1362912763028912,1.5965079682539682,0.46559100827354216,1.5767951825007014,1.6927284118438,1.119660866834171,0.08713808172144492,1.3410595321776178,2.612125918770895,4.1427267019529115,6.097538569343637,2.9476636046508062,0.8396127958663637,4.603676090480249,2.506208305610402,1.735708140433221
2020-09-11,0.3303571344296649,0.6105147464999495,0.5026798017195637,0.6980841444615724,0.5669227658714112,1.014058864878938,0.44665836446658364,0.3491704374057315,0.3497668221185876,1.1414611602894862,1.598412634920635,0.47181182876772604,1.5861328987041514,1.7111607192862206,1.13285175879397,0.0857460995853196,1.361830241967783,2.585370109035502,4.088337287826246,5.984444892742553,2.931390805873254,0.8458806489555163,4.573638072772068,2.487722726905233,1.7366333985394702
2020-09-14,0.3382652974932322,0.6258372350828009,0.5173874666314048,0.7227482933274609,0.5790537808329964,1.042957589169487,0.4645080946450809,0.3521870286576169,0.3524317121918721,1.143847241362408,1.6238095873015874,0.48230947671674723,1.5922508230600154,1.704679070380374,1.1623743090452263,0.08858574314301526,1.3603250343068922,2.646171034678235,4.210987442964044,5.958999354376597,2.926333180637708,0.8502681203501112,4.604572952150349,2.485367147635455,1.758761284305761
2020-09-15,0.3352040730815288,0.6352417815440276,0.5257384821486296,0.7379431402774721,0.5794581479983826,1.0572767768810205,0.4533001245330012,0.3431372549019608,0.34776815456362425,1.1248721480542632,1.599682507936508,0.4836702854523773,1.5980466050884747,1.7056917299107095,1.1608039886934673,0.09053451813359072,1.385912089527029,2.6346797733069223,4.217557985033766,6.061088605722019,2.995272369277813,0.8527056578509828,4.680116438464101,2.5216182114472683,1.7679408918031874
2020-09-16,0.35204080734589777,0.6523993467730864,0.5374547848390334,0.7612860603391324,0.6021027092600081,1.096068680031242,0.4582814445828144,0.3503016591251885,0.3524317121918721,1.1400976504920428,1.6238095873015874,0.49980558903199046,1.592787347703925,1.7332388441004423,1.155150722361809,0.09398662826325296,1.3850089288076781,2.6285909130555623,4.09308256981201,5.911238802861279,2.897416137352924,0.8651020576670256,4.596502990439297,2.488017272876016,1.7597748672057898
2020-09-17,0.3477040727626512,0.6354252570956098,0.5253645821252182,0.7478528738163401,0.5952284674484432,1.0518094766987764,0.4557907845579079,0.3484162895927602,0.34576948700866095,1.1068628427028102,1.5952380952380953,0.48814155303541124,1.579585715994112,1.7346566889742088,1.1564070351758795,0.09677059253550359,1.3955448405916662,2.615384687287671,4.027742142726775,5.77801918029374,2.8017593777380774,0.8699770282046668,4.548531707049278,2.4465148829906056,1.7449709974053882
2020-09-18,0.33647958325307187,0.6170290965598513,0.5115293464466155,0.7231887249504516,0.5729882733522038,1.036969591252278,0.44333748443337484,0.3427601809954751,0.3344437041972018,1.1070332721955853,1.5898413333333334,0.48853031665105595,1.6011591306463266,1.738100055460807,1.1504397298994975,0.09571269724790543,1.409993937086275,2.6414543037350633,3.899981602482205,5.6746621534897885,2.776580619348454,0.8549342253620509,4.4920420199049085,2.3883754724341317,1.7254577165091936
2020-09-21,0.31147958389082697,0.5795944504926039,0.4691511603209089,0.6566835498788813,0.5301253538212697,0.9768289507940642,0.41843088418430885,0.31447963800904977,0.31578947368421056,1.1021474581945812,1.5352381269841269,0.4673406195050665,1.5573683494122217,1.6838160559816904,1.131281407035176,0.09198217955516104,1.3937386395623526,2.565731922084453,4.0182515787552475,5.685339790818202,2.728422234032619,0.8374538850185634,4.540237356192842,2.341212984846285,1.7054922763546396
2020-09-22,0.314795910336839,0.5820717466202725,0.47214258486317146,0.6654921603171109,0.5345733926405176,0.9924498568081229,0.41137401411374014,0.30693815987933637,0.3117921385742838,1.088626239322208,1.512063523809524,0.4597589513950029,1.5478159289002023,1.6799676661933902,1.1385050251256281,0.08930957942172897,1.3940397232378168,2.5234543133225773,4.081401642635517,6.008968666961306,2.8009896470914675,0.8392646100498533,4.649629978712621,2.3973237149979907,1.7234305501893366
2020-09-23,0.30433672693018554,0.5756491664492002,0.4594291365039585,0.6509579167584233,0.5179943388596846,0.9776099713616246,0.4018264840182648,0.30354449472096534,0.3091272485009993,1.057379790765145,1.47365073015873,0.44381804906333683,1.5502844810622405,1.6736884479175298,1.1306532663316582,0.08763919529045004,1.3503913199761792,2.5052740973735177,3.910202701222851,5.7609853166165585,2.737988039735724,0.8275646306167457,4.496525252263501,2.3151205024336257,1.682548270034414
2020-09-24,0.3002550943812476,0.5573905965206092,0.4449707050366183,0.6388460691477649,0.5014152850788516,0.9596459515751107,0.3993358239933582,0.3058069381598793,0.31645569620253167,1.1084535653118155,1.4796825714285713,0.4533437102127471,1.5527530439573476,1.6842212615803376,1.1231155150753769,0.08474387244730938,1.3455749444438607,2.50973331181088,3.9503559408651214,5.799259116566512,2.743595461580939,0.8224110264617598,4.554808281667602,2.336518003571784,1.6875748142388787
2020-09-25,0.31352040016529586,0.567758529548739,0.4574348700946702,0.6558027086544814,0.5175899716942984,0.9658942462900287,0.39352428393524286,0.30165912518853694,0.31312458361092604,1.1075445549927383,1.493333365079365,0.459564530706931,1.563378846482319,1.6797650735216747,1.1322235866834172,0.08518930673086948,1.3491871959907527,2.594117120366031,4.0985580945428,5.943943108339127,2.8017593777380774,0.8284003086120288,4.658596779677275,2.363788076041384,1.7145367308713826
2020-09-28,0.3255101957778011,0.5831269076635821,0.4679047687434338,0.6901563532261616,0.5410432672866964,0.9955741213225723,0.4109589041095891,0.3178733031674208,0.3324450366422385,1.1309510423599354,1.5358730476190476,0.46306377261010445,1.5789417640644363,1.6763217272902922,1.1429019786432162,0.08502226887453444,1.3278145596684356,2.6003773981615863,4.196386165358642,6.095502814890117,2.8237494829164205,0.8477610306500739,4.694911394420278,2.3957860797776727,1.7421589296693984
2020-09-29,0.31249999202806145,0.5555096716306023,0.45706090775043345,0.6740806210085885,0.5200161746866154,0.9791721166362927,0.40805313408053134,0.3118401206636501,0.33044636908727515,1.117997889603502,1.4996826031746031,0.45217730272506423,1.5784050784244945,1.6589022414199361,1.1359923994974874,0.08285077674217896,1.305538762626768,2.6082667986599195,4.164628435845957,6.03948390333583,2.8783949162747087,0.8422592476428511,4.646043271776659,2.403654581099643,1.733774503136376
2020-09-30,0.31352040016529586,0.5495917295089775,0.4565623785406066,0.6734199515525214,0.5212292761827739,0.9763082530590993,0.41386467413864675,0.31674208144796384,0.3337774816788807,1.1417452359562497,1.5349205714285714,0.4570373339237429,1.5979393387987408,1.6801701170785925,1.152638222361809,0.08652560958154978,1.288681508468347,2.6736127804338157,4.227413688629312,6.046877698877426,2.879604207133729,0.8473431394203813,4.714862077676259,2.4040963027206703,1.748084589200948
