Date,Close_aal,Close_algt,Close_alk,Close_dal,Close_ha,Close_luv,Close_cs,Close_db,Close_bcs,Close_gs,Close_ms,Close_wfc,Close_jnj,Close_mrk,Close_pfe,Close_bhc,Close_rhhby,Close_unh,Close_aapl,Close_amzn,Close_fb,Close_ibm,Close_msft,Close_goog,Close_sp500
2015-10-01,0.020376127756396595,0.11330581973288263,0.04170348850307636,0.023604080046272687,0.012854633330639145,0.019965485896880287,0.01252196186555184,0.013785073834555201,0.0078021854546257,0.09149505096148951,0.016373673672265793,0.026738468486592976,0.048429687088814496,0.025662484216701222,0.016550405388093423,0.09335593300891995,0.01726772875448709,0.06061378105703453,0.01423989810322925,0.2706698057074828,0.04727573242449374,0.07463795990812541,0.02318824123471272,0.31774801964757254,1.0
2015-10-02,0.019796450320262154,0.11048191910115447,0.04061782685371607,0.022994219080494264,0.012442604740611199,0.01966833454361318,0.012627090434059504,0.013908248200549218,0.007886807210510674,0.09071109193622211,0.016106715440308672,0.026268857819178863,0.0481356596025515,0.02569489965225458,0.016952280591118096,0.09343227718180354,0.017075270711774896,0.06089599198171525,0.014141418914050347,0.2729070915123844,0.04718247822428315,0.0740919169765593,0.02335294376757449,0.32126823231952256,1.0
2015-10-05,0.020225962109120484,0.10873404930526741,0.040718654288913685,0.02363302274325351,0.012833093969038725,0.01977806196667168,0.01266198604945154,0.014191892657254353,0.007850833957529573,0.09093882516494178,0.016250220278170757,0.026375782545777233,0.04768878471263911,0.025781937413092305,0.016849097493467313,0.08226265215728343,0.01682896664672788,0.06021489094359495,0.013937746567550096,0.2736116250688359,0.04731134077237327,0.07500565628681857,0.023466948416053714,0.32282527122194293,1.0
2015-10-06,0.019258353949973953,0.10535779292307625,0.037642933726469215,0.022773646913996293,0.012247969342745843,0.019192694227807918,0.012818698955501863,0.01434401358078276,0.007853852506379294,0.0910743883554522,0.016344094852751536,0.026278838460003992,0.04718372253622177,0.025152530351372108,0.016561275340066205,0.08384176952147669,0.016935026796465927,0.058613479545136626,0.014054859985042911,0.27146549762390304,0.04687058110312257,0.07514444810580442,0.02361206460921106,0.32599296317846665,1.0
2015-10-07,0.019696067233495318,0.10714339433434178,0.038064365539566034,0.02304304625839577,0.012305657065706454,0.019395439417885962,0.012686451530543116,0.014425077103111684,0.00788143296111545,0.09130537170873088,0.01649940161535485,0.02614952182830149,0.04758922608334675,0.02552822741578291,0.016679778204511525,0.08509242056891946,0.016309004132414175,0.058336633163551935,0.013876432667393033,0.2715361598671185,0.04629653028416615,0.07520179539784401,0.023448890953513678,0.3218510590388193,1.0
2015-10-08,0.019737463400355103,0.1056207557732224,0.03762733244668255,0.022826717475828442,0.012957986768980653,0.019250729829425703,0.012183190049868998,0.014100315500704253,0.007852271782966045,0.0899311136437422,0.01638497544747586,0.02609477339211308,0.047222897965145796,0.025339842274947986,0.016434640942336903,0.08501412684286871,0.01651410732344219,0.05765286048521455,0.013596201142232478,0.26480183502813653,0.045926602126700945,0.0756321277202908,0.023566749143201178,0.31744831251038835,1.0
2015-10-09,0.02105325734119537,0.10803567012564703,0.03767947502583659,0.023430558813901315,0.013544164096718698,0.019822421423831414,0.012293474986524264,0.014561588861712634,0.007796951636588462,0.0889328949302476,0.01623910027664711,0.025877342491073888,0.04733260986456375,0.025286740527125002,0.016497179375818186,0.08731990366233464,0.016308582977418745,0.05919429651846282,0.01391142980079734,0.26790543601954375,0.04627547772129885,0.0756319192936196,0.023380929305960155,0.31942685715279606,1.0
2015-10-12,0.0217302949488374,0.11294400156871316,0.03865751960764687,0.02404013013272386,0.013943274981307052,0.02043163274455686,0.012431473478942563,0.014443904495411197,0.0077969329275823975,0.08933510428165568,0.016258066893055926,0.02586420598609342,0.047579629759998,0.025135566494645295,0.016466250454623025,0.08617271686216131,0.01635720194597706,0.0607248740338198,0.013829270736144239,0.2727142112536825,0.04672211782249095,0.07491598441690213,0.023296620953361265,0.3205367122525015,1.0
2015-10-13,0.02166502866123836,0.10926340873415603,0.03689193446921636,0.023821050863877143,0.01411895145108182,0.020372413498082234,0.012367183411437806,0.014363500265732979,0.007566040877778704,0.09031836577952855,0.016274973653720607,0.025882248515016124,0.04763710943838091,0.02468944919457476,0.016459632463663696,0.08309668906003656,0.016559448306378455,0.06188083069285618,0.013948016321353585,0.27394459230855617,0.04697333707880305,0.07467222943951485,0.023401823825395948,0.3255493650252347,1.0
2015-10-14,0.021963253780704697,0.10772525025937325,0.03683107217201075,0.024365171816657837,0.013945161635235286,0.020478979563537888,0.012440829150156598,0.014491736272924704,0.007576821283179664,0.09001423895827101,0.016316993522931006,0.025824374327184162,0.04740151610338533,0.024841544271710245,0.016567715603777455,0.08890103191642447,0.01655768621909944,0.06121128881785185,0.013816040265043525,0.2732018311396915,0.04717085229045075,0.07522163618833057,0.023407413467824403,0.326520366788954,1.0
2015-10-15,0.02196792235111067,0.10698368741155777,0.037542124239390004,0.02417657365758926,0.014452580819221048,0.02037690467999445,0.012481100563881152,0.01447234552641249,0.007643809411054688,0.09138972476892959,0.016606880539712827,0.026034409193578675,0.04800233352111065,0.025061022687298203,0.01683911053758,0.08343956412577622,0.016582175273355187,0.0593766361757481,0.013817655473829628,0.2779046011920632,0.047414346699482766,0.07416026657595091,0.023227890441245125,0.3269692542490779,1.0
2015-10-16,0.021499082352891007,0.10562635646098605,0.03729754049680691,0.024160030378287674,0.01456389532217068,0.019949732822742493,0.012680081840235514,0.014549139111133723,0.007668055400357497,0.09108213247991107,0.016698556030159874,0.02600941483251827,0.04832006075657535,0.02532081411227735,0.016924809899057182,0.0873341822675668,0.016811682718679874,0.05901304104804738,0.01365395881423503,0.28073248088445146,0.04797576211795546,0.07397041975572216,0.023368139623789218,0.3257079139277357,1.0
2015-10-19,0.02185714438837224,0.10815475218214374,0.0377988462746178,0.024718979160506038,0.015243452436357413,0.02036230210934066,0.01266681725034087,0.014899244954134748,0.007739740043492442,0.0913328687660093,0.015892528475582954,0.025845028235432197,0.04815947619689516,0.025274628571473418,0.01696448738884938,0.08055918848823677,0.01669403953089634,0.059365872850702835,0.013735088723290512,0.2818317783787455,0.04842008956940538,0.07337509638053889,0.023415909347609277,0.32753752587144563,1.0
2015-10-20,0.02205567373896922,0.10718102092131535,0.03766551467999316,0.024695067145023147,0.015447342973873526,0.02037650772488753,0.012783327872843031,0.01483181291006059,0.007681815196385458,0.09134958324823016,0.015880675646373785,0.026137869614600674,0.04805566117230744,0.02481324744000308,0.016742417735711897,0.07225830771324859,0.016496205710186722,0.05929770324263503,0.014005770579575525,0.2761908042152405,0.047765132951883935,0.06925451804729715,0.023523096918675216,0.320213526197319,1.0
2015-10-21,0.021947161527773252,0.10697197901440694,0.037014475508858134,0.024488097934954864,0.01628082060911588,0.020327499677713294,0.012372829668042117,0.014760220645909743,0.007538609589575701,0.08900710385222894,0.015592340990791265,0.026310836653065155,0.04835705858176392,0.025057704279673767,0.01657305317533465,0.05874865249396737,0.016360070118598934,0.058500997776832826,0.014086600805922635,0.27527813418992636,0.04809949965718172,0.06979900448658269,0.02337860579281095,0.3182907881260248,1.0
2015-10-22,0.02240671264740872,0.09793374649607678,0.03701321826927412,0.024755056371198892,0.0162727596149458,0.021476144713174872,0.011873267794684226,0.014767284374900564,0.007551729309227584,0.08943196238053913,0.015761188906455077,0.02633848348442403,0.04849184584488336,0.02533970492061084,0.016238655030968642,0.053529582055485324,0.01632635058379082,0.055449180489015,0.014068140890577192,0.27474164328192485,0.04856005452562933,0.07020184812643131,0.02340061620454655,0.31755751485957434,1.0
2015-10-23,0.022008047686571414,0.09785799416431748,0.03811290737299228,0.024576537796545166,0.01678914856532615,0.021796015775249762,0.011975038514591125,0.014818206612622821,0.007474158847537559,0.0893911325737084,0.01571934584993658,0.02638363616393819,0.04833867563173274,0.025482496926624434,0.016408452694035788,0.055976680955937996,0.016360264368024437,0.05586102376906746,0.014345951572610776,0.288668316646746,0.04924463620749071,0.06972026110526255,0.025477677033858923,0.33828881437597463,1.0
2015-10-26,0.022436486701146736,0.09735513360507009,0.03821976197092663,0.024778146604792422,0.017183441887462243,0.02209851461616035,0.01212352466922222,0.014653483036933946,0.007454687910716972,0.09029152518845475,0.01571567901807963,0.02621211231395805,0.048252689423991586,0.02554582495829242,0.01649301418588677,0.05312913634391085,0.016208152406915075,0.056262614946966376,0.013914773677905643,0.29384698818142085,0.050101874490352104,0.06936143102800206,0.026192799168160346,0.34414201199396327,1.0
2015-10-27,0.022489097389664224,0.0988823265422694,0.03773192233725691,0.02462377069192622,0.01699509790863767,0.022009885983792846,0.012048076271797705,0.014618398154872042,0.007435052590191456,0.0901838953911761,0.015601025063923867,0.026196942626699804,0.048497261320402815,0.025882309207850895,0.0169370120443297,0.05302315547946775,0.016181888547532577,0.057781396484134884,0.013862065493923204,0.2957611691069926,0.05019628458969376,0.06673153369263325,0.025988799878406684,0.342946636411082,1.0
2015-10-28,0.02193890920180204,0.09565383195442126,0.035970052132386875,0.02398641215553932,0.016734038969581255,0.02172363377955074,0.012170210638084223,0.014499962962663492,0.007443729170002412,0.09152534170378956,0.015997319794418475,0.02652665744989479,0.048068504455850244,0.026359219947279855,0.01695888216711534,0.05597148540425978,0.016212594738281016,0.057301405690177366,0.01426435649632505,0.2952136948688296,0.04984810778811464,0.06737149061046903,0.025823425488221734,0.3410672751335456,1.0
2015-10-29,0.02194878120210621,0.09465352052948431,0.03626382576479325,0.024169503413363724,0.016636275055633986,0.02192963656238269,0.01197945929912866,0.01334826586196457,0.0069254002849776855,0.09088211839592344,0.016052379577301438,0.026366295901825893,0.04851609175289487,0.026261002537064634,0.016641062053121915,0.05336434912059515,0.016253392311848094,0.05729368771176768,0.014421535873330345,0.29986934799225745,0.050195989019506476,0.06726779756944122,0.025538311412011717,0.34312079160845865,1.0
2015-10-30,0.022227992565791783,0.09495709585622054,0.03666993501669598,0.02444982945900097,0.01668782664589227,0.022261656768430057,0.012022929513670814,0.01344163567720115,0.006843451479181428,0.0901719713525311,0.01585583992354625,0.026036855673888335,0.04858706226972931,0.026286933088689863,0.016264619046093876,0.045095602577124944,0.01630790159234309,0.05664242504388876,0.014367400768836622,0.30100607484627484,0.04903912538127769,0.06736687961283466,0.025315479903068084,0.34184074014265964,1.0
2015-11-02,0.022085977005198133,0.09284475247765364,0.036657871820424556,0.024096385456275807,0.016781920666184686,0.022214301424157805,0.012067202969847226,0.013564316596729397,0.006943751174998784,0.09014994348169139,0.015912169017040335,0.02606877057229165,0.04855872988789346,0.026192343203144022,0.016663102199808936,0.04775076574235996,0.016026235220034924,0.056410256047098435,0.014398421755413292,0.29863832198223533,0.04910054209456687,0.06671419012428634,0.025303581549927283,0.34272473002375814,1.0
2015-11-03,0.022040107849802964,0.09269168703284413,0.03681882962952031,0.02417302151268712,0.017143885093487257,0.02225813855025031,0.011655188215626987,0.013446836166430493,0.006858502378207503,0.09038340236471275,0.015778821771183837,0.026035766111605952,0.04832708331883446,0.02612108313210213,0.016575109538660593,0.04638376292950163,0.016063209311606767,0.05576858446813437,0.014523957092206177,0.2963849418382812,0.048620952845440935,0.0672484002565717,0.02566606202466766,0.3422899718221677,1.0
2015-11-04,0.021704696129221157,0.09308807526378296,0.03682140208986176,0.024097301814793817,0.01710975069829127,0.02218511907905018,0.011596766564298689,0.013195008928985008,0.006778258011464902,0.09116162155983862,0.01588728639575044,0.02596191830331722,0.04848951826282443,0.026413800743746524,0.016239278718116052,0.04375187313889935,0.016049013253567845,0.05453049064253181,0.014507850480679263,0.3048789160552649,0.04944085272057389,0.06736875200386415,0.025876298202119768,0.34633805888097124,1.0
2015-11-05,0.021715009298700735,0.09474602174488173,0.037172667911664396,0.024067470171190455,0.017619635510771888,0.02222455010941765,0.011543242291381367,0.013105199169093038,0.006662127048532398,0.09144114814208001,0.016133872127691545,0.02612468166866436,0.048730198298825904,0.02621515992563127,0.01626244832249003,0.037510773954718794,0.016219589273419623,0.055349467250700626,0.01439571841866579,0.31222471474348223,0.051792205226778965,0.06661650794546606,0.025896102613389482,0.3482259045203228,1.0
2015-11-06,0.021598704772454524,0.0966558683003704,0.03719512377218038,0.024390244948133577,0.01813548060624931,0.02231802548284263,0.01169016843217333,0.013190740113541474,0.006702553510111052,0.09487900278633342,0.01686833118642732,0.026605373143894474,0.04855182944885654,0.026014673339709884,0.016163300682165458,0.03895293393135183,0.0159965714480907,0.054692264043407456,0.014417396963820717,0.3141053784256686,0.05101943621377304,0.06585842379337975,0.026162347218919118,0.3495426958496532,1.0
2015-11-09,0.021481011230975535,0.09442503855268837,0.03719365869915741,0.024357974723165803,0.01715594235576042,0.022308497753243645,0.01167624007219028,0.013109911082290282,0.006831586692422826,0.09466077207346352,0.01689133912694029,0.026686487370442318,0.04851388554489937,0.02609473773663292,0.016188937032619824,0.04109055258635073,0.01602055141028827,0.05497021895347926,0.014501486047630636,0.31535469666904026,0.05123208825443193,0.0650973226541239,0.026056248962085932,0.34874288591156216,1.0
2015-11-10,0.02137175154188882,0.09355244831822772,0.03774282857182619,0.024162711460099646,0.017523970806926557,0.022318082954107376,0.011524124442383994,0.012854754901133627,0.006720404374695794,0.0950223856981963,0.016928310479277234,0.02685759889844473,0.048733738645580775,0.026146648328426877,0.016231770589090436,0.04019752952641487,0.015895509703980258,0.055670311384066556,0.014023259327226775,0.31689180206265116,0.051836945171911404,0.06507599623734407,0.025704705121455552,0.34986454333247113,1.0
2015-11-11,0.02139277060240964,0.09165300867469879,0.03738313253012048,0.024086746987951806,0.017412048674698796,0.02251566313253012,0.011465060722891567,0.01278554265060241,0.006775903614457832,0.09512771036144578,0.016877108433734942,0.02689156578313253,0.049089157108433736,0.025889157108433737,0.01626024192771084,0.038024097349397594,0.015913253012048195,0.05520000048192771,0.013989156626506023,0.3244578313253012,0.05253494072289157,0.06506988144578313,0.02585542265060241,0.3544096501204819,1.0
2015-11-12,0.02145681638648058,0.0903972197155967,0.03747855593526695,0.02442851102822955,0.0174929258529181,0.022820471298109782,0.011432229862380516,0.012712796555507217,0.006681427486112405,0.09421937112096548,0.016730450830258054,0.026965204173077278,0.049008537965487084,0.02591924600637259,0.01631988713093385,0.03605624620382075,0.01627589821551687,0.05514254930381869,0.014139992477924789,0.3253224560645323,0.05279647234861591,0.06502538887947344,0.026060988555926368,0.35740015267311076,1.0
2015-11-13,0.021477578378269555,0.09153056510514274,0.03754745211940909,0.024216031840979296,0.017424272046253853,0.02268368302917212,0.011418459128183376,0.012609735599998178,0.006727499079418863,0.09411084077906379,0.016771788667500516,0.026974256044370856,0.0493712408427523,0.026213024941519704,0.016445546978123848,0.03727558651645649,0.016376344689834385,0.05507058775518382,0.013882571999851556,0.31751718385045763,0.051383064593908415,0.06512476147784241,0.026119107373732017,0.3544171080046528,1.0
2015-11-16,0.020860223959182158,0.09040566159680011,0.037429560931206605,0.02334416268212177,0.017109961576613823,0.02227753072748957,0.011270267079493742,0.012468403185109896,0.006730989531961671,0.09359095335641915,0.016583949843148,0.0269190876578525,0.04929889776817292,0.02615442435581268,0.01615047850071266,0.035710285997353805,0.016208923653595865,0.0554356894737972,0.013902756598396952,0.31551391571911075,0.05067237030653269,0.06512305770155728,0.026188517158724965,0.35503779141103825,1.0
2015-11-17,0.020629718605349776,0.09099023252005604,0.037816275156142214,0.023297439268912486,0.017327988150031844,0.022400070873375557,0.011202473450062393,0.012397339464428624,0.006681492945030375,0.09294103337991892,0.016381850220698563,0.026804003326815803,0.049501571819020665,0.026194378058108654,0.016030705578223028,0.03429507911638949,0.01623066266635897,0.05578802710222859,0.013861659847563415,0.31373754243504565,0.05127192213624559,0.06526404618061427,0.02583348087443445,0.35372896006223475,1.0
2015-11-18,0.020037626794778753,0.09125639134662526,0.037478759191706956,0.02291728573534576,0.017129170784862917,0.022226168069552833,0.011101084735942653,0.012545713637793767,0.006680808742115454,0.09294579365814036,0.016438053119069995,0.026718434577007892,0.04927576294478278,0.026027317391158124,0.015986907031657654,0.03484387222097446,0.016030102395709313,0.05627333513024691,0.01407313321412934,0.31846147167855576,0.051723472564321575,0.0651858829109039,0.025844938031702566,0.3551579360032641,1.0
2015-11-19,0.020324421596377262,0.09205569608529385,0.03806865300526922,0.02330821925058244,0.017672156587765737,0.022520227953144414,0.011137591105002743,0.012708770313413015,0.006745978391468443,0.09274759274638,0.016418096021689452,0.026892622315987692,0.04924468033117123,0.026080605437530536,0.01551478981527738,0.04036055447887103,0.01606253971700784,0.05315580977280761,0.014267936491072325,0.3177288650887397,0.05105610237673744,0.06570121930051902,0.025917241288449393,0.35479328503581176,1.0
2015-11-20,0.02019941056761969,0.09456866333345575,0.039183026779187946,0.023339412216561675,0.01805980432835276,0.022650144204019416,0.01075068081513381,0.012387694618551952,0.006428390461960709,0.0916488405197325,0.016231326922195654,0.0267187457622224,0.04905297645769954,0.02589545131312684,0.015403246840349638,0.043557969623114264,0.015987211786021492,0.05407410848221086,0.014276005357882995,0.31995961887105895,0.051369684614863985,0.06629427244836622,0.025938531102402115,0.3621533930929339,1.0
2015-11-23,0.020272308990284055,0.09588850400021647,0.03853655994171482,0.02335868567588058,0.017622052463233978,0.02275003666172884,0.010342232585166962,0.012196933718013522,0.006359658313492381,0.09066946262614471,0.01612199693340056,0.026646344348972104,0.049252604807734524,0.025884335553308737,0.015014928030272517,0.04189131564589317,0.01590633406670338,0.05375277331423804,0.014107945863107159,0.32540650600464277,0.05125587321394388,0.06635707118340342,0.025970601179238422,0.36230402144994756,1.0
2015-11-24,0.019735394521998146,0.09086514629109138,0.03810180364977598,0.02261217746034396,0.01761490416381609,0.02212872395711798,0.01030567702629189,0.012119820259446839,0.006371042956288998,0.09030989194748003,0.016078387145135046,0.026460649756018993,0.048843067590591455,0.02559905163804174,0.015302947929490331,0.04185933038424823,0.01574810864042028,0.054180192709574575,0.014225949683686406,0.3212566215641166,0.05061412993658247,0.06634309481351712,0.025967624371050196,0.3581761238236046,1.0
2015-11-25,0.01977624202855117,0.0911689053570773,0.03811151318222434,0.022437967118469723,0.017521433095401977,0.021964027646626534,0.0105703077564779,0.012150108708745534,0.006400589434062931,0.09055134278604839,0.016090038689562047,0.026435344424049705,0.04881107646196463,0.02571725286450637,0.01573577922939859,0.0416588835714576,0.015888972095434502,0.05477123879981285,0.014126057795483319,0.32330398214031225,0.05046268944255283,0.06606442347798688,0.025702890075860088,0.35816014500436266,1.0
2015-11-27,0.019946317115244687,0.09247359665535554,0.03816066997278053,0.02255383524634571,0.017649787385100667,0.021922290048999798,0.010525761263160094,0.012138116989642402,0.006435067681341057,0.09112917083272111,0.01616182749744485,0.026500995720030746,0.04897828236759012,0.02581682123792534,0.015688169197490033,0.0416676593775258,0.01602308026157973,0.054705250033030915,0.014091362412611882,0.3221170060587626,0.05045188607377037,0.06624531718988524,0.025802468405555633,0.35895717047982295,1.0
2015-11-30,0.01983262902277501,0.08418052807277723,0.03832417954755447,0.022332136917832566,0.017400417480802698,0.022053346667577307,0.010598872305315183,0.012348528456732328,0.006465072062202325,0.09133777093828804,0.016487134964198343,0.02648516414105606,0.04866348569867802,0.025480554430275183,0.01575170345564091,0.043241477788152356,0.016097790058981414,0.05417682272607822,0.014215948899978131,0.3195524036707243,0.050105509206975936,0.06701563821428283,0.02612465826398158,0.35694887421782284,1.0
2015-12-01,0.020574233415857908,0.08473198513939316,0.0386040351924362,0.022671606822207424,0.017468599822044857,0.022371983476656407,0.010591497904626707,0.012451073872614602,0.006701131813030548,0.09182310617812141,0.01677423130202892,0.026495390106657208,0.04868189205698643,0.025953212422787583,0.015989499279840683,0.04697926144712745,0.015994256179797668,0.05529266131903443,0.01395157523308157,0.3229574560364982,0.050945724621378835,0.06719204370786544,0.02626234956825257,0.364800283778712,1.0
2015-12-02,0.021072271731935543,0.08514986999269121,0.03928809989233954,0.023241052828593983,0.01845627134057412,0.02284672724417422,0.010714062876763936,0.012219224662448246,0.0066746492843282835,0.09149270457226605,0.016777990407461422,0.026487009793234897,0.04907406192288538,0.0258810968647369,0.01582103564868149,0.04627532569559499,0.016364431446040502,0.05657101838139265,0.013979254661053543,0.3250813926113296,0.05100720818362398,0.0671792856625874,0.02654952307731378,0.36661521287892235,1.0
2015-12-03,0.021111229169302696,0.0844400411395845,0.03929996701920545,0.023526311339380754,0.018281436979084843,0.023072568720303988,0.011016675633068056,0.012368145584511749,0.006703681275392166,0.09035820612020272,0.01680799320530869,0.026443925169573265,0.04917496669945107,0.025658413265856918,0.015802927933498617,0.04569627475021509,0.016534770867493394,0.056107958272932974,0.014051383844804448,0.32506023651601385,0.050926508836564084,0.06777841261791245,0.026443925169573265,0.36716071029859043,1.0
2015-12-04,0.02149936284461962,0.08477356204869754,0.04059397252702091,0.023798937894304286,0.018396608046794636,0.023622047910398205,0.010814222775860256,0.01218631858401235,0.00666446767599577,0.09083086420981167,0.016885867884947676,0.026614842338145563,0.04921857440820383,0.025644335686940134,0.015681099936025365,0.045566025887390345,0.016469936736192393,0.056289412542525584,0.014226534926000296,0.32157730541957025,0.050762781767376676,0.06713709821297074,0.02672958305343784,0.3665983102798695,1.0
2015-12-07,0.022040661846367715,0.0851873052941226,0.04156335567587602,0.024929346293001416,0.01897384234030568,0.02387016344024462,0.010649617141370311,0.012146918098094706,0.006591015012402557,0.08930368207491785,0.016696596101542782,0.02668181437584512,0.049743146171032294,0.025844096849216163,0.015724072337842766,0.04440870793002059,0.016504016656986458,0.055804570960674975,0.014236399847826415,0.32248792533271436,0.05084566121627824,0.06718598719896435,0.026869580309218533,0.36746473398219515,1.0
2015-12-08,0.021588589351665854,0.08499749781701801,0.04149079969800669,0.024360458160913596,0.018773109167987048,0.0218260405794312,0.010559268105963106,0.011833745539874875,0.0064450784471882005,0.08864163433605328,0.01650521641776756,0.02636182559527782,0.049631948997808914,0.02591115421174673,0.01576378913097396,0.04548383981189194,0.016563367016909223,0.05615456173871679,0.01432333929683035,0.32822895445115163,0.05160423992112139,0.0668979773661328,0.027035408497271284,0.3694386784629681,1.0
2015-12-09,0.021317432974178395,0.08372158575253608,0.040783935595432586,0.024179290161698192,0.018387201771781877,0.021732548084440834,0.010641623471741884,0.011935808919467012,0.006509996987990928,0.0882536835161155,0.016296968715623427,0.026430684957244717,0.04988718719754443,0.02579580201843067,0.015769528075935787,0.04610230522778227,0.016546039344570867,0.056187184771068814,0.014116389305917087,0.3246647227626823,0.05108369631836888,0.0667164812482699,0.026850685251293416,0.36706517167996305,1.0
2015-12-10,0.02148394694048861,0.08629149643355274,0.04110650454487562,0.024987452429673596,0.018657753455097657,0.022049185735021765,0.010305862503772602,0.01183590593486993,0.0064271549137002665,0.08873761848075136,0.016284723605879688,0.026478513874941052,0.05001388733245189,0.026161784752798515,0.01576821375545834,0.04735824100961628,0.016518617469958214,0.05662620667884405,0.014151679043300985,0.3227318640964401,0.05136851085276515,0.06664944978535008,0.026931679460213326,0.3651929994707513,1.0
2015-12-11,0.020915636838443323,0.0844675663135198,0.04113060580591692,0.024488537953976,0.018699345097321428,0.02157654810391863,0.010191962735958007,0.011518756519722407,0.0063705978681122205,0.08773734374826037,0.015941403459456768,0.026491152786244955,0.050527487615417366,0.025914718530674574,0.015931464432314794,0.04624398009869949,0.0167613312083795,0.057633538210253424,0.014060535622327246,0.3181075177976901,0.050746136770937096,0.06687140403323297,0.026863847669324845,0.36716408853035,1.0
2015-12-14,0.020658378200561992,0.08587792123742412,0.04062929879082892,0.024817750014464943,0.01879877697118997,0.021647527264510375,0.010128886414831449,0.011439508429988525,0.006330554009269655,0.08724294447280023,0.015767035584762702,0.026311365595601537,0.050520789430312754,0.025816791063627345,0.015915408438929492,0.046559245945475884,0.016588030296988923,0.05729645854006105,0.013907436333688804,0.3253855169776282,0.05176217249471704,0.06722751266923016,0.027270839198482406,0.36982800766583207,1.0
2015-12-15,0.020847503580380285,0.0871239722022428,0.04019261706336517,0.025031687790958553,0.01848870191071989,0.021640297475411147,0.010218213012846545,0.011436765314425387,0.006317870513109167,0.08907169484908187,0.016071174876104186,0.026871748247468963,0.05095893397183935,0.025888099363223543,0.01578733463339742,0.053630937587928085,0.016565445719055327,0.05755575192599842,0.013517844456273234,0.3223239604587358,0.0511644756854512,0.06743139688429269,0.02701366836882235,0.36380364764324147,1.0
2015-12-16,0.020838659371353194,0.08446410408545825,0.039916644052380386,0.025141455566083645,0.018600433046240865,0.021610460587673682,0.01033250169911768,0.011504676261622625,0.006348072939327201,0.08982330596266175,0.016212670048545604,0.026940718918334217,0.050770112223722484,0.026057971138484452,0.015715822876856085,0.05714712822721629,0.016656455337909975,0.057320784200334124,0.013426945586481739,0.32597548458743175,0.05151297230538182,0.06719020024942061,0.02707578574715112,0.3656847101802832,1.0
2015-12-17,0.020794459392074555,0.08438260716016088,0.03973279481461199,0.024991551271188326,0.018517158476824228,0.021308688362433666,0.01037764073693264,0.011567714630310292,0.006351958188110343,0.08943184973652953,0.01585785755458528,0.027166008253387733,0.05075689593398595,0.025789831779945305,0.015833370927179936,0.054547500688963406,0.016572880885555436,0.0583870826166903,0.013343030623517691,0.3284457140557593,0.052020432158291344,0.06697226539892748,0.027278648992267097,0.3670276006516443,1.0
2015-12-18,0.02048814489595418,0.08391213826047979,0.03986437388578977,0.02491087122204249,0.018458776443130293,0.02131086283352084,0.010615542110562409,0.0116327189199954,0.006417192134605263,0.08750218180169683,0.015601705385313972,0.026820572753504992,0.050833933090243213,0.025748546652200752,0.015950736315930254,0.05410984236175499,0.01679838357402169,0.05774974304817262,0.01321707230054771,0.3311510552085953,0.051876043209131605,0.06726333958470064,0.026990102304846546,0.3686320360684252,1.0
2015-12-21,0.02097815674072891,0.08654478684062296,0.04081834550644915,0.025460751744770038,0.01854389805553593,0.021458080046016414,0.010489078370364455,0.01170125904518209,0.0064171386814381275,0.0879449807729859,0.015674244674476475,0.026727357869798588,0.050258516584021765,0.02566360655274148,0.016060163082678717,0.05381094956264365,0.0167132566107819,0.05809069223255245,0.013275857646082386,0.32877817188695735,0.05183682346976535,0.06704104019544073,0.027128120797033917,0.36997254588756845,1.0
2015-12-22,0.021040036199728808,0.08446421646687409,0.040079060585635276,0.025380462064686287,0.0183622120641815,0.021353919684577834,0.01053963535787649,0.011672559840755006,0.006429717056387192,0.08830439170798363,0.015802096871587522,0.02665071127719909,0.050373473106926886,0.02555211638278708,0.015949229494562282,0.055478994104322686,0.016719226121452282,0.05759771044710497,0.013147570283662603,0.32523775898217977,0.05174671697016375,0.06764689767959314,0.027146058444820518,0.3678327835461781,1.0
2015-12-23,0.020970890806105372,0.08348632834729287,0.03980061059627096,0.025064308320290257,0.018083700107414995,0.02104355404487809,0.01069132708245365,0.011849109639578123,0.006452581637439176,0.08862611045133276,0.01579235348914068,0.026662920403696236,0.0501334580145208,0.025664998134499063,0.015772977820390482,0.05568016113456623,0.016717611066280984,0.05749676632528672,0.013153432650943485,0.3215149031681202,0.05068570550807178,0.06711265877498138,0.027040773798938048,0.36347120987100784,1.0
2015-12-24,0.02125677524518205,0.08405669403566583,0.039844930542336114,0.025356745182445066,0.01802531898759974,0.021300444064747737,0.01072300210444011,0.011887491020759398,0.0064774695970260384,0.08853512238552891,0.015759416667521026,0.026598867663593068,0.05032532981880227,0.025643015374373555,0.01582734470243594,0.05536659641903452,0.01678319650645174,0.05741900570802869,0.013104139336455486,0.3215881596785436,0.05095609270766036,0.06707941361714231,0.02701128985104872,0.3631264720504538,1.0
2015-12-28,0.021021152443471917,0.08439095696571845,0.04007780111840506,0.025261366885485047,0.01803549720398736,0.021308047653780696,0.010736688548504741,0.01189399416484318,0.006423535132506686,0.08831509603695599,0.015643081935327013,0.026588864575735473,0.05019207439824945,0.025694140530026745,0.015764647702407,0.04966690931193776,0.016917092633114514,0.05753950984682713,0.012985655239484561,0.3283248295647946,0.051509846827133485,0.06691466131777292,0.027206419158764893,0.3707804570872842,1.0
2015-12-29,0.020929962932549687,0.08488903939494254,0.03982466595717814,0.025101520099567617,0.017994957598558257,0.02133412773400582,0.010657440895539667,0.011966165495689048,0.006375218594397318,0.08830519715128463,0.015661385575276538,0.026602705091278968,0.05005388558490071,0.025664464892464375,0.015796108619207633,0.04878365335175287,0.01686906945621046,0.05765122203627824,0.013080023480262076,0.3339026613639674,0.05160799691965989,0.06725494707544442,0.02720895133116602,0.3736599703700914,1.0
2015-12-30,0.020742864444650233,0.08353364999898198,0.03946960190017864,0.02479935413426116,0.01767989982758739,0.021009419467272854,0.010613755653074666,0.011859296356939794,0.006339174609233637,0.08821048462773251,0.01562015272596331,0.026602239140799674,0.05029660050512938,0.02580741956740758,0.01587216884192673,0.04959386471263205,0.01700139586928633,0.057634146166033254,0.013003062290958598,0.33395528229043153,0.051479138633942774,0.06753062421207313,0.027290437965223294,0.3736623565534506,1.0
2015-12-31,0.02071978591468799,0.08211102422015834,0.039389612378047854,0.024800141130957035,0.017285244684202783,0.021067155710520948,0.010611858286495511,0.011815415666364728,0.006340695115365917,0.08817773574688416,0.015563079111041257,0.026595693889813758,0.05025588029252176,0.025842246604446582,0.01579302715920653,0.049732382033822194,0.01686448819192579,0.05755550671535118,0.012874644930675092,0.33067997813542405,0.05120502902291491,0.06733074306120229,0.027143654706828783,0.3712829275349045,1.0
2016-01-04,0.020326333960482466,0.08001848314140073,0.03895342515655081,0.024176959435763305,0.016301809767043846,0.02084803110866562,0.010612821161628929,0.011671121601851214,0.0063845854654656494,0.08801287649556418,0.01564099225314075,0.026288592760917315,0.04992398184620583,0.026074945153901734,0.015874514553012684,0.04894020765356938,0.01697753094052843,0.057863721161365296,0.0130859159297044,0.3164915978055338,0.050788508378559076,0.06754742216936176,0.027227648025130904,0.3685868524579646,1.0
2016-01-05,0.020092130640296867,0.07979332730632553,0.03822562365972268,0.024083780483692467,0.015882303166746742,0.021054092963841916,0.010512171512004547,0.011642725257506674,0.006332095465858612,0.08632376462983117,0.015510411315908603,0.026225882760937087,0.05003198474309514,0.02635480710059328,0.015956682231114343,0.05001214996230189,0.01695831411624589,0.057856609158683084,0.012732371286185162,0.31426927533284493,0.05093940377478008,0.06736219318946479,0.027296934147487954,0.36821359112630475,1.0
2016-01-06,0.020715886262519034,0.07940670676491159,0.039291347164233076,0.02458472750000137,0.016344597608631044,0.021529849258238375,0.010455919777034561,0.011626621086558434,0.006240390671367607,0.08533558185696552,0.015324630875741709,0.02606694639862658,0.05044064518987145,0.02633826622482356,0.01588234745268283,0.05145056499426927,0.0169173865880971,0.05802759308820158,0.012649100556464479,0.31787305217472567,0.05173695923277884,0.06791574835490967,0.027157255197023226,0.37362957164576704,1.0
2016-01-07,0.020817358798506606,0.07746939237706918,0.03807852404915357,0.024188277857639866,0.016612714575666744,0.021589325113112134,0.010416398805077252,0.01169271593058085,0.00613970542216263,0.08472072723368691,0.014914389198178795,0.02593806920003415,0.051062999004751176,0.026740912623291268,0.016159828185742377,0.050121199071644015,0.0172920444178754,0.05768646741084556,0.012409357992639647,0.31287280189681144,0.05039395998816043,0.06837563022030449,0.02684898739269183,0.37383241523053595,1.0
2016-01-08,0.021003833650301413,0.07682502446479726,0.036617532472485635,0.02425040207319258,0.016617847025323453,0.021961154801499724,0.010187145728512443,0.011498259479066651,0.006076908177171877,0.08529523447939845,0.014765637670481994,0.025785237614515958,0.051071004364625354,0.026576068651006493,0.016128780264754127,0.047376990279062905,0.017049681589548154,0.057314403176788244,0.012611665600569031,0.31583793116689124,0.050639168239550954,0.06848488473849958,0.027226422693940128,0.37172674735562106,1.0
2016-01-11,0.02135501466487462,0.08286244020754736,0.03673706840755899,0.024297307194538816,0.01674923467280442,0.021854060227804846,0.010277230267042615,0.011789963705438873,0.0061393064974088665,0.08615302635549073,0.01479463647560964,0.026038769047858606,0.050720756558186544,0.0266417830645389,0.016151418532979973,0.044420298203697556,0.01702994653484348,0.056964032029185145,0.012804950660239112,0.32112575227064255,0.050689567217692764,0.06925823709505143,0.027187614197728808,0.3722208136646536,1.0
2016-01-12,0.02166422453944533,0.08316999221574495,0.03664348887967669,0.02422266577876496,0.01652154976986213,0.02201497865103635,0.010238925169237854,0.011827634968797178,0.006107248060643637,0.08547568571621565,0.014680090684009276,0.026492252238336587,0.05067365179587287,0.0266985766388867,0.0159902609695906,0.04534528728379851,0.017114737386161812,0.057905378336347194,0.012890213600969971,0.31871685775336295,0.05125652517803229,0.06855179312635565,0.027224708322088096,0.37451770626201536,1.0
2016-01-13,0.021213787049960946,0.08231055378726641,0.03579364060455828,0.02377425477206901,0.015743699104594413,0.021372495810249074,0.010204837751052598,0.01172842100634604,0.0060573035869491264,0.08410923384939385,0.014225405012729994,0.026308271386810488,0.05132572714706494,0.026800261983829062,0.016066403143488957,0.04525255501178445,0.017203800231230186,0.057785090740119116,0.012880366732161037,0.3077903744810711,0.05048987479939143,0.06939183400746811,0.027318703159192083,0.3706117544767225,1.0
2016-01-14,0.021099571097170117,0.08394039558650744,0.035773009832391005,0.023591974775281577,0.01623964510684965,0.021057945362761805,0.010037256660943017,0.011452566493249834,0.006020272345611112,0.08397681485202291,0.014127086791991502,0.02634974810384394,0.051455896822576536,0.026953336342470463,0.016187612678671914,0.04671044342305035,0.01711901229136995,0.057632271135733056,0.012945926528827324,0.3085584702633872,0.05118532486591029,0.06915768552603822,0.027634975825037034,0.3718935934543886,1.0
2016-01-15,0.02061340238521414,0.08443198731871929,0.03655209702993212,0.023666059171159638,0.01684278862810395,0.021150543218809412,0.009945063599252683,0.01114697924857184,0.0058287642363125764,0.08275675261326317,0.01381140523615633,0.02596352828620255,0.05158669077758393,0.027197353760607747,0.016385421559491447,0.047172570280532185,0.01697574401670597,0.058112139654706435,0.012913956363092692,0.3032340101696492,0.05050709355395708,0.06915275618786132,0.027117582122911196,0.36932348484055105,1.0
2016-01-19,0.02065560104226608,0.08302105725892135,0.035639682866985614,0.024429525960304222,0.016291666383267858,0.02104893821187845,0.009828153717018685,0.01085402373723751,0.005714042858731794,0.08335592940508092,0.013958210741422969,0.025625488419108552,0.05182503988152092,0.02728920561556189,0.016312928469629916,0.04729633029879847,0.017189967074547556,0.05984064711294056,0.012844637339097364,0.3053584397398496,0.05063439387450013,0.06809544524150447,0.02687460582804859,0.37302865229027377,1.0
2016-01-20,0.021007568276923946,0.08819305872572086,0.03612054104935854,0.02457336786973167,0.016511324900097504,0.021136645958497104,0.009589476005839169,0.010396218238523339,0.0056364390656867365,0.08269107885012744,0.01357478263529897,0.02574583324789933,0.0514970458530062,0.02718721270362838,0.01648981123606444,0.048054944584564094,0.017215878169823885,0.06173729446437209,0.013014096783583473,0.30751401501111514,0.05074408536017799,0.06553973952109014,0.02731629253651416,0.37564608139944367,1.0
2016-01-21,0.02128957416192475,0.08461789246929032,0.038849860827772545,0.02489044898522972,0.016527642825952215,0.021134409606977083,0.009283088776735504,0.009941198240446434,0.005682213418382192,0.08114007823016751,0.01325849851127346,0.025687669948408876,0.051332539239549384,0.02724466063084693,0.016361778374211624,0.0482988124511036,0.017068042188925794,0.060727987098529085,0.012881289428414756,0.30766350974410517,0.050380154256470897,0.06576279416028333,0.02700924042937223,0.37805982417273404,1.0
2016-01-22,0.02106035948112191,0.08417326182801496,0.0382086108778611,0.024521473287264485,0.01656091016966708,0.020452042324794684,0.009355498335239415,0.009995279647654984,0.0057632806448588095,0.08225916357741889,0.013430174984359852,0.025706643968241936,0.05073679730574066,0.026928521345490317,0.01610467177801032,0.046462843822377545,0.01720069148208265,0.059955949740970786,0.013296449567824851,0.31274843856208373,0.051360847851140416,0.06424038935352176,0.02742146957988606,0.38032932553993193,1.0
2016-01-25,0.020713023372138123,0.08470071000001664,0.03718008962640055,0.024474183346934637,0.016845313860460825,0.02035075856939149,0.009232425046469357,0.009520106451981099,0.005535193089025772,0.08050802232315776,0.013307904077368987,0.025390500733683184,0.051356364278389854,0.027127239751954392,0.016248641887900483,0.04934792292886218,0.017404691737063115,0.060402326836204306,0.013243975527273704,0.31779681365901286,0.05168133711614786,0.06503718800564508,0.02759072720075436,0.3791367441355812,1.0
2016-01-26,0.02082337371016591,0.08520563164794201,0.037470517806846605,0.024222144470768623,0.01699384749926759,0.020156227260139242,0.009224481098678627,0.009802325005903655,0.005605080804554769,0.0811344623662832,0.013390207095417158,0.02535156405038909,0.05315108489267588,0.027027311433872887,0.016111324112061367,0.05178002014104626,0.01718821457639296,0.05986457384086042,0.013131490328657644,0.3158439394319171,0.051133884076385944,0.06439801625211303,0.02740553461700663,0.37456857484235756,1.0
2016-01-27,0.021078626640565444,0.08417642748062612,0.037186329335420557,0.023749967956530144,0.0191401800036479,0.019804031955387855,0.009288616508745429,0.009782522360839957,0.005507315791634654,0.0816378581482541,0.013473539743595659,0.025794631436807637,0.05425529443612917,0.02675057771623161,0.016208609253682706,0.05015003184224306,0.017446028229562857,0.05965639285332231,0.012403409866309292,0.30980641609204407,0.050160651880226205,0.06423962513489026,0.027201998105577902,0.37175177684794447,1.0
2016-01-28,0.020144082109139958,0.08068724659352088,0.03621603949763415,0.02281658075709253,0.018380022434032795,0.019114167029361823,0.009147758554747316,0.009380149649671614,0.0054770355781021745,0.0829530566000633,0.013293826952828519,0.025837663406623648,0.05401508313803305,0.02598555023333294,0.015950480225238307,0.045485276800122085,0.016832510062791888,0.05882663512612473,0.01242368022264926,0.3355674467790128,0.057627710453593425,0.06455190875917872,0.027496092350340867,0.38606499967833635,1.0
2016-01-29,0.02009545324338975,0.08270626408437236,0.03628417224819699,0.0228270735724811,0.018147239094891555,0.019389353478896185,0.009174122320816611,0.009220508335157033,0.005556013717663864,0.08326804871185034,0.013338555608267822,0.025888550003548786,0.05382839367206322,0.0261153250428572,0.015714550858216256,0.046499402890876396,0.016709272134938318,0.05935348441096712,0.012542262362090578,0.30253989353141825,0.057833051363919155,0.06431678639919178,0.02839339477793157,0.3829165545649845,1.0
2016-02-01,0.020305458908760895,0.08592952055314193,0.036243542172643986,0.023311573226207416,0.018315131592789625,0.019753736194676297,0.00894100174039899,0.009198816092774969,0.005496601992655895,0.0823201196198782,0.01325681348354419,0.025750496999684184,0.053816169461848196,0.02616815676616198,0.015556518022366638,0.0493198866407824,0.016742464558924853,0.05975621007807596,0.01243051899980788,0.29638853474721677,0.05934370556738827,0.0643659322454446,0.028210045921351037,0.387752785973474,1.0
2016-02-02,0.019458441766921797,0.08451259283833404,0.03571146958501305,0.02291608662786897,0.01791879133821067,0.019164175259580207,0.00867563819193943,0.008901594163966815,0.0052390134932547615,0.0797149780551361,0.012874205675500667,0.025659081178902407,0.05433965960817742,0.026489335024570963,0.015837899844301406,0.048054941649057915,0.016662899963098797,0.05984140831442445,0.012411785752225773,0.29011627120257066,0.06022500919768723,0.06460223965283525,0.027850322481695323,0.401806599132756,1.0
2016-02-03,0.0196127629010943,0.08373724415910856,0.03517330236909969,0.022901600673376928,0.01767292460117498,0.01926244264999198,0.00872666088737266,0.008705745660216245,0.005129331226830112,0.07983142261030611,0.01271614020759514,0.024888497057946064,0.05445143209304349,0.02616952321850315,0.015513481906223184,0.04924890096980538,0.01701411246181275,0.058953322714076974,0.012594573488916445,0.2776793038265022,0.05892195170337898,0.06521204849537031,0.027272774392605365,0.380098613343132,1.0
2016-02-04,0.019948315005595258,0.08271163280318986,0.03597588335003173,0.022991987327577006,0.017797384881919058,0.01960374844583971,0.007773630416303161,0.00885431592255683,0.005346002381661811,0.08169882221057312,0.013056984332554873,0.02518990380031078,0.054243130678385446,0.0253674077856394,0.015140045807440676,0.05060951968459969,0.01674280238084905,0.05962045468239958,0.012608003663782494,0.27996555572753773,0.05768357348220789,0.06664230612413427,0.027147668344376385,0.36963117184574246,1.0
2016-02-05,0.019547351954564907,0.07906704083706018,0.03433951028821786,0.022345148748750147,0.017015504463306977,0.018983536645199174,0.007967872987194077,0.008983802856197261,0.005350921378582938,0.08322650829600335,0.012951782859691308,0.025456769635179004,0.05347730027372266,0.02626525875003448,0.015441078824173365,0.05137628971706168,0.016855934775170445,0.059423950473778055,0.012502326208018945,0.2670833179505425,0.05535490933092707,0.06838648102394215,0.026680140790230632,0.3635913880928816,1.0
2016-02-08,0.01918055083069994,0.07970584464705889,0.034023223307671234,0.021996936128398672,0.01720584427612699,0.018732735942480698,0.007790918756293274,0.008384409797285143,0.0051363951911296375,0.0805259435163969,0.012231310817532447,0.02508848491465632,0.05503280561924612,0.026345607926013717,0.015409185033851604,0.04835872747602562,0.01686054093726903,0.059359893226774915,0.012815360495136754,0.2633481642446163,0.053818846671762746,0.06851044924147343,0.026658538486734808,0.3683636976289808,1.0
2016-02-09,0.019538821063493892,0.08116790167721165,0.03543334631704856,0.022664817101693577,0.01802711339592024,0.01903131974356119,0.007272393672220404,0.008303594259743861,0.004934645743436859,0.08003952204206939,0.012379806006237108,0.025078150953751405,0.055053154419354725,0.026541267477828877,0.01571096183085477,0.04694392041443081,0.016812348305905694,0.06001479656225647,0.012821170115713465,0.2602674735318519,0.05374120812213902,0.06698484654137976,0.026606054409400726,0.3661085942081272,1.0
2016-02-10,0.02004471142563189,0.08186904097935893,0.036093439321223844,0.023365697380193676,0.01846251837446555,0.019191516252779768,0.0073493677223119,0.008753361016113752,0.004967978181136626,0.07950384866704703,0.012257946704323869,0.024931689422513226,0.05493396035553951,0.026746081993882488,0.015924530061056423,0.04641819559592676,0.016945125038705343,0.06087933154406379,0.012726393566952094,0.2648580427099622,0.054539760466826,0.0649023160355182,0.026843281566991686,0.36942317483035847,1.0
2016-02-11,0.019949921751807768,0.08362127445455424,0.03659763575693572,0.023345070760810414,0.01855030989142828,0.019321189259153417,0.006932447079967891,0.008479673044976498,0.004718219108842501,0.07691845374965117,0.011858421458750051,0.024690008685437696,0.055601722968090954,0.02670741529901714,0.01592603915670486,0.04561856452818731,0.01702495229793005,0.06047849501446288,0.01280698469367514,0.27544996343505934,0.05571653861587667,0.06443129925152381,0.02716666312864018,0.37347191015853004,1.0
2016-02-12,0.020281212481818144,0.08286768229862891,0.036701380825437835,0.023053658518132916,0.019439290123371436,0.01943392863309134,0.0074110617794480894,0.009320133597376703,0.004933557769241854,0.07836313277033707,0.012382157488238522,0.025370285108303248,0.05460161435480495,0.02629264483612721,0.015744484895488978,0.0473996919880141,0.01676873385262965,0.05996417714745914,0.012600681385782903,0.271924827118577,0.054703504120377944,0.06490846057854259,0.027080942102903655,0.3659412978408726,1.0
2016-02-16,0.020368437046292546,0.0820171159269211,0.03671699406806768,0.023517869483106097,0.019550745344555646,0.019561296732766253,0.007153483532614437,0.009052638452777562,0.004890323919420046,0.07861446494425793,0.012513320224198446,0.02544867698527194,0.05397820317530304,0.026261091674045955,0.0157260572974744,0.04814357828122128,0.016675635812642028,0.060746581348637134,0.012745439686428084,0.2749026620325795,0.05360364814914723,0.06475063086180892,0.026952173575315017,0.36453223606464424,1.0
2016-02-17,0.020417060806157964,0.080765198285943,0.03724790017302426,0.023925431172591775,0.01972680326405548,0.019986298190417424,0.00709978118526286,0.009305488059339406,0.004951163194985941,0.07833632940812416,0.012575124131499934,0.024978982130590837,0.05319645990419906,0.026260885509849292,0.015377668817219105,0.049122390598296206,0.01645197885033727,0.06139650113420613,0.012730821606306954,0.2771924678840749,0.05459773094958401,0.06544461939050324,0.027205447041806777,0.3676524241253625,1.0
2016-02-18,0.02061705255791718,0.08209799649203102,0.03770928688111491,0.024225296332789165,0.02042933987834738,0.02033548379927381,0.006997492117596269,0.008911113285374087,0.004797088485982539,0.07702976770063549,0.012493286448592733,0.024887503634342018,0.05435309719398292,0.02623798832767841,0.015408039126488646,0.04907108719705492,0.01681588083401488,0.061241090031237365,0.012548036870897639,0.2737468972979166,0.05395160330888063,0.06906242995403498,0.027213048183297853,0.3636140804967174,1.0
2016-02-19,0.020732303704681036,0.08257464287109854,0.03772069523412479,0.024361501472283817,0.020737519109914563,0.02049765896274228,0.0068725295918701,0.00881227239018245,0.004807642096892438,0.07660419953199961,0.01251446966653129,0.025075868594312076,0.054312800438490745,0.026134383632169942,0.015377154602750322,0.04431686466373146,0.016858034556162332,0.06136261626489177,0.012519684028892347,0.27891625520728586,0.054526587209549046,0.06939273534378848,0.02702082575498548,0.36547985816990697,1.0
2016-02-22,0.020992032896427655,0.08124389514263686,0.03720894320226163,0.025093806219480853,0.021141095348239526,0.020981752762785917,0.006867129272680544,0.008938575687483937,0.004785402210228733,0.0764790506296582,0.012613724492418401,0.02528398817784631,0.05384219994859933,0.026096119249550246,0.015445900282703675,0.039023386276021595,0.016736058082755075,0.06233358879465433,0.01244924132613724,0.28758673862760215,0.05508095810845541,0.06875867591878694,0.027062452839886918,0.36312517193523514,1.0
2016-02-23,0.021017348201789982,0.0838976303809706,0.03786037217194489,0.025477939326820912,0.02149099323373609,0.021381691054545265,0.006745538037386333,0.008681757288858335,0.00468440141485162,0.07542406975152821,0.0123407947624145,0.025035522076173343,0.0541725009585066,0.026305516910111362,0.015593851300505902,0.04125916512245374,0.01673372387292027,0.06305724897534185,0.012321277464164044,0.28779921418853976,0.05489077428065005,0.068912746579994,0.02663862937912288,0.3621822902332073,1.0
2016-02-24,0.021069540350084216,0.08535081501596542,0.03813866521463644,0.025360139785134808,0.022085189096189107,0.021432272748377362,0.0068141774619677195,0.008519017816648423,0.004627422413336253,0.07542750248940429,0.01228624644935948,0.02467095024931259,0.05438905396151744,0.02619960602975402,0.015556015772492085,0.04343973462092082,0.016799666896474413,0.0622862441434211,0.012449476313595016,0.2870970898187598,0.055383974653427946,0.06881542109443692,0.026614156749873726,0.36250387617230284,1.0
2016-02-25,0.021191782568221212,0.08674489278603256,0.03838192646447425,0.025208793480161334,0.02207818880044641,0.021822001880042064,0.0068914281588768654,0.008592509310361714,0.004734334289072286,0.07595942189988814,0.012619767186744167,0.024465850898614895,0.054506327648106805,0.026131065881243136,0.015673515790337794,0.0434031875425302,0.016729006927151374,0.062099707968891575,0.012394323721536026,0.28444435002191587,0.05537224097619501,0.06891428158876867,0.02669467608138501,0.3616078381507322,1.0
2016-02-26,0.020979953272237516,0.08368368363209337,0.03827930398311855,0.0245681577968534,0.02188855415798406,0.021647286742785325,0.007007006830757253,0.008890942000638507,0.004779137992260075,0.07712840852170529,0.012915479257278569,0.02467595738860814,0.05430045242128171,0.02599522482802494,0.015518081794416978,0.041400374719017294,0.01676548301044189,0.06228279507617517,0.012436795970635763,0.28501833424917306,0.05539898631218382,0.06777546555735335,0.026334025158303312,0.3619362897590523,1.0
2016-02-29,0.021219006238584498,0.08481392313351852,0.03824596593827822,0.024965973253349476,0.02226443044838793,0.021710666656771363,0.006898764711227594,0.008896457035616432,0.004885546802249698,0.07738726784479351,0.01278315793444008,0.024282822689667614,0.054450039637621184,0.025985519073666377,0.015355315002409806,0.0340539188818507,0.016587051920186023,0.06163862440432686,0.012510157305394879,0.28594940856884954,0.05533502694125469,0.06781283820055416,0.02633226972288257,0.3611216196945666,1.0
2016-03-01,0.021143883795816318,0.08642050348729602,0.03895670681879392,0.024717568980828296,0.022220537080543327,0.0214825488490819,0.007127151500518935,0.009052998820871924,0.004493643747490308,0.07817120119094641,0.013187757634648158,0.024626583562583976,0.05419668021367317,0.02615816242211737,0.015184371503740449,0.033083123711170906,0.016478377635646402,0.06150074530594581,0.012703768445871783,0.29268834383426606,0.05551090622602762,0.06792023485737389,0.026577704975289974,0.36333813871161086,1.0
2016-03-02,0.020936847655820955,0.0854942264790038,0.03889350545233042,0.024440585062593403,0.022074554648570655,0.021113040869158047,0.0074706135901029804,0.009423846289495568,0.004641445909754008,0.07762591598261717,0.01314405177278992,0.024954064397668785,0.053885073191053685,0.026313273069722563,0.015092250365989714,0.03396511498617666,0.01619471861538987,0.06104860428975389,0.01267965497309426,0.2920838864870047,0.0553499960795136,0.06861486891798363,0.02665559279424302,0.3618767115869812,1.0
2016-03-03,0.021009331040321086,0.08665094507894919,0.0392545395093263,0.024475770248109516,0.022564462455329035,0.021084578355558402,0.007795725801596558,0.009787297965839697,0.004775759950527621,0.07792214313728733,0.013113273144015974,0.024967392094302494,0.05350155549110197,0.026136248305774074,0.014994481107721707,0.032552422102308555,0.015962676641364384,0.061111667770301976,0.012729507221075463,0.2897010048395585,0.05497140598007738,0.06912812347793972,0.026261662170021124,0.3573893721393875,1.0
2016-03-04,0.02081510467959892,0.08600043043215432,0.03883519337014282,0.02433512079727959,0.022880113514968145,0.02075010385426979,0.0077200386387933865,0.009825049174371117,0.0049050245496478715,0.07842039049405443,0.013065064890649777,0.025055125900905133,0.05325026651758392,0.02604013133085731,0.014855073849644617,0.030655153929045414,0.015745078804119413,0.06090030630603306,0.012876314945956304,0.28757144679509117,0.05419527074733009,0.06890034634623346,0.026015129705724175,0.35544678651116646,1.0
2016-03-07,0.021046479492813925,0.0849952032961234,0.03856606017421639,0.024173726499811535,0.02284489637696379,0.020721764743416967,0.007733194749954067,0.009726440184005874,0.004935656597515903,0.07760670870830315,0.013033530428055658,0.025012988445103367,0.053323074427888084,0.026296858133358355,0.014881904349762687,0.03280113683557901,0.01572116479637337,0.06082647339927627,0.012722554588349479,0.2811525783253108,0.05281852093748241,0.07001338487124638,0.025492565914532382,0.34727438330631855,1.0
2016-03-08,0.020598607456329097,0.0842941276825979,0.03860028577043802,0.023352162306356103,0.022210320411616868,0.021012903706370545,0.007598799512955349,0.009599547257057955,0.0048705071346336155,0.07659428535617208,0.012636035626264183,0.02478198859784976,0.053666522065486486,0.026499803328012474,0.014833827214040463,0.031905864656963386,0.015874619727197944,0.06146741882588736,0.012761082360270595,0.2830653916965664,0.05352000215474469,0.07026363706504635,0.026095612369796732,0.35062092271545464,1.0
2016-03-09,0.020937434920837723,0.08412676329827794,0.03886872485814461,0.02349617534411703,0.022631531209437023,0.02127424257626332,0.007520384426769833,0.00954123639171734,0.004700240266731145,0.07535968312156438,0.012371435044330883,0.024526708803642012,0.053708411903379084,0.026321345996393904,0.014950282944661417,0.03361048865603044,0.015618873271372907,0.06087690768991028,0.012708243705155466,0.2812452712001183,0.054045223580400634,0.07058403793076803,0.02656264125070307,0.3545237859579754,1.0
2016-03-10,0.020924120352590007,0.08413878302522368,0.038395231669829416,0.02362319560289538,0.022487272734466605,0.021240770190041863,0.007549370169265715,0.009685510197187105,0.0046492459431230265,0.07590585307323496,0.012389612161944065,0.024382152584043908,0.05385083304831948,0.026659028051080138,0.014872560806163282,0.033248392263360016,0.015586282886080547,0.06136501822690882,0.012712546272047476,0.2809300543183818,0.053941305363887915,0.07046246465566584,0.02616143207462785,0.35827843521315433,1.0
2016-03-11,0.021001984105903534,0.08405244114504276,0.03994184490901886,0.023583343005067394,0.022426181181365096,0.02142726611456327,0.007877598279478336,0.010196866566254964,0.004776999333318314,0.07612539202122358,0.01285734810209898,0.024760285364311383,0.05326403658537435,0.02630811276496207,0.015082658350539188,0.03439340765665494,0.015453543391945889,0.06186362391761101,0.012642235272596482,0.28167976382986076,0.05410471181846315,0.07039892648739074,0.02624382552993819,0.3594222245218853,1.0
2016-03-14,0.021087916501793022,0.08357925261250085,0.03950704106048325,0.023712146047967862,0.022652551771707694,0.021696935926474998,0.007783565330081857,0.010194886141627571,0.004664197545125387,0.07599869474758847,0.012829018937813035,0.024697471148094678,0.05330653146125153,0.02628191242289285,0.014903646083680909,0.03418431031631149,0.015502762258352265,0.0620011487542249,0.012690379874455003,0.28389712559740504,0.05441068615388867,0.07069576654233602,0.026326472839269824,0.3616931654030434,1.0
2016-03-15,0.020888622061289035,0.08438288851464289,0.03967895505168157,0.023691297178309742,0.022535504101373945,0.021637654993758033,0.00759450952656912,0.009995386476836562,0.004618215786568159,0.07541432238600874,0.012614524968037407,0.02479252685420801,0.05345423656251518,0.026002885316377154,0.014653286675987023,0.016622599545807457,0.01541720157320498,0.06193171124775543,0.01296919997205419,0.28623017889687163,0.05489773704221983,0.07091516231743226,0.026583263587775255,0.3612873450419823,1.0
2016-03-16,0.020870947211085854,0.08505243657152191,0.03972435165004597,0.024057576729545747,0.022972346694585716,0.02177859464270244,0.007221712596279469,0.009525359495385516,0.004622093376170671,0.074259328121033,0.012411085308906519,0.024437407735068133,0.05298389199817132,0.025621294059360863,0.01432503695475877,0.016544825662631556,0.015390535534537708,0.0616114697895308,0.013068389409626627,0.28327957903686224,0.05533686605537096,0.07142293143875111,0.026810113740735244,0.3631031844249723,1.0
2016-03-17,0.02063128737348697,0.08291229733509334,0.03968460315363522,0.023826442259395095,0.022268069409883594,0.021366368906275413,0.00724300336974214,0.009369839761331062,0.004577107677496048,0.07493421341267145,0.012667905081720863,0.024370403083712897,0.05230840089311701,0.025252500433004674,0.014378194781341976,0.014549714295713634,0.015108375770578497,0.06102646836204231,0.012961938184890595,0.274156009448887,0.05440583304328568,0.07205758895709478,0.02678637105481092,0.36155231638534874,1.0
2016-03-18,0.02119458491340781,0.08445632735116779,0.04002283193543024,0.02441963577672909,0.022370435042841006,0.021711764511013167,0.007377120885539754,0.00940192589049941,0.004615579601667069,0.0768938026338486,0.012822139169914395,0.02465871011457011,0.05244976820076215,0.025493026869672766,0.014368797450811288,0.01316367205634012,0.014700571752922748,0.061827299338142766,0.012919719646104015,0.2693625015806774,0.0543769907779129,0.07176591809163752,0.02609802982286794,0.35987858387058347,1.0
2016-03-21,0.021188340282483262,0.08530414634441102,0.04009553425162685,0.024429711740050816,0.022655487317099942,0.021929225897317148,0.007330863365946281,0.009295183802433217,0.004547669893901516,0.07617956011620351,0.012643790095978052,0.024697794686886394,0.05229089192605411,0.025736009201535924,0.01465685248763329,0.014125559863372555,0.014807953572246322,0.06177617076717453,0.012905780724913964,0.27002337372670565,0.054518421065117346,0.07244589486269366,0.02625268006786769,0.3617128053968342,1.0
2016-03-22,0.020860570288726735,0.08506195571858922,0.04001853694950322,0.024095032597981954,0.022597326028261793,0.021763098806521688,0.007195823810813072,0.009127719071490762,0.004376036581897847,0.07522684813829858,0.012606107611621,0.02457312801049699,0.05238559587916178,0.02587081555875209,0.014820957300113716,0.015557614517356273,0.014830714837201176,0.0624548741046498,0.013015903679491033,0.27343153800461245,0.05476143883144185,0.0722509525122955,0.026378182606824594,0.36137671104134117,1.0
2016-03-23,0.020582212883869723,0.08583942011760996,0.03982894204542067,0.024014219469907134,0.022929136644017228,0.021814593560580124,0.007227342273503026,0.008837782671403158,0.004340333267511328,0.07565142064918688,0.012407264894797654,0.02443155822519199,0.05327218999151347,0.026061640104091385,0.014822925982635776,0.01641372637250042,0.014911303809349808,0.06372531950316318,0.013027136660623422,0.27968145485001633,0.05525578170430522,0.07138964152196238,0.026498618867411727,0.3623785478211249,1.0
2016-03-24,0.01989253179055344,0.08489936393462601,0.03958368043038456,0.023497746194075967,0.022731514848747688,0.021641110384797935,0.007053253247218455,0.008615185864168868,0.004297769214008459,0.07514956454209078,0.012244958457740674,0.02401839121834881,0.05319901428271061,0.02606658424999188,0.014774502623699937,0.01527058798440263,0.014794150059851886,0.06316001440437383,0.012975579224122112,0.2863296702719385,0.05552717971851017,0.07266913626505644,0.026626521690700504,0.36115996016996454,1.0
2016-03-28,0.020082962625333118,0.08650744790807052,0.04000392530365365,0.023661667529308702,0.022498220906500666,0.02150659038618447,0.007073954813763145,0.008644854361160569,0.00431997240535154,0.07552097017720355,0.012135194720490641,0.023907120506885496,0.053130752998990255,0.02593456259257575,0.014619179835379685,0.014167546356638389,0.014771360190571342,0.06328759475658813,0.01290959984655733,0.28466163376037895,0.05581109902322288,0.07285044079935613,0.02628310532982884,0.3600942595200812,1.0
2016-03-29,0.02012155551495343,0.08798497190775241,0.040072796531049504,0.023907426611513197,0.022977990749543844,0.02172252143920214,0.006909942010452786,0.008491443309319939,0.004282217583942572,0.07544002133595447,0.012058335910490285,0.023381880752979884,0.05310922986696304,0.025946345633615673,0.01462279933127917,0.01410212108893815,0.014958564605726664,0.06317730880542037,0.013099692881787958,0.28898155342805365,0.056515539308735534,0.07266631367892948,0.026622740879009153,0.36241673586787054,1.0
2016-03-30,0.0200489362544625,0.0872114170756847,0.03988953412368864,0.02390077432647978,0.02291237778178081,0.021793164111468318,0.006889701948979091,0.008294775264150771,0.0042200635707178545,0.07582548206858142,0.012146612367152308,0.02357130897308275,0.05280166941412427,0.025785509466551983,0.014569151730365772,0.013115628112437694,0.014845320733264233,0.06283097753274929,0.013270670147175482,0.2900700192414695,0.05557305153859324,0.07190581531693352,0.026672157904472363,0.3636377077052485,1.0
2016-03-31,0.019910279063912337,0.08644780354048474,0.03982055861332284,0.023634051014370994,0.022910658252549634,0.02175031762140036,0.00686008917076956,0.008224339519669178,0.004184994242889851,0.07621350110311739,0.012142309282444917,0.02347869208481989,0.052530900757041664,0.0256877082820536,0.014390165333440945,0.012768601438864135,0.014870808523749642,0.06258071146154714,0.013228610956861599,0.28821114212575927,0.05539534045751085,0.07352869669729527,0.026814064041160844,0.3616718690789705,1.0
2016-04-01,0.019066181383012543,0.08456275945719274,0.039565221997804184,0.02267968493631217,0.022202066478902764,0.021497698924423592,0.006783160684341001,0.008235316705668627,0.004163490519620401,0.07710418122713397,0.012316792251378836,0.023374405543348662,0.052678046137234376,0.02590723581310615,0.014492614064065743,0.013556672491463879,0.014646996099555724,0.0626791054440442,0.01326599958282404,0.28874265075235345,0.055992433531884434,0.07358233959518722,0.02680940535055686,0.36178946270617507,1.0
2016-04-04,0.01905494873479839,0.08394922237325773,0.03819701687166392,0.02282044434280127,0.02305276226431695,0.021349093957226308,0.006775953494110515,0.008102104392243572,0.004143011564970429,0.0763601578478307,0.012119277304891485,0.023473838890311426,0.052557197344403346,0.026329420259394214,0.014868377468794396,0.012637153750512789,0.014897418237476796,0.06267273227372415,0.013445428203024542,0.28710199048023743,0.05447382757785707,0.07360137823436147,0.02682793586989613,0.36071787361104635,1.0
2016-04-05,0.019035092027780552,0.08400768361733349,0.038960085609390044,0.023059207295919107,0.023396586577423974,0.02133318993596603,0.0065275745844045815,0.007789083380491759,0.004038783975069801,0.07595945699271156,0.011920768677169223,0.023230341232203185,0.05327185253843861,0.026521023109607016,0.015333688801086312,0.014047731671156827,0.014962081069871177,0.062117084773807694,0.013423088745377693,0.2865972033570427,0.05487074354977204,0.07334353465623125,0.026677488827916745,0.36075239326163333,1.0
2016-04-06,0.018822643132587167,0.08249543333668727,0.0385356093363851,0.022838784807279893,0.02312426961132248,0.021130713256898942,0.0065226019635493855,0.007819380395471667,0.004112916668410221,0.07509218188193123,0.011816167652067952,0.023264593134470206,0.052945333368425065,0.02691783039724438,0.015933923045970418,0.01653392403926399,0.015377470098234527,0.06195020199336987,0.01342262451549406,0.29132999266305987,0.05502114708847171,0.07259056177018447,0.02667105442939467,0.3608189221991354,1.0
2016-04-07,0.018786332581389332,0.0843425998855736,0.03833665425829432,0.02242997891061835,0.023169483577747087,0.021377044665622128,0.0064596381722859,0.007546855514399221,0.004035437341898091,0.07366142557483508,0.011616573994464245,0.022983382822242403,0.0535136196896714,0.02714125357003853,0.016043800879818784,0.01739057911892312,0.015524680555049372,0.062133003358364414,0.013289028188398628,0.28964547073673863,0.055653773725468654,0.07260359052626116,0.026671106019943287,0.3625429214184468,1.0
2016-04-08,0.018802500708761487,0.0850361384258973,0.038620825809191156,0.022606955236651165,0.02353975462246245,0.021732760559477562,0.0066272710290361915,0.0077505373051440195,0.004136550155927527,0.07339324123922533,0.011598945242417799,0.022987888528867614,0.05328189064210069,0.0270365313776503,0.01587224085804541,0.01644364055218176,0.015491306589075679,0.06137917633966607,0.013266751962493674,0.29038873948492366,0.05402910641565665,0.07293905438100083,0.026577455869241522,0.36098360649717065,1.0
2016-04-11,0.018966792290690905,0.08553421165399541,0.03843309878321196,0.02279638941814793,0.023506481537649455,0.02172880338164635,0.0067777021766889265,0.007796316376653736,0.004285035696967349,0.07453513373980838,0.01180711027873354,0.023031454233524425,0.053364610763836307,0.026958995523773354,0.015617118181857492,0.015352670754277303,0.015470203161965549,0.06186612207633789,0.013347273558378218,0.29183786204554313,0.05337440366198857,0.07309046603112879,0.026596604912837992,0.360481676993921,1.0
2016-04-12,0.019008400535108366,0.08619502624005963,0.038438779812353094,0.022617039004275134,0.0234949458128909,0.021656676283900632,0.006853501056764028,0.007760510750758984,0.004341035701205806,0.07484527490178733,0.011922084640853488,0.023169974910234793,0.0531594976726352,0.026841666559187637,0.015501619739609148,0.015516171182298743,0.015521021501517967,0.06150204915486071,0.013391731849310393,0.29255669610041335,0.05364938136887262,0.07257532890241379,0.026506995503125,0.3604223839572052,1.0
2016-04-13,0.019179608578485354,0.08628422687554368,0.03931483853716224,0.023069314931381067,0.023885673333469002,0.022012851258152725,0.0072415749775947445,0.008336455494205553,0.004557198046244969,0.0767616580648521,0.012427848354017043,0.023544722407817992,0.05276073372102517,0.02687258146582407,0.01562605152602838,0.01589496798907401,0.015256288928261606,0.06135169984221847,0.01345069728928573,0.2952430489665667,0.05306806798787435,0.07262223838828603,0.026579652554822225,0.36098385491723123,1.0
2016-04-14,0.01976684883989734,0.08693669253537864,0.03930323887314362,0.023281384171559096,0.024044786920702704,0.022426755754147862,0.007206714002921717,0.008296603942518405,0.004566012669406098,0.07725732038887338,0.012564937072382501,0.023425421945986978,0.05273720434737278,0.027103198712301463,0.015676164331034116,0.015536926871503048,0.015354477935605364,0.06144672083371508,0.013455573613050041,0.29803915505087647,0.053217331862557435,0.07257607711582297,0.026579859720750183,0.3616320501986146,1.0
2016-04-15,0.019661369035495896,0.08559976677031395,0.03959187294451345,0.022828526746175876,0.024111729288391375,0.02260745096776084,0.007156142384222291,0.00831438926063823,0.004546481326712081,0.07618480318142962,0.012380270504873487,0.023188977168483917,0.05295257003986649,0.02698091513056394,0.015619518300015074,0.015446501616706652,0.015326351475937305,0.0611948706578448,0.013198492963512738,0.3008030936335141,0.052693045255204136,0.0729167179107017,0.026745422296457707,0.36477582737573666,1.0
2016-04-18,0.01953837308203213,0.08678151224883587,0.039267738067572146,0.022226571160395035,0.02385476899681061,0.02248918323717824,0.007219457855308932,0.008446575177240269,0.0045646836704201985,0.07592845350721282,0.01228549276568114,0.02331999481833917,0.052966564807501317,0.02698224530189101,0.015570537558272627,0.01591909556190475,0.015446392009280968,0.061026381881489344,0.012829817446534978,0.30336523644864694,0.05273737423680542,0.07282962297955116,0.02695837191079924,0.3660389205136583,1.0
2016-04-19,0.019678217362798626,0.08485814920123319,0.03908987104179185,0.022310547366138224,0.024014660997373198,0.022434310691507416,0.007340060757966976,0.008492002848387215,0.004607768361680955,0.07742288185752037,0.012595201058089846,0.023743335794257685,0.05363670857378203,0.02706587950960201,0.015655939752884117,0.015922505816735155,0.01573210121340777,0.062119191239603785,0.012722534451921085,0.2988861430667265,0.053451065489764756,0.06854531447128694,0.02684215426729553,0.35887755874666777,1.0
2016-04-20,0.01962519022225487,0.08386606507747069,0.038812786246029796,0.02216514467855031,0.023944065043054782,0.02237918626006481,0.007524733988500728,0.008904109528444984,0.0046993913910484955,0.07942351778134737,0.013037481581846078,0.02399638667791376,0.054023976072274375,0.026912102662379214,0.01580574655106695,0.015948440145998444,0.01551560146524398,0.06370338624568676,0.012739012675239365,0.3010797276949264,0.05347222376345031,0.06949676931634484,0.026441211278176707,0.3580051455881394,1.0
2016-04-21,0.019129993297856,0.08333333078330495,0.03795398366662826,0.021501521138155958,0.023734388793910426,0.022821160353636277,0.007454051747605062,0.00892669314482274,0.004690458476203057,0.07904450847289488,0.01303383262602399,0.023930422226656933,0.05430126087078299,0.027062175369233034,0.015893052918441033,0.015945645341534656,0.015510547225032485,0.06357221119563382,0.012666867602528999,0.30170023430011506,0.05423910488495329,0.07138485877354657,0.026670108981870336,0.36296786116021057,1.0
2016-04-22,0.01826848486553619,0.08036507794658772,0.03672343163329747,0.021333153566210246,0.02103672743052394,0.022590576615733094,0.007468038237835998,0.009031449093769768,0.004738044746283914,0.07972441588726971,0.013243576610505467,0.024201798215827144,0.0541791352824312,0.027127817192758707,0.015906634582125715,0.017202305748869346,0.01546677477963624,0.06412855353272304,0.01263159860714642,0.2966656675145478,0.05285955778739254,0.0709989550780183,0.02475640284808641,0.3436492953630055,1.0
2016-04-25,0.017722088576359953,0.08033853637904055,0.03565971463091169,0.02104138786917548,0.0210461771438694,0.022439994982656395,0.007285215330984727,0.008688612677110297,0.004746645886262895,0.07907404141034893,0.013186192330521028,0.024193044825615247,0.0543684948580215,0.026927995607703925,0.015906771456725016,0.01684077390121124,0.015327211741716716,0.06407732410873908,0.012582682889215567,0.2999343805184234,0.05273518694089334,0.07127632339470129,0.02495940684962718,0.3463710480898602,1.0
2016-04-26,0.017650714186969927,0.08144571639854668,0.03554525015141619,0.020839509021913248,0.021040301683307734,0.02207773633016641,0.007415021448265072,0.008911411501008349,0.004847731623817397,0.07928479221922591,0.013171104673415942,0.02434383477212215,0.05398001943157286,0.026791606020360802,0.015800544903297173,0.017320839914290363,0.015193384206375591,0.06417746720117411,0.012471913090368474,0.29491801857387906,0.05199598630195694,0.07127217358719534,0.024592436871936418,0.33854760796903605,1.0
2016-04-27,0.017521418856453738,0.08040475139234213,0.03511920647289322,0.020852922723235294,0.021115435204788507,0.021750233697598216,0.007402811600828359,0.009078109390570946,0.004868386739422905,0.07966971615761743,0.013139871745558756,0.024308523199883192,0.05382430960780008,0.026876359035812796,0.015750662980485868,0.01666706423567396,0.015297234326482095,0.06338448760789432,0.01167219585417521,0.28951150770690776,0.05197241443013465,0.07181825074013248,0.02431329565076628,0.3368923752549711,1.0
2016-04-28,0.017328175496619466,0.07992060414232727,0.034690072768358234,0.020647361647648705,0.020950858105462142,0.021225449221122596,0.007495868869378092,0.009374653001428587,0.004860753013626282,0.0791450028328435,0.013117770521411661,0.024284495482348945,0.05418607666550478,0.026852168751341426,0.0158540517025214,0.016981322470795486,0.015280781043753485,0.0636233582294246,0.011420842623443516,0.2900072660260676,0.05623347015489147,0.0708494528978482,0.024038809227101835,0.33289173881973183,1.0
2016-04-29,0.01679659041154654,0.0777465758923245,0.0341015824960163,0.02017624413468457,0.020369921561939595,0.021599767559972588,0.007364547348635637,0.009180263666376353,0.004866121029177393,0.0794606096482013,0.013102211958549177,0.02419987353614787,0.054268144744521817,0.026553042511451568,0.015837891940126518,0.016152617154177,0.015285914516530379,0.06375828687156536,0.011347019050015042,0.3193676518428243,0.05693119605402188,0.07066285698809859,0.024146612025766723,0.33554931175039154,1.0
2016-05-02,0.016541512866069422,0.07649068774898352,0.03388535828935125,0.020260109337180417,0.02054837366487915,0.021144116995431006,0.007326693906696447,0.00887851169808199,0.004842824562590176,0.0798393404674071,0.013096765632560337,0.02430540621244415,0.054169491015083567,0.026568273161548826,0.015758396905767184,0.01568633250537881,0.015301980388739794,0.06346598747768945,0.011247075695459923,0.32854816080352206,0.056965645673245746,0.06979336741852908,0.02431501547177712,0.3354472861496257,1.0
2016-05-03,0.016758991377793613,0.07635081641535667,0.03412378778770498,0.02080092061350717,0.02054405976453327,0.020907542783803922,0.007056417014107605,0.008403727405537492,0.004676814847949066,0.07906482586710835,0.01303207736627311,0.024232201284710184,0.05461453622476787,0.02669419390452479,0.01633250415053869,0.017345410164239572,0.015261440369110472,0.06419595103596239,0.011532104591393578,0.325351230721541,0.05691174793727034,0.0698517458465257,0.02412557911441343,0.3355481303599785,1.0
2016-05-04,0.016191152690059645,0.07517843334574442,0.03368890852724253,0.020198719546759728,0.01990619742919717,0.020310853398938216,0.006962049604820876,0.008385662476538424,0.004607238709072639,0.0780402891441194,0.012812511945150016,0.023860133102092725,0.05471156958088574,0.026721985000159793,0.016283786465344292,0.016961464475754053,0.015113693119709186,0.06436970604779067,0.011480313027420813,0.32708958312069447,0.05755879288662839,0.07032742685542097,0.024313543895684,0.33918053176599994,1.0
2016-05-05,0.015999962388141983,0.07501110184494468,0.03371646905820498,0.020359597968464795,0.020067005919078378,0.020252313371754368,0.006871059529956143,0.008129209536151094,0.004544944983618967,0.07779560822873272,0.012761932427179011,0.023875590327579365,0.05504649958326975,0.02637726117638948,0.016370579731769176,0.016819223344947225,0.014971010251292627,0.06452163752067978,0.011367238521803985,0.3214085742453798,0.0574506394238477,0.07142683436648231,0.024353492267916978,0.34205587210785804,1.0
2016-05-06,0.01605627264941675,0.0736119082203808,0.03330352118158062,0.020436141043714617,0.020504196211219943,0.020285445896022006,0.006805565361713589,0.008220150733326914,0.004574312146694634,0.07721886418154257,0.01276043505321298,0.023829201002228583,0.05480424466203281,0.026055592126908406,0.01632363560410522,0.014529881561146702,0.014709743417532374,0.06418620019440749,0.0112680717917515,0.32761506122811845,0.05808549939000186,0.07159940532055979,0.024495173697941602,0.34568382899956723,1.0
2016-05-09,0.016000466288769805,0.07396937050463784,0.03341931275312915,0.02059562304919233,0.020469327682987887,0.020493614973173854,0.0068344434583313485,0.008121669352441841,0.004464003936180887,0.07650981911510685,0.01267796547707521,0.023743255371547957,0.05523901328471104,0.02627884700972559,0.016427923081788642,0.013634884710402341,0.015014402792965315,0.06444389480795544,0.011268088281779777,0.3301857100782327,0.05792032866400448,0.0715697847770268,0.02432129239222819,0.34628819512942866,1.0
2016-05-10,0.016201383490396726,0.0732108740847747,0.03326153241906935,0.020605550403136597,0.020552776687254835,0.020557573294661912,0.006668618019440761,0.008227827268590579,0.004543295873676548,0.07744232427056774,0.012775920229430896,0.023699981546590622,0.055013698917412666,0.026233095921080633,0.01621577571140142,0.013390009275006593,0.01504037229564517,0.06408110471489414,0.011204717542736617,0.33730254083514694,0.0578106813915548,0.07194911158591,0.024477186428191917,0.34695044119560026,1.0
2016-05-11,0.01591699602838652,0.07098708900559782,0.03274463989471385,0.020489619464215902,0.020746346651961053,0.020397586679085998,0.006476269945929942,0.00808928306456993,0.004553248877467574,0.07722116244035987,0.012768472868435543,0.023773772767298536,0.055399477422948186,0.026307122456224765,0.016062311997534544,0.012763628502262826,0.015151662706429208,0.06330469201092924,0.011202688081582996,0.3454801708309808,0.057894073635657205,0.07214961772755833,0.024728016025688377,0.3464780095098197,1.0
2016-05-12,0.015178453849797461,0.06802931564735562,0.03176671621229554,0.01989719436997069,0.020086137294419056,0.019969865396332758,0.006365939469720353,0.00804220663602419,0.004578244139182445,0.07658022043685483,0.012707655425476777,0.02383593822497571,0.05534104145540139,0.02621953103008569,0.016079568084785313,0.012077844062414642,0.015212366769346961,0.0628551764559525,0.010941760773036126,0.3478157442111687,0.0582720847071556,0.0721085544299406,0.02495506311669836,0.3455774939432531,1.0
2016-05-13,0.015396191864079076,0.06970062446949314,0.03237549043815498,0.020326294850945916,0.020336067597168495,0.020306751801565163,0.006278675514230915,0.008008364622534566,0.004588074947753175,0.07590112290007224,0.01265018698714108,0.023570686331817147,0.05548687773063903,0.026326462489139082,0.01621706101468082,0.012655073604558809,0.015205633329302847,0.06303106158255159,0.011057308996760318,0.3468760478074185,0.058540708233669636,0.07217789519384173,0.024958346912394253,0.34732070214149763,1.0
2016-05-16,0.015541985797225837,0.0701034573510419,0.03208558777134687,0.02080651961666347,0.020385550982710502,0.020433937753760425,0.0062226009830300515,0.007920994114681409,0.004567756864681468,0.07518411911790158,0.012682299031307673,0.02335652795107781,0.055374375501023414,0.026443635782876694,0.0161516661769941,0.013088751972656448,0.015193598045656578,0.06321310934684642,0.011356488246431908,0.34386885276748913,0.057421154448753835,0.07231959459423626,0.02507911519406295,0.3466898379553026,1.0
2016-05-17,0.01594364995374307,0.0700465495634622,0.031965457010591405,0.02133147006507751,0.020427802129085088,0.020613421096967788,0.0062572966349493065,0.007893670071879843,0.0046111538043654525,0.0755418334934528,0.012778366898538162,0.02326092580007723,0.055602504954791,0.026533673162407987,0.01613415312998274,0.014204698371922389,0.015166983158304396,0.06328613110924582,0.011416757169637472,0.3396183260364666,0.057321916283896004,0.07229351303454311,0.024672602694511804,0.34497193421969674,1.0
2016-05-18,0.015925729218839023,0.0695047477583725,0.032437499859746394,0.021419885864585188,0.020658028499636095,0.020951051652517663,0.006456244520601269,0.00818018878366651,0.004864160017033937,0.07810981554746263,0.013303184624900044,0.02375917616034348,0.05547388723677157,0.026699158474189286,0.01619921466231884,0.013605974190635091,0.015163871853889932,0.06373709834360432,0.011545054009891791,0.3406132994227148,0.057456670254253286,0.07195635717401007,0.024814053747957265,0.3450965278270573,1.0
2016-05-19,0.01575949559095884,0.06897413987471253,0.03205329196972688,0.021127035340505883,0.02020548627085059,0.02067116193497416,0.006597909718770966,0.00823023111263553,0.004916570169336759,0.07583184351412624,0.013043862125884481,0.0237152213069873,0.05531754075538514,0.026754377834051914,0.016362424443572405,0.012872296375551677,0.015063429840849315,0.06372423948292909,0.011543890585374927,0.342405054139234,0.05725867912732668,0.07104271986300952,0.02466618254446917,0.34328738339041986,1.0
2016-05-20,0.015596981435353778,0.06823009782117474,0.031773795918463923,0.02100062201409025,0.020128439829688396,0.020557221876758455,0.006675372040458944,0.0082394555623475,0.004950494885479042,0.07528552559083587,0.0130437744177435,0.02375360488849442,0.054884226274592954,0.026852537213508356,0.016439931824513056,0.013384851334017166,0.015192562059964226,0.06380096557141884,0.011599067987089429,0.34244170729416656,0.05717918945964329,0.0717480680990934,0.02466476832209195,0.34582324709792783,1.0
2016-05-23,0.015492861172525154,0.06745473299802025,0.03190367119575634,0.02097127018130528,0.020067966063821666,0.020609948143694472,0.006728384083119969,0.008266439951177146,0.004965723231156029,0.07590183494454622,0.013100329822213987,0.02377883248013981,0.05476455629000523,0.02681588101510744,0.016440107302023308,0.0127976008773723,0.015317083847304607,0.06368039467806517,0.011771010107678857,0.34020330986312325,0.05662487001798308,0.07166363997046837,0.02442823287010943,0.3438604600444533,1.0
2016-05-24,0.015486065473214714,0.06693929705816859,0.032210052262269355,0.021015770141551576,0.02033178125893515,0.020615973422568504,0.0067917110292039,0.008366810451700906,0.00513472621073146,0.0759082066613758,0.013202893568119073,0.023698736838903754,0.05428070421733402,0.026781497846830836,0.016425342731378082,0.01257670792654077,0.015221139611549169,0.06386616582945398,0.011789157974451452,0.33920021193375316,0.05669392679164298,0.07143820206792968,0.024849955460753848,0.3468541403117471,1.0
2016-05-25,0.015388367311725045,0.0665473956033616,0.03200608586860938,0.02080802050593971,0.019908730865498627,0.020344025087576902,0.006873821946444911,0.008605431928778284,0.005223530664939348,0.07713317946167306,0.013288432884207486,0.02415643759884955,0.054220438683499426,0.027059993563701364,0.016431160063516966,0.012972724986875987,0.01529269873027292,0.06382082883417092,0.011913190149619515,0.3388358810572391,0.05639212681924625,0.07256019936004679,0.024931356504863382,0.34692950456329436,1.0
2016-05-26,0.015075832985296574,0.06530309487598522,0.03164441696514384,0.020458349358921473,0.019716758560718466,0.019994258188872637,0.006851346504266802,0.008635949549627743,0.005181570016844237,0.07617817019977002,0.01311898890691311,0.0241854440600098,0.05401655265603457,0.026979568612029225,0.016472895261306283,0.012889335312590374,0.015367684557660837,0.06362374516285009,0.012010190815272619,0.3420458061717196,0.057159942298610426,0.07293430690035785,0.024826561679822477,0.34645230421878104,1.0
2016-05-27,0.015078177427223392,0.06653930524814965,0.03183329591428331,0.020542527506593845,0.019737405712791947,0.02016617000476212,0.0068125730555859245,0.00863719878917481,0.005197564478072897,0.07600068340874472,0.013115394617682066,0.02422512770988798,0.053862202520237656,0.026907281551013497,0.016488332885762368,0.0135393934433393,0.015816603654407395,0.06383809716423174,0.011951778079161668,0.33931377377516003,0.056873073492176816,0.07281354115842381,0.02492544211666123,0.34904192943818957,1.0
2016-05-31,0.01521733982481683,0.06629629092182372,0.031665039009793707,0.0207253391905108,0.01929468988075052,0.020257994226205542,0.00652376085250687,0.008488518761027882,0.005045423232421249,0.076053315399324,0.013052291012929377,0.024187511473896882,0.0537399578593948,0.026829442435271553,0.016547844159776993,0.013567324764443079,0.015679916911855756,0.06374496345811927,0.011905386672721785,0.34468632770911567,0.05665848054377336,0.07331601067859726,0.02527480447243159,0.3508524228960007,1.0
2016-06-01,0.01521914125597547,0.06795977416563266,0.03141954649782329,0.020725658368812263,0.019077514022070807,0.020263607636454774,0.00643538628897785,0.008393154170775425,0.004992068712693403,0.07620049971007942,0.013094653522131834,0.02429346415528278,0.05372189927724172,0.026832370283411906,0.0165528995960015,0.014190241597634082,0.015790752653618675,0.0640823472258182,0.01172516902318207,0.342699801969874,0.05657995388374558,0.07264698229127169,0.02517469670626993,0.34970680965968615,1.0
2016-06-02,0.015043272493453197,0.06668534923626844,0.031321547783544325,0.02016378062489298,0.01914727910496908,0.020030779001022302,0.006483759694841684,0.008331512932694712,0.005011257493082767,0.07565811265279294,0.012958019850479181,0.02427728677561305,0.05438283036592711,0.026989540356110217,0.016563274291235885,0.013969770888299921,0.015689272984385428,0.06461909329669925,0.011604267351280758,0.34591451247867483,0.0564918344694155,0.07291260902257864,0.024928037273647733,0.3469405301628277,1.0
2016-06-03,0.014677509595531778,0.06603212222480662,0.03100332310404253,0.019803443482301186,0.018841139521808235,0.019860609549523525,0.006359777976635093,0.008127176473529342,0.005006836444526953,0.07415929774556022,0.012643334371511113,0.023909906388579576,0.05467027215866661,0.026982608107627995,0.016525894505595013,0.013753318093275888,0.015754146643245134,0.0651889133246168,0.01166197489648143,0.3456384399440232,0.05643767065556086,0.07283493996164504,0.024672127922824676,0.34411402212408976,1.0
2016-06-06,0.014819310283017197,0.06643090288086216,0.03091385824492134,0.01956945341214458,0.018687689754251995,0.01980174633786399,0.006338265466536785,0.008125494671516457,0.004953992081174974,0.07445684080012989,0.012728678218138572,0.02393560479296733,0.054882645777574214,0.027102365298831494,0.016559133339276732,0.01367681067386584,0.015833812958777827,0.06549224653496366,0.011689287539481326,0.3445181402940141,0.056314327681987304,0.07240413308534789,0.024713072932597464,0.3396921498868921,1.0
2016-06-07,0.015321027963506161,0.06796457176019227,0.031404319655658215,0.019932485373580597,0.019586863162619247,0.020391738380607913,0.006377448711093304,0.008176580492990448,0.004961816072179497,0.07346612499966225,0.012556046014713764,0.023800619651570928,0.05479303329377685,0.026986976728457186,0.01649519770560436,0.011665948764951023,0.015941253552161402,0.06483502889769965,0.011721580286925944,0.3426588467997164,0.055754147956439855,0.0725949683464613,0.02466704269436256,0.3393020617567769,1.0
2016-06-08,0.015341271945463772,0.07216202459371962,0.03132904004232999,0.01974876160358776,0.019578881662799107,0.02052738759404642,0.00635169280496241,0.008045791677036871,0.0048935404448335945,0.07297368269002186,0.012524066374100681,0.023594698383961405,0.05464532287293652,0.027190529945783155,0.01663426236069279,0.011287703706887137,0.01583676202720886,0.06625391023079981,0.011672297762439674,0.3428970397528438,0.05586752636164985,0.07267167102260112,0.024557362549920997,0.3436709524663533,1.0
2016-06-09,0.015788380091406016,0.07125569914398339,0.03190765246570662,0.020042733753500235,0.0196976565100843,0.02088887600817664,0.006145177511913868,0.007898916159915633,0.0048216008170401115,0.07240437132380709,0.01232817150082413,0.02322877052232846,0.05530659760722481,0.02702932693317192,0.01669124800698894,0.012044547923351181,0.015778925499450955,0.06650027148921542,0.01177628728965802,0.3439645049252605,0.05604401796324255,0.07252254781442082,0.024401081309216643,0.3444041181614018,1.0
2016-06-10,0.015810539688504346,0.07092797147848016,0.03192641268135317,0.020056581906211353,0.019069019499972174,0.02081514433419217,0.005930145270315458,0.007509290953722068,0.004560916233645678,0.07151001356697012,0.012184707653580214,0.023062206143769047,0.055823516487522304,0.027103102070536317,0.016836269711953157,0.011516790096160088,0.015495665195482386,0.06642907941186249,0.011787535339205082,0.3425028504342919,0.05563745448227068,0.07269317821297183,0.02456024766820915,0.34321847536634925,1.0
2016-06-13,0.015295372955842062,0.07015189646332387,0.0309226280990279,0.01951362579660812,0.018118763735049948,0.02027839446844955,0.0058151278255112685,0.0073013763764483925,0.004487604847975198,0.07148903869159463,0.012149721163971436,0.023072927014466785,0.05617442386737708,0.026988157825026064,0.01670947496182937,0.011437861497583605,0.015232845180640355,0.06641943574560297,0.01170480809087584,0.3440208410064021,0.05480842003900956,0.07276365025874416,0.024116666944252043,0.34552151674998827,1.0
2016-06-14,0.01462906925448764,0.07176242127486622,0.029643620253374817,0.018845286374400343,0.017592466127494703,0.019216313480952665,0.005685869944567992,0.007097700363007332,0.00436077313545257,0.07044214733628258,0.011853593274268864,0.022589287176882827,0.056434669912323134,0.027104252913724536,0.016860050909506263,0.011631940235254353,0.01510128509006448,0.06643312379900332,0.011740357728762635,0.3465971341438404,0.05538422905088007,0.07278877139446618,0.024010755144878212,0.3461008405764619,1.0
2016-06-15,0.01471880279990345,0.07071204248129374,0.029524499155201542,0.01877383490224475,0.01766835529809317,0.01928071397538016,0.0057542843350229305,0.007154236060825489,0.004397779386917692,0.07055756891141685,0.0119333811247888,0.02258266908037654,0.056195995172580254,0.027076997344919144,0.016794593772628527,0.011421675114651218,0.015100169442433019,0.06626116099444847,0.011723388848660391,0.3448032874728457,0.055322229302437846,0.07273955732560947,0.023987448225923243,0.34705285203958486,1.0
2016-06-16,0.014023166203991194,0.07032276656924609,0.02905211251763537,0.01829652702032506,0.017420681126572704,0.019143498857759175,0.005813310005405753,0.007170390652363056,0.004388856560372555,0.07056338370523142,0.01206454319830482,0.022545824679357573,0.056131165001425246,0.027670970638313804,0.01672289095098095,0.010789272377582532,0.015062632231447852,0.06672794607639086,0.011736101288919106,0.34529040729402166,0.05504838788949123,0.0726952481614216,0.024249394483368037,0.34184957021857454,1.0
2016-06-17,0.014165564455152697,0.06947595910371801,0.028910498082484935,0.018351502270253072,0.01744382610532486,0.01918676072866043,0.006059230876351955,0.007541449106662751,0.004644605659801259,0.07031604611734404,0.012219850790536821,0.022498816471676442,0.055754581655682575,0.02698409622470756,0.01652166427474062,0.01064107207761179,0.01524705267531432,0.0664777299986743,0.01150650357455442,0.3410502143135235,0.05456687294562592,0.07338187499544924,0.024203127481335008,0.3339674108424286,1.0
2016-06-20,0.014261369974798993,0.06911796711868474,0.028551542061682467,0.018283931357254292,0.017299892475699026,0.01921036841473659,0.006163446537861514,0.0078243124924997,0.0049297971918876755,0.07092283691347653,0.012432497299891996,0.02252730109204368,0.0559414381375255,0.026948277451098044,0.01656066242649706,0.010810032401296051,0.015307811832473298,0.06649226161046441,0.01141245649825993,0.3427385143405736,0.05441977823112924,0.0737357499099964,0.0240345613824553,0.332994130325213,1.0
2016-06-21,0.014371200827410445,0.06944804146005461,0.028943463945837265,0.018512135484795477,0.01742544100133717,0.019397770070841817,0.006256881905871237,0.008047297519572578,0.005084015749070583,0.07101824546880561,0.012542487543282962,0.02260998717783462,0.05561779187636728,0.02692804951838233,0.016635550591356196,0.010359519371551006,0.015319068170457504,0.06615443940980183,0.011478530386756655,0.342677983906574,0.054756092855616396,0.07374695305050571,0.024505721385207856,0.33316101041207286,1.0
2016-06-22,0.01433263789700029,0.06873336659614711,0.028617325470401567,0.018485218972296498,0.017320002804517075,0.019305185425665485,0.0062912082803563765,0.008089381858294234,0.00513558236910189,0.07103502960066961,0.012654343005136928,0.022522717928319155,0.055844063265174944,0.02735141208862317,0.016528807600235715,0.010376657080465222,0.015224532233331933,0.06612481586233952,0.011454363116480277,0.34074180282257943,0.05462130795581006,0.0733271004306159,0.02445035996934361,0.33444102634328815,1.0
2016-06-23,0.014351825101771569,0.06790736394975642,0.027984402313450233,0.0181278745137057,0.017470140258943494,0.01873355607580404,0.00649215431573709,0.00844169336681849,0.005290254026963605,0.07223704838258319,0.012913330741153025,0.0226704893051723,0.0555429339726499,0.027293546715139602,0.016367610625462534,0.010528457254019697,0.015312399427799309,0.065863190392985,0.01136836788889093,0.3416803862007333,0.05445460143143826,0.0735099279812451,0.024563245665445505,0.332117224280293,1.0
2016-06-24,0.013276659360950217,0.06945091937247228,0.027726378616627544,0.017267020095572967,0.017482980060752953,0.018803284739295635,0.005649329201251985,0.007224858891609837,0.0043633828496203435,0.06962761478183631,0.012034887229773994,0.022435345972189318,0.05675342472569761,0.027426978402718516,0.016673129332394367,0.009948905552508927,0.015102507343399095,0.0673845670281999,0.011460628744503376,0.3430630115371268,0.055011018955254634,0.07194918722973169,0.02445752262354864,0.33141093826575313,1.0
2016-06-27,0.01263158922459337,0.06925630094824611,0.02782248738586731,0.016675497790424376,0.01841502758345943,0.018375037381593743,0.005248582780301954,0.006933127920265534,0.0035140511376688323,0.0697361673749535,0.011801813780143992,0.02249892385183099,0.058259270360946774,0.027647535126388942,0.016895437402440313,0.009362471950005296,0.01549581582755815,0.06853649431007465,0.011501894264261712,0.3455866773581731,0.0544702924588654,0.07173063133079338,0.024208463242859395,0.33403980773813446,1.0
2016-06-28,0.01314774909116172,0.06947138847596482,0.02785240335495077,0.01702773383246465,0.018530615360834207,0.018383274130824925,0.005181499921993133,0.006959417430771819,0.003585303263559229,0.06994288384995655,0.012086892726232314,0.022641434695818346,0.05806718022007088,0.027297419528661437,0.0169147727139283,0.00982274866728556,0.015539587900508321,0.06812567681992103,0.01149138760600326,0.3477007518438898,0.055351187266741826,0.071558722567763,0.02428183421439247,0.3339930893800201,1.0
2016-06-29,0.013376667004286647,0.07026854435530219,0.02785920138055698,0.017500737237831944,0.018128522548341703,0.01878045298337862,0.0051381852630839235,0.0068042321763959095,0.0036701323307742305,0.07026371764837508,0.012183873513872874,0.022682384111394466,0.057625907680467575,0.027550137605333886,0.016906753363176468,0.009788629255893902,0.01561255073607836,0.06785881707906898,0.011396726711351559,0.3455719220814294,0.05512925283706783,0.07169314098916692,0.02440638048256078,0.330365022862365,1.0
2016-06-30,0.013488273423074786,0.07218203799992469,0.02777221826533101,0.01735704055668156,0.01808600719666735,0.01868156856630369,0.00509800532408709,0.006541646084085585,0.003621013127388961,0.07079080759335239,0.012378147506521739,0.02255033665280866,0.05779327673885795,0.02744823288024884,0.016775772183467395,0.009595684311131652,0.01569899818006308,0.06727461088477395,0.011387133387446865,0.34095649948908197,0.054448602181183865,0.07231544327027414,0.024379899274535117,0.3297504077054717,1.0
2016-07-01,0.013947074672915028,0.07074823579574577,0.027932192096187455,0.01748496200896985,0.01819348957011864,0.01883068970860163,0.005168929481574713,0.006614517855446575,0.0036092157097656003,0.07049620935082349,0.012325542977223236,0.022363822295264884,0.05767612345806132,0.02755177267649581,0.016914335019283584,0.009719680199845135,0.015625669543097936,0.06698209861486143,0.011399462925211575,0.34507715823428076,0.05429991424460677,0.07244585441871983,0.024327730660290925,0.3324900916769369,1.0
2016-07-05,0.013851714979897999,0.06919633267548285,0.028072107263157092,0.017054893665131413,0.01823274573584327,0.018773789509508663,0.004917286997703161,0.006415934349486111,0.0034521557208802133,0.06916281324891535,0.011970026771429311,0.02212539700550887,0.05854300549730326,0.027770462109716003,0.017145866826196416,0.009552081842401661,0.015403029491873096,0.0677790786329392,0.011370327951379633,0.34861504819988154,0.05467908085548588,0.07262454307600842,0.024500249838159373,0.33274280993780486,1.0
2016-07-06,0.013501736066082173,0.06928986411862348,0.0278797757605004,0.01694503690422137,0.0186500170845777,0.018635730009436736,0.004914917679081764,0.006176984718768458,0.0033718621286723733,0.06933272534404639,0.011977730584196353,0.022217143368120123,0.05840750961702228,0.028175051346364065,0.017078386907634663,0.010982364027587966,0.015425792510711307,0.06780872129091571,0.011374081537855643,0.35128801894803635,0.0555785734887683,0.07256647114216085,0.024469813494780886,0.3323141673673679,1.0
2016-07-07,0.014014014668656006,0.06944086934801716,0.028347396814931546,0.017336384336224635,0.01927165350523001,0.018995185595847366,0.004866771760781559,0.00600600628656686,0.0033652701891398436,0.07007007334328003,0.012245579960945151,0.022308022873438315,0.05839649541105703,0.028018495517332834,0.017050384513531476,0.011196911719956787,0.015415416135521609,0.06711473834655815,0.011432862443596224,0.3510987375030632,0.05522189018148874,0.07273941233064608,0.024491159445223138,0.33145527312198714,1.0
2016-07-08,0.014103949660635271,0.06957134129207541,0.02810460761268207,0.017545425005611365,0.019836612960227273,0.01903375879867992,0.004911028912756859,0.006089488049565627,0.0034367812276654116,0.07060425931697141,0.012380863990480618,0.0224376746320917,0.057678765976111115,0.02786515833174586,0.016958542965367956,0.010916005948527435,0.01519320272732704,0.0663270625381718,0.011347951130146585,0.35016199460813907,0.05504483937949869,0.07251984323533717,0.02455514409427866,0.3312972615930943,1.0
2016-07-11,0.014580097551446116,0.06875011653316095,0.02814950798122588,0.017836755586682556,0.020260533035863906,0.019203055779571442,0.005034719180152767,0.0062232123695196845,0.0035888751033245096,0.07121133104989665,0.012380916772502141,0.022497147606987306,0.05752026290113194,0.027765821203556248,0.016914972902598597,0.010804058166331542,0.015249209858845604,0.06565723332732998,0.011344495497911061,0.3527017443886997,0.055152636140219716,0.07268057066194868,0.02460742394834889,0.33459827829673416,1.0
2016-07-12,0.016104901039534793,0.06900109072045346,0.029389353455007955,0.01868372921796864,0.020458706770508248,0.019905769201779302,0.005143717671888349,0.006551618714871338,0.0036939977860444783,0.07291347486768603,0.012717575232457251,0.02246601076317672,0.057115245342464364,0.027693366120786832,0.016839054987955654,0.010789260993453459,0.015008317584306773,0.0649864822704627,0.011316643531963932,0.3476586370772692,0.05479662376204092,0.07296923100156483,0.0247242287423181,0.334848128294976,1.0
2016-07-13,0.016005167224184467,0.0683692425068915,0.029348225027378032,0.018379228244257664,0.020372323088471155,0.019698667710220264,0.005050106318629284,0.006481047207440525,0.0036145195178413827,0.07336824100623035,0.012618296928608221,0.022425817111337218,0.05714471731291646,0.027666405356418358,0.016869306851843204,0.010044462158129847,0.015010942061179254,0.06573036078741912,0.011251237794067248,0.34501936344564826,0.05425495959884282,0.07341470291354413,0.024860274057924597,0.33310258761073575,1.0
2016-07-14,0.016582322819179665,0.06912536429809359,0.02997573703061814,0.018939341421143847,0.020501444714038128,0.019951472212593878,0.00521317157712305,0.006719815135759676,0.003706528018486424,0.07511958082033507,0.012940496822645869,0.022618139341421144,0.05692894280762565,0.027567880762564993,0.017062968457538994,0.01063893703061814,0.014974004390525708,0.06509069716926633,0.011414211438474871,0.34255344286539574,0.05420681733102253,0.07407510063547083,0.024836511611785093,0.3331946906990179,1.0
2016-07-15,0.016602366226291628,0.0684772450363006,0.030086875064008044,0.018494361109543056,0.020552888046448177,0.01996539833636514,0.0052411483584573,0.006675178359447382,0.0037007225832002117,0.07477309933096996,0.012957154944429741,0.02207018384296994,0.056898609716703255,0.0275842614171189,0.017009446173033974,0.010574815244084929,0.015034185494250861,0.06537789126064139,0.011423668024016153,0.3402074279987761,0.054058305596687416,0.0739126813303759,0.024841100802321745,0.3329956328374163,1.0
2016-07-18,0.016627517215522865,0.06795914987453403,0.029646175473669996,0.018505784779162288,0.020522501463345007,0.019927177721161673,0.005279456070636626,0.006710077907959488,0.0037380764136500585,0.07537531211328605,0.01301865825814713,0.022280780927524495,0.05682799084429529,0.02723719381896623,0.016909026673834784,0.010845036508737825,0.01488308201731042,0.0649548463236106,0.011517659517737203,0.3396896212298684,0.05508817193970824,0.07377393817582406,0.024902049326232193,0.3386328171867107,1.0
2016-07-19,0.016642171347076427,0.06673506181990924,0.02951778745712788,0.018731108734158668,0.020325541141224757,0.019743227327845905,0.00523158539605876,0.0064747801589031114,0.003664882702362718,0.07459630916114716,0.013028126991738678,0.0223543975596976,0.05788481191310598,0.027109964605371628,0.016933328946997138,0.010879110022509594,0.014691882064690227,0.06589856366587253,0.011538835124353575,0.34197099616543325,0.05574041694790039,0.0737505660747551,0.024535765784166042,0.34058915976805143,1.0
2016-07-20,0.016529989447589166,0.06509373852892529,0.02921740316041819,0.01850420089548922,0.020137871532357077,0.019341744950881767,0.00532438720928121,0.0065807032923700355,0.003699919893052803,0.07444478307199397,0.013244241072385518,0.022369789763832915,0.05758805618367014,0.027054514205534102,0.016879734039449854,0.011306844747799425,0.01477206730934766,0.06581623854528501,0.011500124145197705,0.34317215862557954,0.05610624701009428,0.07425610418444281,0.025729169306042562,0.34108751653378694,1.0
2016-07-21,0.016146538266939774,0.0646508131198767,0.02988679934193174,0.017790751482645067,0.020081564757668934,0.017236522464494128,0.005362165750610311,0.00666922251841627,0.003722571571913791,0.07392029668145371,0.013333826923538798,0.02230771751871768,0.05780146894170646,0.02715260377610215,0.016954788918409888,0.011306271970279107,0.014576222715512118,0.06598558087673267,0.011480623182239089,0.34382058675208216,0.0557046353611779,0.07410503691635893,0.025771648882161036,0.34114181870664284,1.0
2016-07-22,0.0167170110367244,0.06565886268046556,0.029700738444379426,0.01791239591202904,0.02126867095314021,0.01739286423433559,0.005305673873985856,0.006597610059939085,0.0036873054132899974,0.07375070774252744,0.013296368148671663,0.022215785233188613,0.05748426335864625,0.027043304789241603,0.016891721728040564,0.010491809168488497,0.01456991424369893,0.06606345663469458,0.01134007377881586,0.34245963277227015,0.05563141583642016,0.07451391697544237,0.026008836312944532,0.3414849358845335,1.0
2016-07-25,0.016509259633561386,0.06520235386263515,0.03015937550873769,0.017966501586055686,0.02085331726235259,0.017228658481781324,0.0053678152933650785,0.0066405962392145305,0.003679997082564719,0.07401958813564882,0.013433372347758545,0.022190658638222706,0.057593337338535174,0.027005091833958272,0.016961189099841262,0.010537335004586946,0.014535527323614027,0.06535914433482572,0.011222146030603427,0.3410730058942025,0.05608997921207463,0.07500645406004625,0.026161182267405575,0.34114680643719847,1.0
2016-07-26,0.01684968520167925,0.06481712463122677,0.03067057647848459,0.017992974406698503,0.02135369192600478,0.017647221622922517,0.005333812944384182,0.006537032631924607,0.0036511493966743924,0.07429536002179832,0.013475138493029356,0.02211434851131566,0.05769461544142664,0.02690417707589229,0.016978767623966752,0.010626135093711535,0.014595377512463543,0.0653242245650648,0.011141307202541462,0.3391097327374684,0.05588287039343678,0.07473791943599817,0.02616656975415906,0.34041435295741984,1.0
2016-07-27,0.01670836050214988,0.061940935561394926,0.031325868676246545,0.017788403664994835,0.0211762313638333,0.017299152881807306,0.005367906830720891,0.006291020645118293,0.0036739929813016585,0.07430604879770338,0.013394381446906299,0.02215473154553764,0.057588453926511185,0.027047233838730055,0.01700837110715831,0.010841971750097481,0.01458981429810784,0.06539337938101358,0.011879320437469655,0.3400151189795995,0.05692842708766013,0.07469375521507958,0.025934882153938094,0.3423690762839185,1.0
2016-07-28,0.01674608029823197,0.06216417533723199,0.03154751349672207,0.01813774731107569,0.021082365812991537,0.01726680367421112,0.005193404649451686,0.006105821792833615,0.003612803234401173,0.07397491066398178,0.013299171550716976,0.02217911011282292,0.05735325088530188,0.026925522064548537,0.01689814890049548,0.010658690714144886,0.014483470109340417,0.06578619536723154,0.012020404178131551,0.34681527908808907,0.057602092385222785,0.0743619948815435,0.025902508442970245,0.34372780140644027,1.0
2016-07-29,0.016332351122299225,0.05970279635127253,0.030925652359811404,0.01782756636589,0.02094681493706852,0.017027050207650482,0.005318365604895184,0.006183290115033846,0.0037909457252886087,0.07306311687514472,0.013217702753342442,0.022069377455466055,0.05761409521246719,0.026987484981241476,0.01697184272026105,0.010259476442110466,0.014763525282100905,0.06588148258355479,0.011985875425738042,0.34910285415344144,0.05702060931725262,0.07389583536906888,0.026076553848223098,0.35369430591551254,1.0
2016-08-01,0.01639918029742963,0.05908311519996217,0.031163051748471306,0.01818650771111059,0.021088609544785593,0.017062519346657652,0.005223784129787085,0.006020710632832205,0.0036806027510580966,0.07286579692091995,0.013128557998142146,0.022023732316481897,0.05776565611312776,0.027021796918281344,0.01718689515927163,0.00962300222640812,0.014722410543581229,0.0661080453568628,0.012213014282607076,0.35366031530554637,0.05726354450848892,0.07437212804962721,0.0260636434312982,0.3560280691665576,1.0
2016-08-02,0.015535248721379763,0.057134113268295164,0.030083029966014443,0.016870418358000523,0.020727573746725993,0.01647635893899741,0.005011520402899315,0.005832093123818074,0.0036346271932220743,0.07234947863583961,0.012980811404364552,0.022113739891750018,0.05788050992404612,0.027041812684935967,0.016870418358000523,0.009814420622514199,0.01484912058217804,0.06637366938575892,0.01210924310224334,0.352605205664478,0.05706457227999954,0.07444495433123152,0.026230511972163185,0.3574683693010377,1.0
2016-08-03,0.0154728505985141,0.05676151465082144,0.030086097461695542,0.01685930674533436,0.02063046700253342,0.01658201597812236,0.0050929155793197544,0.005864709501049699,0.003720323993967698,0.07317715358056513,0.013134361230877264,0.021984572968079923,0.057260639787980835,0.026643066545700093,0.016309346269247706,0.010333720276452386,0.014530060880828373,0.06603228706331983,0.012222766314342942,0.34875842914442773,0.05661824843995411,0.07425396877889961,0.02632880269026879,0.35732671796443183,1.0
2016-08-04,0.015515768511031536,0.05770590227561511,0.03007970336144161,0.01688344738362019,0.02057987801778907,0.01682799953794617,0.005096453736860344,0.005868083631743098,0.0036779484809980364,0.07302760910246044,0.013066882753840822,0.022104655192329906,0.05722998775557352,0.02672519348504101,0.01624119302298718,0.010276077162989488,0.014637865311308767,0.06593970520965692,0.012229410188286934,0.351516700935659,0.05746101467020908,0.07464479750490932,0.02651726879981518,0.35652534827307386,1.0
2016-08-05,0.015777392677550683,0.059119414387035656,0.030340789625643128,0.017257095466482124,0.020963225270997653,0.01733955570935144,0.00518125192695558,0.0060241788540641794,0.003706129804515529,0.07425544687137244,0.013289842475772003,0.02230091457154709,0.05691589116202098,0.029255062178305497,0.016235505137935792,0.010060149171944525,0.01466876098153118,0.06550550300102899,0.01230948226866033,0.3509049732435363,0.05733277533342127,0.07490138727296526,0.02655219774580844,0.35834471547717833,1.0
2016-08-08,0.015750450359852255,0.058820025445457,0.03019868229542022,0.017167303640670317,0.020610853002838873,0.01717188984194169,0.0052088828677056,0.0061763778369713414,0.0038287123191321974,0.07466218378224196,0.013352348091238551,0.022426625093264162,0.05669704022971507,0.028823097031061347,0.016016397761351817,0.010293963520147324,0.014393206690879923,0.065170646833751,0.012422681716742679,0.35148954583192243,0.057435270988254336,0.07429994220253833,0.02662216060808715,0.3584591833403485,1.0
2016-08-09,0.015854318185733948,0.05737163849666614,0.029788149961902655,0.017027694487096054,0.020405731298897813,0.017169781537533263,0.005298523221366997,0.006293142199772394,0.0038868059616948216,0.07491268563125159,0.013447981947656375,0.02242705373888297,0.05657411083160281,0.028642277396217133,0.01607891048465404,0.012907129231288464,0.014534270419638777,0.06500316611971714,0.012468258878089318,0.35215470290756323,0.05732122002310642,0.07414724244936263,0.026675956469038274,0.35946538707391984,1.0
2016-08-10,0.015711403020521368,0.057872020822306795,0.02980477791120519,0.016768636108502617,0.02045516191963724,0.01700306697343158,0.005391888748704378,0.00653645848308408,0.0038933757631309535,0.07455332028441096,0.013380894021029257,0.02214673486040724,0.056704467300260936,0.028793512858222806,0.016148086712180182,0.01255809041897729,0.01461280040180741,0.065359989084574,0.012410997119779898,0.35328133042800164,0.05740315863278231,0.07450275696281186,0.026669853810727027,0.36069115307673744,1.0
2016-08-11,0.01599421645090588,0.057951585348953095,0.03024535743160645,0.016790268207457965,0.0203267464885725,0.01703731892612948,0.0054305307409263015,0.006510231882340461,0.0038933291158620748,0.07496602970840056,0.013441363752138502,0.022069824246280224,0.05662483348886741,0.029110756232154283,0.01608114291530084,0.011204186844590154,0.014649165486475164,0.06525329627051156,0.012344506800087949,0.3528426684352733,0.057141811322894406,0.07481505363379506,0.026672277739298453,0.3590692436127439,1.0
2016-08-12,0.015988643674163347,0.057979439188208824,0.029935210060747102,0.016643390574608577,0.020361255466815543,0.016721228534447383,0.0055081155331161554,0.006524575756184972,0.0038781162564832787,0.07474645559278573,0.013355921039151975,0.021931732755818365,0.05641812148783775,0.02900574463895905,0.016016116487814057,0.011409994936430141,0.014615049693854338,0.06541974853800615,0.012382957987791059,0.35372815671221824,0.057178175498852776,0.07415122976424063,0.026528695634300457,0.3586089848804559,1.0
2016-08-15,0.016377873937872586,0.058676346711541205,0.030189715753985862,0.01685729272059662,0.020427826405464002,0.016839030500296778,0.005497340610798063,0.00655206293728839,0.0038718810946484702,0.07558843476824263,0.013542452036235096,0.02203958731588227,0.05584549162060049,0.02891126307937985,0.016030866639739252,0.012140721498431937,0.014601740260242697,0.06466223835668759,0.012496861961369071,0.3508846537391028,0.05657147115220609,0.07391275129258253,0.026536995913807544,0.3572540862547773,1.0
2016-08-16,0.01687211700455316,0.05950921691890056,0.030300944824503632,0.016959346538124538,0.020315406189155845,0.016766522802892012,0.005559764270071803,0.006533067346252829,0.0038932123047241032,0.07605077770262664,0.013887933044564165,0.022239056621181988,0.05524413259597594,0.02894199381875233,0.015972271223415546,0.012212198974724192,0.014617910351699934,0.06477056600671004,0.012554231907956168,0.35077474571352985,0.056607675572183824,0.07377820821810453,0.02637100364270521,0.3567890411428625,1.0
2016-08-17,0.01677191047941335,0.059595276703660965,0.030863065545650256,0.017188917019584915,0.02045623245741985,0.01688647271572422,0.005526482279636327,0.006401737765051368,0.003867621097854942,0.07591810184198887,0.013917020925293329,0.02227548168653434,0.055590178630988245,0.029002576202708574,0.016102867477606822,0.013747468357304296,0.014586063927099858,0.06493846123819567,0.012512487449873128,0.3503908932927642,0.05699242269467802,0.07352146169136127,0.026376809746463455,0.3573929225121183,1.0
2016-08-18,0.01676710668611072,0.060369817282239606,0.030955362265042273,0.0169500048746696,0.02063081205813562,0.016844838942077906,0.005537214972545153,0.0063876872969823115,0.003891139505892589,0.07592980241671496,0.013968778850044546,0.02219001131960374,0.05519839777232583,0.029094384330327256,0.01609038722928563,0.013346929032684392,0.014618064173001948,0.06500626272273446,0.012469021659893173,0.34954413540302204,0.056657004904783634,0.07378076081809257,0.026337206551954654,0.3555065764784357,1.0
2016-08-19,0.016708870054106793,0.061143745665347186,0.03071153338190945,0.016837081891349494,0.020637674213846116,0.016644761845972,0.005462779085227073,0.006204581442148101,0.0038646986990206614,0.0761171622368969,0.013988926705021625,0.022276966757909075,0.054911689603928955,0.029012714861925096,0.0160174360772207,0.013160123295006376,0.014538410390273223,0.06504049480521373,0.012519059529765982,0.34677428483719663,0.056578455393553974,0.07328274321544738,0.026384352508634103,0.35506689567473027,1.0
2016-08-22,0.016493788148680192,0.06004655116051249,0.030632630336515157,0.01677326668380472,0.020649306440583784,0.016622072709453588,0.005520837421988787,0.00618975216357415,0.0038852034305780006,0.0761738093091841,0.014019719926378163,0.022280359282336272,0.054580692574191854,0.029116117232078832,0.015962321641667165,0.014326687650256376,0.014629073766315514,0.06510006366863377,0.012428757069364168,0.34796394148010745,0.05688066199017283,0.07330572510524529,0.026422131376300288,0.3537688587459535,1.0
2016-08-23,0.016644567026918272,0.06078467189030035,0.0307970190763674,0.016777173462052677,0.02074169053577469,0.016777173462052677,0.0056061093554340465,0.006401756197069873,0.003969088842183321,0.07594312014377694,0.014047281712302167,0.02213635839286804,0.05461612664153844,0.02907311941522964,0.016045544639655848,0.014266771410738304,0.014573141171598076,0.06493666896693656,0.012443413608054565,0.34864422066264283,0.05687045981677491,0.07328181543811693,0.02647126141761563,0.3530477166759688,1.0
2016-08-24,0.016847167926480576,0.0617668143659407,0.03122127010722196,0.016902328263357008,0.021007245540868736,0.016851763778478863,0.0056586255349993135,0.006522818549280281,0.004031368476193661,0.07598463183682072,0.01420862025075782,0.02235409954716833,0.054568272266542886,0.02883554669459845,0.01600595784960813,0.014038540170390298,0.014341927079659148,0.06429503860984778,0.01241473023042193,0.3480905106724801,0.056760934040421755,0.07311164974147176,0.0266382904477527,0.3537859172734569,1.0
2016-08-25,0.0169024205122143,0.06277647416098624,0.03145727992205237,0.016787344122972,0.021132628120455615,0.016888610424894108,0.005703185850848292,0.006453483908708075,0.003990849178922897,0.07636468913935565,0.01425566263903033,0.02226958330647508,0.054578429889837125,0.028686242310320062,0.01600482421581882,0.014310899766172188,0.014264869210475269,0.06319995435278677,0.012378767190794003,0.349473171613289,0.057027254992607676,0.07301827280355076,0.026775973328286802,0.35416368615941624,1.0
2016-08-26,0.016703241686909218,0.06287112849372348,0.031013718414812538,0.01663869700470753,0.020930919293186915,0.016721683024681133,0.0056937630370778045,0.0064452475512832156,0.0039925496276189305,0.07651772121113896,0.014365802124319385,0.02236473146081929,0.05488142167024331,0.02897595105204971,0.016053184530449325,0.014213661087701111,0.014195220210962643,0.06298638685479793,0.012325729594335073,0.35453471866500663,0.05761073873841939,0.07299081812846149,0.02675377031156777,0.3547836665821917,1.0
2016-08-29,0.016588851457496227,0.062177241707746946,0.03074693612920295,0.016763133472737144,0.021033032526836973,0.016717270822480798,0.005710014157198129,0.006384208599855257,0.003990130374909535,0.07653253284028762,0.014405746560449255,0.02272998452536172,0.05499958926194147,0.028898632981929784,0.016102699017609676,0.013873729177127984,0.01419477460845753,0.06295692097981075,0.012247865708271166,0.3537410998943802,0.05803575880818196,0.07325329051387143,0.026646731816319918,0.35413554767235944,1.0
2016-08-30,0.01702571411870276,0.06326856312959676,0.031041486392361678,0.017076263258495487,0.02146940356601648,0.017085453927633536,0.0058590515755063905,0.006612686444826428,0.0040990384355699605,0.0778311792979027,0.014792381518156794,0.023261583128869168,0.05490046255567059,0.028817342622819937,0.01602852743629133,0.013900887071299476,0.014236346494838273,0.06289634194857269,0.012177636607915243,0.35272869866126055,0.057827688378471985,0.07324963027305169,0.02660239136055007,0.3534225987765178,1.0
2016-08-31,0.016720790354139307,0.06367719575309545,0.031106197988992702,0.01692807334552873,0.02164029621150856,0.016987955426154364,0.006006587113624343,0.006794260730518333,0.004196319678306577,0.07805799803074318,0.014767729207774813,0.02339989412312343,0.05497132531545864,0.028922822919559787,0.016029848584934052,0.0133720268339802,0.014072180238852499,0.0626684198488001,0.012218153618779579,0.3542965016976571,0.058094385336661315,0.07318455449735976,0.026467675578394762,0.353324583851726,1.0
2016-09-01,0.01669384493415448,0.06283684681483716,0.030983112077613024,0.016961019220572006,0.02178399282731856,0.016855070431307163,0.006052900395391531,0.00676690310565461,0.0042057062869044655,0.07762360847510844,0.014699242893222506,0.023230423663591696,0.05485383494589225,0.028974691550679457,0.015975234833499108,0.013414038475395872,0.013999059129607931,0.06252821384588647,0.012291211632643448,0.35498371936317497,0.0581198196941209,0.0734916047724857,0.02652865553809728,0.35413614471105115,1.0
2016-09-02,0.016757034163221992,0.06255561805663921,0.03128927771162375,0.017050614382247673,0.021835061989881208,0.016922173294453835,0.006087211865129147,0.006834925153762192,0.004270681421578926,0.07760621407174574,0.01462857424956719,0.023188285885084137,0.05473444760717481,0.028890173569392136,0.015949687758141706,0.013192781706187963,0.014192791348478347,0.06266571356311264,0.012354471714001702,0.35433353016388713,0.05803264395116142,0.07318874689849215,0.026454370466282906,0.3538839939254855,1.0
2016-09-06,0.01690388173597638,0.06173850491875987,0.031557572276513596,0.016839852336539573,0.02195766640406193,0.016899309089489126,0.006014232977335562,0.006613369494469371,0.004175661375138683,0.07744411270575641,0.014521056808395749,0.02286323335098636,0.05476839536394932,0.028923201940316872,0.015902272290643157,0.013478284397554831,0.014328967238016969,0.06218671208688588,0.012314313072283424,0.3607945200577597,0.059332807611620575,0.07333705657803462,0.02634828652764522,0.35677436982523847,1.0
2016-09-07,0.017725144344335593,0.06678834160234112,0.03249076090459388,0.017793758721159826,0.02252808668280072,0.017693124728745825,0.00613404350083975,0.006650931581074568,0.004148827334274164,0.07761097304395177,0.01449573785799069,0.02276594668432471,0.0547123750387387,0.028758188572986693,0.01593662010210715,0.013846196627175185,0.014317341942001542,0.0617475438365828,0.012391591233240032,0.3588392485352645,0.05994529598711258,0.07393786617014866,0.02637501478437136,0.3569500893857759,1.0
2016-09-08,0.01803969977355463,0.06694631445451364,0.03269609792229001,0.018012194616697595,0.02245908444482871,0.01776921887374881,0.006262320493809332,0.0067803601832679364,0.0042314215342503765,0.07869619041117071,0.014688488644507428,0.02287626684961396,0.05477009045810552,0.02899188583844386,0.015917113748710143,0.013734927945256742,0.014321734423616657,0.062091412899427295,0.012093704858299392,0.35944619281489776,0.05972126762648782,0.07289231028665329,0.026328335721776716,0.355439412086127,1.0
2016-09-09,0.01808902154456823,0.06679637799381229,0.0323619115854551,0.01774124520199949,0.022144833276211147,0.017548558830269165,0.006452643619164318,0.007171692762450655,0.004300195856908486,0.0792223000765502,0.014846249958441428,0.022896781032653257,0.05556417148228173,0.029368223792197046,0.016025865586905753,0.013187266824552596,0.014357484057744086,0.06279695616383962,0.012116917527928654,0.357240540237525,0.05973277429646741,0.07316912585382228,0.02641683112750056,0.35701493645396853,1.0
2016-09-12,0.01775789207584955,0.06568660350814365,0.032324551531857905,0.01780420849342109,0.02207462536085001,0.017517044295999738,0.006414887982538243,0.006998480679866632,0.004251889651963976,0.07922965526810223,0.014932563277025914,0.022482214374533883,0.0551911969428743,0.0292676364766573,0.01604880010286831,0.013255891731056497,0.014302652309450757,0.06277326800422528,0.012209130226324626,0.35733009859202525,0.059605194751091876,0.07331498728171572,0.02642377999919991,0.3561860855328029,1.0
2016-09-13,0.017569180660556266,0.06518979732029039,0.032120054986600456,0.017644403271766102,0.022143655234613167,0.017461048156942126,0.006361012060431852,0.006859361859697023,0.004235973293753953,0.0785136004502675,0.014790645458992906,0.02207783591994588,0.05529332112257223,0.029059435463141527,0.01600361100503417,0.01294299101143392,0.014344011675075818,0.06297542841181156,0.012687938405017928,0.3577822506814017,0.059806676854879816,0.07325271813849689,0.02657708835293426,0.35716166037779,1.0
2016-09-14,0.01711850231098847,0.06311125038822403,0.03135334555146281,0.017461907285718517,0.02186501811705859,0.017330190779527507,0.0063035981662776484,0.006830466072712795,0.004210239073745146,0.07816461914351393,0.014846384464486898,0.021883834828002702,0.05544343926724491,0.02886012946969682,0.015965978765661585,0.012880038170827154,0.014357150450357748,0.06289015309379516,0.013144648168478735,0.3580302760126422,0.06010527752197766,0.07246785943476614,0.026465703002058524,0.35868884349022856,1.0
2016-09-15,0.016956493312610055,0.0620465129418584,0.031114069879222495,0.017366318390104978,0.02174864747748923,0.017226605919978922,0.006394195363420381,0.006873876443123439,0.004186730977214073,0.0782765017823808,0.014879428132226986,0.021492507560833308,0.05524715053022387,0.029050976923842585,0.015899331632409065,0.012746477311799793,0.014287976238145468,0.06315490456137168,0.013455519995456907,0.3584521662097177,0.05977385384269323,0.07249238717019649,0.026633942202462943,0.35941618919266327,1.0
2016-09-16,0.016590625974670002,0.061098750152718824,0.03071299000670502,0.017188990777983502,0.021672059550076308,0.017104845596040696,0.006119224620174165,0.006254791857748688,0.004010920339273822,0.0776005566805891,0.014767479430962708,0.02123730897589857,0.05527870980409434,0.029114232484738146,0.015866041061076128,0.012752670264138719,0.014304680930277269,0.06473101904314295,0.013430505984538103,0.36393727071676724,0.06033677345763574,0.07191608029722651,0.02676284259014293,0.35943082173839835,1.0
2016-09-19,0.01656755911851396,0.060753954846753465,0.030708888892189316,0.017563296096102302,0.021779983101341664,0.017156587284808376,0.006007142795712393,0.006063240627267684,0.004010994956203294,0.07770017479574758,0.014772428976226585,0.0215088426471939,0.05500392570989037,0.028670667679013745,0.015730767866926662,0.012668760292903179,0.014412467890413467,0.06436290879873016,0.013274149391770691,0.36234523243464967,0.060141547441676456,0.07239892410398943,0.026613746253689223,0.35795091912550137,1.0
2016-09-20,0.016427076791663192,0.060628292609319304,0.030610909491667712,0.01758608480583764,0.021708042389295797,0.01720753721348405,0.006010019787219035,0.005804389250175771,0.0040284891575294,0.0777984447891425,0.014814745977050016,0.021759450023556615,0.055123002789457684,0.02894717104279372,0.015800837870598394,0.012305118273520776,0.014562380759700243,0.06424552302947283,0.013269011415911077,0.3646296628377497,0.06011889109003397,0.07218099052145573,0.026549706852405378,0.36051237961027227,1.0
2016-09-21,0.016027772904300533,0.06032952075772314,0.030835087000395178,0.017590331068979653,0.02157531504294174,0.017063315028103914,0.006097673400723128,0.005861902859830876,0.004123672989723298,0.07721716315580823,0.014756462088785614,0.02118698894241757,0.054971521491332886,0.02898590813669549,0.01584747824708987,0.012468100494300938,0.014525314499675564,0.06467972023395499,0.013123404834018287,0.36509298942459056,0.060070636382510235,0.07190076860627709,0.02670216856940266,0.3588427498314464,1.0
2016-09-22,0.016190669168817232,0.05873194085641609,0.030332817251045655,0.017683425900693998,0.021752910865981655,0.01714603439583789,0.0062144611022438906,0.005971026927507065,0.004147567165799138,0.0771732283264496,0.014808147698837046,0.020999642853588456,0.054869143906843616,0.028945701305499633,0.015685429347416933,0.01233246715412036,0.014491222583986227,0.06478104585064677,0.013161521736826297,0.36960657232440447,0.05974701497478253,0.07170284766339653,0.026557290534496805,0.3615732491511868,1.0
2016-09-23,0.016422674825927876,0.06176404041413707,0.030383102796521934,0.01791480537951093,0.021943096376221393,0.01720338848287742,0.00619950217618718,0.005889989027301532,0.004079106126358629,0.07628344451201938,0.014741141165583676,0.02113004783441177,0.054885457612056224,0.029084996334816895,0.01582674606238215,0.012805528623279171,0.014570216455770928,0.06490998657068181,0.013016875750336384,0.3722242085292713,0.059112391375961956,0.07159454712872433,0.026530358418660936,0.3635162750543774,1.0
2016-09-26,0.016276034856226917,0.060682163018101684,0.030101111341545635,0.01772517555702567,0.021718465528908427,0.01717999968145009,0.00609011667823893,0.005521643660071255,0.004044545735815907,0.07524345959001956,0.014458785510013056,0.020912352150687055,0.05488094386173408,0.028959507554153236,0.01567494406777666,0.012063742517941026,0.014528679267596772,0.06510413989086916,0.013149432790343222,0.37237777200828404,0.05932155639834466,0.07174874841275927,0.026513209730071034,0.36075205565737783,1.0
2016-09-27,0.01666720733235341,0.06206219980287768,0.030551916070210745,0.018153366189843607,0.022463691660160764,0.017843171868225212,0.005935377722243631,0.005518697538934796,0.004009389319393903,0.07541448293610664,0.014514359718591094,0.020875677183772645,0.05519623541195502,0.028968532299593133,0.015662546038553625,0.012167061815595969,0.014532878374871282,0.06518266676809958,0.013089544517687624,0.37784095349996755,0.059580637359304855,0.07258106000449648,0.026829574488252426,0.362516393888281,1.0
2016-09-28,0.016505707488282617,0.06112269850308528,0.03048766144551302,0.018066933726711133,0.02233612759993602,0.017532708819166274,0.005954765564271602,0.0056646261748291345,0.0040158975808544765,0.07527505132373524,0.014631314924741593,0.020867009564726362,0.05498371653237595,0.029152100097728294,0.015653711789568668,0.01216743280804762,0.014539207182061446,0.06466424259075312,0.013119596137464943,0.3816576292138408,0.05951541609062312,0.07289866972043256,0.02672506107810638,0.35993863592440695,1.0
2016-09-29,0.016651714191262528,0.06059606490065203,0.030360787842767367,0.01814395277033116,0.02222088000253028,0.017734866825798265,0.005745817627135813,0.005336730287986985,0.003900275881203032,0.07389139923914115,0.014429626609394277,0.02062636912380246,0.054515535266728476,0.028780224053072668,0.01548953425049881,0.01164504254158046,0.014415679985233137,0.06430109501667873,0.01303733457548737,0.38540210637759986,0.05954544958548187,0.07350090863853245,0.02668365236967888,0.3602804350052348,1.0
2016-09-30,0.016884428905215413,0.06091031365180247,0.030374446167917776,0.01815272112649512,0.022414181606403433,0.017935957533554793,0.006060130831860139,0.006037070973291417,0.004007803419243882,0.07437726967234459,0.014785981775461712,0.02042181028726302,0.05448122047087106,0.028783315465478788,0.015620747733255105,0.011322390096045326,0.01428327593626923,0.06456760399242158,0.013034585517167277,0.38616500264113784,0.05915776301698808,0.07326117344001279,0.02656495614877339,0.35848393919130056,1.0
2016-10-03,0.01744401344380745,0.06277531051082279,0.031042937960903183,0.01849898246643075,0.02313066959716954,0.01838793397233424,0.006052193363204458,0.00600592277174265,0.00398389792486165,0.0745280449064752,0.014783454434753502,0.02028040116312218,0.054974088790361995,0.02892837378192223,0.01558393520433686,0.01129465137582728,0.014325374653869774,0.06408014442898717,0.013015916915500615,0.3871645423704713,0.05958264247619354,0.07292707966566117,0.026568572691958198,0.35746808047193035,1.0
2016-10-04,0.01749833813455695,0.06518979518709593,0.03195085739506279,0.01867016456096129,0.023543472062383327,0.0182098034318216,0.006226487945661166,0.0061985873275327355,0.004013038907472431,0.07545722358837857,0.01489893054559161,0.02034420071864645,0.05525252410033306,0.029044543006684725,0.015680147853187637,0.01103934457281524,0.014275816740723354,0.06424582520377134,0.013136541035468852,0.3878325557795319,0.05960967156141005,0.07275551512797322,0.026617190624542268,0.3610479456358688,1.0
2016-10-05,0.0175345989316683,0.06465160288231958,0.031628952986058,0.018669000464585854,0.023535350470062003,0.018104114107820087,0.006301713698487438,0.006292453281590321,0.00407458343473104,0.07704666580588004,0.015075959171525691,0.02083130873610413,0.055182824289914244,0.029077708593923394,0.01569640756665331,0.011385682575004122,0.014274932646904312,0.06371167103028315,0.013086127090757892,0.3909562736171306,0.05948428840164546,0.07273131523599075,0.026688521034467467,0.3595217819775785,1.0
2016-10-06,0.017664997962161658,0.06588392086261916,0.03197471057100283,0.018484150849149603,0.02351939333182714,0.018127795941929998,0.006229260807681884,0.006261656666265668,0.00407262222196141,0.07735667954149049,0.01499002610189862,0.020909212725933695,0.05495726009749062,0.02899892141228431,0.01557315294480067,0.01095905616091434,0.014133850764923146,0.06315804076178362,0.01317701547895412,0.3895185351562773,0.05958061422936625,0.0726037493800474,0.026721956277420026,0.35952923162086453,1.0
2016-10-07,0.0175183634863928,0.06729224218007857,0.031624059225459245,0.018084820442972785,0.022983275711010966,0.017861952314866012,0.00615208895294738,0.006333169307034133,0.003983767789908567,0.07885353050439482,0.015001811337495757,0.021047109776700577,0.05536415656190699,0.029144650835962797,0.015582197087773812,0.010753387181151796,0.014156769220782309,0.06345241516363356,0.013239759271034383,0.38975456503456574,0.059891168664236015,0.07227891886801062,0.02683703662854865,0.3598763177536579,1.0
2016-10-10,0.017974173660245733,0.068980341675804,0.032310994723462806,0.01838089238490268,0.022919498450272163,0.01838089238490268,0.006170100913715131,0.00642429982776332,0.003942394066965548,0.0790512372352906,0.015048576173832626,0.021098510790359366,0.05536914666467232,0.029533292938322,0.015533865009742805,0.010902822513448684,0.014124215562024981,0.06381779374576682,0.013408993178221808,0.3890214064288676,0.06019430515751035,0.0725714809102587,0.02682491859191963,0.3632456273007844,1.0
2016-10-11,0.017877785849197473,0.06964380122564667,0.03244677738831558,0.01822410850434176,0.022520393054062917,0.018621913565325644,0.006219784495184552,0.006374226096645117,0.003935920812979841,0.07911153706000792,0.015060396166669595,0.021270821032800785,0.05505609042842184,0.02898354054076594,0.015505001244939708,0.01073603179377864,0.014124386460847991,0.06306365392973051,0.013607241566386409,0.3889120327688761,0.060316467783168376,0.07244246790602901,0.02676519706996389,0.3664805634448954,1.0
2016-10-12,0.01747398638180568,0.06984919583660343,0.03292383167326759,0.018357502056072953,0.02260211835233316,0.018703428076100707,0.006128516729185547,0.006357576469635654,0.00384259401326508,0.07914247907220925,0.014916931260740717,0.021185688647344696,0.05514730165297755,0.028824129788068708,0.015459195136091992,0.010606868856883049,0.013921223060538696,0.0631550455289144,0.013713198483763636,0.38991111244213,0.06032685753523608,0.07212576683801838,0.02669714695135799,0.3674959750884574,1.0
2016-10-13,0.018400506951009428,0.07195610582361531,0.03421256117023493,0.018761575147444524,0.023150687142442773,0.019403999929288412,0.006016271461491031,0.006264800212433373,0.0038264049201688867,0.07850694902964034,0.01487890050452926,0.020984267178622264,0.05545473694999784,0.029312324008204323,0.015361889403421924,0.010677357847088915,0.013931677248996655,0.06292466714341577,0.01371362937705196,0.38886779205433786,0.05993763197254744,0.07208271668563311,0.02669104906902,0.3649105456469407,1.0
2016-10-14,0.01812018976380641,0.07172125262985356,0.0339009267213094,0.018771859734004626,0.022920983534032047,0.01937195866226555,0.006113512607839854,0.006296355392890279,0.003881892974916717,0.07994449343120416,0.015035302862992646,0.02096128394041467,0.05511537806369846,0.029132949949206743,0.01531191117883816,0.010398597365175457,0.013919493515358731,0.06278539848273682,0.01378704876545536,0.38582641642984383,0.059953678983897446,0.07241042975002512,0.02692008295361497,0.36499640704550823,1.0
2016-10-17,0.018142488596284975,0.07199624077122031,0.03383023841993887,0.01850458405831178,0.022732189043028452,0.01939337032682812,0.006113331765812368,0.006296731718786739,0.0038702092640489068,0.07947331295556079,0.014949447919115918,0.020926404890665412,0.055720666823418766,0.028930166940982837,0.01528332941453092,0.010063484599106512,0.013802022102045616,0.06307547848577476,0.013819657183164824,0.3822948563367035,0.0599764876557724,0.07278156783446979,0.026908065365624265,0.3667811060427933,1.0
2016-10-18,0.018391286314102608,0.0721863852709545,0.03370256015009773,0.018442698257905954,0.022948212633704973,0.019480275794977086,0.00623013618874867,0.006412413241532765,0.004000747620081666,0.0806833039320603,0.015105626528158816,0.021008599243390016,0.05393998818184762,0.029019441557344705,0.015278555572397438,0.010315011679346073,0.013768927673698396,0.06701719593957506,0.013725695763171534,0.3821508630347801,0.060090671672795935,0.07044307071255332,0.026948961188540756,0.37168628415346056,1.0
2016-10-19,0.018947996894556295,0.07331097665934734,0.034258424776462806,0.019073913162919842,0.02234305953421444,0.01970349124025381,0.006384397516664489,0.006463677836447758,0.00406195050183694,0.08138357769986358,0.015357064296841609,0.021107218322530295,0.05343959721672708,0.02885337238653283,0.01520316627278797,0.010287786912580067,0.013734149981750673,0.0673276433571121,0.013654869661967403,0.3813336755420147,0.06067742638989147,0.0705408280824458,0.026829392457948173,0.3737833900370042,1.0
2016-10-20,0.01895541965868245,0.0727348266035918,0.03516022579595026,0.01936170682664584,0.022308460140311914,0.019749315504338515,0.006430552567136174,0.006710750936074569,0.004160945778735171,0.08149569327074589,0.01536421149744991,0.020982187860670173,0.053643979134247635,0.028916470740447838,0.01519609200908959,0.010301959564304389,0.013650330540115494,0.06774729890546934,0.013666674977972953,0.37841724046591524,0.060709646603319,0.07075942997056524,0.026735594369538557,0.37218280994513375,1.0
2016-10-21,0.018634760428860486,0.07264754123605131,0.03482224638250186,0.01922789501581141,0.022272973976733036,0.019816362039193642,0.006398401129789132,0.006683293442867335,0.004165966283045187,0.0815772782878442,0.015617702728594706,0.021058679338846132,0.05298063043504245,0.02858263909062015,0.01502923710632221,0.010256122803778703,0.013674831494790287,0.06789310512740442,0.013614116272507533,0.3824982830147438,0.06168152423358093,0.06988268562352946,0.02786340229220581,0.3733350276735426,1.0
2016-10-24,0.018514128727762806,0.07202520830464584,0.034216042323190164,0.019229963557456476,0.02175863270759328,0.01967620052026252,0.006489008889318379,0.0067307198221583184,0.004146272155638964,0.08140080259687607,0.01551598303828484,0.021159003197834713,0.05280919100318552,0.028238344557742944,0.014934947142034985,0.010035652000027493,0.013452143534805354,0.06725606799237062,0.013671774638759083,0.389568311980808,0.0619523709369158,0.06998926317247353,0.028354551736992913,0.3779568711073448,1.0
2016-10-25,0.018519382887747855,0.0718098510233799,0.033781894479556686,0.01922861601192548,0.021706266405751996,0.019573901492423957,0.006443756213745379,0.006658392553957028,0.00415274658235582,0.08191176123492179,0.015561133732143082,0.0213329862806803,0.053173819817137376,0.02890591628423479,0.01506187140738194,0.010288545841370702,0.013354113633682038,0.06708785387172733,0.013793884364145385,0.3896956024250233,0.06172660857422757,0.07040072192242461,0.02845798004082861,0.37685941141288015,1.0
2016-10-26,0.018378727628271772,0.07195841971607976,0.03324717296700886,0.0193509501670373,0.02139354942894199,0.017948707469051153,0.006492383691675863,0.006805551227559436,0.004136615959059135,0.08276504144936868,0.015700444075118232,0.021571167772182032,0.05354697355893588,0.0284515038747247,0.015144222073078858,0.010208326841339153,0.013255868105709947,0.06648032444186631,0.013507102320937332,0.3844902862656593,0.061249957776135296,0.07095815372559722,0.02833932539371427,0.37349669416516323,1.0
2016-10-27,0.018710384835865707,0.0627976946287411,0.03334208533344835,0.01944173585201042,0.021279487571775488,0.018396280089705338,0.006629036371313985,0.006793121430009875,0.004345909983174019,0.08333176909484163,0.01585530481455721,0.021757678783075107,0.05424183085388394,0.028733638318731998,0.015227093446978656,0.010360799420511957,0.013525296981075564,0.06654352445561383,0.013417470125604144,0.3836589890659807,0.06080054740125766,0.07189269924435769,0.02817574771272261,0.3728715642735293,1.0
2016-10-28,0.018839265549849448,0.06400459536608857,0.03375642607519975,0.019441218631791254,0.021115402889450036,0.01842542201242335,0.006612083550144776,0.0068754382292401574,0.0043500549672005106,0.08330472784214522,0.01576365864870931,0.021740869311749143,0.054236956547821055,0.02767105235352195,0.01501591947056349,0.009570120927841123,0.013553360449158778,0.06600326926993745,0.013369952726217351,0.3650848327121605,0.06174256066955354,0.07176885328589458,0.02815543638229617,0.37404358892021566,1.0
2016-10-31,0.019095548231010853,0.06485901764042222,0.03396750197719596,0.019645839628103512,0.021179127096185336,0.018836865153452384,0.006537638755820896,0.006768102280306668,0.0043364769301200475,0.083832285217677,0.015789103095892622,0.02164005367482316,0.05455400764117901,0.027617996710751207,0.014914281899959844,0.008390753626175883,0.0134891711882693,0.06647226607449243,0.013350422739854399,0.3714789847399951,0.06160901678512035,0.07228559089621517,0.028182395767878458,0.368995609040552,1.0
2016-11-01,0.01884719543621724,0.06418938347010594,0.03382550763403279,0.019832175466033893,0.02140435361730071,0.018790370193454024,0.006587047615699232,0.006596518568417706,0.0043092834869060395,0.08431989110548598,0.01579754960796362,0.0217784567232281,0.05461898243325369,0.02808137433673018,0.01471312504815062,0.011298847066688086,0.013571875245574405,0.0660267435620137,0.013198956008736823,0.3719290359450789,0.061324418852124404,0.07235333997795487,0.02831814815469205,0.3710766558829878,1.0
2016-11-02,0.018928091421469343,0.06430117057388154,0.033823656060514455,0.019986272810085175,0.021401948226696162,0.018880426567940534,0.006473016569543446,0.0064825497309124345,0.004247023389884544,0.08416828268011892,0.01569158266003955,0.02156401196996897,0.054748946218761176,0.02804656074756527,0.014600036159948393,0.010067018882310319,0.013575221789440158,0.06624593644647142,0.013297567987910288,0.36491034992883997,0.06061660561139963,0.07242819207091877,0.02832778900795044,0.3664070629369842,1.0
2016-11-03,0.018854194870955132,0.06470655812539002,0.03335153013651559,0.020070284185164176,0.021281588613168156,0.019007403154487314,0.005984698575475891,0.0064969887735366275,0.004380799357248352,0.08436510223019973,0.015708637299685003,0.021707698672966153,0.055073589692183456,0.027974875021204503,0.014310610754902064,0.009249950118255537,0.013530206539435895,0.06598968133017914,0.013145988890890341,0.3672354817522825,0.05745310632456855,0.07295107936174149,0.028348319733538314,0.3648894684200747,1.0
2016-11-04,0.0190583082975882,0.06539004327996766,0.033694934869534315,0.02056417306820695,0.0218206588801949,0.019365235767097342,0.005985095007139173,0.006450282679969701,0.004296991287176842,0.08436681904533119,0.015720465412574283,0.0213890404926456,0.0552038695718658,0.028208596820506904,0.01438724761331532,0.009198246974112928,0.013504829759698647,0.06604226565134619,0.013049233105702074,0.36210303792622534,0.05790867164359416,0.07310160176623069,0.02815584309968316,0.3654456904681164,1.0
2016-11-07,0.019464983490983113,0.06577465643508242,0.034046126388247576,0.020741066743534507,0.022026535317270914,0.019502514454450212,0.006075476598150835,0.00667129553866447,0.004306785727492252,0.08514111727648704,0.015951058249971305,0.021299355189729818,0.05473089762487898,0.0281723832929329,0.014252739225972647,0.008974815540320378,0.013464570227212785,0.06658628193414763,0.012949679449879153,0.3682489423674285,0.057306523445179745,0.07305584725401734,0.02834596786944558,0.36711830649378563,1.0
2016-11-08,0.01948998852572056,0.06688291146493122,0.03398362139643961,0.020812689418409077,0.02223821752507299,0.019597486793428688,0.005996559875022419,0.006655573859728703,0.004299949403757308,0.08502682466648159,0.0159378550074158,0.021284750015984476,0.054707509848874035,0.028281514111027816,0.014021574142686873,0.0070014393552483125,0.01344201574478915,0.0667894286953503,0.012976966401670896,0.3681831676967195,0.05805866513420458,0.07252425438925246,0.028262820080994983,0.3694731571917047,1.0
2016-11-09,0.019604670637812047,0.06823035849490881,0.03382857338540641,0.02091750404057994,0.022073167247241815,0.019586179564240178,0.006231336010320831,0.006823035572131711,0.0044377467135816,0.08904616371103723,0.016881928122916674,0.022184111839611918,0.05561513523286551,0.02966818584142366,0.014847960416926488,0.007437848398075828,0.014011260255303292,0.06559544083653633,0.01281399317320159,0.35681332869459365,0.056941837518643915,0.0715632874847994,0.027814501133407443,0.36302154820492427,1.0
2016-11-10,0.019515750729102464,0.0705658176367562,0.03458855523085385,0.021199734910584963,0.021384279637037294,0.020133980199438798,0.006486795785767765,0.0072572757973063265,0.004664402944104701,0.09267444075769501,0.01754110780760245,0.02382028968036881,0.055151605598682395,0.029970287891655633,0.015451124028375106,0.0077601639485500576,0.01381789048865863,0.06741931014283233,0.012432640784991242,0.3425083561786808,0.055732926769639646,0.0739199450414301,0.02708214218430751,0.3518187042262784,1.0
2016-11-11,0.019834138451741912,0.07237404308084183,0.03475709981893686,0.02142807736375328,0.021506618334368684,0.02025456859362603,0.0065697984808704875,0.0074799608983890055,0.004694033232464426,0.09422255382055725,0.01778280989228565,0.0238998365271048,0.05473446080158404,0.02954561318013123,0.015056943213190519,0.008316200608696818,0.013680150463317413,0.06764767091627705,0.012523967111124946,0.3414308608330579,0.05498856508324964,0.0745085391905188,0.027267897773627016,0.34836565273853265,1.0
2016-11-14,0.020053600860653564,0.0745079029899673,0.03596248210061991,0.02193420297328156,0.021878753845328038,0.02095462481599511,0.0068801406233836475,0.007688753061985445,0.004874780629731195,0.09665465194347932,0.018182237727996327,0.024591073932613724,0.05387672148598066,0.029354958154695937,0.014961649446964617,0.008109231770331926,0.013455319129151943,0.07036318383134461,0.012211209961347974,0.33225673379566584,0.05317438527194569,0.07310323009983286,0.026855189130350367,0.3401164558107875,1.0
2016-11-15,0.02052843766323586,0.072670487745652,0.03588348957733863,0.021853890514250334,0.021372323431513907,0.02121180259938033,0.006856571867259155,0.007590385120171716,0.004861515838993113,0.09685882450565918,0.018345342788653258,0.024119539431381874,0.053348256829403674,0.029192027629711636,0.014781759951957362,0.00835630318159799,0.013323304741625859,0.06981778648338285,0.012281060413079066,0.3408748097696305,0.053751852994853334,0.07277138758962316,0.026999757790566865,0.34786897170780456,1.0
2016-11-16,0.020418570197017667,0.07253300425342327,0.035724456855835696,0.021764496166226572,0.021911491493921742,0.02106167337760284,0.006550479290416032,0.0073819216126918405,0.004768160942112091,0.0947476736107163,0.018002333579307504,0.023739745422770023,0.053451176492516746,0.028769742251699537,0.014681157894194748,0.0082041771863471,0.013270921469119207,0.06959310045568225,0.012631262113445693,0.34290793969129535,0.0534419869877338,0.07317151474873877,0.02740084872189866,0.35117182867655417,1.0
2016-11-17,0.02095449703186101,0.0735213405748213,0.03605197418610731,0.022179850856357885,0.02240389067757818,0.021347706802698665,0.006487983851323151,0.007356706142902713,0.004823694829560201,0.09584750438286056,0.01827517413850389,0.023999597274976737,0.05329839869969977,0.028667836079347808,0.014507662269378687,0.008220856211895014,0.013264017725643736,0.06893540177702093,0.012567896379511011,0.3458429274737452,0.053856210312567855,0.07306411831609522,0.027725957311927556,0.35262351345287357,1.0
2016-11-18,0.02120170497170681,0.0757138294238761,0.03642238625482096,0.02241166148601807,0.023099135736612722,0.02156835928030579,0.006407260015542179,0.007291810217973968,0.004775654460797533,0.09640680849162071,0.018529722634361253,0.024208259944273097,0.05287135349071572,0.028356020797878013,0.014427792939146481,0.008226775657098865,0.013139924509699162,0.06849534979263223,0.01261056887842511,0.34839360518015183,0.053632156494775804,0.07350932957693491,0.02765937976562593,0.34856776761521663,1.0
2016-11-21,0.020962798053603557,0.07449344688130835,0.03583873997444901,0.02211374978561127,0.022973551557288988,0.021545097519341742,0.006337060855307636,0.007292397117562258,0.004785777472924359,0.09602489720118144,0.0184516291908355,0.023710524439452485,0.052316008496796705,0.02834162849595153,0.014361881636903235,0.008347815268836692,0.013010763852246834,0.06842479171536718,0.012707103996980716,0.3548390141521863,0.05539582780614704,0.0740476253242403,0.027686541995052657,0.3499258640306794,1.0
2016-11-22,0.020917502625642393,0.07537654563774601,0.037009633119180894,0.022197610152641014,0.02365021262284154,0.021380518426035472,0.006323368032301702,0.007226706322630517,0.004779975978473577,0.0958310288314846,0.01840268100164243,0.023704686645381407,0.05117706384170552,0.028008026842525707,0.014221903837186816,0.008093729505810434,0.012601342180667285,0.06911672541144416,0.012687591014084754,0.356491796432502,0.05513995127114543,0.0738422300910109,0.027744741407818525,0.34874760119481624,1.0
2016-11-23,0.021018542313553528,0.07678979880751487,0.03762836101238364,0.022320294480609123,0.023744511179918912,0.021485721371913857,0.00625476259179765,0.007161907275162066,0.004798795374997762,0.09629794295540493,0.018614609356210163,0.023658333342143973,0.05128542467400727,0.02795819868771897,0.01425124297565498,0.007683515921668947,0.012436953608926148,0.06964149416687986,0.012612713344900344,0.3538408529252625,0.054809679954588665,0.07346964609139471,0.027395770344750055,0.3451640117610202,1.0
2016-11-25,0.021153454233158554,0.07624189239311205,0.03738676501054828,0.02224682034915924,0.023697110117099966,0.02143809108322998,0.0061626039243973234,0.007115909956690458,0.004816228580210811,0.0955022909349066,0.018569135554803676,0.023773915860643934,0.051564367111704895,0.028106714367606568,0.014317663088471782,0.007680664715157955,0.012659542665807405,0.06904013880952692,0.012626786889816291,0.3525741344332053,0.05438814090404238,0.07370727258530611,0.02734768397222625,0.3441299203809916,1.0
2016-11-28,0.021119852030446973,0.07584979116311064,0.03743891188967192,0.022023691767657585,0.023595189980678975,0.02158312620401807,0.0059362680868374615,0.006862816433979651,0.00471449600163526,0.09553894626502436,0.01836745795680481,0.023427139999358255,0.05138255477085828,0.02806896417982303,0.014325164605594614,0.007921080441523596,0.012662826956752894,0.06908689706389551,0.012668504790521336,0.34825955621038424,0.05468906381646297,0.0747234008715816,0.027528478552370818,0.34892720242305514,1.0
2016-11-29,0.021268586027612228,0.07543113660969947,0.037547740832691294,0.022039680467506047,0.02381319663601703,0.02142734203260643,0.005996389705298003,0.0070487062042610404,0.004812533643964584,0.09604655976526869,0.018415537824683772,0.02352290288299123,0.05101920817254829,0.02820843190439433,0.014478423554698354,0.007783513414743852,0.012614189993036894,0.0714804107165169,0.01263913760500218,0.3458674128601836,0.05482478378733272,0.07417470518237464,0.027709489190367243,0.34964124072121283,1.0
2016-11-30,0.021120514166248865,0.07431291908602279,0.03741569066562107,0.021911851732164558,0.023353539697445965,0.021197829621171477,0.006066917851952578,0.007185704802162724,0.004889008014129701,0.09973121239027405,0.018810174544503483,0.024067562263230487,0.05061828898973579,0.02782868795307799,0.014616996528848427,0.007181156887730974,0.012625010462534,0.0720025844669833,0.012565887120129826,0.3413528166872917,0.053856401791183554,0.07377626836661656,0.027405731456133932,0.344750095578856,1.0
2016-12-01,0.020880113173116076,0.07329718690454909,0.03781696608534451,0.02180203292414765,0.023002355096945936,0.021482555782701064,0.006266315931516585,0.0073297179602214435,0.0049792794474032,0.10343300880489317,0.019241651833411446,0.024800554094582025,0.05083337579412742,0.02773061496477173,0.014358215072046309,0.006987421479353162,0.01245960806002089,0.07345235969052519,0.01249269676395643,0.3393988341488631,0.052531169059353754,0.07294119854619024,0.027018638704449944,0.3413476259994547,1.0
2016-12-02,0.021031501188687497,0.07361026009119859,0.03870070206726175,0.02203973725675637,0.023358198017542235,0.021857250882093702,0.006108716120042469,0.007180820890923709,0.0048814983184805386,0.10190013731750575,0.019083465834115663,0.02444398968852186,0.051077808117344185,0.027888410943010623,0.014430073545050574,0.007048518600049002,0.012409042910669998,0.07332740235545643,0.012534501523388114,0.3377540744770408,0.05264718838464026,0.07300349349992982,0.027030726670090835,0.34238920448781723,1.0
2016-12-05,0.02073742206855299,0.07177814896260633,0.037701105574131345,0.021689927857136398,0.023517831786128533,0.02134974705636575,0.006204897806056585,0.00755654952111862,0.004975711179271984,0.10366443071556476,0.01909094653924866,0.024651767788697352,0.05077311935817031,0.027327857661908574,0.014328415328459614,0.006957831311762282,0.012550403676431706,0.07149693510184127,0.0123723757240284,0.3444262503606478,0.053263241912662636,0.0724993304459425,0.02731425088345215,0.34585956134299883,1.0
2016-12-06,0.020987872156040484,0.07338749021021766,0.03833236316596704,0.022343969861578314,0.02402553192051036,0.021552912866681248,0.006640358431450242,0.008267676130128207,0.00523905746906115,0.10459129796261056,0.019215903583405917,0.02511040872884292,0.05065476872345794,0.027248522777907565,0.014266147410225406,0.0070652690458520954,0.012552944427595181,0.07111376684263179,0.0124252447749578,0.34567833268401865,0.05302793970814915,0.07248342507319244,0.02709935293436354,0.3431424363031189,1.0
2016-12-07,0.021705668402009725,0.07499944169810817,0.0391148165912276,0.022798757786923834,0.024181854074632834,0.02224105821062141,0.006928859535981336,0.00832980087165303,0.005309299966399092,0.10509736886272018,0.01902424750066868,0.025556024938322687,0.04956833744944027,0.026796349688338605,0.013915720274057783,0.006728087688512462,0.012242621545150507,0.07111784729312734,0.012384276791371662,0.3437303184752175,0.05262453068141789,0.07352264741998375,0.027380817951984226,0.34407386989125344,1.0
2016-12-08,0.02139177908463441,0.07615117487519725,0.03942231303937622,0.022860933112868926,0.025131445907405566,0.022081836043624237,0.007047489489224811,0.008476576558580537,0.005337927920139323,0.10749313430390792,0.01940174390621581,0.025505412500643015,0.049412561232727914,0.026765322870796346,0.01377443662944442,0.006873862142364566,0.012055970648654952,0.07092900030042473,0.012478909502871822,0.34161403850752975,0.05293853464015668,0.07361799551394216,0.027161548935099606,0.34566087614760627,1.0
2016-12-09,0.021969169855188504,0.07636543917779462,0.03972949943034371,0.022916269461095085,0.025115842352896652,0.02203555622672364,0.006820002302346034,0.008090178384613095,0.005195770735207167,0.1070355352201429,0.01935358213378274,0.02528844417495458,0.04968289890339846,0.027098555546570254,0.014029466567447862,0.006842130797811141,0.01232999811572763,0.07086429166460968,0.012607709848674908,0.3401857745347982,0.05296676674528055,0.0736967430672726,0.027426057722023753,0.34931599397655094,1.0
2016-12-12,0.021085885803181957,0.07372749046299984,0.038427798675512256,0.022140402073353396,0.024524138202024575,0.02187455686104659,0.006654969631514876,0.008112682243546455,0.005082057368407166,0.10508383050575526,0.01904331523052659,0.024714660412179106,0.05111300288592049,0.027346520127301453,0.014355594498736435,0.0065043245133580814,0.012282007425474218,0.0706658548472141,0.012550068007165679,0.336789313117992,0.0521808091570305,0.07332872663220454,0.02754590204269911,0.3497049277073994,1.0
2016-12-13,0.02105893358807823,0.07302836446297192,0.038239749664990726,0.02186008867023338,0.024672934919583007,0.0218116667690289,0.006770200639311103,0.008214040567590715,0.005115067062990573,0.10500854244592103,0.018734703899823225,0.02458049438876021,0.051014209708684206,0.027199655674462527,0.014451606016188868,0.006506083579259954,0.012483933478612713,0.0706689182863199,0.012676518834900008,0.34086068568527805,0.0529598716108659,0.07408043031198057,0.02772348740336887,0.35043930861318295,1.0
2016-12-14,0.02126677438368225,0.07355943241265021,0.03833522504450334,0.022109990484453897,0.02498579771506953,0.02187033940112199,0.006723531831382508,0.008285698963162471,0.004948341908905278,0.10648032641840807,0.019021160463140997,0.024275722633673596,0.0510322714088192,0.027426683858475718,0.01456543331392567,0.006266420426344621,0.012484022686023638,0.07094546569559997,0.012780258391931986,0.3412003821563183,0.05334889470144946,0.0747843112401721,0.02781722608521819,0.35373766098381376,1.0
2016-12-15,0.021352501240380305,0.07382749028925469,0.03984032123562936,0.022325079398846478,0.025198604469985134,0.022364866669062244,0.00679036078349073,0.008373010418598647,0.005022037662790019,0.1074256295825682,0.019013893471172837,0.02439843781578728,0.051232741172420576,0.027572577817445057,0.014478145550737072,0.0060122986103824175,0.012418049115120743,0.07100701270133315,0.012800448989972272,0.3364234737133103,0.05330167966572118,0.07427841445335649,0.027665416107524186,0.35271413985282685,1.0
2016-12-16,0.021093234295509026,0.07431124719199812,0.039294619001167326,0.022213659669306593,0.025397793811950037,0.022111802776883537,0.006762411944782928,0.008418693586792632,0.004999844849810036,0.1057983086466385,0.018914381624051537,0.024507654029095435,0.051318158210491814,0.027651931569733734,0.014543392813796425,0.00624427036158738,0.012563826695213073,0.07260182238065077,0.012839504145980292,0.3355830409067714,0.05308515652314116,0.07383738811421152,0.027589931722171872,0.3502105621994366,1.0
2016-12-19,0.02147153910769155,0.07381117503833139,0.0399243328672744,0.022284786214433045,0.02554662181679269,0.022253847398548715,0.006718142877740342,0.008070611114969648,0.004870653586361748,0.10566489900055157,0.01893013637433583,0.02440630634387925,0.05127887608690828,0.02702284531755932,0.014510305533717184,0.006422014211418893,0.012490441955588296,0.07139794430547203,0.012888226731243973,0.3385590423913883,0.05270206205957057,0.07366973735755,0.028118963366032743,0.3510229706657299,1.0
2016-12-20,0.021675562711710783,0.07479874810724714,0.040321301060784485,0.022353748426281298,0.02648892958089393,0.022410998421625368,0.006817100852502683,0.008371646460340828,0.0049542884102490425,0.10705226220713655,0.019156581852962967,0.024705383991679507,0.05093449043080515,0.026643062117339297,0.01446652127716482,0.006451584463124309,0.012453980550767229,0.07116119505733237,0.012875644661366042,0.339630770140258,0.05244499439639154,0.07380789042519734,0.027981821381467785,0.3507283814637902,1.0
2016-12-21,0.021839325124305402,0.07485056732349685,0.0402263863072225,0.022479449548646276,0.026620401385403055,0.022360255485434875,0.006679381088565992,0.008259829047434806,0.00497532219881948,0.10658756003847557,0.019146381436333508,0.02459407229111899,0.050905447452992886,0.026236326377625706,0.014303500371996056,0.006268817677305822,0.01244934258935506,0.07122171608573125,0.01291950303222093,0.3401937149070593,0.0525521170827678,0.07387051228740976,0.02805075221724152,0.3507712507846816,1.0
2016-12-22,0.02153510006363178,0.07344225721120587,0.03940803885823434,0.022026041972885692,0.02624991111021271,0.02222507291892729,0.006603389824469342,0.00820005719685542,0.004896150392289056,0.10620267459039713,0.01892558989902431,0.024657667964780028,0.05105795944698731,0.026351639581290224,0.014303658869614102,0.006311478418967013,0.012463732434932756,0.0714652204316501,0.012858476267373405,0.33894453693070065,0.05192484786332755,0.07388896790817606,0.028107529587517537,0.3499663964195251,1.0
2016-12-23,0.021415413604971692,0.07449895577528866,0.03994628408204601,0.022038262445062382,0.026283356218973097,0.022285636092950402,0.006559795627760512,0.008229561345817019,0.004876777355587613,0.10644538444318156,0.019021199076846015,0.024719606516476946,0.051223831275105276,0.026309860885468803,0.014347620336004136,0.006338927088105276,0.012448150894969107,0.07201639559824921,0.012867800678576978,0.3359808170796532,0.051802505965527844,0.07364199158400837,0.02793545377906842,0.348932524391234,1.0
2016-12-27,0.02142466922300267,0.07481665348257663,0.039905153938905105,0.022195974929008613,0.02626846773448165,0.02225327236505803,0.006501005236335819,0.008096506623219946,0.0048878744454891,0.10646663131439119,0.019004972155240357,0.024659745727050462,0.05108688426764106,0.02635221081908636,0.014337470768610097,0.006210112798642148,0.012477522151841478,0.07168294814485777,0.012920472881639984,0.3399915657853272,0.05201245023335596,0.07366630567458735,0.027890413888428837,0.3488725841904783,1.0
2016-12-28,0.021187419842758296,0.07351372481424696,0.039419181604099775,0.0220052267264648,0.025778695247270226,0.02229857049996822,0.006458007619704075,0.007964727910880733,0.004840172262806427,0.10695935959626567,0.018942895959654513,0.02458754174274119,0.05115737536902436,0.026343159781132868,0.014378288615375885,0.006324669540838885,0.012493778434128643,0.07175366572890855,0.01297379551804333,0.3431811050029006,0.05196629304747318,0.07386485197760741,0.02799655284798176,0.34892352404353705,1.0
2016-12-29,0.021006908845545163,0.07389096692293924,0.03935961098601491,0.021922766056735255,0.02587517705434153,0.022318451747159282,0.006304295606980538,0.007922605621748461,0.004823808697865926,0.10589260109594889,0.018739497351397804,0.024381351980734323,0.05134577482662843,0.026248633211595665,0.014444751542975236,0.006290957887078605,0.012626374840496985,0.07159687732144404,0.012974267479196413,0.3401785567689882,0.05172812279715052,0.07406880718961434,0.027964753616901764,0.3480211156201546,1.0
2016-12-30,0.02085464165360387,0.074324530313908,0.039632307905772206,0.021971296295939795,0.02545972584525908,0.022261626949608992,0.0063917311727308326,0.008084579610512094,0.004913280426278068,0.10695318030294929,0.018871463455477126,0.024615535382314976,0.051459912090746886,0.026294983071064496,0.01450757711322833,0.006485530162687049,0.012743263224999427,0.07148376045714355,0.012933094067534677,0.33493832442606664,0.05138844798028482,0.07414140386584533,0.027755567343239886,0.3447425575457183,1.0
2017-01-03,0.020506414300677945,0.07356621192110809,0.03897547510659037,0.02191484668493286,0.024869011422568178,0.022136298248038484,0.00675870170598374,0.008162704616073416,0.005035808545021961,0.10699211129917457,0.01906697914049137,0.02480257506783024,0.051305896368699186,0.026640623927413197,0.01461580316497139,0.006749843643459515,0.012817616915456824,0.07150670839809761,0.012860799527359296,0.3338027916022828,0.05175765977195029,0.07404897455706584,0.027716878524106543,0.3481838702832623,1.0
2017-01-04,0.020565892766707037,0.07479907783771882,0.03927336783001211,0.02232742530001101,0.025476163382142463,0.02259165429924034,0.007028514807882858,0.008618297919189695,0.005108444346581526,0.1070703534074645,0.01920951183529671,0.024683474182538807,0.050930310249917427,0.02648023824727513,0.01466035494880546,0.006856765385885721,0.012872398987118793,0.07130243487834416,0.012773312341737312,0.3334492978090939,0.05226907497522845,0.07453924694484201,0.02743586876582627,0.3465374981834196,1.0
2017-01-05,0.020224768179814896,0.07439400749228735,0.03867783252534156,0.021917144116350814,0.025099163067430586,0.022243279418245925,0.0069281621859850154,0.008488320846187749,0.00508594094314676,0.10635522565006611,0.0190480392243279,0.024319083296606436,0.05150286513882767,0.026491847069193476,0.014812693256941383,0.006923754958131335,0.013186425738210666,0.07147641824592331,0.012848171000440722,0.3439621031291318,0.05318201762891142,0.07434993256941384,0.027457029087703835,0.3499427148523579,1.0
2017-01-06,0.020294424810884813,0.07305729846601462,0.03819972233572295,0.021818373651225513,0.02437439085432802,0.02192816820462339,0.006886314389114655,0.008462964175908125,0.005068116584845862,0.10755474187348806,0.019257963787630665,0.024172369315254145,0.05107642755822561,0.026469270933159456,0.01470368659104328,0.006715034885813972,0.013078727639932959,0.07132693542610768,0.012945876230321533,0.3495814618449127,0.05419898509603936,0.07445388211098808,0.0275979589420896,0.3540435274270615,1.0
2017-01-09,0.020750145018958176,0.0742650655727341,0.038551723204226215,0.02190048091420826,0.02494600927529151,0.022169333673848428,0.006879986193414714,0.008396139020151449,0.004993609453644377,0.10705187954122446,0.018824100156358506,0.023905859378013226,0.05124950593787808,0.026929349305423875,0.014751642842637842,0.006765393213895955,0.013231081712127465,0.07137820265109253,0.013110979014004999,0.3512362895769564,0.055048705273380544,0.07389043203370017,0.027608092778700292,0.3555247295347629,1.0
2017-01-10,0.021367183257959343,0.07847415518113059,0.040548285060483906,0.022447001718809187,0.02487989926318045,0.022627706032665694,0.006888801037993081,0.008228657413904723,0.005050905943403757,0.10691084555390844,0.01897836081796437,0.0240733401027755,0.05119661907411903,0.026409273475300275,0.014738419694285835,0.007228172554260174,0.013217859445259916,0.07121513023010391,0.013124201721614777,0.35078675057389114,0.05480629528450656,0.07295165549352647,0.027599277934121924,0.3547049287148323,1.0
2017-01-11,0.021377211797175607,0.07928554603685761,0.04122497064004272,0.02260780789632626,0.025073395080695962,0.02271328800146635,0.00700121280695354,0.008407607909341395,0.00504544400651768,0.10801117541938719,0.01919290328168459,0.024084523215307043,0.05042367648119385,0.02708629957901817,0.014428740141538629,0.006737513642849829,0.012956418929629026,0.07115042902175114,0.013157489542258104,0.35116818562688473,0.055416377578400546,0.07372589129732934,0.02777191652669061,0.3550753075852536,1.0
2017-01-12,0.02118532057659921,0.07791441244734515,0.04107574057163752,0.022414157750231367,0.024510669053632545,0.022467010502613422,0.006879723932763566,0.00824509764030794,0.0050166488856707445,0.107397686059294,0.019216540465185554,0.024004158408169933,0.05048360933498923,0.027399975606754005,0.014358449836660972,0.006884128365499011,0.012953436674940876,0.07151037033311246,0.013130715092542497,0.3583622716933167,0.05576892861752206,0.07397244647045256,0.02757615379705831,0.3551558314486153,1.0
2017-01-13,0.020948371716612638,0.07814423748876016,0.04146590424720033,0.022522246337829437,0.02530070767557755,0.022487076814844204,0.006972532245129317,0.008432103938308972,0.005002989719392915,0.10740161717545328,0.019260191969208553,0.024315937291969406,0.05038160033712202,0.027406535949644494,0.014296768512711566,0.006739528330254252,0.013021841870949723,0.07113213985999498,0.013083389635248958,0.3592392877284334,0.056422116043491025,0.07356768713807131,0.02756480319937834,0.35516830927224047,1.0
2017-01-17,0.020613875543207424,0.077561082018544,0.04118806838388252,0.022192436306254133,0.024802791428992887,0.022152751839967743,0.006830137586401775,0.008183818384343407,0.005000242752084967,0.10394684756417316,0.0185855592593357,0.02371367285775015,0.05065060845967622,0.02710889985874636,0.014136489209178729,0.0067199029578284735,0.012994457575282293,0.07084118347010067,0.013228155428796207,0.3570367210062786,0.05638280914548791,0.07402916672374799,0.027571884857815712,0.3547835313713795,1.0
2017-01-18,0.020969325646804135,0.07859095792896333,0.040904271059231306,0.022140157036210733,0.024935188177273165,0.02217537089065258,0.006734481299970289,0.00824863918702243,0.004934217998213525,0.10312559324370392,0.018865351323608354,0.023887601316953437,0.0504866003204672,0.026924719454262742,0.014098394072128564,0.006650850486441246,0.012923161941281633,0.06943118391697516,0.013203764448456041,0.35542214545165896,0.056305544733544884,0.07341905235545673,0.027510136029290394,0.354801528667217,1.0
2017-01-19,0.020877416621431194,0.0779921312553997,0.04162230846790691,0.02195530408110781,0.02438496544964768,0.02211875358596206,0.006754458604540841,0.008340364401522072,0.004956509191821337,0.10222689945681036,0.0187525686407598,0.024111076791677982,0.050448603817867116,0.026651177313333302,0.014003685056795506,0.006582173525680741,0.012793271055136963,0.07010677307241699,0.013228401760168443,0.3573987600274449,0.056346057244771756,0.07368941964123876,0.0275214365146132,0.3543661053004608,1.0
2017-01-20,0.021133178101246635,0.07814873152023495,0.04169840160074772,0.022233864460686564,0.024545305815510413,0.022493626441514387,0.006806644446776521,0.008444465749623134,0.004926672144853122,0.10223174774395696,0.01875129281941863,0.024245919125742754,0.05025734005257624,0.027530366782036957,0.013987522255762616,0.006485244029820062,0.012851614373095153,0.06985396087659382,0.013208236313279147,0.3558871294550983,0.05593247848157397,0.07508882476181558,0.02762282575705354,0.3544298220360235,1.0
2017-01-23,0.020722232039285436,0.07780770078252575,0.04108688063449459,0.02153010818248954,0.023794809803083912,0.022046618435583747,0.006692565922627463,0.008493731421593166,0.004966448986118665,0.10271499339265172,0.018523750621430243,0.02394932066639445,0.050286953233295385,0.027286774826528325,0.013888398234386153,0.0061760552280711225,0.012890694698765689,0.07022338444329235,0.013252693205625094,0.3610630508087981,0.05691770960134547,0.07550326801150456,0.027794455395518416,0.36169433856746536,1.0
2017-01-24,0.020850236870878478,0.0764669509270537,0.040726819014581264,0.021683543718183665,0.024100136996316204,0.021775647466637415,0.006732249247701628,0.008697101145402168,0.005026161327600043,0.1024880753796203,0.01874065214034466,0.023990491243096306,0.049016038396588434,0.02684566577977638,0.01366186085119907,0.005955957314904763,0.012745221915697725,0.07036186968619071,0.01315420101379095,0.36070821398985187,0.05673948218331683,0.07714674933402091,0.027858792978111235,0.36133538462818854,1.0
2017-01-25,0.02084520662952911,0.07555353801182406,0.04062879007576307,0.02183721352308202,0.022537709926203325,0.021519597141542546,0.006957104028515352,0.009071645965887748,0.005094914832640074,0.10322532400032941,0.019083088783476383,0.024634848226231094,0.04907825861712594,0.026575355095430003,0.01361399574792679,0.006086922161283913,0.012796024357638306,0.07015406431165325,0.013257220312180034,0.3639622764900402,0.057205754211431044,0.07757235950871007,0.027706590652649004,0.3635924330981023,1.0
2017-01-26,0.021592037840821785,0.07680652037847822,0.04175592805240744,0.02216242728941126,0.02298970712650438,0.023477367154527827,0.006896912268574653,0.00905655102837377,0.0050899560870983395,0.10431579893301389,0.019166797857490925,0.02489680830284714,0.048696378821321974,0.026647161473085924,0.013619660521333801,0.005930299564266842,0.012848982389244824,0.07086316109283616,0.01327350867452087,0.3653752585669391,0.05781388914926958,0.07779055388201998,0.02798387189460582,0.362327380670473,1.0
2017-01-27,0.020460280999680384,0.07521713627453427,0.041456579950206005,0.02165869998904571,0.022443119255387018,0.02296606615926243,0.006684999017041492,0.008916236845089303,0.005020286093632202,0.10326013670358439,0.019022178648230716,0.024661283857521386,0.04940972415235771,0.026909953670294143,0.013692481689403109,0.0058700741042730705,0.012934209310677411,0.07102920620681798,0.013286108269038688,0.36421915007645034,0.05760255040922759,0.07726534196717429,0.02866618178982988,0.35878921299546496,1.0
2017-01-30,0.01968521370035992,0.07580341156067093,0.04128195363480707,0.02089964489813898,0.022447280985502888,0.02295146663564546,0.006751721102051238,0.00881669598142672,0.004905958385191775,0.1025472418999648,0.018904818647320017,0.024586787851069845,0.04959884337791514,0.026932352422013476,0.013727037724253452,0.005844184564307986,0.012929107486979934,0.07106405496263642,0.013331360562266357,0.36405806509609817,0.05742470148959654,0.07707484350621889,0.02855451786502817,0.3517559040168699,1.0
2017-01-31,0.01941751733453443,0.07547599958282308,0.041169524888723615,0.020729571925840476,0.022357571245469977,0.022954358218915553,0.0066699720561564585,0.008736785765662836,0.004857670438266579,0.1006288183294476,0.018645205658291582,0.024718390741002464,0.04969567995787625,0.02720207770401862,0.013923566667226609,0.006046856245647106,0.01314686553503128,0.07113174410018384,0.013312518240371485,0.36135450364501837,0.05718623717421804,0.07658181249475747,0.028369322813846,0.34964255841352104,1.0
2017-02-01,0.019323988529808322,0.07562895759872829,0.04107389396476462,0.020732160726513623,0.02215349473118763,0.023131757963871756,0.006720624540233554,0.008979841881067645,0.004926410808539348,0.10119102149180319,0.018731767270796167,0.024526770107340598,0.04967208465094771,0.027242217396034895,0.013893092636370539,0.006023118468499132,0.013199973395275955,0.071378124411604,0.014120111121982214,0.3651378377786168,0.05844574285984453,0.07645806815097483,0.027891470085463346,0.34905792366746147,1.0
2017-02-02,0.019295436398293283,0.0714645825005901,0.041445073081694477,0.02077295699596651,0.02198741690388809,0.02317556995365506,0.006550189340851632,0.008650283513721733,0.004875375198813263,0.1010193542320202,0.018471183633217442,0.02444264094728772,0.04979283824903078,0.02813863131833051,0.013911479771433888,0.006273976537321744,0.01296007967639792,0.07048249034031873,0.014087949062577983,0.3682618216499733,0.05736457477618944,0.07654163776614838,0.027695813089773688,0.3501019333537982,1.0
2017-02-03,0.019238973500988035,0.07055741288204952,0.040954635719398974,0.02081030139164955,0.022111760463788648,0.023017124772717105,0.006616117434364269,0.008792472288833926,0.0049838516199651895,0.1048785181553762,0.019339085369000295,0.024927963517502746,0.049464182804278826,0.027983565557328706,0.013967842662417726,0.0061895519682013105,0.012953661503071097,0.07045729579078665,0.014046191421508881,0.35265647531021976,0.057011778624247514,0.07652932984360183,0.02771804988291557,0.34886525633601606,1.0
2017-02-06,0.019759569142873218,0.07120860339476062,0.04149073548873164,0.02105070172994757,0.02196234633083608,0.023148793765145153,0.006555989641796337,0.008610461445712555,0.004928987555043155,0.10467773572949611,0.01946732031066934,0.024666747018469277,0.049464353858395475,0.028326412538272356,0.014058519371596537,0.006364064462661914,0.0129985685142742,0.07001343078009195,0.014207914803421953,0.3522873967159174,0.057603724483276456,0.07670900498751122,0.02775935956406715,0.34953938233990667,1.0
2017-02-07,0.01969839537370051,0.07182479084797143,0.041036507578955994,0.020997959234810466,0.021979172242409584,0.02313046173523121,0.006471644903453738,0.008512567959259903,0.004927869771497792,0.1044970026554825,0.019567567408781964,0.024569573710281914,0.04948802446488308,0.027997276508544156,0.013989917887202542,0.0062143490481277475,0.01306539587842514,0.07000627694607707,0.014339882987723554,0.3543269194107926,0.0574947195542292,0.07782545786872429,0.027661484920894246,0.35191530323870357,1.0
2017-02-08,0.019636811625057767,0.07218902919842254,0.042359032150158626,0.020961619594541406,0.022007522526806364,0.023062139566406886,0.006318991616607768,0.008371573974899559,0.004911381759942727,0.10360095529242745,0.019135649785189453,0.02424313861730219,0.04941887323871062,0.028030175226221487,0.014006371326812555,0.00639743427115876,0.01305198656802719,0.06986189885657987,0.014385510388016496,0.3572235004874047,0.058483355585640516,0.0767735683075729,0.027603098551443862,0.35228596376747207,1.0
2017-02-09,0.02006178712525875,0.07329268348076626,0.04264104954395057,0.021374687265383923,0.022314947284357945,0.023623513125110587,0.0063868412227463325,0.008345356984402603,0.00496561739570373,0.10466360356274763,0.019433501768418626,0.024581106008575264,0.049430858851057254,0.02790018317135652,0.014030252725872962,0.0064648352132547675,0.013003331417545281,0.0695186444064521,0.0143443947543431,0.3558952381894375,0.05812285449337529,0.07678508668865441,0.027757193755457772,0.3507823044445616,1.0
2017-02-10,0.0200552648998679,0.07396053527562176,0.042031861267163594,0.02126850995884721,0.02217088891984495,0.02362160385349632,0.006295064713563171,0.00817753991563451,0.004926384662671864,0.10479685278265552,0.01929968443013295,0.024549889294119793,0.049756052469196864,0.027697422082661648,0.01396744381986551,0.006493674437036356,0.012952808052599116,0.06940546314851026,0.014261041234151357,0.3572643612055147,0.05793791128279638,0.07714692173895846,0.027632657178878115,0.35131037026535283,1.0
2017-02-13,0.020362933533769997,0.07501341952109954,0.04210028862879846,0.0215011278857511,0.022269944378825297,0.02393643294319768,0.0063610007516374965,0.008250831740577688,0.00496939761623537,0.10577472522280683,0.019439492322559863,0.02451626844196285,0.0497712861591324,0.027819176205304413,0.014006228283045204,0.00642972189412649,0.012807902931386235,0.06957586384623644,0.014312250832170087,0.3592956207451949,0.05757543348008161,0.07703640115966928,0.027797702566305163,0.35186942553419953,1.0
2017-02-14,0.01992231215447585,0.07479957912269648,0.04119645093929484,0.021329750997304657,0.021860212824760392,0.02366122192798736,0.006442560039647977,0.00835479442343194,0.005026565767985639,0.10671720269511982,0.019695582381670178,0.02480342835981339,0.049777974279946784,0.028088879015506395,0.014010215225662101,0.006836129444460469,0.012701169589622075,0.06978584671185754,0.014440147448929448,0.3578016526028932,0.057260073038661485,0.07705832484426231,0.027622583118198527,0.35098263358830695,1.0
2017-02-15,0.020236246035968925,0.07442801149302969,0.04127274619559434,0.021781418750665107,0.021772907098010004,0.02438650675747579,0.006512716824518464,0.008504841970841759,0.005061189741406832,0.10664679919123125,0.019789295307012875,0.024922847291688838,0.04988826093434075,0.02773651335532617,0.014264125997658828,0.007176758965627328,0.012838139831861233,0.06993295434713206,0.01442055932744493,0.3587102317760988,0.05680110758752793,0.07733531680323508,0.02746834053421305,0.34861337873789505,1.0
2017-02-16,0.02001090719247293,0.07395983680474573,0.041193413141763016,0.021655406237168558,0.02147221079519351,0.024002863257846747,0.006484266574093494,0.008426990756888034,0.005065566988565811,0.10627039863406137,0.019644516308522837,0.02476120675440521,0.05030632129024263,0.02780310444112185,0.014323326920943277,0.006910302059627458,0.012998355661996879,0.06972077437219454,0.01441599100981746,0.35963396078313276,0.0570206447003684,0.077295692453871,0.027487835736380587,0.3511217453764584,1.0
2017-02-17,0.019951854299904377,0.07290018561697899,0.04108610286649018,0.02178924527358988,0.021393695402543933,0.02437945616010486,0.006558465003294085,0.008255499722045277,0.0050060397593236945,0.10649212064313217,0.019628610442214787,0.024706954088284914,0.05055377152075226,0.02781180415090371,0.014299324698591577,0.006822165059098711,0.012985080616668832,0.06703924909383194,0.014431174939154882,0.35942685254494083,0.05679324418491531,0.07684292211596706,0.027484307924011592,0.35219637880590066,1.0
2017-02-21,0.01978963351148108,0.07351884373830196,0.040843334169845896,0.021649798989179955,0.021265082772330315,0.024461187573226687,0.006544403337178462,0.00827774013836914,0.004959034311699183,0.10643533278075148,0.019683942243115794,0.02462606552911146,0.05058807038142042,0.02768265827853073,0.014213361346998485,0.0069333472047627106,0.012970432453787805,0.06788339080501092,0.014447995962769418,0.36207292036058975,0.056532146045988836,0.0762076300282799,0.027264118741978833,0.3515967895800355,1.0
2017-02-22,0.01960369332701977,0.07319643139242205,0.04115844507885735,0.021554751751837586,0.02122463859148161,0.02450884888963115,0.006496474364631983,0.008316333632900226,0.004951710102032196,0.10653794565621574,0.019688337944148527,0.024699299701393933,0.050583621926475024,0.027632235684905315,0.014216063446774485,0.006919697450275762,0.012954859074779113,0.06795693382438295,0.014507029318154582,0.36211389795932614,0.05760912430171555,0.07666685942503176,0.0272386382152566,0.3515968148616554,1.0
2017-02-23,0.019502412143682313,0.07280619072786508,0.04056586468735389,0.021355353746719968,0.0209619206971993,0.024223603661380308,0.006485292649310958,0.00833823298321111,0.004856566184872133,0.10626488411943931,0.019705475836626855,0.024743951730514233,0.05148467684052613,0.027857567383336022,0.014408941560392945,0.007014099942959926,0.01291982022147745,0.06878725529613292,0.014439611960378752,0.3605154309058637,0.057263484637705406,0.07684627337479318,0.02733722312161461,0.3516907011351372,1.0
2017-02-24,0.019549366495583965,0.07331012720974124,0.04097848149986636,0.021315061260433487,0.021120750775711954,0.024728175430618567,0.00628975958100702,0.008080798824372378,0.004743720624224904,0.10448435662193713,0.019232555233948286,0.024419812469293176,0.051842996121307605,0.027946979116082116,0.0144719375866878,0.006834674951020388,0.012925899474735715,0.06887899158492179,0.01443180942745899,0.3570420634891053,0.057211890546078566,0.07660496559799734,0.027296459569775174,0.35002998479194425,1.0
2017-02-27,0.01954636565038506,0.0731300782782994,0.04128705390864015,0.021284945247388967,0.020888279354362275,0.02465660934697753,0.006367760312269227,0.00826247494461441,0.004722017090410381,0.1052136309737314,0.019343812638463975,0.024500475155607132,0.05165101888384851,0.027787740478953476,0.01446566051271231,0.007051376305517459,0.012798818440763794,0.06978795442557233,0.014445615782255512,0.35811373140626646,0.057563035763266164,0.07570418567359426,0.02710412617364701,0.34994409916657876,1.0
2017-02-28,0.019613817289721974,0.07365758486121474,0.041385322819138926,0.021124199226738978,0.020582662419972957,0.024453809216529416,0.0063842212363607286,0.008330372599613252,0.004734223700124357,0.10494830398430748,0.019321893379466666,0.02448765616598941,0.0517041531419101,0.02786803657996984,0.014435362637535244,0.0060838370695074405,0.012869980782643696,0.06996835917763045,0.014489305710834014,0.35751637992852237,0.05734375756705,0.07607758167077103,0.02706842112010334,0.3482806431038689,1.0
2017-03-01,0.0196539177475846,0.07358219914760922,0.0418370922851995,0.021298352155560082,0.02061804153829931,0.02457470156363769,0.006586086686279145,0.008622848601934546,0.004737140930878853,0.10547338482840364,0.019537054776350662,0.024929465004528095,0.051695355104475385,0.027634017294832412,0.014365848578552269,0.005672048039704283,0.012750630017727579,0.07009299184194505,0.01458601085529576,0.3560493626295619,0.05735488081472159,0.07594033287770788,0.027103959605775736,0.3486034840295898,1.0
2017-03-02,0.019194600363227492,0.07153892640392467,0.04045476093045583,0.02097467615873948,0.02063461560820683,0.024169578275184348,0.00647376927224844,0.008484751654887917,0.004689494343126788,0.10540236709099576,0.01942970398481767,0.024648183365754646,0.05190350685517294,0.027742327267037313,0.014488311584809023,0.0057726541824524025,0.013610868149076255,0.07024165525242204,0.014584874024996712,0.35639736044829134,0.05741586597301234,0.07579180027530749,0.0268732804192063,0.34872289254063343,1.0
2017-03-03,0.019646512849272383,0.0723840979602624,0.0415170017214873,0.021035448713809,0.020959917481154812,0.02469871349753706,0.006629963755200846,0.008119607510325089,0.004754271477621873,0.10611718527992267,0.019650709868100198,0.024711301197076842,0.051944507587739025,0.027938164562101256,0.01448521195123628,0.005480210547020446,0.013604013397701514,0.07057973947689183,0.014663549583891999,0.3566249132544249,0.05755899462284636,0.07555221481100023,0.02696045387795281,0.34789686473868997,1.0
2017-03-06,0.01907540484170534,0.07104335678645816,0.04068100357419486,0.020565735329966032,0.020839384657361064,0.0242326262973149,0.006390744628257393,0.007834767056825738,0.004664654181890113,0.10609562067282098,0.019605861484713227,0.02467467385065286,0.05208162131561116,0.02798371553563989,0.0144612691172037,0.005224581082784865,0.013602435133711527,0.07102230563997287,0.014665453408076526,0.35642083095308447,0.05785349894819773,0.07597744989804718,0.02705751897798872,0.3484934633537878,1.0
2017-03-07,0.01893269352842995,0.06808422906911975,0.04016230743136345,0.020114930882286112,0.020288044270926973,0.023995205421187802,0.006367194879766361,0.007798546622154497,0.004661394659988105,0.1059369467592978,0.01956181376087303,0.024615878986948538,0.05228446649176779,0.02785014376009246,0.014351522990560237,0.004944287270693905,0.013561955780563703,0.07106093616487157,0.014727305290016283,0.357213152488318,0.05797187507251366,0.07616144855757498,0.02719146969438617,0.35125549870770373,1.0
2017-03-08,0.018997198190396858,0.06794386933400934,0.040288109846787615,0.020173678322911563,0.020651888468390663,0.0239866611142427,0.006390236111945392,0.00781640096671492,0.0047440097228415795,0.10590017990757586,0.019631989857146398,0.02463414819113279,0.05251842971602324,0.027846195717663252,0.01435052361298465,0.005027550000656375,0.013499902779540263,0.07105858086872154,0.014706006946364395,0.35992687504699045,0.058282339319692414,0.0759422417958869,0.027503406101646276,0.35352394098573786,1.0
2017-03-09,0.018322360153532273,0.06721299231504475,0.040078310567108415,0.019979955626459465,0.020550810655788756,0.023832176065337798,0.006452785668989871,0.00805541025828777,0.004752903729976813,0.10579016209032675,0.019738927590330746,0.024821659582076744,0.05325873759180323,0.027861994841216053,0.014398253314306648,0.004892446277209228,0.0134721990738403,0.07104406867516776,0.01466042373776589,0.36069634178560683,0.05845564371855099,0.07492165921770155,0.02737148333630874,0.35464103798813407,1.0
2017-03-10,0.018502908280668882,0.06760515357611689,0.04071904114032453,0.020193036340336524,0.02031526553532158,0.023552220640597817,0.006490769351725788,0.008273623109325187,0.004745848240287816,0.10468683922308429,0.019594537671640946,0.024804010608280774,0.05319480476561963,0.027648990681277467,0.014376633057021816,0.005158897199034003,0.01350417250130283,0.07164291873008259,0.014661130642842956,0.3592935963876033,0.05849700213575563,0.07495152771421659,0.027366600909581523,0.3554117698599202,1.0
2017-03-13,0.017851499921083265,0.06680093067838523,0.040691478375565256,0.019949693309180696,0.020560613614774063,0.02295794876943063,0.006463111051511172,0.008266378441574983,0.004723042691488933,0.10455577994755258,0.019490450085833423,0.02473172263277815,0.05337333168223177,0.027027939170838577,0.014371364043686904,0.005102234343794021,0.013650900325631295,0.07171357088132294,0.014662076801139356,0.36005933820175556,0.05881684104104472,0.07434684624455272,0.027263879379411788,0.35624633483092,1.0
2017-03-14,0.017421632185698272,0.06523071981919097,0.03995011602762928,0.019564987617021874,0.020292122426732333,0.02235515529620267,0.0064300662939708085,0.008142214123726349,0.004658733107137298,0.10472426224671366,0.019526939887471752,0.024840939025219732,0.0537107128165148,0.02714071247749684,0.014466592702810479,0.004603775275564898,0.013688728009785737,0.0714705453516484,0.014689594673229254,0.3604092441861181,0.058897888302858456,0.07428607860661517,0.02722949347238165,0.357488009688183,1.0
2017-03-15,0.017645875008821366,0.06686902028764571,0.03997887047961702,0.0197840062727585,0.02085726494865438,0.022760621807431384,0.006426972294731089,0.008078783830363215,0.0046410034770171665,0.10346041855621434,0.01922222223479947,0.024613668427703194,0.054065387613654745,0.027124924213188815,0.014518333789530978,0.004615848986626829,0.013151606478322671,0.07201730556829317,0.014721666339427708,0.35760041564609135,0.058576423708206135,0.07370684842026928,0.027145887546238617,0.35518140934245573,1.0
2017-03-16,0.017691423909622403,0.06590716505183478,0.039531701628975256,0.01990862538918995,0.020240366244834024,0.022738918047709063,0.006546624547932321,0.008230522202660264,0.00477034348072554,0.10423368517218635,0.01945510765868849,0.024909927401112593,0.05394351733507106,0.0269507609676906,0.01445800405293841,0.004703155544377293,0.01326121893673526,0.0719330856126158,0.014769798489979096,0.358372046850788,0.05878524715831741,0.07442743858939367,0.027143925864767205,0.35642361601322053,1.0
2017-03-17,0.017542310942920216,0.06727635866708714,0.03925575570272259,0.019556395669084414,0.020981815200252288,0.022360979711973088,0.006496373383790602,0.008001682329443918,0.00478082623777988,0.10257121917376222,0.018929885419951647,0.024669398927783033,0.05384631472721539,0.026868496583622413,0.014430778934090192,0.00463786397561232,0.013337537685272785,0.07135498664984757,0.01471565268579838,0.35837695700620203,0.058799535793125204,0.07385682497634816,0.027276359928518866,0.35829706506885317,1.0
2017-03-20,0.01756921364479315,0.0673486532179092,0.039949947190631635,0.019739031280122315,0.020644878847721475,0.022519771327665136,0.006416765405118327,0.0077439357668620794,0.004714616210326598,0.10201940701106936,0.018786839751426542,0.024280905890593212,0.05395897507228247,0.027011085787189845,0.014485121539378431,0.004482887978362378,0.01332226713897616,0.07078244176361648,0.014900126157947502,0.3610620658659262,0.05896008953550817,0.0740266357471434,0.02735657109352154,0.35745134101804066,1.0
2017-03-21,0.01724387917130503,0.0670002822757461,0.0392957398887745,0.019419629359650265,0.019901708006743048,0.02213291719240521,0.00638219804965659,0.007286627185035731,0.004816511763410621,0.099401881388368,0.0181995032619218,0.023826587453805108,0.054287078998582955,0.027265125491547637,0.014611649946573409,0.004573339778898305,0.013400056199178709,0.07154375626877112,0.014914547956804568,0.3597238951909634,0.05909079010340535,0.0741802559348448,0.0273931103199366,0.35428879229453,1.0
2017-03-22,0.017181544781407182,0.0675551948349782,0.039566522573935836,0.01947667736351942,0.020140944021335882,0.02233813796102483,0.006370159173981903,0.007260107456298948,0.004760586869326048,0.09839256182641126,0.017973556976177606,0.02356022191422039,0.05376312232936319,0.027039111467102327,0.014677766918269745,0.00456045486319159,0.013434392751936487,0.07112350805214158,0.015054610801880357,0.36111478451515866,0.05943920411868297,0.07442355708946509,0.027690604593174063,0.35325003483542405,1.0
2017-03-23,0.01765162265699896,0.06864993677528497,0.04009019956159431,0.019574075757211953,0.020311515453012456,0.02232348372121258,0.006210677182141387,0.0072081366609478975,0.004786952968802181,0.09885078938054391,0.018154615043747546,0.02355112658293148,0.05366673093019596,0.026974031974964296,0.014616618173390895,0.004629235017025083,0.01352538002672246,0.07045729498705626,0.015017306597586896,0.36120821287964,0.059476717983082406,0.07451960387485915,0.027651794607930224,0.3485055289057425,1.0
2017-03-24,0.017803053078977234,0.06932653068137552,0.040401367677210274,0.019624740992881688,0.020669972189779538,0.02244473137522275,0.006258585877512486,0.007180095454569538,0.004803795295214083,0.09744537323224066,0.01811448875941338,0.023818463671349273,0.05353288171002211,0.026954155128918807,0.014505243342564726,0.004586216645075612,0.013613597501801189,0.07039309269185823,0.015000128115428698,0.3607581942743385,0.05987252331395766,0.07416019056613274,0.02772208105634076,0.34745603629259664,1.0
2017-03-27,0.017825494826744413,0.0685431668089637,0.040570721787237085,0.01968747571842301,0.020925951237627548,0.02258294535452441,0.006380279826329705,0.007238671314362004,0.004834321796121303,0.09629353880319295,0.017757165190050123,0.02365486567604569,0.053724178132069374,0.026985935464892523,0.014596918638818564,0.004616521079158241,0.013768422648020705,0.07029411631161638,0.015041061704391706,0.3616431463985596,0.059925094370317476,0.07421025776053763,0.027801620075870427,0.34998013281648294,1.0
2017-03-28,0.018061790310144817,0.06836769540484137,0.040842544093542696,0.019728054566322935,0.020351313980976036,0.022975785089120362,0.006397944332769342,0.007368871179959366,0.004820717499243698,0.09723264324916381,0.018015153578214576,0.023726239792168854,0.05327804575530635,0.02685525474072963,0.014483351783127945,0.0045281673607671675,0.013580261801236424,0.07010603935129732,0.015242286624320886,0.3629317659940726,0.060104211837220686,0.07398974377215746,0.02768202729519249,0.34805834015188564,1.0
2017-03-29,0.017771152405511272,0.06778534469973502,0.039938507271012336,0.01946102217029117,0.019799842582399776,0.022650172862176254,0.006314773324140763,0.007382058956389905,0.004773138522003111,0.09675452360534119,0.018126914282927654,0.023577694052674018,0.052906872637298284,0.02695319705121025,0.014539649956223945,0.004735021177994214,0.013612126648095963,0.06922109756721079,0.015259642961369438,0.37029729422978974,0.060415987712947,0.07366812103491555,0.027728250559776593,0.35212377725855076,1.0
2017-03-30,0.0179640718310008,0.06813594333757564,0.03955136342257779,0.019539200378025548,0.019720784032699234,0.02273168781991606,0.006368081731156803,0.007288666490700691,0.0048140670911928085,0.09764110505611125,0.018339906471096814,0.023749398494457695,0.05264224761792666,0.026794084364057086,0.014505543417047262,0.004678935383369853,0.013614520407735992,0.06967306609177516,0.01519492627023781,0.37006663900664183,0.06013783453623124,0.07341874642884638,0.02774845120598354,0.3511312970462123,1.0
2017-03-31,0.01790309453476914,0.06782437274281625,0.03903128687779649,0.019452156651703353,0.019659545595807723,0.022753436149797544,0.006280896670848007,0.007262815826937453,0.004757229014847143,0.09722692651671838,0.018131645106410285,0.023557594925835583,0.052714669757197394,0.026892734551656267,0.014479074718922754,0.004668348401580425,0.013556409305011117,0.06941575684510097,0.015200701496927415,0.3752200806195327,0.060121387529423816,0.07370319002564524,0.027874653707745715,0.3511038160179838,1.0
2017-04-03,0.017996133445396998,0.06780874965357125,0.03915907800189972,0.019636769883486907,0.02005222788972713,0.02289260737712204,0.006189482735295959,0.00707975122389899,0.00470570262751953,0.09706465824655766,0.01810635626267176,0.023524274613735494,0.052860727030343745,0.02690729283552858,0.014515609673664321,0.004438622208119774,0.013612623069851778,0.0701997548890224,0.015229942539453738,0.37794423392044707,0.0603177806430429,0.07397703680199622,0.027789083004595778,0.3554925118773037,1.0
2017-04-04,0.017329335098036358,0.06677513892118002,0.03822622380004224,0.01911311211187117,0.019680870251134068,0.02248576451543424,0.006147888507988521,0.007054606730393443,0.004601383128653021,0.09713748370792598,0.01801149057055927,0.023388246160499993,0.05282692895768497,0.026976984769665896,0.014549861568871525,0.0043090300569430225,0.013621959188670433,0.06989780656862542,0.015334766435097385,0.3842239724475076,0.060051014034849005,0.07394414383223369,0.027849809102257133,0.35360739870070296,1.0
2017-04-05,0.01755668495304939,0.0670860023745571,0.03827110855533875,0.019158929402999444,0.019507428103386803,0.02267366459593683,0.006111477209231979,0.007012473849257833,0.004589982883150582,0.09675514088314749,0.017739434696543613,0.02336641286255731,0.05303980348029086,0.02701714924832245,0.014530695387494028,0.004037484943512085,0.013608449251711263,0.07028198578117567,0.01530206836090922,0.3864425712130245,0.060286027732852535,0.0734737281286099,0.027862895244387623,0.35334792082876737,1.0
2017-04-06,0.017696788184453756,0.06685076359539495,0.03793441345640666,0.019198383955810562,0.019533486545153897,0.022642726470282912,0.006137883961916632,0.007041387267990054,0.004564176325516444,0.09698450469348546,0.017853734343957914,0.023486843734170003,0.053043704758211935,0.026825141259666598,0.014468778720031807,0.004084852975346037,0.013586483563393623,0.07013391221228474,0.01523442354043675,0.3810323830897793,0.05988148352646876,0.07314983212293512,0.02788134977404506,0.3511701040138881,1.0
2017-04-07,0.01774964564718231,0.06595090867822859,0.037855437192167385,0.019176068864096264,0.01942229775021031,0.023153926529371975,0.006121738438426943,0.006987781454560959,0.004533992130540898,0.09674214881812926,0.017809080000953447,0.023281285434350457,0.053032423958725164,0.026800648664329497,0.014476509605192917,0.004071253233322773,0.013551032659818864,0.07048065464872363,0.015213071485387732,0.37990439142775273,0.05976548760332917,0.07307878284806349,0.027883202540629794,0.3500980536718442,1.0
2017-04-10,0.017953809491055014,0.06705103128361704,0.03777427256704508,0.019078044205258826,0.020427125777455524,0.023002258236266834,0.006159955430295812,0.006987221747728417,0.0045436034888752174,0.0971041454738604,0.017779871355626548,0.023138014829771972,0.05274991966688427,0.026536171212468845,0.01444110805834882,0.004178757643830148,0.01343566036346201,0.07020312671938907,0.01518458710322747,0.3848020549570588,0.0598347156177158,0.07262977625253283,0.02780040448948548,0.3498829145198868,1.0
2017-04-11,0.018663596197926617,0.06570282358360514,0.03774354226199444,0.01924139063208952,0.02078783887922944,0.02339216083135524,0.006202788629404247,0.006933528111772419,0.004575618735526284,0.09675500777222373,0.017665202987411362,0.023009796723872194,0.05277468559913591,0.026587022248883225,0.014415110835320967,0.004057303521288395,0.013624892557876316,0.07045263361778656,0.01504282497249449,0.38336631880735533,0.05944480634388116,0.07247066416502423,0.027819083428887396,0.3497990321337712,1.0
2017-04-12,0.018746828380712573,0.06612137995430731,0.03780923378140409,0.01921166103311952,0.02074688942134242,0.023672348261875486,0.006123850356480502,0.006904257896606524,0.004554507089638702,0.09627153328520009,0.017514382600324112,0.02265312846882966,0.05347707847843702,0.02688779657745441,0.014465250128420468,0.004093938956978608,0.013744547144106308,0.07060338807598965,0.015117722929044859,0.3821990447431416,0.059524167479474185,0.07277829570559637,0.0278174635880762,0.35153289475772703,1.0
2017-04-13,0.01861353782265113,0.0652869345409132,0.03706820834124485,0.018905515329384594,0.020760428097323248,0.023319522592866574,0.006067111916223398,0.00680993595125995,0.0045084695768114426,0.09588871023360175,0.01747139262590362,0.022048562262126516,0.05366796222749743,0.026883360448822283,0.014547328930556309,0.0040705039607783315,0.013705747513506786,0.07083020694762882,0.015140944091503149,0.37985787655940917,0.05985100664793117,0.0727924612236547,0.027888103379856612,0.35361859006303736,1.0
2017-04-17,0.0188292088206129,0.06562338744567546,0.03699856689840159,0.018880293319822848,0.020689566154722346,0.023294920314111393,0.00609192806292043,0.006862465860671236,0.004550853318841327,0.09632142648894033,0.017662760832594323,0.022443497803570453,0.05352041943831478,0.02673466640527428,0.01447418267919599,0.004035742699964059,0.013673845093576251,0.07117040467613844,0.015094656833752702,0.383987290884299,0.0602040848689274,0.072839198331045,0.02787557427224416,0.3563926843376883,1.0
2017-04-18,0.01870471742411091,0.06713802209092486,0.036944057134433744,0.018960887510702528,0.020707116511350435,0.023234664724401187,0.006058432645279642,0.006814135660229957,0.004521409564024765,0.09204633331656854,0.017594644344858454,0.022393572819122614,0.052011153266241436,0.02658622979715034,0.01444801696379585,0.003821210160341987,0.01355142016639717,0.0719796430890743,0.015071364786465027,0.3858696569306118,0.06018299563690253,0.07260299432735033,0.02791831604062038,0.3572810182263523,1.0
2017-04-19,0.018989210998840315,0.06832266487431105,0.03728984843215343,0.019280036739776348,0.021598088113631973,0.023372981358537895,0.006085956313999663,0.006877173403310933,0.004520629531902772,0.09156306134366568,0.017979874176142104,0.022303769075684824,0.051908119191005485,0.02679018253148156,0.014374490358361558,0.0038577179165338693,0.013600379810206112,0.07238567154915271,0.015041677539807135,0.3845742790288105,0.060846734303342045,0.06915237446117485,0.02781662717839033,0.35848978045317614,1.0
2017-04-20,0.0191948516498799,0.06827713256911011,0.037511036275395954,0.019496229915585,0.022030358624239525,0.02374949016488593,0.006171895993307335,0.0070250943959656404,0.004516435582447734,0.09256145996951895,0.018040273708085402,0.02270952102076633,0.051731016727651506,0.02655103770354043,0.014321855788031737,0.003769356012418786,0.013477145652510859,0.07281478648477775,0.015115627406710467,0.38290374741258754,0.06103979796102358,0.06889262298689605,0.027803245361872796,0.3572611011618035,1.0
2017-04-21,0.01922348336059059,0.06903848446294342,0.037940300013402234,0.019385274405618103,0.022672213590410228,0.023685544877121777,0.006152365941435264,0.007025192943507395,0.004496123483844733,0.09233232416692161,0.01779715503111613,0.02256577127308436,0.051841667081930075,0.026350859651423014,0.014322877793599748,0.0036232964817726017,0.01345430890998992,0.07287466983706045,0.01514354891172074,0.38256647389456333,0.0611745256331389,0.06828487753973823,0.02827108033328951,0.35900439103553855,1.0
2017-04-24,0.01956068526291395,0.06951962168056901,0.0381947238982722,0.019716531361632615,0.0231030053973399,0.023793780650670976,0.006347535169243075,0.0077375067953902085,0.004709053960991212,0.0940210223507614,0.01834762032646075,0.022597563007628486,0.05176168484411057,0.02617357857128265,0.014211403404467927,0.0036223492007624713,0.013482719845547478,0.0725859819781506,0.015125413930160503,0.38220416168144716,0.06127245835549603,0.06770844581657759,0.028443864872690756,0.36339744565968857,1.0
2017-04-25,0.019513440416000047,0.06859637976069236,0.03827330284339285,0.01956367841827942,0.022628221676531658,0.023900928758818153,0.006401212133864591,0.007740903358741418,0.004751717313234998,0.09487944656009112,0.01853379078915536,0.022841735802803416,0.05167440246454588,0.026082113115667226,0.014133741585143515,0.0037762546401215575,0.013568560186955618,0.0728624535624139,0.015126997869644367,0.37997829463257815,0.06132855444708206,0.06714783569321972,0.02843494541070365,0.3651914498074256,1.0
2017-04-26,0.01943496322532962,0.0626819397563991,0.03696412566179068,0.019422396260318504,0.022764874286573054,0.023849714200773208,0.006576054083740664,0.007891264900488797,0.004800100624182677,0.0947454403830558,0.018584682364300588,0.0228444583632656,0.05173302248630049,0.02626233105901871,0.014178306852389383,0.003891181047003234,0.013487194144745446,0.0730402766880871,0.01504534073476793,0.38086242504021395,0.06138767346247922,0.06704224226060017,0.028411067621161617,0.3651301589107113,1.0
2017-04-27,0.01841114867977119,0.06118211162077461,0.03555386215036306,0.019147930364598262,0.022773227035057984,0.023338370597936423,0.006430087397027865,0.007598052490628629,0.004818379292955125,0.09452981915772704,0.018226953886502643,0.022789970798444633,0.051800716253128466,0.026197583474360586,0.014174659224834041,0.003926707017195402,0.013705799104092907,0.07310456994097742,0.015048538661750287,0.38445727186412026,0.06183098237309592,0.0671140401368567,0.028579560371408214,0.3659833272689851,1.0
2017-04-28,0.017876017060617748,0.06098481544679806,0.03568911909603508,0.019058803763896227,0.02277493503731726,0.02358023746138396,0.006400469890790632,0.007579062314979471,0.004534015695900834,0.09386796728442681,0.01819058799234075,0.022581998618621733,0.05178676433921292,0.026142942404581905,0.014226993833203043,0.003879708157916995,0.013715293042550692,0.07334955481676378,0.015062703941813813,0.38796661731833076,0.06301904332184093,0.06723009659184412,0.028714034228247493,0.37998491763243897,1.0
2017-05-01,0.017619006010776372,0.0605443976659578,0.035346872183887476,0.019009098624264784,0.02258900538788927,0.023564581595492514,0.006414523746579052,0.0076287608517066965,0.00458479340894521,0.09414528086850146,0.018314052317520577,0.022802542873640436,0.05164277632147293,0.026118668258885445,0.01414377322094756,0.004044667062137967,0.013754379389430442,0.07310128428571422,0.015343356572675548,0.39702635273682635,0.06383540047683475,0.06650671842353276,0.029062148753795498,0.3820954295246287,1.0
2017-05-02,0.018346667293015574,0.06118344064717622,0.03617057792683292,0.020002761643971533,0.023264762779163128,0.024393917581236622,0.006423633828227787,0.007640611330841255,0.004512435482199077,0.09414638120393687,0.018129200104583784,0.022808918972342274,0.05173199773964035,0.02622147444358829,0.014055881470727196,0.004311696925066959,0.01388023439682594,0.07282627528801777,0.015422366541460703,0.39601535352534434,0.06389340949563851,0.06653647009198203,0.02898163044056557,0.38326009104090764,1.0
2017-05-03,0.0183909586796959,0.06260128524173741,0.0362626834564006,0.020229218412238258,0.02319806908090183,0.024353784278658513,0.006465309994196827,0.007734084788050869,0.004522367094386382,0.09476452667461555,0.01820671493184443,0.022967761674292486,0.051642920629204316,0.026644279883164125,0.014015151034396232,0.004103629400461717,0.014010962819981598,0.07224899877859785,0.015394890898402616,0.3940447442573206,0.06356438319397723,0.06642436248095808,0.02892640073379124,0.38818658256369215,1.0
2017-05-04,0.01837607537600794,0.06147677892232098,0.03575194988322383,0.02035555199072992,0.022828852047031604,0.024414945056622714,0.00647410353146989,0.007859319379127863,0.004557400611357925,0.09482657358108262,0.018112423682476616,0.023092503740562927,0.05187234087287538,0.02652415567541468,0.0139986276407092,0.004117981819629199,0.0141869503985156,0.0728263427564838,0.015330484655240511,0.39235077385959716,0.06312983558932476,0.06656148585020016,0.028796577314300967,0.389894190131121,1.0
2017-05-05,0.01855132029746238,0.061455678389535466,0.03552717537873294,0.02029767148130939,0.022423299445040543,0.024340534512592958,0.006572777673254033,0.008064885730974355,0.004459652574750676,0.09455713619957223,0.017955312321454607,0.022969295126557227,0.05147772882493095,0.02666205417443489,0.013954127869406786,0.00419707489978872,0.014262552856786985,0.07257146579601166,0.0155212589535533,0.3893443513771034,0.06261852571297238,0.06462328458822898,0.028758507257738004,0.38641847793708944,1.0
2017-05-08,0.01872983903816451,0.060849055639098225,0.0348131613471563,0.02022189164115785,0.02213071734752058,0.023956189850242234,0.006172428178185238,0.00794788692491509,0.004417808149140008,0.09378673239463849,0.017929632695849355,0.022939260844007,0.051367439092594905,0.026677727213402662,0.013941102547786927,0.004046878974353725,0.014061967527132091,0.07270211909166031,0.015942660547846228,0.3955355234592504,0.06295793303523334,0.06377897892878183,0.028732424777106462,0.38939227365356716,1.0
2017-05-09,0.019641875211549097,0.06097408288803066,0.03513258754582624,0.020676535976490582,0.022445472001880254,0.024314537363171865,0.006174590925695515,0.007864259388470301,0.004443202253963326,0.09335313747707255,0.017868766330859508,0.02281261025790748,0.051403469039213064,0.02640472066634189,0.013926206167182919,0.0050272851793669564,0.014101430210399828,0.07227609208381389,0.016061237860577973,0.39751849790833355,0.06278056877029035,0.06346061026230647,0.028803632681392518,0.38890326474577985,1.0
2017-05-10,0.019711372714222863,0.0611552644179169,0.03466784714982648,0.020824045138797768,0.02227426878564172,0.02432458414254545,0.0061967889737269116,0.00792205503635162,0.00452153062306234,0.09371445429695043,0.01796110237888715,0.02280351707055317,0.05117872504840781,0.026645775439361787,0.01376462230029663,0.005284148230454421,0.013822964214185858,0.07225697605633626,0.015967045281207643,0.39545682387220044,0.0626304890036244,0.06303055361642201,0.028883620132846958,0.3870513680379934,1.0
2017-05-11,0.019436695906669223,0.06033978698987965,0.03493510134360058,0.02075224278928782,0.02221813965305885,0.024260370454620647,0.006160104393280332,0.007855698812033808,0.0044269224792387474,0.09386745983953665,0.017903977571513453,0.02244366253661653,0.051452531713343984,0.026908171258240802,0.013798634258582139,0.005763351906933464,0.01389886563039085,0.07238436180095444,0.016073695706865926,0.39575851487184993,0.06266183186759663,0.06291658914488513,0.028591236651109634,0.38865037291824894,1.0
2017-05-12,0.019168515570920794,0.060228368356008234,0.034961729652536494,0.02049019365428875,0.022292860924631046,0.023932411788605275,0.006144130077428895,0.007850600514182461,0.004446024691835886,0.0931950379075301,0.017871931804529388,0.02217575062663581,0.05171274585630896,0.026588315113829468,0.013806516103993718,0.005684052263598277,0.01411602383343943,0.07185997115825721,0.016322306913541376,0.40208708662199777,0.06287590788482955,0.06289263505938275,0.028600108663185683,0.3899033875153841,1.0
2017-05-15,0.0194312159407062,0.06037913304398205,0.035328349511169296,0.020609242981189633,0.022311763829464874,0.02415581494447225,0.006148223210030646,0.00792150939980409,0.004512304644328518,0.09370940949905097,0.018078357075939806,0.02219521066749046,0.0528613983172204,0.026436942706337164,0.013786672076370467,0.0058984646503814665,0.014107195561253581,0.07140180914477547,0.01620308614097628,0.3987686669068778,0.06251873095537909,0.06306819687275743,0.028484963727988973,0.39007292553658174,1.0
2017-05-16,0.019552875041186107,0.05994159908502406,0.035294316067163184,0.02062340913521055,0.022514548336978746,0.024272391412916615,0.006127456284262972,0.008026926077345172,0.004557061301824399,0.09397377120968486,0.018069956474424474,0.022185473109784727,0.05322264249204019,0.026571750000040195,0.013579541985864061,0.00586502953653451,0.01432100293544645,0.07003045002535754,0.016190272408469823,0.4024168412936862,0.062390917479908346,0.06401546151416312,0.028912764459586543,0.39280702080625307,1.0
2017-05-17,0.019057881082260916,0.05937556809973082,0.03487015480870651,0.020254303684138594,0.02193438367941981,0.024199946669410888,0.0060584718159312,0.007908256904095641,0.004531125979982158,0.09067343155177086,0.01738204456282725,0.022163485979074898,0.05374135944027042,0.026728552129108237,0.013673987859066006,0.005621481201756891,0.01443341814971845,0.07164100538491697,0.015936368878565525,0.40082646312352094,0.061454459305914935,0.06403397120232446,0.028629250442188572,0.39016049167186917,1.0
2017-05-18,0.018873747758542298,0.059411090375412826,0.03510136534244949,0.02014608685061483,0.021663595281032524,0.02421672966466241,0.006031990334835788,0.007896116289750002,0.004649747279831371,0.0909490584843188,0.01746191497996193,0.022141251560664953,0.053670765160903314,0.02700657718715264,0.013619532909628551,0.005693826896302597,0.014287404855323005,0.07247265065253151,0.016119827565170435,0.4051578385225544,0.06241651835808085,0.0637353536548388,0.028621307606148623,0.3932164420993511,1.0
2017-05-19,0.018986199686666413,0.05989343678665034,0.035507803449658884,0.020237391058074518,0.02151797241096155,0.024368841760979133,0.0060292309038323475,0.007994189584832785,0.004677272442109495,0.09043426450885922,0.017550267809955517,0.022277924636948138,0.053322585291553495,0.026778853831281074,0.013628748545206624,0.005676546087730734,0.014401296237619682,0.07246413214314076,0.01606605254219456,0.4030011945350748,0.06216489662694677,0.06381075826236188,0.028420518937247456,0.39215612930228133,1.0
2017-05-22,0.019302260889196742,0.0593979982673662,0.03562209099654898,0.020254635130411314,0.02084360263620519,0.02461132217265251,0.006010810218704855,0.007986566879252747,0.004653261003222522,0.09023316521805862,0.017401692405228923,0.02214267113772925,0.0531574510391939,0.026749985574473185,0.013416762905767179,0.005618165214842272,0.014381667535094381,0.07297349042218954,0.016080693009409338,0.40545608428119995,0.061920954612568364,0.06375886489036127,0.028592073762190175,0.39342193345567766,1.0
2017-05-23,0.019454474828198995,0.05978936077232934,0.03576521284415849,0.020259171279515414,0.02088875160702572,0.024866370752235606,0.005987275150727338,0.00802611745483992,0.0046614022413044316,0.0915769573898661,0.017686643448419453,0.022260488461703164,0.05316833629936801,0.026913553547442556,0.013400488673892862,0.005549486925917888,0.014301081593500874,0.07305643160847627,0.016031388268296747,0.4050750117143165,0.061736481440050346,0.06338756512380236,0.028635519314202898,0.39560212050306676,1.0
2017-05-24,0.019451920063448713,0.05999442953073501,0.03516068722719423,0.02032532208785158,0.020504161635152906,0.024779675781144202,0.00594745471257893,0.007877258615643331,0.004641510111355305,0.09309222379101059,0.017730069954174442,0.022080445502854224,0.0530321651955139,0.027004771642499998,0.013329784446902098,0.005377663596758431,0.014232301133699702,0.07302891952391018,0.015943753178969133,0.40773336256907977,0.06240252191910208,0.06342981038308665,0.02860184914277545,0.39717353029149505,1.0
2017-05-25,0.01988348107836348,0.06068147046406937,0.03584989236842299,0.02086896056052648,0.02101388306386811,0.025224940181735548,0.005933575257245911,0.007805156566579583,0.004558873941540647,0.09211741056616002,0.017651662187715873,0.02185443797235617,0.05280592090879245,0.026930896068726402,0.013316383829241345,0.00529591259875612,0.014231470736773671,0.07372457029681509,0.015928108881684007,0.41132554212915695,0.06292157275827742,0.06343501127769349,0.028827322205874813,0.40145418174260605,1.0
2017-05-26,0.020175344449535386,0.060414266332686165,0.03585532057928082,0.021028055720249114,0.020593421115665637,0.02511362448041391,0.005993823874469115,0.007641297149784253,0.00446225285682162,0.09252758595761446,0.017733108755680724,0.021694496495920323,0.05253702445856163,0.026872861460144146,0.013303970533951208,0.005310825988220908,0.014057337899388624,0.07347401503579198,0.015896258379785925,0.41219130604556264,0.06297240718177527,0.06312142490241124,0.02895910996298587,0.4021284465130952,1.0
2017-05-30,0.019876415095931688,0.05667430819522449,0.03556286854028224,0.02033229701449376,0.020535370489207058,0.024650733831458518,0.005864288562796537,0.007447438841637118,0.004417902196424812,0.09052140608886519,0.017522410923727846,0.021617052398266244,0.05267913251458349,0.02688869430115715,0.013315872606850975,0.0050727132161575705,0.014153036476896034,0.07318549073124285,0.015921647057331165,0.4130697159654256,0.06315196611451443,0.06288257810430843,0.029180535771283284,0.40444112734864507,1.0
2017-05-31,0.020072144877877476,0.05680404561597221,0.03609337475388699,0.020370677503042046,0.020772865487241724,0.02491500073769175,0.0058628409124806356,0.007247698666913827,0.004465544315941756,0.08759432403510993,0.017306576478969132,0.02120407909486696,0.0531760500018134,0.026996434064671504,0.013537607320945867,0.004996268245784417,0.014254913467745767,0.0726345424334138,0.01583464558591192,0.41239736909881786,0.06279957041331,0.06328468442617567,0.028957622763527858,0.40005803358369535,1.0
2017-06-01,0.02018468589627562,0.05639778428208799,0.036307745840778824,0.020513895455124633,0.020966560398909054,0.024814201104483895,0.005831131600027669,0.007263194971100095,0.004469025347657056,0.08847929260171426,0.01753454645789065,0.021431569893557104,0.052994574567426365,0.026855304155262445,0.013460572251642445,0.0051768267839342325,0.014065495983694122,0.07389940891991757,0.015758868945716046,0.40984584241504135,0.062356483099580876,0.06282560689583351,0.02884702282989953,0.3979119809894378,1.0
2017-06-02,0.020302819771227665,0.057152927186837996,0.03661641343220321,0.02098750653849605,0.021237601854740978,0.02474713694858888,0.005838290661193092,0.007240464401451545,0.004440216844151769,0.08745546132461497,0.01743287351923668,0.02124170259794275,0.05333180202841143,0.0268421977125423,0.013341150558533276,0.0051290039446296055,0.01409143568728342,0.0735485221821024,0.015933326192579065,0.41275156183828005,0.06297892094832595,0.06233933374643832,0.029421049826109383,0.39998849922338514,1.0
2017-06-05,0.02041788103897527,0.05716103378277521,0.036656951441902536,0.021095191877456263,0.021591886984932918,0.025035917879594454,0.005820778879998222,0.0071836128631853945,0.00445794489681105,0.08784122014349183,0.017606008486766214,0.021230655112432086,0.0535117588587692,0.02671072508614135,0.013279420671818387,0.00506547329895473,0.013386149865833632,0.07362997733437142,0.015796763865160355,0.4151471558292265,0.06306391314795638,0.06256311229785928,0.02967037317528157,0.40379292862702393,1.0
2017-06-06,0.020474781278363604,0.05688811012202023,0.03671794039344208,0.02108811826928691,0.02175496795540849,0.024739329803004233,0.005643531162832786,0.007133653906046109,0.004425088256779901,0.08830829574901432,0.0176756544484689,0.02132686762873069,0.0538543539985759,0.02662050685728183,0.013201170269295947,0.005170149628386563,0.013267032048001505,0.0744320455410753,0.01589429915254192,0.41287102526048747,0.06290211420170792,0.06272099307535926,0.029851849963387314,0.4019914855720154,1.0
2017-06-07,0.020903031981975725,0.05704563202441398,0.03768381845359025,0.021482529693577303,0.02439234923184912,0.024643054504388088,0.0056429143426978455,0.007175912511332121,0.004430489192591607,0.08868376192457587,0.017787715011584004,0.021408551209842006,0.053737148602166294,0.026328119556256024,0.013151730441830375,0.005001767483658614,0.013188719683698023,0.075297769572183,0.015963939891720808,0.41513026435755374,0.06293102810920045,0.062051506546894626,0.029751679797886576,0.40315807768476714,1.0
2017-06-08,0.02113165029680689,0.05647570036751227,0.03720123739071643,0.02171099361624103,0.023255908312968487,0.024307766509023828,0.0056660598404232355,0.007219192994650924,0.004363564576163507,0.08988449763311732,0.018119885977559463,0.02159594712680965,0.053640618503657214,0.025967729338709812,0.013045496731938921,0.005448292493401893,0.01310712899996383,0.07465311267140082,0.01592064244618268,0.4151015510011297,0.06356752411706292,0.06249512224254773,0.02956294332996898,0.40406524689535883,1.0
2017-06-09,0.020672185110662728,0.057612358425242864,0.03698129315699024,0.021798935575330435,0.02329578929507487,0.02445132496534356,0.005699552131167403,0.00726631213259221,0.0043507403714106154,0.09147246662741569,0.01846802930813334,0.022123802233568125,0.054088173601219085,0.02647865483595361,0.013475780904643278,0.005148513180535057,0.013163250528107096,0.07462054614852107,0.015316003854673724,0.40230366767989023,0.06151897785136771,0.06336948179005843,0.02891720821527358,0.3905920416767043,1.0
2017-06-12,0.02036725358188522,0.05882135033645667,0.036651177835455004,0.021507457551606764,0.02329802974939766,0.02428181749252054,0.005655740990604344,0.0071458274565234636,0.0042891427308658844,0.0913439232786007,0.018461424462672692,0.022264849358208803,0.054260539808708264,0.026504596559626833,0.0134601700180861,0.005207068670389006,0.013324332620823989,0.0737839572464213,0.014964662570117969,0.3971820150319527,0.06110176156890762,0.0638761169819356,0.028723260601792585,0.3881221481643828,1.0
2017-06-13,0.02026348639095963,0.0584752151410367,0.036433298678278415,0.021255146563810782,0.022394328602600364,0.02426291172259498,0.005691806274592983,0.0071588084899447905,0.004323150194165297,0.09187206261255061,0.018501444541503653,0.02231237273890527,0.05409879677026571,0.025926607846904107,0.013350544262768318,0.005105824779080531,0.013272685352214576,0.07419017588844337,0.015017312077490286,0.4019054392252206,0.061745236113248864,0.06320814383412293,0.028950764916026408,0.39068165866092874,1.0
2017-06-14,0.020259073546386976,0.05951795409299748,0.03657626208117922,0.021292742034535125,0.020058083761784855,0.024418357002949993,0.00562364656700976,0.007112620822169892,0.00430695032484336,0.09291117109957314,0.018421441817972884,0.022367428276834106,0.05446036303402421,0.025993470264606994,0.013408971601159917,0.005110914385480788,0.013220286568542999,0.07480147290908434,0.014885641104334844,0.4005340627426892,0.06163040821978237,0.0630906686524054,0.028823751086275426,0.38998820323024536,1.0
2017-06-15,0.020189438587844447,0.058849887067061984,0.03634592364005616,0.021196649411159618,0.01940422525211711,0.024711609631300317,0.005496493350091365,0.006902477849254103,0.004259062910018439,0.09177129308563366,0.018372347219079262,0.02215863893514669,0.05469360036056109,0.025977816701255048,0.013488403314359836,0.004982610276971379,0.013249961157325704,0.07415538503903868,0.014829636901883625,0.3963765070992673,0.06158374871601843,0.06340083844035778,0.028736342271082505,0.38738972608314187,1.0
2017-06-16,0.02005219693200801,0.05889485184706881,0.036471241630882466,0.0213714740539648,0.019049380378044625,0.024778580617019458,0.005564803051743911,0.0069128498766863064,0.00427429481079296,0.0911616657147497,0.018280830113852967,0.022148244526859408,0.05521649360344261,0.025880033510569955,0.013550336940974878,0.0052031319523691225,0.013484578559270368,0.07464809498613456,0.014617883168958982,0.4059388290002693,0.06191151596380352,0.06385961048773887,0.028769291995721848,0.3862400866578421,1.0
2017-06-19,0.02024080310638499,0.05973197253248348,0.036996730512367224,0.021402427117089604,0.019319655814020436,0.0248302393225809,0.005702151338266735,0.0070186590666763285,0.0042918980408826815,0.09216779918749202,0.018634908140650927,0.02210755539613226,0.054645280188454645,0.02595518207439783,0.013540062413107382,0.005490205756000923,0.013401482609318196,0.07459669483475219,0.014911594067786787,0.4056190028853705,0.06230792327162823,0.06311087136587676,0.02888573855964385,0.39021219429633075,1.0
2017-06-20,0.019708414926552387,0.0584317765088975,0.036679892301811276,0.02123896602999142,0.01901905083172859,0.024755543133276672,0.005650320199644942,0.0069141536212067745,0.004177215659577742,0.09236652947291196,0.018670266454890696,0.02193653683534484,0.05507523477463067,0.026478951113490773,0.013770860679041718,0.005395912173226652,0.01330307694784667,0.0752021935795359,0.014875688263421066,0.4072949513089483,0.06247358390674963,0.06358148859724207,0.028686558297636798,0.3900772635904192,1.0
2017-06-21,0.019884134928168946,0.0585684849927419,0.037292504961673655,0.0214607419511747,0.019666531134163997,0.025057376311831834,0.005686460226205655,0.006938713200207622,0.004146804930301597,0.09134877719572544,0.018438911823747,0.021752250020532535,0.05539064056774338,0.026876222434726493,0.013910272790635943,0.005616662519458004,0.013384735884576456,0.07592348113047143,0.014972634123660252,0.41149031904555156,0.06319156073365727,0.06314228724786615,0.028851086139789945,0.39392594456826996,1.0
2017-06-22,0.020115013760525775,0.058574658451427404,0.037387552680221814,0.021692339700143767,0.019264736906962416,0.025270075990963238,0.005672622715136579,0.00687615526802218,0.004074758677346478,0.0902731583487369,0.018324091599917845,0.02156089628260423,0.055884166358595194,0.027118503594167183,0.013990552885602792,0.0063668104333538715,0.01326761100842062,0.07660710618196755,0.014954816594783324,0.41129594906551653,0.06301088272745943,0.06342164469090161,0.028860136372971863,0.39313617868145406,1.0
2017-06-23,0.019944223443683327,0.05813476485723518,0.03757945911438564,0.021703644726457534,0.019234713143378195,0.025394740907869293,0.005635073503621949,0.006824426307510606,0.004117622851263782,0.08907435411366799,0.01791822094164261,0.02151088871179365,0.0559529140213703,0.027133659791842953,0.014013861015183041,0.006479924407367307,0.013435589280095202,0.075975063067392,0.014998154150469773,0.4116556493576973,0.06359759007657716,0.06320387068982912,0.02920477282080389,0.39600951794099726,1.0
2017-06-26,0.01999942504316772,0.05676343571118761,0.03725600350403709,0.021676293638973883,0.01922864070832425,0.02531702586577763,0.0057275927343305826,0.006920669980523085,0.00417372183503832,0.09037870821839793,0.018039662155371915,0.02168859463860224,0.05589835150238087,0.02702669302733619,0.013956139041102773,0.007002668854858006,0.013312451096013369,0.07589777654554858,0.014946270908031987,0.40752415973643935,0.0629707190519301,0.0636431064595394,0.02891675804042543,0.3904233963974831,1.0
2017-06-27,0.02004645915293824,0.05706007724128869,0.03675321871724433,0.02184030725033519,0.019323133307213664,0.025423869327923978,0.005889939029471544,0.007237391747792755,0.004290355587783483,0.09104812375593353,0.018277411212152334,0.02197257254783911,0.05580355360836899,0.027089586658351164,0.013958122177210814,0.006881928760750962,0.01346626142877621,0.07630054597754957,0.014851945844669983,0.4037315660361718,0.0622390898833476,0.06396267121478748,0.028606503462441164,0.38329243932132007,1.0
2017-06-28,0.020178720439934815,0.05617264352055606,0.03622336557988871,0.022059336212915545,0.018785670899767928,0.025406749525338418,0.005920457063087473,0.007338088996532641,0.004314353832132255,0.09145774612753238,0.01815879979488144,0.02226009993622537,0.05482876163498721,0.02669737065139156,0.013828057154270051,0.007026701635429077,0.013430628138930817,0.07608504213522302,0.014937374628201494,0.4057582244937846,0.06278552733216676,0.0636377461925222,0.028598472025250996,0.38533775806633686,1.0
2017-06-29,0.02050667438311652,0.05624664576438635,0.036822746540610234,0.02226309050332332,0.019093276825875343,0.025544489916799605,0.006087531635446151,0.007467868068738081,0.004397239416235373,0.09274290554382872,0.018494028559824523,0.023052444571463312,0.05481671351242673,0.026590072034927276,0.01389841785387547,0.007153779125732602,0.013150390810583605,0.07656734626267718,0.014844814947057871,0.40332686397611944,0.06242095964732282,0.06369798244460105,0.028305161543560324,0.3792990852525748,1.0
2017-06-30,0.020764130637095455,0.05595421778567026,0.03703872034010233,0.022175366096299103,0.019373528501108152,0.025641555187300893,0.006024568905039619,0.007340896359261899,0.004369875664682847,0.09156519204663548,0.018387314824187283,0.022864476919742825,0.05458836837504856,0.026446205275733804,0.013860634898649372,0.007138701098124418,0.013122005832581574,0.07651202426871975,0.014857165030857562,0.39943717123824324,0.06230064309483603,0.06347667443228647,0.028443392782491847,0.3749798890811832,1.0
2017-07-03,0.020745076715431077,0.05728671081104355,0.03714270448807249,0.022255981151761493,0.019431785297583028,0.025553620505664364,0.006093017294729057,0.007472179993198134,0.004405086827946008,0.09356898409817586,0.018777197628757403,0.022964087743714154,0.054713646075093776,0.02645933805764761,0.0139233678991714,0.006986384959360461,0.013145273123020189,0.0768420028042618,0.014769391584351685,0.3926126154580977,0.06110719691929141,0.06405078668243118,0.02806493086457063,0.36998612945197373,1.0
2017-07-05,0.02107262251727319,0.057491348038608794,0.037524561789957035,0.022334679441631998,0.01923914848252165,0.025964629147878126,0.006182837593161606,0.007658660783095954,0.0043781396520725475,0.09374562775696207,0.018976049421565142,0.022930762949715213,0.05493845809622869,0.026375723717327063,0.013829165588505244,0.007046132324730873,0.013056311300452967,0.07738824314578939,0.014808594482501755,0.3993356772862558,0.061803708711739735,0.06317264897443277,0.028398300086521205,0.3747975397662098,1.0
2017-07-06,0.02159975059653491,0.05695611577964519,0.03792924660234464,0.022562506069094303,0.019545595186222637,0.02629318435522357,0.006228861915136425,0.007838987031849777,0.004477642909015458,0.094072,0.01914306504824152,0.023056334059549745,0.05499325822180724,0.026185288100425357,0.013785662828094201,0.006888681398485321,0.013005498495694575,0.07757651291627762,0.014807552235709098,0.4005145824255628,0.06175744662309368,0.0632264761904762,0.028455233945430022,0.37625894885361555,1.0
2017-07-07,0.02186641836355093,0.056738060621557215,0.038714652781482777,0.02286840587298741,0.019916047614730138,0.026488755391861785,0.0062758230014910085,0.00785508685299479,0.00443266079277453,0.0928920761826591,0.01898828140228896,0.02298386246089059,0.05465161213448471,0.026043428434571095,0.013751556146391532,0.006692286945742383,0.01293512311646491,0.07750353057102569,0.014862813898626636,0.4035824299407076,0.062444852030055474,0.0630633628383496,0.028641173417065863,0.37877190672712524,1.0
2017-07-10,0.02169372607044214,0.05650008356245316,0.038287408742391664,0.022579436908747814,0.019671010631667533,0.02600693027954308,0.006257647151728374,0.007814849256790001,0.004416193381601591,0.09303666936904197,0.0189459647809929,0.022900764000301534,0.05419312057819678,0.025883343190150628,0.013763528067099733,0.006863225908347249,0.01287369805737404,0.07701561002255945,0.01493966870966309,0.41050411295661654,0.06323560485782129,0.06320264736687774,0.028828845717636144,0.38262689923854826,1.0
2017-07-11,0.021277823973705996,0.05776057369933308,0.03775257321293712,0.022378613478711954,0.019459664665318396,0.025483090401269157,0.006254303108444426,0.00786219909545387,0.004386670077379611,0.09356717677643726,0.018750540894663974,0.022691947880229685,0.054103636908632145,0.025701598930812496,0.013675360685464431,0.006831496539678586,0.012764220038440102,0.0766636548617226,0.014999814294197715,0.40986093477055857,0.06401487598321547,0.06315733063224838,0.028855547926922822,0.3834584671720013,1.0
2017-07-12,0.022019850199529314,0.05912206978409905,0.038731196971247314,0.022707459326716462,0.01911388560319247,0.02540878010846209,0.006213035915276783,0.00769876148572598,0.00440806303079914,0.09306865813977284,0.018401718612503837,0.02258057832804666,0.05412053453391998,0.025695282513046147,0.013596644223882126,0.006953852450629284,0.012896756369589686,0.07641051959480201,0.014912514478665711,0.4119553913844265,0.06503632211194106,0.06290801064156348,0.029121048603294793,0.3863010404174767,1.0
2017-07-13,0.021982735437243044,0.058030990090644684,0.038295141007741146,0.022264617339994953,0.01891471120325044,0.025336726007825452,0.006250433858750877,0.007733379931121183,0.004477434973327426,0.09412417801003914,0.018596062042505877,0.022713994120632748,0.05386811861864867,0.02569214242656267,0.013595714546980085,0.007063399194002387,0.012897137053644784,0.0757732318378678,0.015091938501786806,0.4087824616558209,0.06506170360081669,0.06276171143608278,0.029319844398120843,0.38693861208449454,1.0
2017-07-14,0.02204719309350179,0.05757806375405659,0.03766564722323578,0.022417221594886114,0.01878606278459817,0.025182269330473926,0.006217292072710259,0.007668942753996571,0.004448474511147825,0.09295441498530528,0.01837943805780221,0.022360294539759403,0.05391844121289292,0.025641755678378092,0.01359346461678901,0.007010210289962384,0.012987594180487753,0.07599815899841694,0.015150836507168091,0.4073607167382132,0.06504775795217477,0.06271779989413281,0.02959414720958539,0.3887291685034245,1.0
2017-07-17,0.02190603273662561,0.05823174086501633,0.03744398692490326,0.022219150344205327,0.01915303726073952,0.025268997171280488,0.006164757053127925,0.007640883324078546,0.004432444055349234,0.09322771577680229,0.018433275036134757,0.02224761558125803,0.05373829865318686,0.025460121719069684,0.013520987600033212,0.0070634456581523146,0.012988281427550328,0.07577852993660496,0.015204502641932459,0.41072896294964867,0.06495360286524375,0.06222093970153816,0.029827501155502582,0.38770465466968046,1.0
2017-07-18,0.0216003347498239,0.05846111319740264,0.03688109698559407,0.02192952018139459,0.018918071931661784,0.025022249492044374,0.006136689415784798,0.007518460542517799,0.004368835180111694,0.09075391398447183,0.01834504331734016,0.022270898930352154,0.05464498687438741,0.025363628241001936,0.013557613579289422,0.006973880157275969,0.012943944231307672,0.07593645391784941,0.015248250786771235,0.4163398126690699,0.06618683737691403,0.06258610397555357,0.029789361098483045,0.39234172909133713,1.0
2017-07-19,0.021266618701044026,0.058209333486808706,0.03648997471684876,0.021743611850449818,0.018857399469293705,0.02482385534322863,0.006136233905067751,0.007429774244987575,0.004337403807732344,0.09009106849415548,0.018845271312122838,0.022208477246916228,0.05465614158483847,0.02531297503287936,0.013590262039008162,0.0069729930739406264,0.012919237777979672,0.07647655499158337,0.015261760027804142,0.4150931804621708,0.0663505551410795,0.05963627021596914,0.029856537705173783,0.3924643101538035,1.0
2017-07-20,0.02116072733909141,0.05833956856157952,0.03602255948780263,0.021358832014628463,0.01871879355443647,0.024419334612200527,0.006173563363926744,0.0074632595628372185,0.004370413881077151,0.08987446983114639,0.01880369480740708,0.022187633502676034,0.05521438060421866,0.025446239158610735,0.013560007950207356,0.00711556746595355,0.01301825451814044,0.07742222555284685,0.015195374777971404,0.41589681270247786,0.06651842659419148,0.05969799548210061,0.030006671843104536,0.3914168643713948,1.0
2017-07-21,0.020994604407293886,0.05856325912463819,0.03569204081956628,0.021136158434520706,0.018321239812286817,0.024379786797863054,0.006098991224465263,0.007368939921138322,0.00430731144168137,0.08905012235476281,0.018842970898397655,0.021908643397301118,0.05472509883185758,0.025330227220639965,0.01354073118004622,0.007077741805579715,0.013051355889488997,0.07756396093693349,0.015193889849077586,0.41482444280854774,0.06650245917413028,0.059485387366865615,0.029843804280655372,0.39349008212360037,1.0
2017-07-24,0.020761890444204994,0.05860537637293388,0.03522800632414321,0.020863108710824915,0.01813831297341666,0.02421545851102281,0.006214801570463109,0.007558980151175652,0.004356434195321371,0.08833520281042541,0.01891162053039285,0.02197246131785231,0.05385216454809709,0.025332907769633664,0.013490370575102984,0.007101473990926678,0.013016669897067889,0.0772862192554333,0.01539428576535062,0.4206428525802847,0.06720892903562711,0.05910742099973401,0.029798656883158414,0.3969132729242636,1.0
2017-07-25,0.02043090325918126,0.05831345299708695,0.03517377009496114,0.020644859743109402,0.01784323111328757,0.02374522240584508,0.006200724518085352,0.007686315170902971,0.0044042906570515095,0.08945029629679696,0.019219824251742717,0.022227337120215105,0.05323903518546347,0.025174296038315565,0.013362237574685945,0.00714940267021921,0.012837437075155578,0.07686314524994166,0.015415017703373286,0.41978824046990837,0.06672237904612126,0.059015880839866315,0.029949984661341234,0.38379094230159105,1.0
2017-07-26,0.020586560173316292,0.05779250089480914,0.03540194373247898,0.020634990855091236,0.016909957777984486,0.02402101763493082,0.006194936503632191,0.007692213912983262,0.0044555113355113606,0.0896954161519384,0.019052960660686596,0.02216051878921457,0.05284865905966293,0.024941177181077065,0.013273710450132006,0.007171597502901892,0.012777308775569719,0.07698268000441957,0.015483306276985147,0.4248879123502189,0.06683670622550253,0.05866423298781185,0.029885020630538977,0.3825121005735083,1.0
2017-07-27,0.020198593198523997,0.053263692688338964,0.03554144580403841,0.020230911755585362,0.016764832354774915,0.022852688344810048,0.006160570925549819,0.007283613111359616,0.0043911741613591165,0.08947168681629443,0.0190230350743699,0.022101300273853094,0.052851639771201615,0.025728967612308,0.013331071511025836,0.006920037625842457,0.012769551024078734,0.07632240143213972,0.015205500555877001,0.422554569713122,0.06885296530307232,0.05860420113400057,0.029554583183967767,0.3773460893234259,1.0
2017-07-28,0.020423931070124492,0.05256664044677369,0.03491767993935009,0.020359208771812444,0.016969377993204547,0.022879332857823464,0.006358965809158752,0.007358116693865363,0.004376845423352271,0.09045345743924647,0.018874640245251106,0.02156061522068675,0.05333522137985855,0.025933416309423245,0.01340965199055625,0.006812021897343091,0.012657254868164323,0.0773229183375891,0.015118724371330048,0.41262082341457035,0.06975850093591154,0.05836737481493357,0.029545729583964446,0.3808624212918097,1.0
2017-07-31,0.020418571833174103,0.052321579337020856,0.03450188289252631,0.01998137878837082,0.016759098562443498,0.022470953689399373,0.0062138200605282015,0.007221794780444503,0.004343601905502776,0.09121564082517654,0.018985548746997576,0.021835403768799423,0.05372626740372137,0.025859207275593588,0.013423470567238773,0.006663157783874537,0.012832449650329907,0.0776464373538941,0.01505181486558761,0.3998623687028879,0.06851394431559597,0.05856373522664331,0.029429622134132905,0.3766748903141037,1.0
2017-08-01,0.02061905586017022,0.05259757095945163,0.03453065948512746,0.020219273535046014,0.01706140017686627,0.02250085763115713,0.0062632501004306704,0.0073212584176375215,0.004417792140471407,0.09166716781416906,0.01906434758079187,0.021838593034029068,0.05351020241726742,0.02581218142443767,0.013358370460912107,0.0067639870523671,0.012853594500110137,0.07762634053854206,0.015148302750203457,0.4022815686701825,0.06859288641666046,0.058675065014979155,0.02930926530082258,0.37588789151896407,1.0
2017-08-02,0.020362693936129682,0.05150207441075689,0.034566125941750764,0.020185099362445155,0.016588833765326227,0.022481705651603796,0.006215767698724071,0.00726921923727406,0.004423689219351677,0.09132738844502379,0.01910339594884063,0.021642172583754348,0.0533425898653535,0.02560573354488879,0.013287211701977988,0.006627461403444757,0.012855337740542965,0.07789890687361985,0.01585626195093345,0.401962401734989,0.06833308376891482,0.05830309256060967,0.02916567443774914,0.3755252079514548,1.0
2017-08-03,0.02044770597347992,0.051978838171533294,0.03437884320810069,0.020455796469528706,0.01680716477858654,0.022696752231778763,0.006221280397495581,0.007305352259914811,0.004417189983137304,0.09060498227187497,0.019116885509953208,0.021600545232043224,0.05394068779803109,0.025694130744403076,0.013522588016142865,0.006249595717900306,0.012883470784150471,0.07878535812128322,0.0157321950781637,0.39921365046388635,0.06819542505387896,0.058628894229881025,0.029185006054737773,0.37362066244847353,1.0
2017-08-04,0.020510086441222555,0.05307186720945497,0.03466931533282196,0.020433376293971184,0.01705809388188478,0.022843715643863397,0.0063024105442892634,0.007400588422602319,0.00440078635059276,0.09277584079790879,0.0194119097741351,0.021333720253699215,0.05377033902444397,0.025476111001911047,0.01358187600304166,0.006108614448116372,0.01288744039549733,0.07868121706490357,0.015785297646082604,0.39872739990199685,0.06848269346638643,0.05860717103258627,0.02934395889551209,0.37465631180856485,1.0
2017-08-07,0.020387681856301115,0.05262182329496856,0.03466470087608727,0.020456204296063128,0.01717111846502228,0.022318423870281993,0.006304138624441918,0.007348110429896174,0.004397580076257118,0.09388490765963774,0.01947269458126136,0.021177714170864257,0.05355293247746112,0.025329416314573538,0.013426525823804278,0.00619530758680769,0.012846093623088398,0.07851151630208812,0.01600320060311807,0.3999621329256876,0.0693213385815196,0.05782958917856909,0.02918284200881535,0.37460448704918553,1.0
2017-08-08,0.020202673854431075,0.05254715590753566,0.034405154382203075,0.020327930836382027,0.017172272776266415,0.022146171483280824,0.006230504616706544,0.007268922052824301,0.004371858622098885,0.09376061057057505,0.01936628315685763,0.021297658373287766,0.05344415503072588,0.025180612692162894,0.013446899313455846,0.006319396381666041,0.012760008806458667,0.07875002026025148,0.016170220153086636,0.399948304670845,0.06918607526567076,0.057420040033117486,0.02941105300133424,0.37447271314178704,1.0
2017-08-09,0.019967502930715978,0.05082820631338303,0.0340902641523491,0.020076635434825626,0.017158309414165532,0.022105722087083193,0.006196392865082797,0.00710584387267812,0.0043572808275011456,0.09337434342992908,0.019260152147030727,0.021337742044625813,0.05385162404627591,0.025258486792681653,0.013520505383784243,0.005687100300829417,0.012873784263071567,0.07875037405719942,0.016275130627277624,0.39692888580586344,0.069191029828449,0.057303499104263515,0.029292406857726234,0.3730366029940211,1.0
2017-08-10,0.019912148574804382,0.05015975037270386,0.03436537555840131,0.020113116501208485,0.0171642305910504,0.02215149591868967,0.00613564879124042,0.006914909408821007,0.004314640727530027,0.09248588251502103,0.0189893404344106,0.02130661502945111,0.05458512520612248,0.025502315630971207,0.01370677609170837,0.005663991297261376,0.01290290807732452,0.07898007558012761,0.01592561863871411,0.39246824445238987,0.0686569231844755,0.058173823529876066,0.02928788133188994,0.3720926435834539,1.0
2017-08-11,0.019804858295213095,0.049379024315626935,0.03460013379941626,0.02026772345362132,0.017142364308783457,0.02217652642504719,0.006107351590410144,0.006983926124020211,0.004235413510720381,0.09181507862819076,0.018698900893154007,0.02127537461425562,0.05451968701057677,0.02555175039014999,0.013619680776736236,0.005689544841770416,0.012894663183508473,0.07906378460163463,0.016126520858960144,0.39650269650755193,0.0688479991637049,0.05809971329003142,0.029697048310176756,0.3745473717213551,1.0
2017-08-14,0.019794471359896232,0.050368228501279845,0.03450750777152586,0.020305452994971343,0.01735716732333374,0.022191220455168463,0.006087174944168561,0.007011809518444328,0.004189241650450449,0.09220387084565884,0.01886172514849633,0.021428802401723304,0.05413165137900865,0.025415272590052888,0.013508581177710175,0.005584303729593677,0.012766440189368842,0.07855740846403175,0.016206445095315526,0.39876875746534624,0.06924617732956574,0.057716640950319406,0.02984378279764588,0.3741807862927403,1.0
2017-08-15,0.019686683854047832,0.05045422707909069,0.03404595467724421,0.020254724209000412,0.01734554276093456,0.022397052111090773,0.006073983044004453,0.006950389009339562,0.0041710451364305795,0.09234320485564738,0.01883867954129103,0.02144355322162119,0.05411809544283428,0.02535898064464117,0.013543724788433647,0.005639837295368196,0.012793098961352266,0.07891714776612332,0.016392045900183432,0.3987405501619977,0.06938217104373824,0.057644008923152565,0.02970855341055371,0.3741849343150486,1.0
2017-08-16,0.01961419786852321,0.049997770216983276,0.03395715521860224,0.020311087766231493,0.017381721292874235,0.022409859610043728,0.006069421278051596,0.0069040684010294034,0.00416918190595133,0.09141002273769304,0.01864179311510757,0.021348317828512504,0.054361431290877164,0.0254040534181079,0.013516415213966787,0.005733131581070099,0.012779008890465194,0.07850946497501621,0.01630295945301601,0.3963275342642564,0.06887861263476444,0.05773648412031725,0.02984064681357427,0.37557482519559243,1.0
2017-08-17,0.01894230838991482,0.04915617487518086,0.03292990426817213,0.019559589797739144,0.016913509751344605,0.02187233870695043,0.006049357796678376,0.006765404641275531,0.0041234398042664855,0.09111896539059935,0.018555479119199185,0.02131678420534572,0.05474874278398549,0.025448454839904138,0.013559615336728593,0.005901210258800539,0.012979370813373728,0.07930008362393536,0.01624067383985797,0.3952946708231873,0.06868696149938905,0.057900994819358786,0.029794116774029256,0.37488733636944976,1.0
2017-08-18,0.018779245152570342,0.048978582424625126,0.03234317800712592,0.01959555483903354,0.017191977142336015,0.02192080020031778,0.006134690977056809,0.006810826272915221,0.004143390075229902,0.09158747068178925,0.018713280733462203,0.021306507371928487,0.05468038272584002,0.025350951643051418,0.013469109002087634,0.005932674943538137,0.012875430054669634,0.0786708182247861,0.01623343126489327,0.39515571793505383,0.06901939791719383,0.057595182196959895,0.029886003807625412,0.3754488526738291,1.0
2017-08-21,0.018823324615965042,0.04927173216404722,0.03211207486622188,0.01968810300592247,0.017686760638061336,0.022047710365561215,0.006082268883396904,0.006658787260970071,0.00409328048076948,0.09092106324910768,0.01839917222140648,0.02133941594702963,0.054954554112559936,0.025519174596233925,0.013490529211614411,0.00582283561348898,0.012839887866236662,0.07907773104918339,0.016184724776861517,0.3925637081952282,0.06909160915193391,0.05778773219848513,0.02971128721067193,0.3733615261746363,1.0
2017-08-22,0.01851572463102811,0.04823629771851574,0.03144125841916543,0.01922520267307696,0.017553444766572023,0.021785843801713983,0.006059098613016466,0.006646251772077375,0.004048913137769415,0.0911637469728411,0.018580963916228828,0.021292472115129107,0.05492332200511589,0.025451475323438128,0.01351676521801434,0.005851148391439185,0.012827674044845184,0.07942474942232754,0.01628739529589117,0.39424916516446756,0.06916995172631324,0.05749619549972806,0.029830664789009365,0.37703821726705206,1.0
2017-08-23,0.017990704038543782,0.04740102295844589,0.030650072341143017,0.01889494413475114,0.01738924048780692,0.021161683186320338,0.00605963886175107,0.0066570104173322014,0.004042486965165467,0.09113598854588978,0.018739463457701562,0.0212885215339142,0.05433626326937601,0.025429207790486612,0.013600432672780775,0.00590006700786296,0.012851671616988596,0.0794749684540663,0.016364297786366992,0.3919739385251536,0.06902915022170797,0.05815780295406199,0.02975401378029552,0.37929002193404737,1.0
2017-08-24,0.017597591815532852,0.047212554221316406,0.03014387133674144,0.018536513174642937,0.017343386553733013,0.020791563489077496,0.006092735940454102,0.006674949340735445,0.00408369111486695,0.09142794198018439,0.018860420811634502,0.02138607716380121,0.05448611527821061,0.02571167326602563,0.013624603990665531,0.006047634934165411,0.012870186748191004,0.07984928158838737,0.016325539663645167,0.39051321800796374,0.06877493654881903,0.058606708446432114,0.029803565793881603,0.3777332398324965,1.0
2017-08-25,0.01852192918377662,0.04877100329924514,0.030916271662513126,0.019107263078424145,0.017948874202535832,0.021563209489532647,0.0061439592717897696,0.006721106678400268,0.0040932440185141705,0.09106240008920914,0.018804362611729696,0.02119072428384786,0.05389983437052378,0.025762877443203786,0.013667341368494413,0.005787847042179037,0.012934651098504777,0.07955629115316581,0.01635864971999188,0.38691798818731443,0.06807883738119849,0.05883629156874469,0.029807002942820186,0.37489613255156035,1.0
2017-08-28,0.018390174935318034,0.04831767685790952,0.030402087480779657,0.01920842519232328,0.01728553667923582,0.02117222540001074,0.006132785676254319,0.006709652107443017,0.004066703777316072,0.09015072452030376,0.018607010844299294,0.021123130793715555,0.0538981464745612,0.02590580313678609,0.013693418460107923,0.005821850578592326,0.012948810317108018,0.07981621968307621,0.016515358624829633,0.387040562248554,0.06842208853640432,0.058304420017283164,0.029796583927096287,0.37386263285873167,1.0
2017-08-29,0.01821526391180643,0.04958508791658043,0.030405099746617387,0.019057351128720843,0.01725054169755282,0.02103584922913927,0.006025426033092476,0.006556841220911083,0.004030576708703651,0.08991538347469492,0.018538199358880035,0.021019497596388267,0.054044885889629475,0.025802231016510926,0.013694150075210174,0.005412255134202469,0.012995135659256163,0.08041940565729842,0.01664861226514246,0.39000121771243934,0.06869558093198568,0.05851285456929654,0.029861424002285177,0.376605469299077,1.0
2017-08-30,0.018033926901157002,0.04821796791035886,0.03016369465435442,0.019055253448759843,0.017293364018483134,0.02096362621722944,0.005957055276013956,0.006514511951433295,0.003999853371804452,0.09050329389186566,0.018579176496092704,0.020898522194886065,0.053332737481320766,0.025683696930665682,0.01361089514615588,0.005367046385971589,0.012768605778979689,0.07970409953899522,0.01661688912215372,0.39371497782505704,0.06914090304550415,0.058008045644428886,0.030114868366933292,0.3782445296874098,1.0
2017-08-31,0.018101269910353185,0.0477413892252771,0.030206545004446993,0.019092509405079974,0.01733659688830801,0.021095220224275922,0.005923168968288616,0.006469362828069329,0.003993283997063431,0.09052253105059699,0.018408756014831423,0.020662311421482216,0.053555317398669346,0.025836992912437157,0.013723625652869666,0.005429571554264565,0.012845670405953795,0.08047255958016339,0.01658810981556238,0.3967390265128252,0.06957700637976519,0.057868227569067746,0.030251046857201706,0.3800416945134166,1.0
2017-09-01,0.018295612890317163,0.047626736656352545,0.030344632861485935,0.019187982903550845,0.01728210541001669,0.02107367021355925,0.005927600779127238,0.006484827151579202,0.004013647939000323,0.09120752681384636,0.01865094509947455,0.020581050247937067,0.05290827821263224,0.02577375814624613,0.013712623741931898,0.0053824876284581805,0.012796026881344888,0.08065655692306987,0.016560336027353996,0.39500514047556,0.06945953063595849,0.058177706547129025,0.029856049963478855,0.37848620397495547,1.0
2017-09-05,0.017869274467038714,0.04768394829911226,0.029721097742877893,0.018650445784834845,0.016884674957911124,0.02080680145693735,0.005879121762453391,0.006371421923876824,0.0039506070805136635,0.08860589145660747,0.01826392872231218,0.020383667027036083,0.05285106447529169,0.025884409733436885,0.013751855341993278,0.005329861251774355,0.012877107528141857,0.08109119354438353,0.016485952513121897,0.39272941046545473,0.06945907772769307,0.05819719970570802,0.02994893832618103,0.3777488353563538,1.0
2017-09-06,0.01797172234038094,0.0472513113383676,0.029883919479922104,0.019220940747415705,0.01711592605777188,0.020956868346359066,0.005941903099631635,0.006485394577686678,0.003930173449517443,0.08875540390281206,0.018279970832791655,0.020230862290206757,0.05299853011229074,0.02595780193695731,0.01378602718363723,0.005337573023286847,0.012901838338387659,0.08046107621941564,0.01641729615407799,0.39253063129833843,0.069798094242184,0.05833205087934084,0.029770354907629224,0.3763110650501993,1.0
2017-09-07,0.01778426767966483,0.04671209988325594,0.02967830963917312,0.019114842045655545,0.016693034913018774,0.021179666919959695,0.005910510494815615,0.006458155599002374,0.003902478446130831,0.08755830896080717,0.017877570178896646,0.020153339834072734,0.05362459808721325,0.026092246741698032,0.013788487545628258,0.00542777147705099,0.013025840624505139,0.08039024385288877,0.01635430505751414,0.3973347661600718,0.07026489802200316,0.05796924600179055,0.03015698878123204,0.3796803272854359,1.0
2017-09-08,0.017713280168236777,0.046863002883154994,0.03018570711034971,0.019277412849792223,0.016047582539920134,0.021479384122480884,0.005964012954076647,0.006500286598448661,0.0039936135789218966,0.08824545609694,0.017879850012322025,0.020142763909478615,0.05321296954147871,0.026110837511339732,0.013853735000407884,0.005529306287805393,0.01279337656157177,0.08033947967770143,0.016111570142391524,0.39241418634052755,0.06945149840649618,0.0578728629030095,0.030055701378380734,0.3764072208414178,1.0
2017-09-11,0.018431660588885665,0.04716431064278459,0.030380486694433897,0.019621318149325776,0.016016171425809012,0.02154245419011113,0.006048767680199774,0.006567233481359754,0.0039467706723961314,0.08884654958720442,0.018150322155336993,0.02036083526105784,0.05353863023393924,0.02617649308073809,0.013793601779698088,0.005703123812759787,0.01266423053841162,0.080213492738326,0.016227175753359857,0.39305335372764516,0.06973565780382886,0.05822089649186093,0.030046902582675776,0.373407918880336,1.0
2017-09-12,0.018542107836170187,0.04752691908228321,0.030571044274907422,0.01964365882878019,0.015862333492456044,0.02161042805558569,0.006148657358750379,0.006801576674370127,0.004057713292777938,0.09050743399111896,0.018325802877057318,0.020657085341417396,0.05312680496640714,0.026220918863527194,0.014167948184387203,0.005780138481222669,0.01263779371465258,0.07909937294990844,0.01610868115193137,0.39358617928912853,0.06928155177915746,0.05838620624548329,0.02991411931931455,0.3733536877792227,1.0
2017-09-13,0.01881226471618096,0.048631705596084825,0.030503886706550774,0.01960478139996901,0.016510764245584356,0.02187826360396705,0.006156013432656664,0.0067163791648889625,0.004042635609221866,0.0906831203504985,0.01850006157434359,0.02059742815920016,0.05301456181322073,0.026197078068877652,0.014033149356629132,0.0056476820243683695,0.012604217359841245,0.07938375529329149,0.01597541442255411,0.4001008374212795,0.06926515884195553,0.05843409829737409,0.030103625755142666,0.37428002385925113,1.0
2017-09-14,0.018508425495273408,0.04932641677371124,0.031050398044214837,0.01934188607921051,0.016408747758142873,0.021778153505724446,0.006174817992140749,0.006683709546327559,0.004043083292712534,0.09089925363828921,0.01860058655714066,0.020552006553648083,0.053766193053972726,0.02649441818071384,0.014317082859129717,0.005605821136278331,0.012662183552994657,0.07923080706597782,0.015855778582025273,0.39758055131914133,0.06850401863465985,0.058318167900872075,0.029960488173128477,0.37069343154361184,1.0
2017-09-15,0.018398307502896193,0.049435451533942486,0.030109229791733,0.019298224717711768,0.016098519065034168,0.021885987064277985,0.006175431909667765,0.006615391836874142,0.00405162728270301,0.0900797137869693,0.0186382846269206,0.020662099252165594,0.05377505192542327,0.026461567347496568,0.014142699384798191,0.0055674878356590215,0.012686832512903473,0.07926470548121337,0.01598652976715366,0.3946796838265254,0.06864968437823467,0.05792267437733868,0.03012122828796733,0.36808213058864286,1.0
2017-09-18,0.018095986965285547,0.048984171010816056,0.029182823623275022,0.019154347773223578,0.015755609978390903,0.021602558228862,0.00617843549270651,0.006617755404922228,0.004045737009768387,0.09087132653374769,0.018898743860043442,0.021051411030518722,0.054068301738512264,0.026355200116795836,0.014198020399953517,0.005507474172231594,0.012608481480591112,0.07915346752788455,0.015842475107106364,0.38907369650915485,0.06789888734472245,0.057730631480674366,0.030017533054011843,0.36543429061580196,1.0
2017-09-19,0.017704906043955394,0.0490694771143992,0.028819340882969464,0.019109171153810372,0.014740790475175021,0.021359185803043985,0.006219456489540517,0.006606426763780274,0.004057207985800324,0.09132109107752055,0.019017413625239475,0.021287376812144862,0.05394451011771168,0.02631001519094468,0.014142382217682348,0.00549338780378274,0.012670297505311534,0.07765344248699953,0.01583089005302983,0.38691481575714676,0.06882492998417934,0.057602778467305875,0.030095946761375853,0.36774580976166965,1.0
2017-09-20,0.018108314268603938,0.051271013345098614,0.029104073091506685,0.019152872608493892,0.014990590274417879,0.02162871185224983,0.0062195005510617025,0.006530475179928856,0.004022741061552089,0.09161403769820288,0.019093068921207976,0.02142936888586965,0.05311294036102183,0.026229547914990384,0.01434870751741742,0.0056095110739383435,0.012738015950379612,0.07804277133784156,0.015555729178849429,0.3880051453928059,0.06864175624598028,0.0581603058645118,0.029877524598433663,0.3714078480185622,1.0
2017-09-21,0.0185115569006908,0.05142765774617674,0.02915700277637916,0.01925937699455373,0.015236341880684035,0.021846756322089853,0.006258497715215239,0.006674398282775721,0.004131008396049419,0.09249379506342802,0.019299366595481916,0.021618811037893513,0.05268735296994298,0.026233702083138927,0.014384547544715007,0.005690634024761204,0.01281292479578236,0.0780652640764633,0.015335318922314142,0.38576741029944567,0.06842757509961515,0.058090054109883514,0.029676875986429718,0.37289049646354133,1.0
2017-09-22,0.01880729973599911,0.05199383247988632,0.02987347270277222,0.019370799354874145,0.015066621414956327,0.021952506428940175,0.0062664354779862,0.006646097942122132,0.004140323440812311,0.09233001162070895,0.019270888074931762,0.021680747747496898,0.052509371886873164,0.026028885451654004,0.01437123810726711,0.0055990281279710875,0.01279663673502029,0.07714349706946688,0.015175524310448402,0.38170104430039337,0.06815547592797948,0.05800049823037721,0.02973759496063106,0.37108249464930837,1.0
2017-09-25,0.01910552605532443,0.053651679332126834,0.02995602270078024,0.01935385743478866,0.015000040982754401,0.022077495911665843,0.0062002837974033205,0.006424583870195934,0.004081452964828154,0.09222721680805358,0.019121547861020806,0.02164091262102181,0.05253819207395516,0.02610687971025507,0.014223001630828446,0.005643539968049921,0.012817124128999111,0.07680261099173687,0.015075141319447757,0.3764189001004795,0.06523515446263951,0.05842605726910874,0.0293432043538976,0.368880826168366,1.0
2017-09-26,0.019056087023223093,0.05360776072256014,0.030021946283329617,0.01942455194992047,0.01495890673155517,0.022316207300497333,0.006211851561716835,0.0064161097368603285,0.0040651381915812945,0.09209240235492407,0.01900802507461183,0.021547234546003494,0.052442286003540006,0.025936783981978427,0.014137869369229705,0.005647137783378941,0.012716072668246906,0.07717754850466019,0.015333380853664024,0.3759151338970331,0.0657671301374908,0.05869819164806681,0.029341086901036654,0.370412181959488,1.0
2017-09-27,0.018687375259745502,0.054366903152598595,0.029955643640201153,0.019034399234818127,0.015276979387723292,0.022289233570553277,0.006270342617372135,0.006609387860677881,0.0040805092223738515,0.09364030543909474,0.01917400570083197,0.021623108588893183,0.05175425919872993,0.025755472188531726,0.014140181428510484,0.005739836530787852,0.012648381560211691,0.0775775424303066,0.015379690152607092,0.37927993977283264,0.06688365179316548,0.05810038999540684,0.029457047694163293,0.37673510406987165,1.0
2017-09-28,0.018919866809449917,0.05324573550373362,0.030226369575485922,0.019246551821252657,0.014720763699463338,0.02237794980187763,0.006262798351630996,0.006764778372181572,0.004119423343248377,0.09381050471509854,0.01918280872497641,0.021613028662594246,0.05158043949417706,0.025612933351727426,0.014182926767968623,0.0054819405418856555,0.012680971471527646,0.07812562304908578,0.01526656697420482,0.38102674896991384,0.06722149750760208,0.05803048555660078,0.02942957589207231,0.37827780120061266,1.0
2017-09-29,0.018850025396548044,0.05227517758738568,0.03027355906290851,0.01913978111585618,0.01490457791074327,0.022219927927119472,0.00627143374863322,0.006858884901760493,0.004108186031541381,0.09414692299880892,0.0191199336157465,0.021890479986075292,0.051604371538141534,0.02541518333250325,0.014170265259344285,0.005687952254298357,0.012701637971915382,0.07773799603154549,0.015293565573633178,0.38158497998317314,0.06782277552353098,0.05758605194902374,0.0295670308476469,0.3806958688974748,1.0
2017-10-02,0.01887217601061057,0.051421046444509386,0.030457232332393808,0.0190066101158611,0.015044757559848234,0.022138134770132784,0.006227462228517002,0.006757290760974956,0.00404883893460407,0.09515166653510115,0.019342694588198556,0.021932529272590498,0.05188365713355322,0.025522711462422805,0.014261876989371952,0.005780666525772607,0.012692160322569606,0.07806667649862357,0.015203903816799225,0.3792583814238824,0.06700749397423736,0.057988548275819195,0.02950037860934068,0.3769176535319141,1.0
2017-10-03,0.019928349645932947,0.052553082917429925,0.03162259606460933,0.020220312013357503,0.015584435600538954,0.023084691033383876,0.006296901067964601,0.006734843435473417,0.004051953256140128,0.09532939878177327,0.019443062552155038,0.021928682578400666,0.052119089527539485,0.025396713072405045,0.014258771823266892,0.0056656327904744145,0.012649038504752266,0.07836801319638559,0.01523723765337668,0.37761678327213616,0.06705647553819366,0.05791097321171322,0.02929873971809858,0.3778890185058892,1.0
2017-10-04,0.019990227604050167,0.05189656841085599,0.03185511373054416,0.020317290661444002,0.015643841038261764,0.0230047212204746,0.006226012145554754,0.006616123427207371,0.0040114432684650245,0.09469449153457207,0.019312458405165458,0.021657064638840325,0.05236549036688348,0.025455719756380557,0.014170088008109925,0.005666459155258061,0.01260570433774029,0.07899942342004863,0.015119751886007834,0.3804369304201255,0.06636613627229793,0.05772064773270961,0.029431699974905627,0.3750108351328774,1.0
2017-10-05,0.01981136867438077,0.05144843186178539,0.031249142020030148,0.020250227706522357,0.015614774257052256,0.02284028237738808,0.00624982840400603,0.006747463251859275,0.003930142877252694,0.09641584730972207,0.019446958616968504,0.021703949156618534,0.05218900674791347,0.025312783849475405,0.014106195770797308,0.0057090908994588,0.012429125437319302,0.07754489051121147,0.015221956672390234,0.38433504953438447,0.06709847317561972,0.057490584933266024,0.029767991855935202,0.3800679433383018,1.0
2017-10-06,0.020122933253212103,0.051758694622831024,0.031600457977258446,0.02040143740068484,0.01592575176920656,0.022923669047143293,0.006295771245358523,0.006750792746893563,0.003914753952861808,0.09650378588597973,0.019518852591672912,0.021801806866690098,0.05225686628406853,0.025320378697544242,0.014140969547686795,0.005672078372583341,0.012446407106643803,0.07769099800343705,0.015229491596654673,0.3881725734693191,0.06755892361146025,0.0574582307972126,0.029811753548847433,0.3839793141922048,1.0
2017-10-09,0.019884230703329866,0.05228452686363211,0.031598639003734295,0.020332216937217047,0.015758056184805903,0.02265859264172303,0.006208910227874158,0.0066293874527308385,0.003898252497500737,0.09541287480725165,0.019404809700084565,0.02166831036430828,0.05244171210652377,0.025279696669428163,0.014201899330788723,0.0056666130054395785,0.012374593865554253,0.07713981622521694,0.015310071915763732,0.38942834712860186,0.06778715280432229,0.05791970077705454,0.02997960553755884,0.38393071472361084,1.0
2017-10-10,0.020790860813216332,0.05235941120756241,0.03163127818294498,0.02066148229886562,0.015878368448305296,0.022743311652579097,0.006249412174468801,0.006661073578684123,0.003963711234873248,0.09511338965010065,0.019402974969465827,0.02180237247626237,0.052496628147107864,0.02527208924196027,0.014270929463581475,0.005669165623765299,0.012400809336827854,0.07632594218191348,0.015280478481875606,0.38704013636314594,0.06727331305015388,0.058220684310452755,0.0299101418469032,0.38131606843804666,1.0
2017-10-11,0.020675162492271422,0.05406536941369644,0.03190306872114975,0.02076908635106325,0.015654106916196158,0.02291369860722945,0.006187285758626531,0.006621687225550975,0.003948748469610481,0.09486388556403268,0.019246724453463177,0.021782689773886952,0.05347834040433908,0.0249604730865221,0.014264805318736421,0.005592429695811077,0.012351089965526096,0.07641552095464818,0.015316565627168351,0.3893959095403794,0.06760226267435647,0.05777147961745855,0.029907170480687414,0.3871456316711762,1.0
2017-10-12,0.02063953279920979,0.055313164124964294,0.0315179186191775,0.020819858802770125,0.015288542233468136,0.023054338052277006,0.006162458561797926,0.0065466325791656435,0.003978941119735938,0.09400493521669963,0.01904795556728761,0.021643087215929068,0.053639263189295634,0.025022248239470656,0.01424970460537134,0.005421552284329854,0.012320996984561629,0.07562732146419457,0.015288542233468136,0.39237847360834527,0.06764200021155266,0.05763780382816097,0.03023211340796639,0.3872431008818473,1.0
2017-10-13,0.020641008084067505,0.054970883367628835,0.03170960079953503,0.021134511469464195,0.014863875950047322,0.023155528541433285,0.006200135707223015,0.006493888188613871,0.0039754502481562605,0.09342503878987808,0.018917659409901196,0.021028760576163485,0.05343553197318294,0.024827959335485233,0.014233286898324976,0.005244460967764761,0.012302353920649078,0.07540430518983687,0.015372067742853504,0.392821485698201,0.0680487434474798,0.057614655700146546,0.03035050559396336,0.3876279383021809,1.0
2017-10-16,0.0204368097882183,0.054698862956779816,0.031462600040075304,0.02096463976291286,0.015228883904494213,0.02302122404375556,0.006220578605903063,0.0065372764343256205,0.003921584124274527,0.09477878596727064,0.019134827828555457,0.021035017145003533,0.05322093832386121,0.024765018786794473,0.01406765670901271,0.005051532092285831,0.01219092651992819,0.07553838893769553,0.015627689069674672,0.39346431440729795,0.06823478335540648,0.05740839529515424,0.030360021444973607,0.38785757241080066,1.0
2017-10-17,0.02034492913192852,0.05528725700341629,0.03146098776009405,0.020614526988874414,0.015550761649814213,0.022947142076400272,0.006259377082648261,0.006528975330316813,0.003934577229854431,0.0922457122599825,0.019192296881417322,0.020782538125261166,0.055009841176679716,0.024701487229987523,0.014144160839653192,0.005005157330132598,0.012288228184061478,0.07966444364056034,0.01567481648646327,0.3942899642140902,0.06881016880677668,0.05725649649660653,0.030316169962869552,0.3876672103649383,1.0
2017-10-18,0.020314219874927885,0.05573428681299717,0.031402512703112874,0.02063827990661518,0.01567587899832161,0.022969164305969857,0.006211786362135097,0.006594410147371176,0.0039628932479994486,0.09449645801481904,0.019580207321473777,0.020853017573955718,0.05492608811707485,0.024796388399473745,0.013989209162719876,0.004837462792385534,0.012107322130094867,0.08012852861432057,0.015593886932236919,0.38926153381827094,0.06872789108201476,0.062285749348813674,0.030301492506416793,0.3876256194700045,1.0
2017-10-19,0.020104600144314894,0.05411576000025585,0.03076772920056303,0.020401232582912147,0.015631707376016813,0.022883571584797622,0.00621365262521449,0.006584442588003835,0.003957690805255962,0.09366925405737993,0.019433277036625757,0.020978883706361733,0.055438892926501115,0.02488193183777787,0.014144647208861704,0.0048710040680073384,0.011873072415767889,0.07932945327103298,0.015219935798152411,0.38507862583907526,0.06813160740139046,0.06280004209265676,0.030408649553082374,0.38423557798091934,1.0
2017-10-20,0.020165346044186103,0.0544809957730666,0.030945050386903192,0.02068569196560358,0.01615402185841421,0.02305443047329064,0.0062519174140457595,0.006593637123633354,0.00400355705210011,0.09503302631874216,0.019679948729430997,0.021326415644444614,0.05529645976699451,0.024805744761562765,0.014142535386069051,0.004710295542383544,0.01154468973413543,0.08057207301241873,0.015168666086097047,0.3816814892321706,0.06794785615540729,0.06293467696011293,0.030603329124044187,0.38373570581261046,1.0
2017-10-23,0.019875398793560952,0.05415246710814483,0.030698094571482776,0.020382224971596072,0.015009863741704526,0.022908560089424167,0.00625346050459232,0.006483481013368378,0.004003929886423519,0.09439839955398015,0.019731148544870902,0.021407574494986894,0.05599263780608533,0.024717542629708947,0.014191144680981097,0.00469789241785817,0.01158293601964098,0.08070628099015416,0.015221366367155814,0.3767280819088498,0.06677245254756335,0.06220321571476749,0.03073318412411156,0.3775663044356393,1.0
2017-10-24,0.020220854283683563,0.05490185760296962,0.03090151242462505,0.02069961520898319,0.014421224573020155,0.022887125866652806,0.006293959720369654,0.006687088929867077,0.004036386042067613,0.09530074661468566,0.01987832547429055,0.021571504954543397,0.05513150578226332,0.024564737430209555,0.014117620226209483,0.00471755051396909,0.011451347864766556,0.08101964613674613,0.015287277712148273,0.3798562425580568,0.0668708904663813,0.06067424073475697,0.030695217677322854,0.37776991518493813,1.0
2017-10-25,0.01995190034033445,0.054689795811587116,0.026951880273462358,0.020428994780142536,0.014058620877830727,0.022353011043777283,0.006303893638535703,0.00669495401368926,0.004082670316603128,0.09452320601578874,0.01976028036544883,0.02160608572723399,0.05567135539792067,0.024421720819399972,0.014140743165552598,0.00471618812435189,0.011313376653192386,0.08116849068475142,0.015291438710502312,0.38046653903201644,0.06671490234755897,0.0600277675860709,0.030749076125143014,0.3806308015962374,1.0
2017-10-26,0.018985315911795406,0.055206222234888996,0.02553507245056909,0.01989142397647225,0.013181534639818152,0.02152398184242705,0.006233401269674006,0.006530229510999255,0.003690829699149082,0.0944071278909149,0.01982893373817978,0.02172316869585632,0.055385878545467934,0.0242110624795673,0.013958757759708739,0.004550070475670562,0.01119746957403219,0.0816864560245558,0.015369669780591951,0.3797961374082258,0.06664193545184724,0.059990631104156325,0.030760820580596943,0.37984691267965837,1.0
2017-10-27,0.018426466444924114,0.05396986495137644,0.02579550351052306,0.019588775069240002,0.01313408822964197,0.020964173608013805,0.006117617725982633,0.00632295891627844,0.003727136321972953,0.09364720857318469,0.019821236406666973,0.021646060559406714,0.05493070519773274,0.02256428553492489,0.013792728233676142,0.0044206471344814344,0.011088424663409795,0.0823689401678033,0.01579286882032836,0.4265478743291521,0.0689171546349512,0.05954119374956852,0.032471027826432484,0.39490211158420985,1.0
2017-10-30,0.018364990523093535,0.05379290112605718,0.025831476228567317,0.019562116608619656,0.013001247647882947,0.021272294842939875,0.006187738605876171,0.006319888802232824,0.003754620284721345,0.09362841373001081,0.019612643458842526,0.021707612359466517,0.05441478673509196,0.021264520913300673,0.013661999018343255,0.004434805118909995,0.011205559296947864,0.08138508671461513,0.01620005936513309,0.4317618895623001,0.06991133869976468,0.05999618953459701,0.032606117177086266,0.3953273065707684,1.0
2017-10-31,0.018180688481238057,0.052965523275453646,0.025640129052444692,0.019427164172055776,0.013008395218314286,0.02091439341691948,0.006104237994982107,0.006317808662745475,0.0038209734014391815,0.09415748120905275,0.019415515251215352,0.021799740135754295,0.05413434117667986,0.021392014703789076,0.01361415968246251,0.004539347465734149,0.01122993402130296,0.08163059271052013,0.016409992713706606,0.4291916251982649,0.06991915274605612,0.059823084815424137,0.032299651171921864,0.39477179432456605,1.0
2017-11-01,0.018547235754390927,0.052861950384502865,0.02550244877459447,0.01952034454722223,0.013007101609794727,0.02093154881843724,0.006051888589591186,0.006420196604211496,0.003756745703596322,0.09469790369212686,0.019241206710653373,0.021792226237606148,0.054269272297464435,0.021454933667391176,0.013670056346265731,0.00462517814694573,0.011184944638674293,0.08123332544043259,0.016175523490020386,0.4278890919514403,0.07081601498925562,0.05971636088423073,0.0322483083204481,0.3975792279709008,1.0
2017-11-02,0.01835765614316712,0.05180533322599273,0.024671976890961206,0.019512761628679716,0.012791440876965248,0.020927573288795014,0.006349205720401512,0.006612786926351099,0.003763784573191896,0.09569548447461773,0.019543770407082002,0.021892744870636277,0.054239582799201845,0.02146248692624621,0.013744984263810512,0.004287070790885928,0.011268096554344841,0.0818264619962427,0.016290675195656273,0.42414091107397356,0.06935286594314365,0.05944144046155352,0.03257941345706824,0.39753470823559456,1.0
2017-11-03,0.018335754678207923,0.051104394206293015,0.024595801840751143,0.019475701854109313,0.012945158456792559,0.02092092137031614,0.006248454096905543,0.006499628813231369,0.003698064669597158,0.09444169101997464,0.01932886047787355,0.021774915019401306,0.054130084254263244,0.02166285361292386,0.013737324483397524,0.0044399961393595975,0.01124489883858697,0.08225778555139222,0.016664476371617287,0.4295473979070688,0.06913873806564202,0.05857394462002786,0.032513600585354255,0.39897364013629893,1.0
2017-11-06,0.018335629684835833,0.051174588688111707,0.024676493223863605,0.01951658244991187,0.01292872280150381,0.021041013944417545,0.006236661506635868,0.006495235962665943,0.003701088109445419,0.09397059043527692,0.019350631293691887,0.021681661104133852,0.05393785773416593,0.02156588188288823,0.013631119085048196,0.004646621568062862,0.011276933353170702,0.08186389898541414,0.01681216379225402,0.43249859505402494,0.06953337197879092,0.05821398494519235,0.0325996784469179,0.39592767260752554,1.0
2017-11-07,0.017933792776655896,0.04927354139219225,0.024009512540923417,0.01926551047671989,0.01281536700245664,0.02079408996424344,0.006203100648384866,0.006438563709711236,0.003659327576022933,0.09256786273073886,0.01906478748105961,0.021249575886153466,0.05395192298924426,0.02145801898218511,0.013649137842563129,0.005442670761806261,0.011174845673543404,0.08210326629136024,0.016869383937955132,0.4335492736890391,0.06957740459684954,0.05842186187626966,0.03252864175669513,0.39887054885246453,1.0
2017-11-08,0.017873249520567607,0.04904832975071292,0.023928647615095618,0.019295555492094447,0.012739074650001824,0.020818076162981102,0.006224994306279085,0.006568043913559748,0.0036386344428033786,0.09298946603033,0.01890239795696103,0.020914438303945175,0.054471593742310864,0.02180868051388602,0.013621752246681294,0.005735474630181597,0.011112482095976843,0.08124099534578452,0.016982864108956705,0.4366669709487568,0.06921114335513832,0.05842244152183784,0.032593529788790765,0.40080867987519775,1.0
2017-11-09,0.017708598528253273,0.04907877841144266,0.024135075243632023,0.019031810004286213,0.012709797383349857,0.020683890312690002,0.006202072364354347,0.006735999571266976,0.0036523742649488943,0.09316262433161276,0.018888655891398837,0.020892818888478843,0.0543019862287948,0.021747876459788464,0.013619023069764338,0.005938977221076856,0.011158312902661664,0.08185342078261013,0.017012171618874698,0.436864975852078,0.06937189795153173,0.058151680400311614,0.03253476031038723,0.3989986780714978,1.0
2017-11-10,0.017743871405549432,0.049452036779944315,0.024172248311799493,0.01893273363756963,0.013999148555180158,0.02071409246989485,0.006207644617521362,0.006947295302475518,0.0036556557413440997,0.09299848563028083,0.018882390533540978,0.020838012616248066,0.05404484194392702,0.02148472251374689,0.013623513663187016,0.005955930646384773,0.011110250728264614,0.08173721217320862,0.016910312191222826,0.43579365474426324,0.06910893529553583,0.057762460275583564,0.03247879851626026,0.39812180091082827,1.0
2017-11-13,0.01769548615883274,0.04917131956829973,0.023877686394037388,0.018902523690664766,0.014120796164315755,0.020600887554789424,0.006139644798018933,0.006936599321265247,0.003621113756109465,0.09295352742146114,0.018813543331273188,0.020782717371721608,0.054069106885501074,0.021316598367457692,0.01365655042409726,0.005648318465726302,0.011072252064205838,0.08227201558319379,0.016825992525383644,0.43684328838836856,0.06916095306240856,0.05741167304273099,0.03247009375537045,0.3968330593300517,1.0
2017-11-14,0.017763593714169204,0.05023517940899852,0.023917451132340218,0.018961793258857634,0.014153485186939332,0.020842461062958603,0.0061732461418102505,0.007053476978189359,0.003687661482953234,0.09199377798676474,0.018760154178016714,0.020954913798785935,0.054089581355988854,0.021323292568130526,0.01371918685116161,0.005537308725191607,0.011187069798443828,0.08209409446578965,0.016609986954220852,0.440828701882236,0.06904962209075845,0.05773458617342224,0.03259179376500566,0.39784865210410286,1.0
2017-11-15,0.01840038557258186,0.05166457173197008,0.02512652909990412,0.019234818315979077,0.014505072604481953,0.021301400795336583,0.006195849394875506,0.007205745551749488,0.0037354460165454594,0.09264919955394704,0.018755213562102774,0.020958269664855787,0.05423805462569411,0.021367686635829348,0.013787617419675725,0.005634362728505416,0.011202438836675476,0.0818288835874401,0.016481973185738682,0.439320402086669,0.06938649346951216,0.05735742499441683,0.03235567031934032,0.39807453986371427,1.0
2017-11-16,0.018440309545456102,0.05319766428897684,0.02547531973741867,0.019511611472495177,0.015025293392624801,0.021375753116135883,0.006180288308229626,0.0073637481582590975,0.003755356662885461,0.09257669470835318,0.018796120113853766,0.02111662886537928,0.05370817312030078,0.021337077196774207,0.01375288225412602,0.005546015916145984,0.011177117153181237,0.08165483738535434,0.016543294414586913,0.43984858142038263,0.06945669290073875,0.05767237557082354,0.03217772019423278,0.3993208809916826,1.0
2017-11-17,0.01837640700277725,0.05337650067631034,0.02574791068759515,0.019318687828593598,0.014580140981889674,0.021214881408744838,0.006243092614218324,0.007418034501049934,0.0037846325412901143,0.09229695211233639,0.01888438612146118,0.02099773152460295,0.05351222240758563,0.02140488935080398,0.013715414877131024,0.0056963372983147315,0.011284099072903928,0.08139286349477456,0.016494754011871223,0.43813326174959394,0.06941078123882484,0.057766056707030826,0.03195222632905435,0.3951722621606989,1.0
2017-11-20,0.018469177107438773,0.05326977185585041,0.02559892211076265,0.01928245682388363,0.014697112694350832,0.021164617048112816,0.006242884455524733,0.007424074912427683,0.0038611385955609804,0.09222196119023363,0.01901910935698479,0.020932250474316186,0.053416932744007606,0.0209516138713713,0.013690194747322313,0.006029882440610277,0.011935836661503451,0.08142471311100262,0.01645727991546893,0.4361925014416715,0.06922165816211259,0.05828886165618758,0.031961862029138324,0.3943938156723254,1.0
2017-11-21,0.018718522470753646,0.05325063291140604,0.025467194015248527,0.019495733960217355,0.014717028881238832,0.021327187212733818,0.006310046369995211,0.007314267164244451,0.0038475892499970805,0.0915803208674662,0.018999396101244508,0.020977056590984082,0.053227548145423915,0.020880866859734157,0.013674332579248548,0.006152295210745331,0.011954459799740929,0.08179974976349148,0.01665429006861236,0.4384289436003281,0.06997225848520583,0.05846411749942886,0.03221201758573448,0.39802925647535875,1.0
2017-11-22,0.0187364265015166,0.052770803704112815,0.025251436240080385,0.019410260171423176,0.014862844748986597,0.021212283928659054,0.00638024223448685,0.007281254113104787,0.0038658800262068773,0.09103685134810079,0.018901997060407932,0.020815685067990423,0.05286321132836475,0.020935049119421106,0.013642243957022876,0.006368691185193405,0.01219061370813842,0.08132979910371481,0.016841992039646304,0.44517689069116184,0.06964359571819102,0.05843870787260338,0.032001323988439606,0.39889411565537414,1.0
2017-11-24,0.018659556280479474,0.052989140159218316,0.025130457020840467,0.01925515577881439,0.015043691323232961,0.02118797144683094,0.006424789042942164,0.007373906431384903,0.003873318027881282,0.09066561280343595,0.01885168515091009,0.02078450120318438,0.053031408894970794,0.020884407447292818,0.013637307991680827,0.006367150766070718,0.01214254461121513,0.08165861058913305,0.016808394229622717,0.4557296806614286,0.0702346294903594,0.05834569383533947,0.031993300272622184,0.3998624419537471,1.0
2017-11-27,0.018612911199193928,0.053297813562296535,0.025124740703050555,0.019062666346413872,0.014953372837282361,0.02098853689027757,0.00633115740396794,0.007203758163577252,0.003828678298251304,0.09037756611752434,0.018835867129951195,0.020738674499933347,0.05308639517676455,0.02096931700210144,0.01364255024721841,0.0063350018428897075,0.012089551838221066,0.08164771562013123,0.016730285884233344,0.45968355431084457,0.07035772942773673,0.05842193900135743,0.03224008638156343,0.4052440561727965,1.0
2017-11-28,0.018735915809922683,0.05424355848578675,0.02561437968247122,0.019253609099636568,0.014940769618014946,0.021381477695856313,0.006334124624280232,0.007186795298021722,0.0038217917698056066,0.0911329863442557,0.019185090920496625,0.021153084526702944,0.05329953176248487,0.020909464334205378,0.013646536584058512,0.006242767432750194,0.012074425410004192,0.08227510650438168,0.01647005807207646,0.4543516498722081,0.06943936723150948,0.05803870467769448,0.03231012688802038,0.3987034907921325,1.0
2017-11-29,0.018754259682609506,0.057976366226950196,0.026316891480597005,0.0198395308011256,0.015688842998533428,0.022421336626727052,0.006340272562750218,0.0072351458674026516,0.003941250511979865,0.09190920072586578,0.019542509785005477,0.021583582513914856,0.053239248907961736,0.02108093065550298,0.01378866445386864,0.006264113513364184,0.011964646481778491,0.08487207090012802,0.016134374903510763,0.4422083150600839,0.0666890069438924,0.05847140366553236,0.03173563303414492,0.389045206923245,1.0
2017-11-30,0.01907024547417674,0.057410916958863745,0.026125743494886656,0.019988063227902867,0.016297902510505294,0.022915264586002827,0.00638318747766314,0.0071234865214150475,0.003909230200817367,0.09353446985711908,0.019493272905643913,0.021328911434723374,0.05262541562302842,0.020875666975765785,0.013695524566490563,0.0063265319675063665,0.011927873405006032,0.08618058426106649,0.01622708312280933,0.44446247717988757,0.06692148595325698,0.05815499303662611,0.031791294510564,0.38579002066354123,1.0
2017-12-01,0.018545011595478552,0.055824269598634416,0.025323404082316658,0.019703129024604592,0.015479408394797877,0.022677899136960236,0.006483184287459918,0.007183353471064957,0.00388309834631857,0.09422001185835409,0.019661497365920863,0.021269993269610328,0.05297817650928655,0.0211450975366199,0.013757370089910655,0.006528601020857245,0.01207696571452491,0.0858293410424003,0.016184307691768634,0.43991415883518803,0.06627003350282376,0.0585719571794123,0.0318898513086744,0.3823186540436606,1.0
2017-12-04,0.018916891884678804,0.0575122019796699,0.025869123952913617,0.02004591927935821,0.016101900763045247,0.02350119737011284,0.006516534334735976,0.007243961380972373,0.003932652468715521,0.09496332540343262,0.01995877958111114,0.02174324867504155,0.05266647398968037,0.021299973576477754,0.013661989590995583,0.006626405749309678,0.01185857594779801,0.08388900787646299,0.016082957729251092,0.4296176372061652,0.06496453976332398,0.059277729555279164,0.03071863873109435,0.3783681445017581,1.0
2017-12-05,0.0188129617088416,0.05702452991262144,0.02589776892760098,0.019923408635331333,0.01515456784549922,0.02347151793028396,0.006419299947705368,0.007134246099123152,0.0038827640017082827,0.09443749190105248,0.01977889793960037,0.022265996906685202,0.05311514596993808,0.021208790242435938,0.013549743904371215,0.006750152892294027,0.011766182379590427,0.08369809144024681,0.016128111783785332,0.4341279815632584,0.06572557396481592,0.059078100975706725,0.031027884365163835,0.38224880798270483,1.0
2017-12-06,0.01886835533156842,0.056023155430799006,0.0257980357605112,0.019891452229010696,0.015061213834553212,0.02324599547976438,0.006378196180854791,0.0070361734851409445,0.0038565837372610367,0.0935430728411835,0.019659448670851995,0.02227614492025433,0.05364987122927755,0.020671135937570993,0.013524666819880295,0.006408622877006753,0.011915854880511664,0.08365059515644574,0.016070049359175366,0.43827753225589205,0.06696155079576042,0.05860942574471678,0.03148402346290778,0.38732423724209203,1.0
2017-12-07,0.019294799879368062,0.05612480986677798,0.026306609654275795,0.020254230371517645,0.01569977865360965,0.02389855079597533,0.006397470260657799,0.007148328824248412,0.003898398955611335,0.09425934208268051,0.01985225462348789,0.022510599796059124,0.053094826681240104,0.020769971867590744,0.013462369934260934,0.006685677985314094,0.011566261492815732,0.08348565240150212,0.016052454823718455,0.43981753665039197,0.06831299454916605,0.05823707732509975,0.031281996308519563,0.39095103558579153,1.0
2017-12-08,0.019241938525363003,0.056043751084291916,0.026302092400528002,0.02016217197812559,0.015255516122949274,0.023884594380539317,0.006573637563643221,0.007309069960399774,0.003963794078823308,0.09441825608146333,0.01994719932113898,0.02236847105412031,0.053022815764661516,0.02095794833113332,0.013479163492362813,0.007429757118612107,0.011397321893267962,0.08444654120309258,0.015969262304356024,0.4382425042428814,0.06750895719404111,0.05838581859324911,0.03174052574014709,0.39111825344144824,1.0
2017-12-11,0.019285786485234102,0.05498140991124557,0.026210625326450944,0.020439926166789822,0.01509404251555097,0.02380460085866714,0.00655265623762742,0.007255666026021399,0.003973699164183697,0.09403419033167114,0.019838420519770455,0.02213166185636661,0.05306034967447377,0.02118053083350137,0.013612832806186614,0.007725592606459395,0.011375982659243016,0.08374843696310301,0.016228444528845764,0.4394452792658817,0.06730852133770623,0.058425033396460255,0.032041475088408135,0.39139244129260803,1.0
2017-12-12,0.018944412570407326,0.05499021966662281,0.026200119438231615,0.020126795382485293,0.015033162065925077,0.02380907599627225,0.006565043972486231,0.007274473734804986,0.003997582521839816,0.09672272640794423,0.020213127775202722,0.022645461177254564,0.053526318460080075,0.021421787279004532,0.013730664473621172,0.008209120539926692,0.011388418188978403,0.08351381739643692,0.016112321666891225,0.43732425057760577,0.06642368366646491,0.05883390652216763,0.03212329767269638,0.3905544208800226,1.0
2017-12-13,0.018810672083126777,0.05526033707662353,0.025919595343289956,0.020140075117363966,0.01504027546653135,0.023711435746016224,0.0065756611733988795,0.0072591393764591845,0.004044538597230493,0.09597235615776673,0.01997108287843246,0.02230692671908714,0.05366054931418073,0.021371837657231878,0.0137596926794788,0.00828060093077008,0.011453892963373262,0.08425183459200489,0.016173460546031835,0.4371744417285633,0.06695833277806988,0.05779897415765083,0.032052122672659736,0.39078804540352313,1.0
2017-12-14,0.018932809005498437,0.05542965503361731,0.02616505923369422,0.02083325469800923,0.014818948213547655,0.024076077299572486,0.006606309906047451,0.007251103852356877,0.004079924268460812,0.09633447650523763,0.019849095139727622,0.022330232833472602,0.05341231498594532,0.021119829031112897,0.013748062361197499,0.007420786469806726,0.0115497297840139,0.08342728691284239,0.016234855765118322,0.44278113791885726,0.06726595990487984,0.05806916241617052,0.031934269358206535,0.3956056048219818,1.0
2017-12-15,0.019082072297419376,0.05598304801050903,0.026470489473557957,0.020965612940765165,0.014967429719195924,0.024179592562029454,0.006581184991352184,0.007261352477036936,0.003995051877484552,0.09610921826645244,0.01984445712856183,0.022374532451819296,0.05323995495152595,0.02101793504020907,0.013902332445039965,0.00736599331245731,0.011547904865694356,0.08289826337034485,0.016253956387417855,0.4406665604062594,0.0673366154649021,0.056992087120336224,0.03245746001584936,0.3977075792134916,1.0
2017-12-18,0.01914012686395276,0.05700404846416431,0.02734409864330771,0.020842627142679686,0.015166384279984022,0.024422338875444514,0.006639010907987986,0.007471674791650825,0.004033217487035395,0.09665596005654849,0.0197906458134746,0.022645493202189983,0.05271062228214484,0.020898386281506674,0.013802153855008452,0.007880572788789664,0.011612692561749837,0.08277203039370842,0.016394936153520376,0.44256846988507204,0.06721533771781221,0.05699661247498361,0.03210961423322258,0.4003999948832781,1.0
2017-12-19,0.01918350738823172,0.05711419320608159,0.02729473117042041,0.020790835102736268,0.014805312544743765,0.024583530195348962,0.006630691819147729,0.007402656085906995,0.004046288087258987,0.0956490334681432,0.019739173129826558,0.022510041750529078,0.052873983499105166,0.020969841395997495,0.013776025612632154,0.007779315534240603,0.011549634840195644,0.08280532521391418,0.01627279010091887,0.44280936122405673,0.06694462251727376,0.05714402833415135,0.03200856355963271,0.39928847444848004,1.0
2017-12-20,0.019378556685639637,0.05701222357002893,0.027533823644676683,0.0209834845572455,0.014817579919753663,0.024667349444807314,0.0065727352803956335,0.007356535970887375,0.00404590836987963,0.0952430691424839,0.01959876756555006,0.02244657982644397,0.05268638760847252,0.020942428291499487,0.013608285527666325,0.007796957730708221,0.011499486423439396,0.0830008416534478,0.01626854604833442,0.4395334496594196,0.06639544611365121,0.057086870206214425,0.03191937930390968,0.3974806199496128,1.0
2017-12-21,0.01966422915507229,0.059748857335468135,0.027821960354211923,0.02087112557346743,0.015160714739817326,0.02459611681850876,0.006712434223564471,0.007338233125230539,0.004063965448340088,0.09722600021181493,0.019697754076277663,0.02294967143319874,0.052544725757554714,0.021083449701935663,0.013499369017028017,0.008072056028004556,0.011569822434599237,0.08257933165631942,0.016297767572367942,0.43759707522746616,0.06609996852576097,0.05643361736237611,0.031848675145103346,0.3962012456588263,1.0
2017-12-22,0.019598708428791606,0.059962579741401754,0.027681917522189237,0.02088069240666448,0.015242198401502061,0.02458503165328181,0.006693150480745175,0.007222341695213403,0.004043468082380469,0.09651031643663949,0.01964715588447617,0.022937830085442378,0.052218500229107,0.02100367420888768,0.013468288705415861,0.008031035311689496,0.011601212660003312,0.08198737125564086,0.016305238085795707,0.43541256295649994,0.06603709972971566,0.05683215507493287,0.03186700127292996,0.39507478002542334,1.0
2017-12-26,0.01971647006155568,0.05941055773176646,0.027920162656220854,0.021052042529378846,0.01537026711434434,0.024614811788845364,0.006677858608468569,0.007174034695019586,0.004032829695952248,0.09614624174594293,0.019574706584592427,0.022805447118074987,0.05226263607535908,0.02101846670397314,0.013508673381831749,0.008076851333706397,0.011587390039171797,0.08192501622831562,0.015908413355717216,0.43900765155754523,0.06565566312255176,0.05701548293228875,0.03185972840887894,0.3942324155941056,1.0
2017-12-27,0.019533142865788777,0.058879002658280596,0.027722897673327185,0.020919845730061674,0.015153096684244392,0.024587901425925228,0.006631576676571982,0.007104993688526791,0.004033370185898744,0.09541045166179972,0.019596513001173474,0.022720325033632038,0.052400265736171694,0.021001855478145585,0.013542730768987222,0.00803319070912641,0.011660242462872726,0.08216593792135497,0.015898636459826414,0.44071093126750005,0.06621138560559,0.05708225478128703,0.031950106709797706,0.3911735352874043,1.0
2017-12-28,0.01951970881874553,0.05785960311045621,0.02774656336943228,0.020967128743118978,0.015255586672210318,0.02450940341134765,0.006645482761494219,0.007106870864371149,0.004066916154323385,0.095440438571267,0.01959040655617187,0.022808962140265995,0.052300615417919735,0.02106015061307148,0.013532821268602504,0.007873371072779765,0.011739359615918266,0.08288992936562535,0.015914181511474033,0.4413329508725507,0.06620180366362162,0.05731635278532124,0.031895339141401344,0.38999977666937374,1.0
2017-12-29,0.019460578363231028,0.057880541218346016,0.02749466042469595,0.020945462411808575,0.014904939914636551,0.024480008071722927,0.006676366143763984,0.007117717332896063,0.004076884648012741,0.09528689105901858,0.019625150601661756,0.022692163618455382,0.05225892909148851,0.021046449462722654,0.013547226241092305,0.007772263033265081,0.011811744695802049,0.0824577998200992,0.015824109465038014,0.43741230927356006,0.0660006507822496,0.05738308573801333,0.031994194208063716,0.3913809351858498,1.0
2018-01-02,0.01965643010459588,0.05714423480456344,0.027824661366470552,0.021047477662817043,0.014874934480686275,0.024590011740140926,0.006632514386652491,0.007170386480110689,0.004091534551247848,0.09483976704754925,0.01935967217933732,0.022661092088461565,0.05164681225785129,0.020854585363797695,0.013517272434808436,0.008082914049249788,0.01178124545309444,0.08203842227743538,0.015974789787665825,0.44105852562960557,0.06729702539477021,0.05721842289483051,0.03188280892159102,0.39505750653481037,1.0
2018-01-03,0.019291869277413592,0.05713106110047968,0.02751874355023263,0.020526637003578402,0.01419061840237721,0.02392501551326697,0.006656689718345819,0.00706213632700123,0.004050776525769495,0.09335952300789079,0.019288184139678862,0.022690246312752196,0.05180865699368582,0.02069250137451528,0.013530846424951923,0.008481198167238952,0.011857458847356834,0.08237193100781261,0.01587045552388931,0.44385303856629443,0.06806705122040942,0.05841743328690535,0.03182752910815676,0.3989885798543615,1.0
2018-01-04,0.019335606295675118,0.055378326114920856,0.027110965264597026,0.020444274466662044,0.01424381115291837,0.023751921716863578,0.006714415642915046,0.007257735921415776,0.0040565494148530265,0.09428448266801451,0.01950447732739282,0.0228818763023428,0.05159710700699014,0.02094354208695165,0.01350592371303097,0.008461851579711568,0.011875960674877516,0.08239751167367543,0.01588019785638052,0.44405081165514854,0.06766911871067485,0.05936145051693086,0.03197882566374629,0.39882673137135866,1.0
2018-01-05,0.01919326463406665,0.054645206917314136,0.026881505070589465,0.02040355175602795,0.014253686235481563,0.023447497328930145,0.006598254067998068,0.00676229869409448,0.003926143442670673,0.0931483925882808,0.019360954704399524,0.022875162583805453,0.051659592826728426,0.0207753874326916,0.013437107820147115,0.008694384503964304,0.011803948802211684,0.08338224456244098,0.015948818534525715,0.448076138348782,0.06811512774557808,0.059234825221009736,0.03214917345045623,0.4018117927847751,1.0
2018-01-08,0.01897216290653466,0.05386303580096095,0.026476593611621003,0.019900208091868543,0.014248229454957382,0.02329212358960473,0.006612779462861219,0.006660091224963172,0.003945103432989302,0.09164358741428313,0.019248756146282357,0.022578802668612518,0.051639365513076435,0.020620808165421937,0.013265592627081501,0.008410640616373265,0.0116606197359853,0.08179902471154596,0.015863210680408493,0.4537851566204662,0.068522515721229,0.05949317916382514,0.032128572612471595,0.4028590923756527,1.0
2018-01-09,0.01892930271318443,0.05482882715441693,0.02591148151937899,0.019688944906618766,0.013339197423670825,0.02267300070721479,0.006546020137719113,0.006589635677447383,0.00396541253206638,0.09229852120291124,0.01937272997192718,0.022629383713623077,0.052389968689884096,0.02064486048175599,0.013233791960819146,0.008675930440498351,0.01156911832224316,0.08209967026308128,0.015840750841318335,0.455313664950902,0.06828432929168178,0.05954661256271862,0.03206495852835092,0.40208774586415025,1.0
2018-01-10,0.01956895870847024,0.05634535942294029,0.026216875415935897,0.0203258102147623,0.013736113889566113,0.02290929050995943,0.0066588310051111516,0.006731605482303922,0.0039516343533957075,0.09254320193392257,0.01962353965733246,0.022967509800617195,0.05238644583885953,0.02084978310294104,0.01327035992817457,0.008525487375696266,0.011501948974444998,0.08157977994257962,0.015854749535917662,0.45641375180689936,0.06834944577673227,0.059740267079103765,0.03195511315978002,0.4012073199929214,1.0
2018-01-11,0.02038618739872485,0.05895084136275288,0.027031029645308232,0.02114497924252635,0.014001502830620233,0.023428577742745926,0.0067749207244936615,0.006706267833156354,0.0038589948446715893,0.09218589644344916,0.019584037868932116,0.022767346202693557,0.05231683862799959,0.020812555742986318,0.013210192451328479,0.00860324563601458,0.011334894394788634,0.0814399666836643,0.01583344139452332,0.4613016616742553,0.06784676754868575,0.05933023800731184,0.03182586831803963,0.3994565597248345,1.0
2018-01-12,0.020985270906258152,0.059399046957186195,0.02638681422414011,0.02147338427943531,0.013907631840428793,0.023458137574143424,0.006804869310629627,0.006711554305126459,0.003858246252506052,0.09224977027194271,0.019782932984175567,0.022449609231256492,0.052314228323167525,0.02105346280669814,0.013114448551145803,0.008556334014859933,0.011406053001198938,0.08206041109904534,0.015889693335425857,0.468444913462031,0.06437708009495621,0.05855202695586893,0.03215803316353951,0.4027865560855725,1.0
2018-01-16,0.02088300820080342,0.060851744961654256,0.02567334949414039,0.021376448688369555,0.013776734454652138,0.023580727281642087,0.006789318809678244,0.006666858947859114,0.003947529663346077,0.09309110230480475,0.01966561238354347,0.022511004010869504,0.0528954571447568,0.022356128303274724,0.013182443228413054,0.0082768459547165,0.011050201648855623,0.08388500318504774,0.015864855546876454,0.46997933369532996,0.06425180772780811,0.05901485027595188,0.031821554549413,0.4040311053494883,1.0
2018-01-17,0.0207524544614942,0.0594456505811496,0.02526975283636553,0.021309088741280745,0.013612554663186257,0.02357487390424556,0.006679606718822507,0.006608243752181441,0.003942823621036983,0.0905065328343067,0.01974979905328052,0.02279344586920055,0.05244490498178473,0.022133334413583748,0.01326644183078326,0.008099737569263632,0.010865066353248846,0.08507578356236041,0.015976464752722006,0.46207751938849706,0.06337063337132216,0.06017712036479144,0.03216344952556109,0.4039092673018074,1.0
2018-01-18,0.020850383804083186,0.059666978291747275,0.02494254896361586,0.0212470918409861,0.013634593483485448,0.023252072824698048,0.006765474209998195,0.006622516845047054,0.003956354965910196,0.08969524929998526,0.019956898039424152,0.022855366217372358,0.05250837070269341,0.02184751427483697,0.013220016088683655,0.007898414159585847,0.010904100271898833,0.08690400084337337,0.016016625459883513,0.4622251843602355,0.06425949726646053,0.0604425232206827,0.032201226243522924,0.4037805267600293,1.0
2018-01-19,0.020659716040164366,0.059886844844160625,0.024509837312392976,0.021353591059201524,0.013503896501551106,0.02314699564665595,0.00678219359772,0.006682560820038615,0.003963989540534645,0.09113617426407411,0.020446214994176946,0.022851652805845998,0.05243568246473742,0.021805500456011984,0.013144503560445265,0.007657545324264413,0.010920542456283464,0.0865921793961439,0.015875529737785662,0.4606554223491742,0.06450912352384193,0.05777674702663039,0.03202505014794597,0.4047646123782279,1.0
2018-01-22,0.02050851177200847,0.05919582583531734,0.024197221891414114,0.02122507531513824,0.013360536252574348,0.022905290089289126,0.006826757854116344,0.006844406823400106,0.004144060869044771,0.09231301131924353,0.02024730286136873,0.02284881366997024,0.05229141166918497,0.02162041978100445,0.013035789428775417,0.007776291745239964,0.010868453006980356,0.08597337793666293,0.015619650209133827,0.46852245967558825,0.06543309561963584,0.057395598140634156,0.032337088616461014,0.4079852842887758,1.0
2018-01-23,0.020530938492467694,0.05904977965391659,0.024468764678914127,0.021108579906416347,0.013630937151458244,0.022985916350907572,0.006804901781945,0.00685773451809355,0.0041350697163578835,0.091609051617312,0.02004487372725103,0.022714705088396972,0.04995544686040699,0.02173201070139277,0.01296876209167779,0.007854518785324623,0.010799083262651847,0.08636801312551998,0.015589282570345867,0.4799146552465067,0.06669297066463233,0.0585566729424615,0.032369072845266515,0.41208751244720704,1.0
2018-01-24,0.01930897899129169,0.05689787449022142,0.02279791689663626,0.020017338335080317,0.013109947520990733,0.0219239193614776,0.006921487883893081,0.006956730029774921,0.004179676704819177,0.09363039440797827,0.020172403283575304,0.02307632741741904,0.05006801844109591,0.02156092924121731,0.013014794326220255,0.007006068188206455,0.010932004332503447,0.08628953341087992,0.015349563143203985,0.4784108739760412,0.06574356676416929,0.05827935208917064,0.03235901475855791,0.4102990526999926,1.0
2018-01-25,0.018684511402659153,0.05501452742801796,0.021861407061724045,0.019304394118165008,0.012556133485955799,0.021199260015849257,0.006910275953156643,0.006917319362507704,0.004177159461125297,0.09475389592321914,0.020008805494408734,0.023122304129611693,0.05085849925156291,0.021590208329664524,0.013112617768776964,0.006941973760676235,0.010826802852866073,0.0863537881482786,0.015066478823633003,0.48532181068944263,0.06603152100026416,0.05827947556573038,0.032519151888703,0.41221096944615654,1.0
2018-01-26,0.018472815629903397,0.055693433216215255,0.022465338971674787,0.01923511880088243,0.01279208544184944,0.021170466301313823,0.00695471747287488,0.0067911180128022485,0.004145679935032023,0.0933352376124841,0.020049635261669575,0.0229491753246567,0.05058704225437144,0.021595129077671422,0.013578754489860567,0.006724982060857992,0.0107523131022216,0.08648842129329024,0.014924969543967727,0.48803112981108016,0.06613595194425562,0.05824836807267331,0.03274077635581463,0.40929102887111135,1.0
2018-01-29,0.01846134418233592,0.056456390632922966,0.02294701732048953,0.019540708327341734,0.013141617441867825,0.021152747784873582,0.006875694596028378,0.006693463817058013,0.00409668021054493,0.09548874840314497,0.02013295827138464,0.023066166933966403,0.05035166672149992,0.02159781056223817,0.013674291002178202,0.006795091974831992,0.010748090851788966,0.08670313663623969,0.014715107804460394,0.4968162379902538,0.06517541224725622,0.05845391543275748,0.03291361823618644,0.4119739214421283,1.0
2018-01-30,0.018632880626635873,0.05647615630516208,0.022746356347811008,0.019883575625288544,0.013853310424713848,0.02119804687502159,0.006873509871776685,0.006512118792254929,0.00403552976492456,0.09528668859085782,0.0200536414946155,0.02312900605959135,0.05046360633621568,0.021488576673725553,0.01339271475668293,0.006607781397352329,0.010986986655865724,0.08384618917087079,0.014789561124878264,0.5094262676633207,0.06629748107419092,0.05797132220889443,0.03285821091554382,0.41230073696653247,1.0
2018-01-31,0.0192364213120044,0.05639543619176548,0.023277062418028592,0.02010404340726233,0.01322680960107735,0.021531192866963294,0.0068489025805258666,0.00649477111307365,0.004026474784931702,0.09486828412774628,0.020026134130291376,0.023294767574875336,0.04893742819548473,0.020982289446543827,0.013117029908561565,0.006554973462540528,0.01097807549101871,0.08385124850920435,0.014823057190618216,0.5138058101237184,0.06618362959801327,0.057971320159533435,0.033646031430898025,0.4143125481372896,1.0
2018-02-01,0.019092977760954918,0.0591074366870597,0.02270746158872466,0.01999305395497526,0.013802366167034253,0.021371519793701724,0.0069844574163137755,0.006608834978340278,0.004025542378227644,0.0964677329142498,0.020358046976647934,0.02321419799725156,0.04961764611809896,0.021212057287521933,0.013051120936726135,0.006584029699601199,0.01068753152529452,0.08335282414016275,0.014863677381580858,0.492561963533136,0.06842358817868013,0.057548244548496046,0.033402080336516066,0.4137874681166236,1.0
2018-02-02,0.018862254928943903,0.05937447076959197,0.023373266549609244,0.01977459471988197,0.013540276375193179,0.02125533609456265,0.006925814429559901,0.0061872543015385785,0.003971572831356244,0.09414474337374959,0.020085949014005868,0.023195867940291204,0.049845589755708096,0.021201030900254735,0.013254264842983126,0.0065167102064186315,0.010861183677364385,0.08394971084710574,0.014526833168474865,0.5176983022416402,0.06888886730892373,0.05757513431166915,0.033227980901577324,0.4025516797176623,1.0
2018-02-05,0.018784872102919452,0.0598352561893739,0.023684946958938996,0.019826799085589385,0.013439337543666868,0.021514267317999564,0.006934849943432522,0.006187380372924808,0.00397139996916223,0.09404139261306113,0.019838123993163044,0.021955952681223887,0.049223463688941364,0.02129153671136404,0.013088253706088838,0.00652336458541096,0.011023277858454096,0.08305964230994997,0.01476911589971001,0.5247382088531845,0.06842737058491882,0.05758152408031512,0.033220836243942606,0.3985745515247225,1.0
2018-02-06,0.018989737836217022,0.05932901457742624,0.023445906894896753,0.0197021305416891,0.013338825599877683,0.0215721637125424,0.0066786885707680035,0.006129551954949301,0.003970109317067646,0.09598760074455252,0.02015850907817793,0.021253070814161258,0.048913973757873506,0.020577781192005828,0.013090229227667031,0.006775158516790209,0.010919655813205685,0.08355039142303994,0.015122591634615384,0.5353488216873052,0.06875709809398009,0.05763708088157486,0.03388692447364549,0.40094392829352105,1.0
2018-02-07,0.019167233611537837,0.06063408908504428,0.023951584133611047,0.020080845359633358,0.014039812368273192,0.02158737531964866,0.006723448010435112,0.0060000151130275015,0.003960233716616039,0.0958734569023904,0.020341878086739283,0.021456859888354104,0.04900695923890889,0.02083784030553088,0.013044159642865257,0.006626492763113654,0.01082538500504683,0.08420904007607062,0.014873249893292211,0.5283220376529236,0.06718972536141637,0.05737118465751223,0.03341587074446299,0.3910189921204296,1.0
2018-02-08,0.01882991011235955,0.060984112359550556,0.024812088725300274,0.019848895776830685,0.014238667183262301,0.021553661759008136,0.006660209608678806,0.0060015497869043005,0.00414180550174351,0.09544750329329718,0.020065866330879503,0.021464549399457574,0.04895776869430453,0.021204959318093762,0.013029833785354513,0.006768693917086401,0.011235955056179775,0.08386672103835723,0.015028089112746997,0.5232468035645099,0.06647811003487021,0.057183260751646654,0.0329368469585432,0.38803565284773345,1.0
2018-02-09,0.018461186117998084,0.06090740776680614,0.024706533484522095,0.01926284974752166,0.014010040012028036,0.021186844672498945,0.006703440923643907,0.005947586306261866,0.004103758202330877,0.09516901694440578,0.01990418126193244,0.021427344372147935,0.04944742286922421,0.020946344972849956,0.013040407459685837,0.006791243025416232,0.011062968623585936,0.08435036661519422,0.014927182252130354,0.5113855245909066,0.06722910335965107,0.05707468542434404,0.03366226960758481,0.3961672842999,1.0
2018-02-12,0.018859186746987954,0.061577561370481926,0.02485316340361446,0.019597138177710843,0.014363705572289156,0.021389307605421688,0.0066340365210843365,0.006027861445783133,0.0040662650602409645,0.09531626656626506,0.02011671686746988,0.021272590361445784,0.04904744126506024,0.02086972891566265,0.013049698795180722,0.0067884039909638545,0.011001505647590362,0.0849736453313253,0.01531532454819277,0.5219239382530121,0.06641942921686747,0.05700300978915662,0.03355798079819277,0.3960617247740964,1.0
2018-02-13,0.019102946415268027,0.06167994909352707,0.02511885377891067,0.019591128285232323,0.014551586163617498,0.021464997809351644,0.006639278538651803,0.005970844387135955,0.004074444125812899,0.09595785284742177,0.020049268921908444,0.02178043864489845,0.048803206185415046,0.02061631250285866,0.0131208362840054,0.0067406706113166525,0.010987855771547046,0.085108941253437,0.01542843620595197,0.5311835945758567,0.0650221175979575,0.05661036423652485,0.033733393914346634,0.3950896375097781,1.0
2018-02-14,0.018924418024759568,0.06104949813156723,0.024738480226782548,0.019343149399194584,0.014210914301952092,0.021392337038757973,0.006914619940121667,0.006025279754897015,0.004124315108979322,0.09730122261452777,0.020399240128032035,0.022066752975328258,0.04805030834975008,0.020343657478130727,0.013039950095298044,0.006807158371632097,0.011138985449380351,0.0847763527859815,0.015505089921217624,0.5376987997282916,0.06652264733703758,0.057347617757777566,0.03365040851732093,0.3963863135654753,1.0
2018-02-15,0.018918423743044362,0.061328354937422884,0.024227445513746646,0.01938708331501431,0.013931605039048275,0.021301992180652318,0.006861452964342118,0.005898506623105896,0.004126391403849289,0.09800820071851268,0.020284125290686197,0.021975688736382816,0.04804847625746021,0.02050014755583891,0.013074838767086667,0.006835823204069763,0.011134300141176298,0.0827548359896701,0.01583461547154956,0.535207980457378,0.06589045482887824,0.05712141102773475,0.03392648127650761,0.3989162417790333,1.0
2018-02-16,0.0188784221429732,0.061122457844738444,0.023779198486797094,0.019343244160775517,0.014146006694275789,0.02132697975217311,0.006873531852973927,0.0058853240846909825,0.004146811062160998,0.09794965187303362,0.020181390805008505,0.021941864724039088,0.048733262846060936,0.020602294689837035,0.013271258677876051,0.006910131395126971,0.011089882704030642,0.08395004700739742,0.01577746245088112,0.5302244901129888,0.06491424661356449,0.057162305618766736,0.033672252225843934,0.40069981942167715,1.0
2018-02-20,0.019040887400171975,0.06083732757233355,0.02370538857213452,0.019317002351332338,0.013750523831479594,0.021253488173983755,0.006847650788777029,0.006059802426646188,0.004152768865451875,0.09752012473945748,0.020270519316006128,0.022070788797571704,0.04818021637037612,0.020241066686395755,0.013257198452073078,0.006840287723412752,0.010959922794725385,0.08344562124595722,0.015816785521942725,0.5405778425460823,0.0647986548975479,0.057122662568669186,0.03413517139693854,0.4058742377170292,1.0
2018-02-21,0.019538522681788316,0.06228413231328186,0.023947462965316305,0.019679194494942428,0.013900559322909964,0.02148200972276739,0.006881795065104961,0.006134015289337774,0.004194230128436752,0.0975075190348508,0.020397358489709156,0.022111329706224814,0.048091125574769536,0.020193755455604118,0.013237922418750044,0.00688919919544908,0.010964969161388059,0.08334042804820094,0.015832016364199383,0.5489592168232615,0.06586014994943538,0.056994148273056766,0.0338685000937527,0.4114047280082149,1.0
2018-02-22,0.019593485393329016,0.06170579757338352,0.02373185954139208,0.01943445900011239,0.013591177580310332,0.021198538745670428,0.006864006593180468,0.006076273405292483,0.004319590588789787,0.09668412135189898,0.020288762330530678,0.021749582777938183,0.04804435194075715,0.02018151185190571,0.013217652078983575,0.006756756854211422,0.011039364646864312,0.08398423026797179,0.015948830834037635,0.5493202515656629,0.06619550865457507,0.05665024453370595,0.03392432000586121,0.4092627187389037,1.0
2018-02-23,0.019433625031031333,0.06156953772179691,0.023652313850339102,0.019459104592328424,0.01330397057041657,0.021107997293964304,0.0068139623143143625,0.005980417030160363,0.004266006548598871,0.09710260409928745,0.020409128598970882,0.021537508442711784,0.048054454062290884,0.019972335755598425,0.013198412023906314,0.00679940292899547,0.0108288135512642,0.0837767990008142,0.015970225027284596,0.5459905992234051,0.06671640873981581,0.05660830678345757,0.03423724978064818,0.4101445123950493,1.0
2018-02-26,0.01978701901743853,0.06159159266226217,0.023798388137774486,0.019675491823212623,0.013599078164948316,0.021405956937047138,0.006749172304857215,0.005928910425588854,0.004216433870625084,0.09758958139164665,0.020510143902002412,0.021575046368414685,0.047514031638949815,0.020168369198265874,0.013343646097396276,0.006788746702656074,0.010749747426437169,0.08420635693904772,0.016096739970686245,0.5475427749823025,0.06653115069792316,0.057051373006535275,0.03432867845581721,0.4114800545671876,1.0
2018-02-27,0.019772033985821787,0.061218242389505066,0.023645545758552034,0.01953882199825607,0.01346436974708604,0.021309778660346765,0.0068287491808293145,0.005976066518975494,0.004270701195267854,0.09763216223150237,0.020668445056851014,0.021575786134906863,0.047979796743985996,0.019939656456975954,0.01340970987330681,0.006741294548844308,0.010767851198759717,0.08472896407905171,0.016251074791464,0.5509568863316608,0.06612299221742432,0.05704592874840325,0.03432594196093244,0.4074985158885183,1.0
2018-02-28,0.019990197779803664,0.06127870876962106,0.023767147590734308,0.019861229498835262,0.013265384701805195,0.02131305142090035,0.006765346566403558,0.005873617559632634,0.004329674173505863,0.09688520852188744,0.020642412527642418,0.02152308667867893,0.04785856198326063,0.019979143661035068,0.013379614771886981,0.00603943449992229,0.01065284088136634,0.08333609603393893,0.01640854354183335,0.5573119567289283,0.0657078748023221,0.057420692350363144,0.03455264121366997,0.40707411600882115,1.0
2018-03-01,0.019972588690115627,0.06113524137348845,0.024144126753200313,0.019924038269867078,0.013276467987304075,0.021664357329252624,0.006744669629224002,0.005863306702221679,0.00432092092641432,0.09589680822504304,0.020349783052909087,0.021402937131696248,0.04753386440735469,0.02005475004921088,0.013306345456271663,0.005698984730949224,0.01071453981847431,0.08382287717985577,0.016338832370840665,0.5577423635115247,0.06570638171436277,0.05744173198357344,0.03467566978182608,0.39942190454944354,1.0
2018-03-02,0.019760334417092427,0.06106827905248491,0.023550395169530888,0.019790059637714817,0.0129493722248026,0.021480724941941476,0.006666047747329307,0.005867162099396191,0.004280538783093358,0.09591082025081282,0.020339991453785414,0.02133209475150952,0.04786623576405016,0.02019879275429633,0.013358105341384116,0.005529029261495588,0.010853692150487692,0.08367487301439851,0.01636878848118904,0.5574547143520668,0.06562749465861588,0.057404553646075246,0.03457501272642824,0.40089922675336737,1.0
2018-03-05,0.019548391421110017,0.05986901494787532,0.023381625607148966,0.01976890418986282,0.012899953237152323,0.02145582124776491,0.00660801061025698,0.005839893692824439,0.004270583052902452,0.09670187534653857,0.02039368865290217,0.021165480035856478,0.047700425519976594,0.01999309179165745,0.013274824061983954,0.005659808865292408,0.010992524880577656,0.08393423226977431,0.016246224818822635,0.5599572272955216,0.06630061593116214,0.05768227171611797,0.03441457769390728,0.40093867474306,1.0
2018-03-06,0.019636232168145404,0.06082943194689253,0.023569344545836216,0.01973520141745284,0.013012623520051555,0.021351699156140932,0.006649266975805963,0.005886837203363506,0.0043473159140228574,0.0978439297216619,0.02073222533258421,0.020919166881389922,0.04699939720432771,0.019903815327497913,0.013151913941185164,0.0056155885162588685,0.010981920778820311,0.08290690413174355,0.016189719699207804,0.5636262147763782,0.06589885756119,0.057079598522677515,0.03420670498285101,0.40139730365105475,1.0
2018-03-07,0.019843772930781548,0.06282088892539843,0.023470734505623446,0.019631068665863883,0.013202288159413189,0.02111265914826159,0.0066488186424409155,0.005988704601200482,0.004331083976740827,0.09731186784205607,0.020859615658603062,0.02075693009495028,0.04732286587985169,0.01997579581237568,0.013176617043547662,0.0056146397700171085,0.01104591479343926,0.08334678007774966,0.016047197892653405,0.566598200174816,0.06737201250505039,0.058060732050397586,0.03442129944013361,0.40693853420126586,1.0
2018-03-08,0.020003870644845413,0.06352753109464448,0.023658529916756068,0.019949104801631284,0.013435707360663138,0.02131093061187855,0.0066192762943584685,0.005907330190295102,0.00432644392799734,0.09724093320481314,0.02079613854955988,0.020708515098941185,0.04821520476611316,0.019992916526940633,0.013326177499738643,0.00557508850468518,0.010963975990228188,0.0820490908551111,0.016150232192523734,0.5665852497219657,0.0665724699177434,0.057032391247052484,0.03447646414521425,0.41110344834810164,1.0
2018-03-09,0.020121510901121183,0.06255001623738105,0.02325439569747076,0.02012868818341158,0.013044709845063906,0.021424187995691915,0.0065385038076853415,0.0057848898849221396,0.004223830627897206,0.09716963234100166,0.02105455688114425,0.020896657388483796,0.048016019599332035,0.019787766915753725,0.013195433490890423,0.005519330081313427,0.01079104392360824,0.08089873482413362,0.016147090473951076,0.5666069671570161,0.06647239849703288,0.057170641366409744,0.03464474197459872,0.41629674140316647,1.0
2018-03-12,0.020301686511044217,0.06377963461434244,0.0236361932459257,0.020179517070092797,0.01313321454295539,0.02147307513799344,0.0066043358897576315,0.00578867592910812,0.004265150776745041,0.09823141875925132,0.021167652254258665,0.020847855776474078,0.047656863424216406,0.0198920599212937,0.013154774574708233,0.005673692566537843,0.010880267041700978,0.08004613779242595,0.016323993242420155,0.5743365133966949,0.06638830970393092,0.0575849235177259,0.03477157774811839,0.41843033525860157,1.0
2018-03-13,0.02033406699440209,0.06494751118973889,0.024876053510207843,0.02046425131092325,0.01365127207964928,0.021816722433583714,0.006534529443159271,0.0057100287718585985,0.004252687673024517,0.09710665107011784,0.020984988215384782,0.020815026080950587,0.04858406584923214,0.020023070765534,0.013289648978201616,0.005814899471278421,0.010946331280820759,0.08206674736577885,0.016270327391883978,0.5743225967847969,0.06577201149941646,0.05761379505400339,0.034140838454166274,0.4115885812861031,1.0
2018-03-14,0.020105619754321687,0.06363021308487578,0.023884515791237005,0.020422044316903882,0.01358438623728404,0.021684100060259396,0.006557604030999345,0.005710170691986635,0.0042371648765378534,0.09617454752298288,0.020727556634182145,0.020596622420214893,0.048125466620055186,0.019931041287305537,0.013220681097667056,0.0061648024802130035,0.011038450987375438,0.08197186618540137,0.016224886642018755,0.5786548771306201,0.06699085039346239,0.05750905485771167,0.03413372662564359,0.41807541730127457,1.0
2018-03-15,0.02008131401530122,0.06287923005078387,0.023994203873743635,0.020507182755780975,0.01335842434583501,0.021817545507176586,0.006595494711429428,0.005714639142097289,0.00424412053483149,0.09704330292706824,0.0208274941035316,0.020685538463354605,0.04843247597568071,0.020110433923622627,0.013314745939311921,0.006107748440702654,0.010592101849365041,0.08352836735477258,0.016256691672270184,0.5759482483269344,0.06692315658475458,0.058096405043617044,0.03428055505749827,0.4184353257024255,1.0
2018-03-16,0.020130741457586487,0.06467999729405054,0.02416779072689492,0.02059948866247038,0.013735414792332097,0.022129280699818385,0.0066315165764967545,0.005748525602201571,0.0042732402706631145,0.09723802058408938,0.02089745233157782,0.02031242684324393,0.048575402165779186,0.02022885011235842,0.013364776605590907,0.006079193004098121,0.010479613044721448,0.08279766431518176,0.016171816540739983,0.571102593482209,0.06725629460919004,0.058233797994070524,0.034374874239647114,0.4126910788380454,1.0
2018-03-19,0.02013328832785209,0.06491161223445799,0.023996284398990823,0.02062722107873555,0.013620011670952668,0.022337555011695622,0.006653347507099769,0.005728145484126088,0.004544918521188846,0.09677027208619539,0.020992142281153554,0.020450290312697256,0.04800731637666082,0.02013697513037025,0.01339147599064297,0.005967740097564147,0.010630612339909678,0.08295490079710506,0.016154181568209223,0.5694713070856353,0.06360674216760019,0.05800023978739466,0.03423986025047149,0.4054008144808043,1.0
2018-03-20,0.02036114202054789,0.06479716402387711,0.023993906164891558,0.020795454160537883,0.013434231448843056,0.022337629950576813,0.006647183740599292,0.005712308824275185,0.004490345854133843,0.09687001101067033,0.021152473830116217,0.020206557079724567,0.04829330417650185,0.020110860080289127,0.013371661791915922,0.005881616946644166,0.01055599336857038,0.08346890395984649,0.01612475871802865,0.5839326758971592,0.06188947774020743,0.05749114827415318,0.03427753245282355,0.4040243747883421,1.0
2018-03-21,0.019945205575466175,0.06429001130992348,0.023676865040774216,0.020631064372204435,0.013200930664752883,0.021305859830009797,0.0065045924645224205,0.005453680725848487,0.004450704960175203,0.0965548567130163,0.021058804036976866,0.020203324707432004,0.04837514437670213,0.02016644986091772,0.013374239345944873,0.0060547287030718175,0.010597618935827283,0.08216289232652638,0.015788572003563105,0.5832967756041567,0.06246105292074338,0.05777804217988918,0.034101177139114966,0.40225228245314415,1.0
2018-03-22,0.01978673829662992,0.06339624151862672,0.02376224194287994,0.020679428836242637,0.013390375872372394,0.021560773491629364,0.006392580210676074,0.0053674978218635205,0.004436980229066885,0.09554827216403892,0.020668081438979913,0.01986995456060556,0.048182653731253126,0.0204713866632668,0.013466026196148392,0.006037016577656222,0.010719865276364494,0.08140516165015736,0.015967266563806166,0.5843801952870539,0.06237115648199986,0.057529437791207304,0.03396389251533639,0.39682412817411405,1.0
2018-03-23,0.019708220118117115,0.06440620198741161,0.023907953899886588,0.02082480191006776,0.013754413336548827,0.021914336573936405,0.006432893115711353,0.0053124492697315985,0.004477911784450126,0.0947586386423364,0.020117762434539953,0.01969663009243032,0.048333628583165415,0.020635484763371976,0.01332555534094119,0.005938352383692703,0.010918532099099272,0.08212080787045811,0.0159315527963514,0.5778245049654034,0.06158191154836874,0.05752513210602825,0.03368286016983279,0.39469373364849847,1.0
2018-03-26,0.019506874064494997,0.06441481139857225,0.02338116599436643,0.02071053769354861,0.013616445179813879,0.02166218387412424,0.006345564570561899,0.0052923585189951034,0.00450245426242867,0.09587180993484468,0.020424666829358607,0.019668616364649075,0.04791709640671128,0.020326869911787768,0.013180117114281943,0.005920520475407458,0.010753982235825871,0.08240206238825636,0.01624663828173806,0.5852287737013748,0.06020574939343563,0.05768933899051076,0.035274866852807556,0.39615953869146064,1.0
2018-03-27,0.01948235859809848,0.0643032635731634,0.023535760748335383,0.020768422338531663,0.014219442680652068,0.02169852349797244,0.006334636594241611,0.005270571067871785,0.004478262998845308,0.09464062279514325,0.020343563020953345,0.01955890857132216,0.04869058389785031,0.0205732167681996,0.013400340054106688,0.005875327951476537,0.010893278672553373,0.08342583201505678,0.01610834989984118,0.5730071659706202,0.05826335027029879,0.05814469658697801,0.034245315810679716,0.3847095754411203,1.0
2018-03-28,0.019520152783109406,0.06506717850287908,0.02363531669865643,0.02070249520153551,0.014721688291746641,0.021593090211132437,0.006364683301343569,0.005282149712092131,0.004514395393474088,0.09572744529750479,0.020310940499040305,0.019761996161228406,0.04892514280230326,0.021147792706333976,0.013550863339731286,0.005938579654510557,0.011055661804222648,0.08387715930902111,0.015976966986564298,0.549489460268714,0.058744721305182344,0.05854894587332054,0.03431477888675624,0.3856276383877159,1.0
2018-03-29,0.019675333014493725,0.06533831478089311,0.02346196376760319,0.02075452353645607,0.014654261393196718,0.02168982057514796,0.006357753413133873,0.005293709792847037,0.0044757975501753915,0.09537008252647815,0.020432659165115618,0.019845731777046724,0.048525670829119384,0.020625778090850352,0.013438753300111654,0.006028316158950274,0.010841123467489333,0.08103389811654263,0.015883022693917666,0.5480542025460012,0.06050657015329467,0.058098272994317045,0.034560577747640896,0.39070078924294177,1.0
2018-04-02,0.019280524755535267,0.06594032554379681,0.022367423202080853,0.020120998402000406,0.014272545459079359,0.02104668011776751,0.006371326996392264,0.005298464924752659,0.00452383554978882,0.09580229027254092,0.020419230711361487,0.019888608427567192,0.04824391669811852,0.020632253402161856,0.013575379408926593,0.0058368323403525275,0.010961005268423635,0.08412474895912886,0.016139402252742213,0.531391874205172,0.06018482890050079,0.058124317861614476,0.03428509497395545,0.38982060227780163,1.0
2018-04-03,0.01968674174860883,0.06649582484204916,0.022991452170277173,0.020547343420918292,0.014821473245329682,0.021407945093227757,0.006299603858815656,0.005247757752927052,0.004532502140829851,0.09584425278600409,0.02033697297577375,0.019920060806702358,0.04909254657979108,0.02068886420231955,0.013647230074667433,0.0059936125355952545,0.010740308870422127,0.08589952235042804,0.016101857288910098,0.5324447111590548,0.059710456855481035,0.057316073670748195,0.0343131445165691,0.3876188077772845,1.0
2018-04-04,0.01967716524846116,0.06573549636380607,0.023148271580316796,0.02036533665630182,0.015313704405245439,0.02131062705168734,0.006163292999797438,0.0052482522751804124,0.0045109257667797055,0.09551970198233532,0.020293493451904045,0.020006125927939163,0.04931012969735494,0.020622455643846682,0.013661337172227707,0.00597045413725495,0.010632626745412497,0.08650919317728822,0.016222128475210925,0.5333592887893092,0.058645818398414665,0.058275260404145796,0.03491146563861037,0.3876220040419475,1.0
2018-04-05,0.019580597135730068,0.06618872864137233,0.023324720579315537,0.020357962629560654,0.015472202474968898,0.021353141428295936,0.006192636228631089,0.0053777168462096556,0.0045177327974792,0.09606660165317446,0.020602063656478944,0.020001200312408696,0.04908669040587164,0.020478135073051372,0.013418004393510543,0.005929759008495143,0.010635261248928591,0.08602469522383126,0.01622328024678589,0.5451885776176583,0.05983836457850413,0.057844254220946675,0.03469228115361016,0.38598264448240494,1.0
2018-04-06,0.019309111473721805,0.06623228600088936,0.02333296243637128,0.020368827281825475,0.015339013866480091,0.021228887879544685,0.006204717343619548,0.005325459749752668,0.004569067845858454,0.09597730201666434,0.020364988496924388,0.020053984335225802,0.04918467382091387,0.020487854186897053,0.013503706470647574,0.005928269541181053,0.010769945252711074,0.0859906274573054,0.016162597944578107,0.5395454720717915,0.060357769047205495,0.05781214937263717,0.03464428617134553,0.3866583178969584,1.0
2018-04-09,0.01906504067019378,0.06434738005425211,0.02288799882676296,0.02011358002188731,0.015039262932026794,0.020989912537736802,0.006214698122921456,0.005361325166387291,0.0045959682546974565,0.0965076805448866,0.020415894853969427,0.01999494931789693,0.04954920493208607,0.021491222080250554,0.013569777661582313,0.006034839248674346,0.010848934223203406,0.0852339709396246,0.016268618236785503,0.5380765063565692,0.0604364058528386,0.05843117418831733,0.03473572228900778,0.38859084257986276,1.0
2018-04-10,0.017863123491181184,0.06240425602257621,0.022526505009427978,0.019707399569506318,0.014453097181641417,0.020373596983024822,0.006221606729750425,0.0052994686905878585,0.004625743622679317,0.09656851697730168,0.020377360057454403,0.019805258323811394,0.04902384921513271,0.021261860577432207,0.01353095914247885,0.005999540548861538,0.010696796888246232,0.0853598343211747,0.01630207653842945,0.5405683784880329,0.062118201391927516,0.05848611040702973,0.03495842585819561,0.38829147439276196,1.0
2018-04-11,0.01718271699377422,0.062012955033046206,0.022352670443385052,0.019480053345642498,0.014571246147969496,0.02024835503678878,0.006180479210294593,0.005370545008823042,0.004640090331794962,0.09573119557947783,0.019960715610036452,0.019654150973092362,0.049061576909545886,0.021270235015250178,0.013545582187196736,0.006142631817702466,0.010763798831675287,0.08398336189108972,0.01631601132494055,0.540101234531193,0.0629477860085457,0.058799709509604864,0.03476661521360322,0.38603203924618984,1.0
2018-04-12,0.01748129691733564,0.062031013862781065,0.022623958883569228,0.019887462114675587,0.014714770380950268,0.020623200239577477,0.006186209430914566,0.005409179484191681,0.004673440983913006,0.09744405833897296,0.020214039167617142,0.019782356990012562,0.04896039155162141,0.021298879580249473,0.013633684862306858,0.006242515573416251,0.01065319280722973,0.08417449233733795,0.01634202837226126,0.5437332743130915,0.06151299202141521,0.05933581116796914,0.035127760371201695,0.38758028891842794,1.0
2018-04-13,0.017268380135470156,0.05686481203690254,0.02407484087653232,0.019922447398185477,0.014757369377287544,0.020731844665188275,0.006162707788287211,0.005413545056934944,0.004596619272960756,0.09634453686673858,0.019945035960807603,0.01915822687996344,0.049173659823999794,0.021522417251591142,0.013673154135457383,0.006456348937860521,0.010616270933178754,0.08443323226396553,0.016444866240334886,0.5386402185772049,0.061935775689924706,0.058995596923997945,0.035041222859985725,0.38748258894452925,1.0
2018-04-16,0.017327398378987894,0.054670924771068705,0.024351715134977844,0.020277536079667504,0.014713351322418473,0.02049786290300693,0.006113136132869783,0.005351327760091401,0.004604457172500138,0.09630149543119394,0.019941445435557318,0.018970512551382792,0.049203832443335954,0.021901980727984383,0.013641590908919128,0.006434290112098733,0.010530875658472105,0.08600961948105693,0.016414349085657576,0.538306976006403,0.06155334022320455,0.05896169816395698,0.03516640086986404,0.38761835878528383,1.0
2018-04-17,0.016904437944558936,0.052468419412620086,0.024013538540065778,0.020156001595000046,0.014447289395046525,0.020052543109316142,0.006081902331431741,0.005313351205306175,0.004504155159435485,0.09371524984482345,0.01967196305961079,0.01868540823729717,0.048233993682003456,0.02190002266609854,0.013423787198572722,0.0063664145526721415,0.010382835109117075,0.08814325076257591,0.016464738179540635,0.5556590201173944,0.06231918188736747,0.059455588574354755,0.03549747220401698,0.39689774070553696,1.0
2018-04-18,0.017632464959047255,0.052720187489315694,0.02435539739722795,0.020382923231205618,0.014822938295991493,0.02060812887835585,0.006069467204734845,0.005331088875017171,0.004511489338830321,0.09377400098714414,0.01966300435050116,0.018603432346331467,0.04715281692855138,0.021752613978797367,0.013471706628223981,0.006423888256599637,0.010344675227007003,0.08727627271935774,0.016414141693363887,0.5640616790546547,0.06141827912596575,0.054931625789209335,0.03560458599507159,0.39580010571748603,1.0
2018-04-19,0.017407255883172715,0.053265161069842096,0.024328569302797344,0.0204483268139504,0.014648384115828401,0.02034807134476403,0.006160118791418869,0.005369217463768346,0.004556037225479778,0.09437717787189248,0.020310940569664312,0.019137584609394048,0.047361251978651785,0.021773921625598776,0.013564143055479956,0.006434892022621398,0.010348554362686115,0.08754126434384078,0.016040816030706083,0.5781043253159729,0.06241808353214133,0.05484325057337013,0.03568710206168694,0.40387950015554447,1.0
2018-04-20,0.017519680943548225,0.05404211344068331,0.02448935322505966,0.020747977342024604,0.014699604355149044,0.020512033898892054,0.006201921870615639,0.005340544155526761,0.00457653924127188,0.0943620997763206,0.020395934738390128,0.019684362282961478,0.04743571838016803,0.02203255423216884,0.013718382731941753,0.006434119817107275,0.01038896878501489,0.08803284000820702,0.015516040979205729,0.5720636562917343,0.06227389038151793,0.05426681739779542,0.035578660222653734,0.4018366093150611,1.0
2018-04-23,0.017481247099839854,0.05368330926841315,0.02588108407350427,0.02045096233083765,0.014811124792575387,0.020589523683573162,0.00619408407267777,0.005336498953999956,0.004572536998479962,0.09237573237264358,0.02008770516182868,0.019701980021504324,0.047496713895355244,0.02256309206866648,0.013781274117242063,0.006568575227344433,0.010440813017615425,0.08775825568662132,0.015470229973771026,0.5684251384049747,0.062105611591954865,0.054623280194170704,0.03570773084848406,0.39975056469886344,1.0
2018-04-24,0.017342553586477186,0.054506256370752945,0.024770739910469432,0.020424662863986736,0.014898123072167929,0.02045123276500716,0.006183195917037927,0.005610044815455847,0.004592797176388075,0.09204193473275456,0.02014378067362935,0.019931220706325907,0.047897940898678146,0.02280836217596359,0.01406686511981316,0.00663108777509938,0.01059759480700455,0.08890288919391835,0.01546178492338557,0.5542063696791207,0.06061353638702529,0.05525021056276479,0.035345560896169345,0.38715381587738557,1.0
2018-04-25,0.017144048526224427,0.054292645419670854,0.025153444519602018,0.020705464889420155,0.015761157666361086,0.020394788208944928,0.006429491410960885,0.005531560408461362,0.004546488006954544,0.09063802564314863,0.01971660336903354,0.020121998549653655,0.04802606907121117,0.02259225703343229,0.013897098341257724,0.006645450349039226,0.010544063436128747,0.0889975004628912,0.015500681790962648,0.5532204660966907,0.0605023899102956,0.055292872402326845,0.034973858235749826,0.38689854925970213,1.0
2018-04-26,0.015887121546544043,0.058962707627018135,0.024709968524934248,0.019921708840611646,0.015804631124987152,0.019985451558393378,0.006434340622445986,0.005376948981694372,0.004443294660605182,0.0900245229781873,0.019572994576108452,0.019662984604121612,0.04799882930697014,0.022276467154983447,0.013817333279047396,0.0066593175672867546,0.010337690615433322,0.08887714168438411,0.015394047450729599,0.569176657360654,0.06530330935562675,0.05501436262002422,0.035343878784407916,0.3899750508104899,1.0
2018-04-27,0.01625523086188685,0.06015184455407198,0.02472742496039694,0.020038129286513544,0.015899413238329517,0.020049365246148424,0.006356019326243095,0.0052024227250406195,0.004382170329947821,0.08981576566393151,0.01942387672592003,0.019611148962242586,0.048042821004366534,0.022274160162749343,0.01385814548786918,0.006768018620697191,0.010367391002816726,0.08995808881809192,0.015199015449027629,0.5890161266984352,0.06501717350828727,0.054863272854878256,0.035888851368854724,0.38579955240077773,1.0
2018-04-30,0.01621192923306413,0.06051622780336657,0.024519929305913207,0.019720171459644494,0.015558618695881002,0.019950530021118948,0.006332961873712682,0.005158512772505381,0.004357923674576288,0.09000207608991458,0.019493588884203147,0.019621985248965364,0.04776722329993998,0.022231452544573867,0.013825267771591125,0.006823889150744673,0.010498290623509285,0.0892732348806146,0.015602046122807252,0.5914276452559601,0.06495345511500188,0.054742170396191024,0.03531655190403843,0.3841808116067069,1.0
2018-05-01,0.016332680503125904,0.06136055107478266,0.024649691423898272,0.019865903656234262,0.01555672677328627,0.01994123776664131,0.006282959052333512,0.005119029587602663,0.0042978754668540385,0.0891479560161783,0.01951559441153227,0.019798101563165974,0.047464968989835966,0.021839686202295983,0.013334338310463096,0.006896940885207887,0.010411329851531127,0.08921576074598002,0.015923987200438687,0.5959996914253485,0.0654889248873899,0.05461804931584887,0.03578423920693547,0.3907300135054352,1.0
2018-05-02,0.016026286769607108,0.06076253807930354,0.02405081094217533,0.019865917413614584,0.01551787712816643,0.019809005127767287,0.006302003472193511,0.005171360755848091,0.004306305545038579,0.08880095380926838,0.019615506694696045,0.019801416924163692,0.0468571572521819,0.021740202944881503,0.013237620807056432,0.006833177345034786,0.010577955443997361,0.08857710332060313,0.01674811463739882,0.5955525921124807,0.06680275308009528,0.05404697902835497,0.03547864670741574,0.3886602022694403,1.0
2018-05-03,0.01601305127152256,0.05993010963049522,0.023926410117589333,0.019694037560464665,0.014545219581821856,0.01986515817110622,0.006282013790632603,0.005183041644450508,0.004274203087573272,0.08875816368036386,0.019424048243918943,0.019598970765812237,0.04678427060408689,0.02187677040515011,0.013218086367939572,0.006753545092108659,0.01075395619135011,0.08903955758986327,0.016816365306068417,0.5978104094170155,0.06617409594273249,0.05399413859213028,0.03577173349181652,0.38928710505859615,1.0
2018-05-04,0.016092092968883333,0.06005436682319747,0.023578707390925643,0.0196514261861859,0.013891913811403863,0.01981662694794546,0.006134969504819976,0.0051737992519228435,0.004265192997231024,0.0882098988820284,0.01929849723486449,0.01967770818528855,0.04662802173032631,0.021682649259691166,0.01308092641052191,0.006765737483283719,0.01059915478097111,0.08857033472320779,0.01725507105371873,0.5935789313360854,0.06630948411145811,0.054032037085588784,0.0357285019962391,0.39355790363424337,1.0
2018-05-07,0.015879489812619146,0.05971646392760176,0.02306716780806121,0.019419075693991258,0.013469878575027516,0.019456491275039747,0.006158727440974288,0.005155970187885533,0.004276686447571236,0.08875153215519142,0.01960241458543925,0.01970343904891525,0.04624283997800379,0.02146949016958215,0.013069523850714198,0.006794805414513881,0.010592562471920846,0.0874718944388904,0.017320019241886173,0.5987136584747975,0.06658984176298682,0.05358766730514777,0.03600199249886184,0.3946637152077372,1.0
2018-05-08,0.016093296676276663,0.060780262410873254,0.02306581140121459,0.019600137926588653,0.013698014561979825,0.019585168540840723,0.006182820025397453,0.005086230275130229,0.004259109678512289,0.08870026307622253,0.01997814401564988,0.019907033351578115,0.045888351664455304,0.02124315086415977,0.013091709714794363,0.007399173843953247,0.010505554365188045,0.08684017701635297,0.017407894831363138,0.5959722078078057,0.06696308393332155,0.053519568016454945,0.03585810982249939,0.3944392290062052,1.0
2018-05-09,0.015382961386936903,0.05897419877010674,0.022384988500582126,0.01913417955206558,0.013455457420791522,0.01911193986731152,0.006212492357712349,0.0051078845279997715,0.004329469614443928,0.08960296854294969,0.020068277448332592,0.019927421045682053,0.04578191787148192,0.021480545247131444,0.013036595691871038,0.0075061438092884885,0.010412226153230304,0.08496213704049486,0.017362359309978904,0.59604341952276,0.06770727201131904,0.05286178647648273,0.03593311584615871,0.40135073313613046,1.0
2018-05-10,0.015438457311117561,0.05916116808493376,0.022239604375835692,0.01911812759127284,0.013532519208022084,0.019074058949260942,0.006165835098151429,0.0050971879729097,0.004318654939583435,0.08939909584434534,0.020212480628684283,0.02006926029638985,0.04603260102376477,0.021321522968611326,0.012867829370889327,0.007348323583423856,0.010146635345411171,0.08582592484359092,0.017447218328426797,0.5909065561364027,0.06813265702570236,0.05296962670738004,0.03595574170146547,0.4030634242203422,1.0
2018-05-11,0.015617438172871742,0.05961022675666732,0.022190693928823384,0.01939348707433722,0.01365609387914695,0.019232179093797458,0.006228645235079374,0.005081166742683939,0.004314959059263345,0.08905606168617959,0.020236681766040418,0.019961726855722024,0.04664701631867035,0.021882744429266784,0.013014532421737363,0.007643746506851381,0.010162333118761333,0.087355007674283,0.01728458181237549,0.5876373128625673,0.06855176007361498,0.05284266733111805,0.035817458550989945,0.4026293100744395,1.0
2018-05-14,0.015552373264140416,0.058495384411716644,0.021995290177921546,0.019079678342175048,0.013625725732551164,0.01911996983185287,0.006182855660131244,0.00499976213036455,0.004281847568055794,0.08934007334917698,0.020226144310512277,0.019955094568663786,0.04617362667796563,0.02185976585642171,0.013134906593013545,0.00762234761414829,0.01027789892881078,0.0889701239169946,0.017229033055494378,0.586616793938078,0.06836304754662838,0.05285462933413121,0.03590671623735346,0.40298447258891823,1.0
2018-05-15,0.015928746530641753,0.05834516581862587,0.021667373937082124,0.019314388960299862,0.013701157193146362,0.019067289433438633,0.0062106991846887305,0.004901436589341641,0.004267089641736854,0.08908886476437124,0.020229028376412026,0.020192148477536104,0.046148739331829176,0.021833337170087414,0.01316269879399297,0.007951464858146667,0.010400339858605783,0.08832912439031776,0.017190065036166324,0.5812830859808852,0.06797839175752501,0.05301222873281794,0.035892235430754586,0.3980268858003347,1.0
2018-05-16,0.016183893108134492,0.05913769249368953,0.02170830750373706,0.019643998723990783,0.01412325674236059,0.019471360005062718,0.0061451776113007825,0.004775093182720273,0.0042131014466001175,0.08850819128722533,0.02019129823301743,0.020217010273232076,0.046042916992599985,0.021947062897502794,0.013105794212266103,0.008110312113420278,0.01040235684112601,0.08878734837709519,0.01728032686391453,0.5830315419650721,0.06729208128839034,0.053124750068638385,0.03568463940395853,0.39735020367485946,1.0
2018-05-17,0.016039675631915405,0.05909644278555944,0.02154308820554213,0.019521125932941343,0.014190498123357442,0.01928952044824104,0.0061504416037474925,0.004775507258378956,0.004213034117091828,0.08790021663829499,0.02017183052284419,0.0199328720804322,0.04553091334866968,0.02171587480773248,0.01312804922411126,0.00809887834315594,0.010275245007482607,0.08931926689178613,0.01718576061097594,0.5815016480961177,0.06755559583696541,0.05312246334378438,0.03535860570522617,0.39652149433777606,1.0
2018-05-18,0.01598985667504832,0.059565718650558555,0.021456189940260863,0.019517356095350602,0.014320098790359961,0.01923721956301742,0.006129813148602669,0.004684902573881088,0.0041983509297014625,0.08735813611406906,0.019874896728077348,0.019793805893179937,0.04579482977255556,0.021798987689569234,0.01313689402425015,0.008160797663322164,0.010294990471164342,0.09017423768602413,0.017168453575927917,0.5803123557684229,0.0673357961764185,0.05310784989886643,0.035518270393712366,0.39306000302205335,1.0
2018-05-21,0.01620191614300015,0.058214205369851536,0.02120006834515765,0.019751116828145097,0.014343160418940435,0.019107138579415595,0.006092184053142198,0.004650550109035276,0.004174884086868017,0.08697370157089179,0.019890158031290926,0.019956019480514085,0.04526876979861482,0.02143058378333565,0.013099110090709108,0.008075345468639538,0.010406109343156045,0.09070584926251331,0.017163311084982088,0.5801149484264055,0.06750432831382129,0.053234347648803526,0.035711540624763394,0.395015002524634,1.0
2018-05-22,0.015739014964029997,0.05650702541950437,0.021354847697117943,0.01964440441302428,0.01431486868662083,0.01866438574576748,0.006210450722503191,0.00476061145808903,0.004217380543827521,0.08735740377989121,0.020143589944528712,0.02028306705110076,0.04511386070594976,0.02145395100122708,0.01311095189233243,0.008086065935413476,0.010328727962221576,0.08999280524055421,0.017174172311842494,0.5804495816558725,0.06746340788578242,0.05325498052518825,0.035787171716552074,0.3926421588164494,1.0
2018-05-23,0.015658784245106597,0.055061847755850254,0.0213735085433427,0.01953689555007375,0.01410388156761581,0.01841004770149093,0.006073266928552254,0.004712269761430906,0.004145187608463677,0.08700503591159504,0.019884460567486814,0.02055398409916058,0.04516534844035994,0.021647903133488133,0.013159964909234429,0.008122080234164275,0.01007576971599976,0.08936482828926741,0.01722832166659793,0.5860556187392596,0.06837912966908521,0.05292888641006751,0.036095695148435726,0.39501477179312255,1.0
2018-05-24,0.015969147153821646,0.05565005808557184,0.02194841143667914,0.01994310415893222,0.014279115778957402,0.01877364533986258,0.005982931027718967,0.004490864282448367,0.004098601034920224,0.08655453747193838,0.01979646295936423,0.02004208500732438,0.04481699253300513,0.021677127307105,0.013157315478057765,0.0081458775400113,0.010125524569150054,0.08898509953593754,0.017244001608484612,0.5876873112455373,0.0681621522122102,0.0528162325394601,0.036040559887817986,0.3956506386351782,1.0
2018-05-25,0.01650295947671512,0.057269791437626553,0.022735205662912605,0.020530401457606644,0.014588454859241812,0.019424325416212886,0.005986043784873053,0.004427981778989473,0.004100935821869088,0.08635850421082217,0.019479444418943434,0.020173959213484284,0.044636261503886554,0.021713646748588212,0.01311123567421945,0.008172474254334096,0.010064930829754347,0.09001113057921377,0.017324249043191593,0.5916775906814491,0.06795206487259499,0.052783012307557345,0.03614409063978309,0.39526996107379225,1.0
2018-05-29,0.01620530372065182,0.057233458572572525,0.022517899664140414,0.020160899765334896,0.014127128731010992,0.019142260174052985,0.0056731574851375715,0.004200961964748006,0.003933290051949903,0.08440215846511308,0.01857345624405738,0.019685038958793703,0.04438892628255184,0.021711167003823667,0.013272066048005819,0.008085922365776028,0.010112050410805993,0.09003070359301775,0.017463732733815365,0.5996111064671067,0.06905192002983224,0.052500871934750025,0.036436839873174864,0.3941914835052796,1.0
2018-05-30,0.0158956827768779,0.056644433182534454,0.022129140046735732,0.019937518878647587,0.013876600622330312,0.01884354382383492,0.005704824851212643,0.004247414641475565,0.0039427167890620195,0.08412597720226439,0.018711385352067778,0.01990815004383923,0.04440879459176437,0.021923561507029853,0.013234165391337897,0.008142407670521006,0.009963252300970803,0.08991890672237288,0.017208086544439682,0.596506624070739,0.06889475343741486,0.05235663396112116,0.036325122388224995,0.39199564064744385,1.0
2018-05-31,0.01609451207388163,0.05594635836019061,0.022478348020875196,0.019979520935215184,0.013677008108787603,0.01888166490678073,0.005692592564198084,0.004095709455280179,0.003947849908158151,0.08349628810805364,0.01853419386209736,0.019957343112093483,0.04421739867578912,0.02200519673078697,0.013281483820236178,0.008132275091711548,0.009910285776205069,0.08927389621535821,0.017269070612034504,0.6023871861042545,0.07089125949800752,0.05223508077023676,0.036536092615257684,0.4010653213833346,1.0
2018-06-01,0.016089986220195716,0.05525447760026114,0.022255376760252216,0.019900386770979057,0.013585068642278259,0.018635129129345174,0.00571194510816948,0.004037123815249107,0.00398227158949844,0.08350337386185476,0.018726549505596286,0.019999121143011764,0.04434254002820239,0.022145672308750884,0.013255954556411244,0.008074247630498214,0.010012359241340285,0.08898859643692149,0.017391812743693058,0.6002808319865804,0.07093855698422041,0.0519084885383369,0.03685703925507983,0.40938044485247965,1.0
2018-06-04,0.016331314947280413,0.05620942651945563,0.022505614523746338,0.020091957991911127,0.013815724582364738,0.01880321959176201,0.005711955546385959,0.004081008392287228,0.004015479265560047,0.08369161598768086,0.018766813429205907,0.019960900830608877,0.04439598226551314,0.022578424664554318,0.013269648526304894,0.0080091154888777,0.009829369009077178,0.08905772554953315,0.017458961638993287,0.6062427231975308,0.0703637197127803,0.052073810157511724,0.03701303435163476,0.41475934080358995,1.0
2018-06-05,0.016072467699523096,0.05491486987382544,0.022278812903208007,0.01988867761403332,0.013569557019460022,0.01851717152672388,0.005576978945986624,0.004012659998319143,0.003910797369168702,0.08306897261700391,0.01847351502284552,0.01982683317392505,0.044193830338512194,0.022333381077439002,0.013256693229926526,0.008581926505924622,0.009695139524497295,0.08892243475072785,0.017581307530018894,0.6171238161237387,0.07019062811432597,0.05227735536903725,0.03717622241645995,0.41460274071757336,1.0
2018-06-06,0.01593954494848219,0.05414179331401312,0.022367304203294747,0.019539378536310676,0.01361660636845008,0.018305768826459377,0.005619780853521913,0.00409399953064658,0.003967752849084791,0.08376647529744997,0.018724186399635592,0.020047973753421672,0.04429094330062495,0.022338448540347375,0.013122441147041596,0.009165509081385867,0.009598355207445376,0.08968924746531057,0.01749237913169219,0.6116651721668668,0.06901725584298841,0.05219759477866637,0.03696863468792678,0.41007807990057105,1.0
2018-06-07,0.01582460037775523,0.054144389978633314,0.02244104411121902,0.019297060227422315,0.013752674332647662,0.01827914569582401,0.005605749175787836,0.004154679524360463,0.00394532121644308,0.08426671785385852,0.01882058959561034,0.02008034979103841,0.04451751816235751,0.02237607228709506,0.013171525990727396,0.009006017227408607,0.009601605156210976,0.08987246666868375,0.017457956864035867,0.6097741376265358,0.06792593951445658,0.05246952387625686,0.036413905990742394,0.4056714220614733,1.0
2018-06-08,0.015512607114761046,0.05377775534645005,0.022428689632558122,0.019463625594381802,0.013943714028143738,0.01816461120363086,0.0055379034553066355,0.004048175040428827,0.003911436683507676,0.08398253943444524,0.018679179230992035,0.02003576766676241,0.04464147443726668,0.022518649077900986,0.013195250723215557,0.009280216741407511,0.009496118690554818,0.09020413251533094,0.017245225312389024,0.6059632218533325,0.06804532661636814,0.052586693009786106,0.036570312641267255,0.40333137220662973,1.0
2018-06-11,0.015873472322070453,0.054744789000718906,0.022598849388928827,0.01973040941768512,0.014234363048166786,0.018324946081955427,0.005704529115744069,0.004108554996405464,0.003932422717469446,0.08414449892163911,0.01861250862688713,0.019953270309130123,0.0440905837526959,0.02240474550682962,0.013048166427030912,0.0095111427030913,0.00955427749820273,0.09122214198418405,0.017184579079798704,0.6071603145219266,0.06884974586628326,0.05268871387491014,0.03632279043853343,0.40617900431344356,1.0
2018-06-12,0.015576725863781999,0.05441627237461841,0.022347810901166023,0.01957407003668699,0.0135816411608085,0.018289466317753845,0.0056623067065302915,0.004094228106559609,0.0038753429930625575,0.08347417220859793,0.01841505577814541,0.019871898039921055,0.043970790207891554,0.022405223389952135,0.013025458034521094,0.009544826260691114,0.009516120016298056,0.0909916188825453,0.01724886459967751,0.609559158283798,0.06903851561233129,0.05270107463096137,0.03635286952560015,0.4088199601469918,1.0
2018-06-13,0.015463156043561013,0.053789593459280395,0.02220757146964324,0.01968922525827987,0.01322222434078038,0.018500304494668104,0.00565277096060145,0.004096367483877532,0.003887405905984043,0.08424394168406495,0.01859037414031185,0.019872966614835945,0.044180961500334154,0.022549836483368054,0.013049290621144391,0.009677083088242569,0.009550985224062744,0.0911036433743425,0.01717628106398363,0.6142245388846032,0.0693212035143664,0.052726772721519946,0.036334094332129654,0.40884054677112724,1.0
2018-06-14,0.015482536201325203,0.05374682515928835,0.022461895720961786,0.019730529920073497,0.013351351535320348,0.01866673346055775,0.0056352403984748925,0.00403235951982706,0.0038814155805821965,0.08397154880690154,0.01844031827047112,0.019673027467027832,0.04399297192080824,0.022124069168708852,0.012995554388319648,0.009631660525758081,0.009502280725186005,0.09176313406971143,0.017142919173628365,0.61953861152974,0.07073161043069916,0.052183475060767426,0.036449366705538444,0.4140607869716002,1.0
2018-06-15,0.015386774409113398,0.053765569073688894,0.022679033765192494,0.01985134935456809,0.01365274968932962,0.018772080632862686,0.005547441229565784,0.003993294270310001,0.003806221025214397,0.08343466659312673,0.018405129267482848,0.019779398106454397,0.04410971301585616,0.02231567924270586,0.013080737266825754,0.009663052981425304,0.00958390588898776,0.09209040102169161,0.016984091757481157,0.6173309056953439,0.070458261873872,0.05230495945649339,0.03602239128885203,0.4145327293549859,1.0
2018-06-18,0.01530058548895899,0.05386209788192879,0.022630013519603427,0.01975664677782785,0.013952231095087878,0.018880576475890042,0.005487156376746283,0.003994592158630014,0.0038071203244704824,0.08342136061288868,0.018303740423614243,0.019857594231635873,0.04373862100045065,0.021988283731410544,0.013036502929247408,0.008493915817936008,0.009514195223073457,0.09188643352861649,0.01701126669671023,0.6214655390716539,0.07149526741775575,0.052088326633618745,0.03636232573231185,0.4230590215412348,1.0
2018-06-19,0.015025753614446474,0.05315663971932705,0.02261283759445676,0.019467238094282194,0.013936197109818922,0.01871794126266336,0.005473124683128885,0.004043307057576035,0.0037573435324654656,0.08264708108226587,0.018069998229864062,0.01993781206964209,0.04436778388962351,0.022091586900676665,0.01311088501958022,0.008774374492000277,0.009603307097654366,0.09158796489535512,0.016803977253682233,0.6279541928914646,0.07148726329608115,0.05208879689573403,0.03650921699824763,0.4228133822943044,1.0
2018-06-20,0.015187978971429913,0.05290316638573952,0.022837980228891976,0.01945564614031484,0.014201464967658377,0.018790742928981644,0.005492678702317711,0.004003873685636858,0.0037436941681586503,0.0823251381849192,0.01802827203723368,0.019686916822517688,0.04410042857391659,0.02214416745956254,0.013175201315383227,0.008903920903449321,0.009789254345117552,0.09135553235181468,0.016848430558918638,0.6324096645838366,0.07299480907027485,0.0515408414983532,0.036811789202838244,0.4227338859452813,1.0
2018-06-21,0.015088590222097235,0.053150090723735555,0.023292942935772786,0.01953988704636082,0.014164872882852057,0.019328960275336902,0.00546229487132588,0.003960345615761573,0.00372396135035799,0.0825453840242589,0.018107035093582583,0.019772634267090094,0.044167489729403694,0.022249214395986507,0.013201151688870478,0.008989875083680486,0.009851768845820112,0.09160435750172975,0.01686147221262411,0.6292258105099143,0.07327912227511084,0.05136811921270177,0.03678139133312947,0.4210040257295036,1.0
2018-06-22,0.015009728102907635,0.05232532818927263,0.022835841369422058,0.019136950879538584,0.013938902467930215,0.01884292680792718,0.005597340230750089,0.003996544483823508,0.003764229454791078,0.08204350592370273,0.017746689901688175,0.019579800677647186,0.044589964432942934,0.022313132917091326,0.01325284569584989,0.008809821491589149,0.010080294306610246,0.09233433245844352,0.016781130925264374,0.6227749001280141,0.07323005487277719,0.0512835422959165,0.03644805155375989,0.41943025796889166,1.0
2018-06-25,0.014603966407538372,0.052206973854161204,0.022723006935719554,0.01888431277658166,0.013746424297218382,0.018873270735247007,0.005520652623817429,0.0040079938048914535,0.0037687655245260314,0.08153635624239633,0.017640325350637958,0.019859627337369058,0.045118452204744544,0.022480098220271586,0.013389423198342045,0.008487082932305153,0.010095433431420804,0.09227219053078906,0.016761621474680348,0.612111569586508,0.07226534505403119,0.05108075593433684,0.036211800409116285,0.41397904023430576,1.0
2018-06-26,0.014355173647677525,0.051174047938984515,0.022265392494598666,0.0187546359218954,0.013532568948748259,0.018791358578698174,0.0054974916732088135,0.003958781578970675,0.003753130587855316,0.08137169111186321,0.017550109055453633,0.019621307955881555,0.04493106848511122,0.022298443546742208,0.013359970111478176,0.008560222137942938,0.010087915214799896,0.09172401584551317,0.01693223689562405,0.6210255849520357,0.07307954862849392,0.051074893313618246,0.03638553680537826,0.4107364276830297,1.0
2018-06-27,0.014172312375459063,0.050932907827795,0.022228972340946635,0.018480310695242072,0.013390725235204399,0.018658112846204555,0.005456303507661239,0.0038449715145637245,0.003685690420993165,0.08155932573813489,0.017480173596078095,0.019736038386414616,0.045046916159062235,0.022180818702991073,0.013412949392811267,0.008449306011775244,0.010127314181904839,0.0919274155182405,0.017054190016906105,0.6150880239015342,0.07254327611100904,0.05092549792315364,0.03613087913058932,0.40893753138233435,1.0
2018-06-28,0.01406319608964788,0.05111714163114249,0.022210278167658914,0.018333694577685175,0.013271680410914387,0.0186650271503486,0.005463293835263893,0.0038544936964429216,0.0037182794970461804,0.08225128691024738,0.0177777941218455,0.019743696350976846,0.04491387115243901,0.02219923266867378,0.013385806557512732,0.008603583719232547,0.010031991712327566,0.09015907193236956,0.017072793235199665,0.6263828186191612,0.07224138325071822,0.05155523116221689,0.036310286696913496,0.4101961656800683,1.0
2018-06-29,0.013964249666595346,0.05111518704941679,0.022215517534693384,0.018224155971326105,0.01322483674139065,0.018717098411952564,0.005473868295911672,0.003906752775711152,0.0036897109548383105,0.08114053550714485,0.017436919904163295,0.02039457344431954,0.044637040129734476,0.022329557193259863,0.013346232278347253,0.008549240537431937,0.01016417846385559,0.09025260926233174,0.017023987907530402,0.6253011826350944,0.07148401381576841,0.0513910876691704,0.03627541385307246,0.4104113773996435,1.0
2018-07-02,0.01406823664733735,0.05150896098552815,0.022437296549708097,0.018307777033129045,0.0132393978517468,0.018901900729147627,0.0054461237947558885,0.003902138530384017,0.0036490863136579856,0.08187889368259803,0.01750094497857743,0.020654928762333442,0.044588534805297536,0.02217324169594729,0.01332375005762485,0.00840940192685202,0.010118421245610435,0.09076139359876714,0.01716170721100028,0.6285157033612347,0.07238026919724888,0.05129258447007962,0.03667790246503596,0.4134873078273836,1.0
2018-07-03,0.013913357709101131,0.05139649512037297,0.02272945012168348,0.017978637751962793,0.013286795536416903,0.01898850832246067,0.005480572957200896,0.003943653708275023,0.0036488010945722174,0.08122452560260918,0.017329962370382392,0.020477514390225604,0.045226704915773304,0.022375627353805883,0.013397364897989688,0.008477012643955657,0.010249813615278007,0.09102837169113555,0.016946653972568743,0.6243356525109405,0.07103367882441405,0.05144072669808607,0.0365064403397759,0.4064875044368454,1.0
2018-07-05,0.013882139038668688,0.051943824089662326,0.022706924468725572,0.018000371289281364,0.01328285600751821,0.01895045292252149,0.00548123386726935,0.004067075529513858,0.0036687725351589513,0.08066183941781371,0.017064908472180836,0.020185557986028443,0.04567694889391125,0.022524216673149928,0.013472872480332472,0.00837897950509908,0.010275486788589866,0.09153660558339814,0.01693701191903111,0.6211078354392704,0.07251672296772672,0.051680724498617804,0.03645386010408387,0.4108257939719726,1.0
2018-07-06,0.013801624403580503,0.05219543283645693,0.022588429123633725,0.017964940024488583,0.01317114779382784,0.01910994220656562,0.005446007214119583,0.004152444622342677,0.003641541749960201,0.08036393226197817,0.017062706567723965,0.020251319876988444,0.045564564682337834,0.02253770154120062,0.01344652915249401,0.008319382580850194,0.010261538543171432,0.09086099413057823,0.01702737817761241,0.6198338887504604,0.07363885724161638,0.051626552633648,0.03665456497434238,0.41313202161989643,1.0
2018-07-09,0.01411910986085281,0.05057162707183359,0.022803924968197397,0.018141851760152736,0.013325335392370494,0.01912957883035416,0.005513312919124338,0.004144861960045267,0.0036527942923449195,0.08188796351776693,0.017387588170345875,0.02039027846375822,0.045273818240753196,0.022275939234142766,0.013346886519521848,0.008458535096551482,0.010125100762438305,0.09111153597183354,0.017112820458089845,0.6246098725004472,0.07353718010606394,0.05186105842860261,0.03658181822711322,0.41450417227803094,1.0
2018-07-10,0.01400223268612502,0.05113034443652095,0.022510235739734295,0.018111272086521798,0.01318973056413528,0.018970305504471666,0.005444119749490831,0.0040911432437002095,0.0036043580458496164,0.08119648900964585,0.017216446355178792,0.02026601280552604,0.045593159589597816,0.022299056867137346,0.013397330849667441,0.008518740604455097,0.010118689370026678,0.09146550444944436,0.01703300851197465,0.6238975356845836,0.07285312923750989,0.05179609513857043,0.03655184254768987,0.4126363462789571,1.0
2018-07-11,0.012963136077150592,0.05014383638082036,0.021697752202956343,0.017966705229474158,0.013013603989779425,0.018936416688153532,0.005353241827000225,0.004019437466064142,0.0036192961577833165,0.081347647952447,0.017213286009377826,0.020212543383158425,0.04550796212350335,0.02231418719177088,0.013413745658547917,0.00856518692320036,0.010108074490392466,0.09177655322040539,0.016932105991073563,0.6326558522818447,0.07301316916955776,0.052249082903157995,0.03676253317018238,0.41596672543120294,1.0
2018-07-12,0.012982929393903333,0.04969106170627369,0.021748996762947774,0.018128928485958134,0.01300794467074183,0.018857945125251543,0.005292517856831066,0.004002444294159887,0.0036343623635362553,0.08119958897512983,0.01716047991121052,0.020022941946369124,0.045656454555960346,0.0223922463814338,0.013408188385435626,0.008658859397097686,0.010263410368377473,0.09150230477592033,0.017066672623066145,0.6420420935501175,0.07394515761988173,0.052335531685034166,0.03723345348333994,0.4229297047503088,1.0
2018-07-13,0.01325094267260474,0.05111893863370445,0.02192902560094652,0.01812366318997322,0.013118861970287882,0.018951847129322005,0.0052868121300670345,0.0040124083958104975,0.003623304734650939,0.08082290043995448,0.01716339890528341,0.019762182633850316,0.04495396701818648,0.022450209964422936,0.013397302765334481,0.0083532345606731,0.010370147676680298,0.0923496530378182,0.017075046671940004,0.6472079101615792,0.07400823280305081,0.05208277231977768,0.03763596238169936,0.424379993989091,1.0
2018-07-16,0.013321755379223123,0.049581373617183,0.021944447955540233,0.018106580915458848,0.012935825401970436,0.018967779537029338,0.005445910875141397,0.004338146851982714,0.0036949290320841236,0.08270351862431408,0.0174740848219315,0.020364991579142386,0.04455712847199492,0.02236611297080709,0.01335749041723729,0.00823676116969149,0.01039511465602777,0.09183006801829763,0.01705509952357099,0.6512544656415574,0.07405223680261865,0.051979149213874254,0.03748888003246243,0.4230443547871543,1.0
2018-07-17,0.013304621860466456,0.0494741142089546,0.021996404378699857,0.018202202526416,0.012991404090840597,0.018942535307012075,0.00538876323110484,0.004224875796117202,0.0035877631023472118,0.08222669109675647,0.0175045822791107,0.02013133776354379,0.04595397794958449,0.022256232460516667,0.013400723013779635,0.008221957109545694,0.010343292873655444,0.08908543668374423,0.017035645624834356,0.6563079574454663,0.07474150712308596,0.051072236656211994,0.037710663683571205,0.42668755782680845,1.0
2018-07-18,0.013627548250679017,0.050805860540738566,0.02244265787791287,0.018752529391733993,0.013435762080115867,0.019143208160278962,0.0054233168415737665,0.004290351502698828,0.0035658219442960457,0.08212755819005253,0.017956968234006974,0.02009148878374774,0.045389646930129535,0.022353867490853704,0.013375383906592538,0.008179370811051781,0.010384923670439878,0.09071536194028408,0.016905688985741824,0.6545343361034098,0.07435662209398826,0.051327948371808,0.03733458301612213,0.42473059408106223,1.0
2018-07-19,0.0135960553027326,0.05127492111319677,0.02274566899060317,0.018898266775414663,0.013460557939092519,0.019176391854406297,0.005416314572048089,0.004285984276235551,0.003508659340944911,0.08187941687037364,0.017775067187884668,0.02008564915576682,0.044906561424382194,0.022289256949710134,0.013321495577882236,0.008083466184880197,0.010308469669381847,0.09018751855127854,0.017104714643677514,0.6464526446749771,0.0741988727868485,0.05321466845385317,0.037226020549996686,0.42323558480592044,1.0
2018-07-20,0.013519735296381525,0.051466360552076276,0.02163942827085319,0.018555729845370014,0.01338410929857967,0.019069678928616312,0.005442871114755732,0.004293622262984358,0.0035548194297027606,0.08269238160416378,0.017941844651722667,0.020133269480876775,0.044917070092214205,0.022313987022592026,0.013323435383578604,0.008062587441464392,0.010518125003867562,0.09019105012263345,0.01708169291771019,0.6473268901070024,0.07492959821098757,0.05223371936404775,0.037928780133539564,0.42290574410772674,1.0
2018-07-23,0.013551931709894131,0.05156787758778386,0.02192391874487113,0.01861074976387968,0.013502056398706485,0.019081005700653412,0.005497011061689153,0.004339183067490207,0.003562547674458298,0.08327811265686334,0.018076367612710937,0.02066277651185813,0.04511254013290113,0.0223336110149243,0.013256239540404561,0.008076295577996962,0.01047032725897817,0.09003983170553286,0.017065493997573865,0.6419710909373852,0.07513769442701902,0.0519063185480931,0.03846482759738101,0.42946512215594784,1.0
2018-07-24,0.01327825921900064,0.0494965291627641,0.020922564193168094,0.018323642673279315,0.012888242541145855,0.01840519139260699,0.005559495300251929,0.004353992492799341,0.003595234843402714,0.0836335318380677,0.018075450918803783,0.02068855482466259,0.045865836581638064,0.02248617224636395,0.01336689913131333,0.008020139620611856,0.010441782024994553,0.0899730548210748,0.017107503076349204,0.648574689249865,0.07611331919554151,0.051900443230124604,0.038171893256575495,0.44251879143626494,1.0
2018-07-25,0.013418502738000757,0.04894468501188004,0.02076899007674044,0.018151345105956118,0.014001762798483568,0.01837270332446362,0.005512864977012224,0.004279585431485589,0.0035628075759658357,0.08316380002770894,0.01793350120711083,0.020459791434762384,0.045192139310324245,0.022659314935741772,0.01334823145330939,0.008007533354937767,0.010639232442115686,0.08954804165418742,0.017113072003257512,0.6548011610654415,0.07642116841938552,0.05151664980020442,0.03894141723569119,0.44401575534225396,1.0
2018-07-26,0.014104263290907134,0.04160440589216334,0.022823391277553035,0.01902419121547144,0.014291051033034005,0.01998280216638425,0.005490865119248704,0.0042996504784874314,0.0035454494929166858,0.08356476469293488,0.017970425122735664,0.020550215057397757,0.045914627871941976,0.022559068502236185,0.013448742808121342,0.007929683259505509,0.010692737337484317,0.09057460434190737,0.0171113761029559,0.6371941036971538,0.06211937474097888,0.05170506162265938,0.03863341789760194,0.4469979919832249,1.0
2018-07-27,0.014080359172467761,0.044291581224829,0.02258037067444349,0.019320140231100413,0.013942003409917542,0.0207107937334296,0.005566158754904961,0.004406098899676203,0.003607892577271094,0.08430477762584171,0.01811041420469978,0.020799483324807945,0.04666846404756048,0.022523609335961346,0.013626268819368997,0.007985610807706227,0.010855605984709487,0.09080040258887499,0.016937937806678054,0.6446917419916708,0.06204369018987699,0.05149317462571719,0.03820038079848097,0.43936823568832345,1.0
2018-07-30,0.013904945278425522,0.04444087584556989,0.022257902953944735,0.0191928919999631,0.014201098126130159,0.020659387702626136,0.005651894471602919,0.00456361933660362,0.0036751586526205856,0.0852601115551663,0.018161707064922827,0.020869906499232555,0.047159777841412176,0.023124953876312894,0.01376935654413868,0.007746377735265462,0.010939841193140499,0.0905730347262694,0.01694051928203422,0.6348461816831065,0.06103617784145243,0.051912509781122544,0.03759723089826282,0.4352172794364899,1.0
2018-07-31,0.014039747487811925,0.043887524469563344,0.02230949267651051,0.019323293143245747,0.014238589578734792,0.020651282074857346,0.005702537301769721,0.004637306463164322,0.0036714968475588887,0.08430594495313627,0.017952696739272172,0.020342365383766495,0.047054814015908254,0.02338892730785247,0.01417822718791358,0.007719375383552247,0.01089021357008038,0.08991261464316815,0.016891902943665528,0.6311281566834388,0.061279200512060615,0.05146131648126033,0.03766657571876601,0.43222111115807554,1.0
2018-08-01,0.013556742666927992,0.04334674281353915,0.021710694570533342,0.019048396921055796,0.013862427317058704,0.020089856204106617,0.005694258605622575,0.004603036762972057,0.003639775787863619,0.0838996729969627,0.017836323147948866,0.020491511860340744,0.04714647039672408,0.023278213776136408,0.014313844821998822,0.007773623058628235,0.010866010335448322,0.09005956769259044,0.01790563528453416,0.6387984387524409,0.06101245040509135,0.05100662358969036,0.037776891317809536,0.43364872024895035,1.0
2018-08-02,0.013416005966661305,0.042939708705106626,0.021788187205755982,0.01906820146751149,0.014077432746035169,0.02005149920469347,0.005623899152911014,0.004435452539465667,0.0035299694054120702,0.08276328244711596,0.017618013989333128,0.020617426870885667,0.04642369583770884,0.023068598011116694,0.014024378154762264,0.007912366646196134,0.01098605673368031,0.09057660515514235,0.01833868624720464,0.6488104833778425,0.06238283430688174,0.05056557624323601,0.038047976847713064,0.43369459630914586,1.0
2018-08-03,0.013526500844756074,0.04404386560941475,0.022109950123479463,0.01910327816215563,0.014487651374024387,0.0202122970828225,0.005559173853645136,0.004400865938604446,0.0035382962146379747,0.08241589519715609,0.017571777519659833,0.020712236157586515,0.04645553979170071,0.023211927306575293,0.014272888764151214,0.008027179119945235,0.010882461292981075,0.09055925929029614,0.01830672248347605,0.6419244023065498,0.0625908753731386,0.052000630874342306,0.03803756483261522,0.43083067888767,1.0
2018-08-06,0.013475302175336658,0.04446744469471287,0.022144260865189995,0.01909205720987286,0.014454112551397358,0.02027434850788877,0.005472916270118508,0.004392366134736135,0.003487229982370382,0.082770839570426,0.01753789072365748,0.0206602585688694,0.0463163094790199,0.023231828261548963,0.014397980076832038,0.007893629235747848,0.010738844391105371,0.09007859206697377,0.018336901416298183,0.6482423742379149,0.06514524571436783,0.05123140752900573,0.03793502691469009,0.4296835749750878,1.0
2018-08-07,0.013384875948804045,0.04486697412880468,0.022340779826373808,0.0191362458457122,0.014238486486622414,0.02032220294068042,0.005516976078060427,0.004414980222265224,0.003480907544495957,0.08320243701198882,0.017537477254923606,0.020577586107261528,0.0459899628307328,0.023292344851694062,0.014287463730373358,0.008228235723270846,0.010764575391370915,0.09013626210592343,0.018113838229662255,0.6515699109401688,0.06430408128562683,0.051429969920785225,0.03809057316602987,0.43457817778667834,1.0
2018-08-08,0.013430381655908144,0.04512370060225402,0.022448123700863652,0.01932673161878778,0.014452181722419044,0.020582986670597454,0.005525422637346715,0.004381145751715065,0.0035308115523007195,0.08271337056127485,0.017538579927700745,0.02071246107530902,0.045900549480045814,0.023336950394901697,0.014490674566974508,0.008296881900320963,0.010655422725309064,0.09056584051430387,0.01813083979718345,0.6601532884303849,0.06480036259062104,0.051401477243472854,0.0383140287214849,0.43587850591666266,1.0
2018-08-09,0.013288569783742371,0.04567946314349059,0.022340357816305164,0.019393182769479652,0.014700831886029168,0.020672278466895014,0.005491347560494148,0.004345418618387201,0.003493856743977451,0.0819251580855759,0.01732560420545521,0.020479537073639465,0.045977331427108456,0.02312884103335123,0.014367916399506067,0.008119624950647697,0.010618240305783351,0.0916708095969543,0.018299819725612763,0.6653116324426483,0.0641615062466805,0.050732763771418506,0.03843242348287799,0.43773082999495205,1.0
2018-08-10,0.013150834939937383,0.04616557546772586,0.022316890442458978,0.019309774692235337,0.01482380829643013,0.02082039240604833,0.005389513159202097,0.004171843191995337,0.003427123299008014,0.08104034851826501,0.017079144491439185,0.020488620399618112,0.04614792701805332,0.02331926224155092,0.014446154132687744,0.007711909792309485,0.01059902328489536,0.0918934882309863,0.01831181509379848,0.6657654837124467,0.0636223716522727,0.05099389912792838,0.038471312007402,0.4368117419854231,1.0
2018-08-13,0.013037177352566525,0.046865089916059616,0.021931798624119772,0.01921380130142792,0.01484799516985314,0.020850978379288832,0.005315511143598444,0.004057506839613479,0.003384208761424343,0.08039179089015028,0.016779296134557604,0.020415106819881165,0.04614572442899337,0.023643393921093287,0.01446173433905091,0.00757637486230824,0.010595585546239565,0.09245800224922099,0.018504179855022708,0.671951464668755,0.06380385315676222,0.05057177550076746,0.038346097035551766,0.4376472980407084,1.0
2018-08-14,0.013060043278546773,0.0474654589681379,0.022095381928520084,0.01928196127832663,0.014841759242675464,0.02080663136503987,0.005313455192053674,0.004045831686991168,0.0033732869940274485,0.08083212480191723,0.016852350616643075,0.020447471371938825,0.04559923441822073,0.023401738021897413,0.014334708784297542,0.007577571619151429,0.010637473561198561,0.09277595973825772,0.018464168762976445,0.6759426366433904,0.06377202618597058,0.05047958526482903,0.03857800796650034,0.43736531255977096,1.0
2018-08-15,0.013284273337333289,0.0482548403347267,0.02261590896650853,0.019596432585933497,0.015150600959909341,0.02140598980811575,0.005276099086598427,0.003970379877541116,0.0033139721229878483,0.081341339314236,0.016835972221600163,0.020575722702356483,0.04627851828731265,0.023903887780257784,0.014604185501304049,0.007412085046600003,0.0106231615285041,0.092468332469195,0.018649076884177027,0.6679818181594778,0.06369993703704885,0.051061428423455,0.03819938458423557,0.4308802444629383,1.0
2018-08-16,0.013433356259418668,0.04777008396496448,0.022638865675484853,0.019519906132550353,0.014961154114918591,0.02095265630399893,0.005220562718217476,0.003946224414782057,0.0033231363492901528,0.0820223272653184,0.017002911265633268,0.020649912950144105,0.04663655617175996,0.024237068962113806,0.014580964082767524,0.007635469357970314,0.010543213663599197,0.09261834676240015,0.018773608914609805,0.6641062767082189,0.06149914303512507,0.05116362539335651,0.03789220268161607,0.4247172394940374,1.0
2018-08-17,0.013259045219449038,0.047611864220434896,0.022805978207414906,0.019525426659301477,0.014999316436415189,0.020939396606438794,0.005196254419258689,0.003929645475739184,0.003347215878442126,0.08188398935502127,0.016971156047487397,0.02065169077068338,0.04718030634395478,0.02423047399064795,0.01476774804230913,0.0076803513869897555,0.01056793979097408,0.09204141487189901,0.01908509514757437,0.6603979636951864,0.06097967816717916,0.051246786636354846,0.037745648941010033,0.4213702569006747,1.0
2018-08-20,0.013996955361001448,0.04786405476091119,0.023394758528432067,0.02009765212901946,0.015383000033682644,0.021571201044087836,0.005201168948790788,0.003927127564295602,0.0033531089185340345,0.08252568031929496,0.016902049376734597,0.02066117078371139,0.047909557988985725,0.024560297088446283,0.014815981965319783,0.007812253764267187,0.010689347570473729,0.09184298122178258,0.01885336311096593,0.6568698233539415,0.06037696121577463,0.051280163975874406,0.03740571609426503,0.4227332385803788,1.0
2018-08-21,0.014086820126507525,0.04771285936960402,0.023259143301724995,0.02011903721485541,0.015263923210695576,0.021306620012489935,0.005260290121116368,0.004030793359739899,0.0033811160937852877,0.08335778259247545,0.01695448125758822,0.02059407040376699,0.047276248303774304,0.02416030924017523,0.014726018028304517,0.007813591983377374,0.010779054342492777,0.09140540055215952,0.01877776802062654,0.657857626252706,0.06029424000037561,0.05098569417261927,0.037017633653172836,0.41971246939139434,1.0
2018-08-22,0.013694082111664051,0.04719024948845946,0.02267787647647455,0.019885946232731495,0.014658504030030444,0.021178830101068392,0.005223948272348197,0.0040568588255493355,0.003399934226752372,0.08363209087679094,0.01698219903600173,0.020675652764344233,0.04703650047924676,0.024124507956312227,0.014700435037972486,0.008141671539917373,0.010713461808039847,0.09110984751120978,0.018786122021141688,0.6656253638375144,0.06067467376498947,0.050750921283986186,0.03740975863476263,0.4218748654047107,1.0
2018-08-23,0.013591275497842305,0.04767271662855684,0.02264628994705101,0.019930135807251965,0.014420822437824712,0.021354716668333114,0.005208296909381913,0.0039552254755386845,0.0033461907562964445,0.08272371443078856,0.01684646071618605,0.020518169329278954,0.047291196279226295,0.024140876548949423,0.014770842391412208,0.008134463721373364,0.010682608983490322,0.09150222081710212,0.018856450299662233,0.6660529780821215,0.06051844787515802,0.05088239890291425,0.03764814550783096,0.4219070534053935,1.0
2018-08-24,0.013504065063272853,0.04710072974092617,0.022551998069554588,0.019890840811899582,0.014401553854395318,0.021216201834547692,0.005200560862852374,0.003962166436648063,0.003332533315459916,0.0817862120177781,0.016746153494123908,0.020416114504364213,0.04729205576609349,0.024016503489758447,0.014749417457261698,0.007976512413726083,0.010637668975653885,0.09193339261766317,0.01879854944676275,0.6628158354835249,0.060754376153431565,0.050801998127560845,0.03770841524644274,0.42461971518757263,1.0
2018-08-27,0.013642922780929332,0.0471046754182449,0.022673764378831944,0.01993620421555336,0.014430014134613442,0.021027085692975848,0.005236921522942761,0.004049379661444865,0.003365852659768749,0.08374932055948867,0.017222808803077975,0.020402244662628487,0.046576495807619925,0.023816427514434944,0.014354067725629735,0.008053881287426144,0.010653355532955515,0.09220019329384134,0.01880907543931825,0.6654653371219554,0.061261972980874956,0.05063968547622391,0.03783563536194355,0.4286956890459471,1.0
2018-08-28,0.014043043264287782,0.04716101806261204,0.023092162793753538,0.020289765245521927,0.014581435057694615,0.021166377307722622,0.005235511711839699,0.00398616745364196,0.003320080597752004,0.0836473927106809,0.017256136162952206,0.020386399262911737,0.046356886604013874,0.02368577146190003,0.014322593015250332,0.008096578742534452,0.010674645830402235,0.09266890587351317,0.018955865229880277,0.6670600833329187,0.06083132947602551,0.050591538622052394,0.03805323215678765,0.42489784902331756,1.0
2018-08-29,0.013898230449125274,0.04627596196182533,0.023119106840796568,0.0200820850835262,0.014447295657079336,0.021008634123300736,0.005233284304917541,0.004001317704612363,0.0033046903512364543,0.08284031474146811,0.01714115123042069,0.020233077861288782,0.04627939190783371,0.023613264429823436,0.014241396633054293,0.008026656698933573,0.010703353619912289,0.09231170347690613,0.019129798579956985,0.6856803438725847,0.06036292969411736,0.05063073637472419,0.03844147489423017,0.4287175303976666,1.0
2018-08-30,0.01392560954845054,0.04658529588487231,0.023159942749795187,0.02014387544054676,0.014253066793838544,0.020964245812085898,0.005187633993289917,0.003936397355705705,0.003257351577182041,0.08251957122045196,0.016993378782827834,0.020150769306318577,0.04651635826123404,0.02362527834469933,0.014304771476513725,0.008134761610740336,0.010730301729134958,0.0925122368952552,0.019391582682890863,0.6902069489316967,0.061231315440557266,0.050301089191186685,0.03858841262364812,0.427116346035032,1.0
2018-08-31,0.01395130818363266,0.04695814575148098,0.02326022137872411,0.020154953126947577,0.014302848063753839,0.021126857156753307,0.005152471772364334,0.0038807245589847768,0.0032258953705237574,0.08196048842013505,0.016829110832742075,0.020154953126947577,0.04642049721235423,0.023639332324855027,0.014309741002579746,0.007964791157980705,0.010670268957854718,0.09252391475830658,0.019612996156407703,0.6936743317731787,0.0605648056152306,0.05048388258234386,0.03871419160499192,0.4198454370823194,1.0
2018-09-04,0.014074539620039787,0.046587173890133685,0.023429949625600174,0.020326438727066035,0.014292027677672955,0.021400067186542693,0.005216244632298287,0.003942390053001088,0.003276119229683041,0.08204452152064788,0.016815570537591328,0.02029882059317635,0.046162557077906785,0.02345756499774551,0.014281670100723726,0.0075292051763190615,0.010667237533952155,0.09269450022374981,0.019708498084573742,0.7040756546777714,0.05908752164984469,0.05029136211247531,0.038564307257299604,0.4132259976744573,1.0
2018-09-05,0.01373329524826458,0.0463200160841371,0.023672365395038496,0.019805441064552648,0.014245655543836376,0.02125597172225811,0.005223983759623898,0.003970781558839371,0.0032541714606007053,0.08224052826297454,0.016866301788791258,0.02040780966559394,0.04703316360546631,0.023755452700950506,0.01448798607636134,0.007387661592470111,0.010558747824289522,0.09265388282210049,0.019634943251324366,0.6905836316287489,0.05787578319191763,0.05077199993918992,0.03755798460130081,0.41074566909469107,1.0
2018-09-06,0.013370163598569164,0.04624659187085597,0.023293549402760926,0.0196104994837079,0.01370719769578267,0.021205329289254483,0.005218811259108858,0.003954066053838802,0.0032348290827099516,0.08148572818651494,0.016653636727635656,0.02012821146738856,0.04755650272571059,0.02410659850203321,0.014516772915230148,0.0072444883323848,0.010587028884569617,0.09369190577269214,0.019379441305886754,0.6804294663605414,0.056472262897746435,0.05086429926778525,0.0377825250251581,0.40702556281362295,1.0
2018-09-07,0.013382410613300897,0.0461576520150993,0.02328950251549134,0.019800257113054893,0.013615722826313919,0.02155532770565045,0.005171189112868028,0.003875780122977856,0.003207181934647444,0.08145406505560383,0.016791565265568045,0.019988300701751047,0.047818702032145555,0.024261059606137194,0.014695231362573731,0.007187430176323703,0.010680159602132151,0.09342266734202326,0.019265726790613655,0.6797658486405441,0.05677512705479324,0.05064979400357491,0.037681775672206076,0.405626665778434,1.0
2018-09-10,0.013704629823275865,0.04607021872150914,0.02368680065598554,0.020006048854486144,0.01365944555795363,0.021726512372399562,0.0051579179958765875,0.0038614871249453425,0.0032567177642428315,0.08060463497677973,0.01666243824557989,0.01997129129953846,0.04768988977895232,0.02417687098903904,0.014618735583860327,0.007184242922828104,0.010666880623407713,0.090273995809038,0.01897116300606023,0.6739389908870513,0.05706381000388087,0.05062336422856583,0.03801705221800722,0.40479229731040955,1.0
2018-09-11,0.01391327283543355,0.04387286278022927,0.0238824898300927,0.020177362073686235,0.013400788268903714,0.021808310681324165,0.005169864694699424,0.0038921151485881806,0.0032099561768160526,0.0797156455161291,0.01657265435084924,0.019869178925098305,0.04796235318241754,0.023920580271236815,0.014650835927836394,0.0071574750997613614,0.010561344486827358,0.09039126098011521,0.01937833645792672,0.6880975721465985,0.057460640172682646,0.05072561989121515,0.03851947342924546,0.40768866841281615,1.0
2018-09-12,0.0135898533223518,0.04302646191520154,0.02345513334723717,0.019865555484234014,0.013257549545881805,0.0212432329925966,0.005116098887838955,0.0038907274356772565,0.003174196671277619,0.0789741495645375,0.016435208064586843,0.01936363779902654,0.04823948214650444,0.024182048269318555,0.014680226916999327,0.008148374352897692,0.010675269939171405,0.09092325855060512,0.019130852876578973,0.6888387541812936,0.05607632069214551,0.050735226644333414,0.03866843042248922,0.4025102728340699,1.0
2018-09-13,0.013594199024993469,0.04250769576628284,0.02355914564593858,0.01990923474227767,0.013377269628485264,0.02147249910822674,0.005144309357482331,0.0039116033668674215,0.00314718792017326,0.07862116237500398,0.01643148913543281,0.01893822052620671,0.048168502735869735,0.024388985413593856,0.014754594757663934,0.007960939590983993,0.010657053531351239,0.09141650869309842,0.019490011750415193,0.6851744869780334,0.05556129605539882,0.05128814346479686,0.03887844646121603,0.404702870868815,1.0
2018-09-14,0.013679957271168525,0.04225502442188948,0.02372133524995928,0.019941617635519816,0.01333916249570849,0.02149068166727951,0.005142892585442189,0.003924295547124562,0.003129109344154585,0.07891276586353617,0.016588754253652378,0.01884006099071292,0.0480175443412178,0.02408966790883013,0.01478839761229611,0.007693684691073155,0.010585270883691253,0.09132937225956374,0.01926347148182412,0.6782111940750793,0.05587646321748489,0.051060593539787494,0.03902608753950862,0.4036275764626784,1.0
2018-09-17,0.013957352297178668,0.044482137157427055,0.023982275624781398,0.020063693581029846,0.013829271781489091,0.021842978721162434,0.005213237241952152,0.003984353297136073,0.0031708667421169795,0.07888742562119777,0.01650512295460017,0.018800193879393,0.048449184653139694,0.02437690279892404,0.014888534086977927,0.007806008937103836,0.010620326599142896,0.0913424226406194,0.0188555801980326,0.66049224475072,0.05558709473699542,0.051211575564467184,0.038818885730363684,0.4001834773577297,1.0
2018-09-18,0.01404464405361893,0.044967652677196476,0.023840429084159297,0.01991178656038942,0.013927576663053524,0.02170911428847549,0.005195726245976549,0.003987177596316,0.00313327427689772,0.07881045561602691,0.01647551295417663,0.018765214075925907,0.04839014779585557,0.02424672179259219,0.014981182145194644,0.00819816015380884,0.01056016726070913,0.09065492445756805,0.01878587337151801,0.6683343064508527,0.05519383252599202,0.05115156267136009,0.03897999755541941,0.39982644669826556,1.0
2018-09-19,0.01430561003489568,0.043948487819073886,0.02396189796046459,0.019910934842633402,0.013738201025867655,0.021702574687813118,0.005295827046371336,0.0041094242340348995,0.003208445866405491,0.08101239910232554,0.01688474658345315,0.018989323038730663,0.04830207168857838,0.024065064454061504,0.014876458924309733,0.00827730889650377,0.010505682530572548,0.09124296891999707,0.01877353459306494,0.6624667124472116,0.056073866726601036,0.05125947850262709,0.038411939298194614,0.4027201243946031,1.0
2018-09-20,0.014293269299667321,0.0433506791776849,0.02379936876226222,0.019834513691034717,0.013716625778384372,0.021325599249338908,0.005414996161392135,0.004179817452870426,0.0032414910858995136,0.08100315414143137,0.017019534590121982,0.018954192271602832,0.048444935937899856,0.024150814296681738,0.014927919474537234,0.008533651795615457,0.010441013392476328,0.09089482726264608,0.01876908641132816,0.6634138186471039,0.05664761716284228,0.051573827177343684,0.03875117290795871,0.4049714219909579,1.0
2018-09-21,0.014882221943363352,0.04404933198477914,0.02392078420635128,0.020347002422479728,0.013704616243112729,0.021766957267481547,0.0054408859784170595,0.0042120786056252515,0.0032153792921385633,0.0803298672771096,0.01686538119156756,0.018770033302065624,0.04877000099125843,0.024268944929967437,0.015039237242781783,0.008506077702769958,0.010451689717692367,0.0910239105769131,0.018573765116464882,0.6536606720161425,0.05561377129092156,0.05166111201246787,0.03900098135355741,0.3980277632109301,1.0
2018-09-24,0.014379814246759312,0.0434340278615656,0.023049492973898248,0.019665200950606292,0.013376172747883204,0.021258010636819848,0.005374447011235198,0.004192685240122296,0.0032027456695378647,0.07977748098597805,0.01663372544550849,0.018586200387554354,0.0481165441072438,0.024244955645683897,0.015047766552170952,0.008515535887428555,0.010334421053471378,0.09158139402849824,0.018907331303617644,0.6625949802445005,0.05665948385125571,0.051391222416900556,0.039279020269563175,0.4019257401338948,1.0
2018-09-25,0.013997311039443074,0.04395381724496315,0.022688608933231377,0.01958457272171048,0.013273607889001473,0.02114516619532275,0.005364320982420208,0.004167295392353295,0.0032103608948499457,0.07974454145861243,0.016559425298396845,0.018600199928174417,0.04755175547560209,0.024232051671140006,0.015019413119213676,0.00849922501973745,0.010478260911036853,0.09038058028905109,0.01905208600609383,0.6772455408369278,0.05656203290717394,0.05107423650572104,0.03925489260518094,0.40631988366801813,1.0
2018-09-26,0.014122651441534802,0.04415049167072071,0.023097280312536304,0.019790293283798013,0.013472266537746684,0.02136635981088051,0.005351053230136768,0.004095018227564472,0.003189984787354845,0.07876199936134853,0.01641448517225576,0.01829337554431322,0.04754350711767902,0.024201902532323172,0.015031125729413121,0.008616744580943917,0.010509400064272034,0.0904723746713486,0.0189626873470538,0.6795837519685093,0.0574506958661205,0.0521719090400057,0.03922270503049186,0.4062292459249917,1.0
2018-09-27,0.01424159231297186,0.04408030096087852,0.023671929649965683,0.01990391214824983,0.013589566918325326,0.02152024673987646,0.00528140013726836,0.004052848318462594,0.0031846259437199723,0.07815374227865476,0.01639327385037749,0.018126286890871653,0.04743308201784489,0.024269046328071378,0.015065203157172273,0.008606726149622511,0.010401509608785175,0.09082017638984213,0.01929907309540151,0.690796149622512,0.057940973232669876,0.05199039121482498,0.03926218393960192,0.4099656880576527,1.0
2018-09-28,0.014183351390080586,0.04351436999234291,0.023630910806737935,0.019845710127356468,0.013761246911517902,0.02143117023062046,0.005127008456660707,0.0038984481973002435,0.0030714006484011598,0.07695317282172955,0.01598157856939017,0.018037186720822974,0.047416248206344914,0.024344711524064762,0.015123645427378674,0.008809257502174055,0.010350105425226703,0.09129781632885481,0.019366983090940797,0.6873760333796116,0.05643827621629713,0.0518912305636362,0.039248726410261746,0.4095669768465602,1.0
2018-10-01,0.013543778720486451,0.043041928342882355,0.023169059581385,0.01935313883208374,0.013003531385831598,0.02109697398386314,0.005087892508784294,0.0038466929249881257,0.0030841929051904794,0.07704669550941869,0.015944115105679044,0.017865751584944852,0.047763959323109076,0.02445812809579624,0.015137164070153275,0.009348318628371143,0.010391199479439664,0.09201289681728553,0.019426653749911774,0.6853473220825606,0.05554282723808506,0.05231502377983851,0.03953032648040623,0.40871028863310566,1.0
2018-10-02,0.013169462205533715,0.04177285101423803,0.022665158235781517,0.01870747726886173,0.012971064428439327,0.02092747266842994,0.004997554359035002,0.0038071718012361107,0.0030341072665736116,0.07733040033743487,0.01595044248866232,0.017831794232309996,0.048053142804039675,0.02454308865576738,0.01512606836099125,0.009324663369424653,0.010436371217943732,0.09257276941638702,0.019607105808342663,0.6743141121399724,0.054501050377834065,0.05259233283378724,0.03938866491704238,0.410514365972497,1.0
2018-10-03,0.013262644416656774,0.0420644597281689,0.02279602591412771,0.01856770266186852,0.013115661497941687,0.021083503317084872,0.005014510273372813,0.003869410790359935,0.0030798048781928455,0.07785992808823101,0.016103175459652588,0.017996862707709553,0.0475233373069197,0.024395747324754496,0.015316987754897479,0.009680363390723794,0.010469968961070143,0.09259923673957964,0.01983158553608914,0.667493873999768,0.0555219406000255,0.052373774308159,0.03936749408011768,0.4111932438747663,1.0
2018-10-04,0.013068605567825863,0.041973248130817875,0.02302859362076243,0.01845871741030574,0.012999679353543141,0.021222700407419005,0.005017903668337339,0.00385992589872103,0.00312585070548212,0.07839785071440682,0.016290955110048494,0.018441484564349155,0.048025062245208125,0.024544993425610506,0.015405240315424638,0.009132860385366724,0.010556207715883862,0.09247279858609893,0.019643404488596236,0.6580553463725579,0.054745468943874206,0.05214690892996673,0.03887152196220276,0.402600589990294,1.0
2018-10-05,0.012628353545840841,0.041627824024129706,0.022900155062185096,0.01826328931826167,0.012652611837391711,0.02115699759885366,0.004959158732166334,0.003853657938622615,0.003125898795537409,0.07822024822860756,0.01620130473296828,0.018433099091877604,0.048205381509384304,0.024615586288372883,0.01556364910283648,0.009121247926667917,0.010691128363894577,0.09329179526268916,0.019432034807203305,0.6548619439034187,0.0545230225891018,0.051646640174394826,0.03885887168136511,0.40108191751592565,1.0
2018-10-08,0.012446134191620918,0.04138772645353342,0.02264225498267364,0.018076361786970946,0.012612544543515713,0.021016284128617203,0.004912582497774469,0.0038309129569800903,0.003088998592460869,0.07812635817565078,0.016301314682099895,0.018606795542017694,0.04832497314412142,0.024774392404966903,0.01569807555304484,0.00918379042809073,0.010671086393371956,0.09326279935442024,0.019394647233192005,0.6463738374491393,0.054516838233947436,0.05144517374256675,0.038430470010806975,0.3983351990122116,1.0
2018-10-09,0.011647929749606708,0.041314565768040656,0.02173701684076967,0.017657637447706834,0.012040244880971848,0.02065381176613336,0.004874424398178914,0.0038294089111049444,0.0030656102162336047,0.07739016824043869,0.016025885343300475,0.018584610623938236,0.04832762547031564,0.02511508842354452,0.015786330645272052,0.00892255782817824,0.010661935070772796,0.09377711546123507,0.019691250778439327,0.649339969884834,0.054819913335178355,0.05111896529629525,0.03897456500629727,0.39537690384011354,1.0
2018-10-10,0.011347319782465231,0.04113896815048743,0.021621292277019567,0.017844835089977595,0.012216047726476567,0.020580254515758203,0.004939548094500901,0.0039200483424382156,0.003202090770563084,0.07714095095114466,0.016017633069555386,0.01882125774670656,0.04944214675126575,0.02529005439236513,0.015978145044123468,0.008737543649720344,0.010952442758955124,0.09444013433773052,0.019417162531362917,0.6300975140169118,0.0543422104101226,0.05122268368338879,0.038109189351047096,0.38813503252102977,1.0
2018-10-11,0.011461055010521507,0.043190619654481434,0.021921513004168416,0.01886840780113998,0.011988842274803438,0.020902588928333434,0.0049186875037159775,0.003969402806650078,0.003203377703612343,0.07805759184687625,0.015939920221608263,0.01885374666709854,0.04905492666338275,0.025058917986968993,0.01569068680721077,0.008840443182437919,0.010859963175589935,0.09423941180044819,0.01965000960315092,0.6301784256787475,0.05620571968755367,0.05095349898966805,0.03881804867312289,0.39559147026092434,1.0
2018-10-12,0.011170418920303352,0.04326866033125775,0.022250491521290112,0.018810103320329036,0.012113634493968566,0.020736287570929317,0.0048787012430959315,0.0039174164055674,0.003140438059444714,0.07728946744203116,0.015694962591678244,0.01883178715973557,0.048378645260721935,0.025228305483194404,0.015821447077336195,0.008911760937388569,0.010733143096196327,0.09381922641034193,0.0200668209834081,0.6463773153506145,0.05555937433385739,0.05090111847127922,0.03959698483007564,0.4011665526868946,1.0
2018-10-15,0.011553044961422444,0.0443508949321159,0.022488085285668726,0.018845495026892527,0.012083801936437068,0.020968521472823323,0.004914951635100057,0.004009757140174085,0.003144551157072152,0.07823934140689245,0.015802733172540766,0.019354440449898692,0.04869510035331344,0.02525092719372029,0.015675496271491333,0.008971967925611642,0.010789627553977048,0.09460918365641938,0.01975432484107523,0.640161526700948,0.05580942268345912,0.05130526248790158,0.03911603447535968,0.3970677458164229,1.0
2018-10-16,0.011843753531706516,0.04365960717936787,0.022726626655804036,0.01890089485617733,0.012352664831563838,0.0209756863669085,0.004836436758783904,0.0039716434310543315,0.003078379541094979,0.07889904451163217,0.016349220004569225,0.019121541357576096,0.04859924901447067,0.02534591838094381,0.015633897484428026,0.00922446216244877,0.010936254716514302,0.0970027668283139,0.019764797411191137,0.6476910415669845,0.05650694802967413,0.051645598105411056,0.039502905093819964,0.3990434105331775,1.0
2018-10-17,0.011949978985568604,0.04395185931778774,0.02295663154242959,0.019329277538468758,0.012480377574739776,0.021073540896504032,0.004834099333453132,0.004008244366324173,0.0031076352857912996,0.0812612806337689,0.016798316841793372,0.019386233053443173,0.049643853231374754,0.02556590678413873,0.01586567064005936,0.00885658222254894,0.010607964308012077,0.09515130293246173,0.019684360289081288,0.6520445269060471,0.0567490505206848,0.04771804345741461,0.03940965628663453,0.3971543446339076,1.0
2018-10-18,0.011579107283426595,0.04301894688362764,0.022526166162259616,0.01918895702927652,0.012297834657633613,0.020933406913128238,0.004749384155573162,0.003962033778451527,0.00306994413097885,0.08124516741810116,0.01662465003282498,0.01917812084883396,0.05038320073782936,0.026080077956239837,0.015891475501537577,0.008877556086995309,0.010777309749224574,0.0963637396995975,0.01950498068981846,0.639530750891587,0.05595243983898296,0.047150731236367205,0.03918693390720061,0.3929420031944329,1.0
2018-10-19,0.01157606481161585,0.043341594253551136,0.022610179040351765,0.019289827385339516,0.01236731230132017,0.021002391949840896,0.004747487106028252,0.0039454002433659445,0.0030818923146439105,0.08200073872272311,0.016771563315590352,0.019109177191046205,0.05023882011687136,0.026140082391641537,0.016077867292104808,0.00876514742711152,0.011055791890750724,0.09585298875642692,0.01980919669393279,0.6373447349561753,0.05565832594567074,0.04664388233433561,0.03925890166902422,0.39615140997897563,1.0
2018-10-22,0.011669594236810936,0.04393515216207266,0.023056157632977647,0.019681555184820076,0.012554973173335508,0.02099873777408752,0.004720815330252186,0.003889864745603646,0.003080685791993932,0.08040989281389518,0.016368638298884814,0.018741746444977406,0.050321494001050404,0.026332787741460497,0.016100120790351585,0.008871940011182265,0.011143446123845449,0.09513839976021915,0.020016292560599964,0.6492663414096992,0.056163550506965254,0.04717912591257882,0.039780397424527374,0.39956749958249177,1.0
2018-10-23,0.011814543672235122,0.04426257643567569,0.022983264563308,0.019502388869460225,0.012442121777393716,0.020972821164522964,0.004688600416912319,0.0039041264171954717,0.003145193431422894,0.07974634223682145,0.016244084868555365,0.01881278149296495,0.05069161269271794,0.02630724363285427,0.016090838055146495,0.0088371904598456,0.011238045770606928,0.09663989385948565,0.020316964048725277,0.645348430167424,0.056332530247353504,0.04787480883449559,0.03944262223276427,0.4027051453318703,1.0
2018-10-24,0.011422762275731071,0.043462218192350674,0.023007416417029927,0.019393093670975046,0.011863257722751683,0.020552689275944603,0.004612024979489308,0.003764918350603517,0.003267949128323853,0.07875455942248152,0.016373630659758366,0.018896124825187217,0.05175633294223839,0.02655773442164905,0.01599337315336374,0.008482361420401558,0.011065094655931902,0.0965023897981122,0.02024490682429093,0.6265576934593374,0.054982864956770926,0.0478935259615355,0.03852264456337519,0.3955837213330806,1.0
2018-10-25,0.011964206502302272,0.0410856127197516,0.02330747288559965,0.01985163852721925,0.012437305689471429,0.01844712897673881,0.004605314106394823,0.0036960787370744967,0.0032414610524143335,0.07909977920409193,0.016466030404059008,0.019167864700076212,0.05117960264187843,0.025857766474965304,0.016044677797640388,0.008578598379142034,0.010792550281865404,0.09766518085237776,0.020309953029832233,0.658704080547952,0.055792307427315904,0.04673691452148339,0.04002853383134042,0.40493127823884545,1.0
2018-10-26,0.012209020126578199,0.04036950693078204,0.02312040981239038,0.020039944552526515,0.012355708536529945,0.018648282838634324,0.004694041154458936,0.003637129644520666,0.003223392042765471,0.07987392502042795,0.01653822069355774,0.019276410990867025,0.05151785429649692,0.02647920726458264,0.01602292818845099,0.008594458363732908,0.01102798771223846,0.0971079737499936,0.020338964753317958,0.6179020854090634,0.05467730281678603,0.0469366506697894,0.04023033951818002,0.40300674195840724,1.0
2018-10-29,0.01234264003786086,0.043661145291055366,0.02309512541410317,0.020225271367723615,0.012902982300047326,0.018139138665404637,0.00473260766682442,0.003649787032654993,0.003316611452910554,0.08120776336961666,0.016639848935163275,0.019774727875059156,0.05207761590156176,0.027051584287742545,0.016367250354945573,0.008310459441552296,0.011009938476100331,0.09712067733080929,0.020088973402744913,0.5826332247988641,0.0537964963558921,0.04529673412210128,0.03931850373876006,0.3862110807382868,1.0
2018-10-30,0.012920157275382142,0.04424389765884078,0.023573882629413772,0.0205470010415149,0.013184822559437656,0.018321574031314108,0.004775164878754913,0.003630765489388981,0.0032356308468066072,0.08174068304747949,0.016588199617844933,0.019641173511821347,0.05246717070138594,0.027163643953190094,0.015988041910588082,0.008271734069846711,0.011145779069068842,0.09627865574626493,0.019877882274377093,0.5704924312140006,0.05450621493729182,0.04301748919271246,0.0386672808117675,0.3862664646981419,1.0
2018-10-31,0.01293634423999478,0.042091055713641634,0.022649663399329077,0.020182613451815486,0.012763023419513018,0.018106454962888974,0.004768156256750855,0.0036028527941574513,0.0032414612139860795,0.08310899858802465,0.016837897500637588,0.019629463074002162,0.051623682770559426,0.027144933242659448,0.015879103881194744,0.008437386727478987,0.0111957640157086,0.0963772363736097,0.020177081948037356,0.589293227187316,0.05597512798415456,0.04256676540732801,0.03938799383196027,0.3970771622540404,1.0
2018-11-01,0.013271929501192995,0.044015953265483666,0.023241385754754967,0.020449792767901504,0.012826735258111852,0.018592379432226892,0.004714691610396071,0.003740370666142394,0.0033316667494517134,0.0828245789107034,0.016745912793063786,0.01954480552380071,0.05138722179402601,0.026682528227262813,0.01593580287899483,0.00904257452169553,0.011166374866727538,0.0952170626081893,0.020272809010491777,0.6077755769805747,0.05537573156947398,0.042632928039625095,0.03865171253434742,0.39045820612413285,1.0
2018-11-02,0.01334160878307679,0.045133048606035175,0.023458902710893164,0.020609166813826782,0.013077199998694557,0.019030061356424897,0.004715283439145034,0.0038633007616671153,0.0033565179621328363,0.08434995814390886,0.016874398656074593,0.01968741042740255,0.05166246426884263,0.02653999376956085,0.015765351872468563,0.00887604367010401,0.010950915276892906,0.09585172722773208,0.019048422684826285,0.6116391092790069,0.055213620978750516,0.042477945948235146,0.03898555364180457,0.3884563748434019,1.0
2018-11-05,0.01304454215569896,0.043822648792307566,0.023335561212281256,0.02046882850821825,0.013183312781308378,0.018778004277126312,0.004659808321582038,0.0038198742197294764,0.003326869420816016,0.08352596896332695,0.01673294806386277,0.019596027784960196,0.051929837723318245,0.02670260175967896,0.015893013962010212,0.00933787608016087,0.011130952793246121,0.09531791666255572,0.0184045991557306,0.5944542487619003,0.05429625929734789,0.04384455938632623,0.0392614421608857,0.3798291441035093,1.0
2018-11-06,0.012763794888466838,0.04325972132309653,0.023444446151727617,0.020131013804068183,0.012985174703323797,0.018820882949145606,0.004641710148049791,0.0037888548823799702,0.003295287579694457,0.08281768896480311,0.016592571744374247,0.019434212180324956,0.0517410983815035,0.026605454391720865,0.015609065221595093,0.009697145466315893,0.01106171425430474,0.09564318484694552,0.01848790647840005,0.5962039188568081,0.05441579584691211,0.04468235866716346,0.03909343407268441,0.38317156100651667,1.0
2018-11-07,0.013138396456794127,0.04271666681024608,0.02352259843736537,0.020182026717276386,0.013113520216904947,0.018792491181530393,0.00463770811802692,0.003770581082932231,0.003294371973494984,0.08219227041375922,0.016564259005282973,0.019041257489601424,0.05144124521719514,0.026681926036542323,0.015778869710023867,0.009637904122497943,0.010981239911649947,0.09759799261626616,0.018653003847297303,0.6238659140029116,0.053850720803594716,0.04436562934127572,0.039788336877899295,0.38856886963487164,1.0
2018-11-08,0.01313225238995034,0.042802733211981775,0.023410750623999832,0.020211412313360565,0.01303962013478181,0.018782754757126416,0.004595931937993149,0.0036838710262673763,0.0033097835429423523,0.08253082215973033,0.016541792238838907,0.018939514870055484,0.051766583285131805,0.02689154701298594,0.015622605138692689,0.009722712184787981,0.011044487602929271,0.09856314287365991,0.018569881165424792,0.625228455315135,0.052682204084603654,0.04395705959083712,0.03981359643959181,0.3856307627896241,1.0
2018-11-09,0.01302404553373039,0.04386176337423539,0.02372159782337497,0.02037029776818387,0.013218218513352278,0.018874438355581467,0.004613431794155966,0.003638965686426997,0.0032901715445461488,0.08006083875980008,0.016443666090939384,0.019072207870262214,0.052261586789470064,0.026918278154633466,0.01592227242648436,0.009780619595828065,0.011254903393893213,0.09944228428001954,0.018380911904736365,0.6157583208411392,0.05212494974083175,0.04442270993479811,0.03939935476895317,0.38336792034775885,1.0
2018-11-12,0.01352055277714052,0.044710258268444034,0.024121311816184328,0.020798028626869008,0.013080382500066426,0.0190336801696036,0.004581435149350243,0.0035690443557388203,0.003202236097183957,0.07558084277565437,0.016187248816834376,0.019202411601730578,0.0534146167767179,0.02739690956507926,0.01617991265166328,0.00961404408991471,0.011334375189345276,0.09991123529921496,0.01780578989089945,0.6004100892121298,0.05192171009886568,0.04434711919289949,0.03920079969218302,0.380978063416879,1.0
2018-11-13,0.013878582585921435,0.04476926802941401,0.02482569252883611,0.020872977326761074,0.013647151521209584,0.019370505005985767,0.004595581597285832,0.0036220970862700487,0.0033612767078469523,0.07532566109593963,0.016413316208371782,0.019374179267147722,0.05314857820353662,0.02740818126051779,0.015987187139398836,0.009782600586741817,0.011424667280222974,0.09889867963364297,0.01765404940175718,0.5992146311950697,0.05222285357733656,0.044390892232909165,0.039284692662263004,0.3805957265428845,1.0
2018-11-14,0.014106559827837166,0.04494036841205934,0.024878033247030775,0.020887776179403704,0.013510611918274592,0.019425668862220562,0.004597309589725217,0.0036534175242019236,0.003331383760670447,0.07495243492834196,0.016231241249181287,0.019303518864636816,0.05339467860852356,0.027424689944726487,0.01588329746337432,0.00979056708901301,0.011426646669253384,0.09807593458275421,0.017286180550521515,0.5918795533848321,0.05338357436614174,0.0444924797820485,0.038855039632106736,0.3863146765475963,1.0
2018-11-15,0.01385246526949337,0.04447659591947594,0.0248003810033033,0.020547944841714634,0.013160208279558348,0.019496740515471497,0.004549117362430134,0.0036261080425167734,0.0031279760285952765,0.07462457279928358,0.0162259174401399,0.019346568364215753,0.052926526479158964,0.027411910242174053,0.015826679281923408,0.00940224176276824,0.011358142464489409,0.0970405123269303,0.01752710492228706,0.5931579994376757,0.0526884508760289,0.0444802593874195,0.03929382496718095,0.38997508611412324,1.0
2018-11-16,0.013430692048440454,0.04389917739185696,0.024847693211213124,0.020429271084876337,0.013229688859435006,0.01921594053791519,0.0045244072805358596,0.0035851724896653293,0.003088145518621002,0.07386697713407685,0.016127794653833176,0.01934750540445566,0.05335365440286482,0.02779696354674821,0.01590120773241524,0.00925712733570059,0.01147547565499402,0.09908012842972273,0.017681917225405994,0.5823292373754839,0.050992774097638215,0.04442909475724914,0.03957577293486555,0.38793320185556834,1.0
2018-11-19,0.013312372577793927,0.04420733328284394,0.0250118010726591,0.020882808538075604,0.0135316439295778,0.019470552374043864,0.004571250215155368,0.003634701390586951,0.0031664269783027426,0.07366774164384937,0.01650481480122357,0.019816183859519044,0.05490331512194323,0.02837519876297658,0.016419336138663754,0.008733689435459444,0.011513604200448236,0.09887650934041325,0.01726854806887758,0.5620370866793553,0.048890079635564174,0.04471277270267007,0.03888164318888661,0.37907928613483544,1.0
2018-11-20,0.013471416842276403,0.04447195104962688,0.025368202201604774,0.020973622007039488,0.01380072617583537,0.019520117070980444,0.0044362181902635415,0.0034937110832877548,0.003115194172855712,0.07242542412799942,0.01631407808258722,0.019887278852616434,0.05543380039722193,0.028305494183591247,0.01647684073258991,0.008611259712328973,0.011715098756388634,0.09898217207797917,0.016747480323548822,0.5660568841125432,0.05012699179889705,0.044362180767084675,0.038498954581526156,0.38826750982994124,1.0
2018-11-21,0.013702249467628566,0.045672905361936945,0.025857286327674874,0.021121313557810707,0.014060748380572655,0.019717502477722117,0.004513326882938881,0.0035623583423865413,0.003192537243282854,0.07268116929213961,0.016502323126330872,0.019785428802047283,0.053582550725344985,0.0282233881344754,0.016264580236455852,0.008720985683782979,0.01170596989203713,0.09832334993225775,0.01667779946417089,0.5723660696399123,0.05087681956112944,0.04474457930686146,0.038910463161635024,0.39156129091189873,1.0
2018-11-23,0.014415625911461874,0.046878324229715135,0.02636597169462716,0.0217127050167709,0.01427887651470291,0.02001093947311916,0.004478530303494208,0.0035136900175845144,0.0031832132267414306,0.07183122198998614,0.01636429978215361,0.019688060609598424,0.05402725590770653,0.02836402449574656,0.016387090145395238,0.008835505925299006,0.011794602327817205,0.09937854754940656,0.016361449324867997,0.5705701010941304,0.05003874291477276,0.04451560434466047,0.03915200325539847,0.3889294002997711,1.0
2018-11-26,0.014251247900021002,0.04647178749448001,0.025771943841412875,0.021212291248911434,0.014097888380480851,0.01973479921711839,0.00452224661826108,0.003639492108823847,0.003228038735781069,0.07269258806483637,0.016562868133528037,0.01977968616177771,0.052879237536173344,0.028218221168412667,0.01621126289788546,0.008812582779485892,0.011760085872653016,0.09955675583170848,0.01632908780793555,0.5914941311725346,0.05101273915712814,0.04472124041644346,0.03982494639937997,0.3922347581662283,1.0
2018-11-27,0.014275755121229786,0.04619394207046067,0.026377896277072634,0.021739860894614865,0.013869367743957573,0.019681825736318877,0.0044478912026215765,0.003668671369136321,0.0032063591234321506,0.0721990029086606,0.01642326932335199,0.019830957973139184,0.053397064751664156,0.028462028215973708,0.01643072634530871,0.008489395027970938,0.011695754524235545,0.10109351826517127,0.01624058216547251,0.589604719309055,0.0503323815887605,0.04475107934641883,0.039945268985832734,0.3893899582697654,1.0
2018-11-28,0.014192047659081103,0.04578703006217889,0.027239692883803783,0.021455722982891112,0.014162891638079891,0.01934550430081214,0.004413603019133928,0.003604503208855042,0.003145284397615674,0.07229051901955681,0.016513654600376657,0.019808366247954005,0.053371431457405326,0.028147198547359403,0.01636422662149624,0.008491903049728945,0.011651765822304599,0.10239486549867165,0.016486320147326695,0.6114717147276588,0.04984346216587457,0.04482850300193834,0.04049872673220241,0.39588669853028796,1.0
2018-11-29,0.014033164333543338,0.046051574163004184,0.026641829459620996,0.02149901378718253,0.014146394662439426,0.01944261781259103,0.004357513253883356,0.0034407187637536638,0.0031265979424343272,0.07117028362650892,0.016257578056607012,0.01973847616071834,0.05327270194668625,0.028457156331945118,0.016622834825582987,0.008663890194853306,0.011633428091884734,0.10320329569107989,0.016395463582665748,0.6112827511312533,0.050653806164790524,0.04437139339097148,0.04024764410397599,0.39750895957413285,1.0
2018-11-30,0.0145498288637608,0.04869627877931784,0.02654184491182206,0.021995022305007206,0.014542582570755223,0.019785014163341788,0.004282345049045136,0.0033186362647422544,0.0029961923481897864,0.06908632706997522,0.01608234284642712,0.019665455582049487,0.05322135888415061,0.028744605673592293,0.016748968833955723,0.008821920638261344,0.01174927664471521,0.10193574778038611,0.01617472882526397,0.6123427512663113,0.050942516212231954,0.04502258937375668,0.04017506245399916,0.39650821685897636,1.0
2018-12-03,0.014209585229728863,0.047907620636262714,0.026104062524261902,0.021545528542513417,0.014091320631785566,0.019484870006583433,0.004332758556416264,0.0033651449830230536,0.00298526706161683,0.06867547922496621,0.01627382680288358,0.019438282280027728,0.05239806938485788,0.028390499352527288,0.01648168525021514,0.00905973040851627,0.011650783457698563,0.10261362292248201,0.016558735960689047,0.6351702142314765,0.05056318340725694,0.04490802035062075,0.040170296878218756,0.3965173104668824,1.0
2018-12-04,0.013588586252999345,0.04685451406101482,0.025936459734135123,0.0210884194261547,0.01407746389688734,0.019555120199642936,0.0043110152165692995,0.0033554809159895066,0.002925860842860607,0.06826144380960972,0.015970014761808676,0.01917735082499511,0.05408398176671818,0.028966021973957874,0.016718146268464174,0.009062760999865596,0.011836773368603058,0.10316436742639139,0.016359821646471012,0.6179121899302907,0.05108404627528324,0.045036034511408626,0.040191697454386145,0.38918391555674653,1.0
2018-12-06,0.013702034411394753,0.050123335913516004,0.025820212639399993,0.021543427383901016,0.012299931602105619,0.019881673982901027,0.004202600272975171,0.003301248228550664,0.002919193658280194,0.06828390709987628,0.015805189923572136,0.018950648538949826,0.054121926093575315,0.029069531862388788,0.016684285991034702,0.008994974105882427,0.011747250718898825,0.10269107773952144,0.016202081193605958,0.6302750317637481,0.05179250636615398,0.045961537214011874,0.0405014944581959,0.39642055654763897,1.0
2018-12-07,0.012749327405757693,0.04797423407492736,0.024663132178390213,0.02129445301283389,0.011594786370184977,0.019505673765535966,0.004219393133094071,0.0033155087355455663,0.002935725375231068,0.0682356755881391,0.01569264844819505,0.01908791092983994,0.05523189143205389,0.02913697978311163,0.016680084425446023,0.008985674305041018,0.011963175849906681,0.10223008227097301,0.015997424974630796,0.6187164676880746,0.052189828614851566,0.045323344700798726,0.03980889182816566,0.3936758189243343,1.0
2018-12-10,0.012829261776097764,0.0475145213964792,0.024066239289204667,0.02135177373610597,0.011593345895776288,0.019387956099301946,0.004170268307833197,0.0031769862199674723,0.0028964408974405114,0.06779718998457702,0.015433783512874652,0.01850082629563561,0.05507028668586443,0.029351105822900868,0.016832720109848234,0.008662784621271687,0.011953505810568091,0.10104560071968306,0.016074489508424016,0.6221395929219357,0.053777507680704446,0.04592223523791184,0.04078901368715459,0.39410932943192245,1.0
2018-12-11,0.012932439424206516,0.047451816846266016,0.023676605296376052,0.02119630700525152,0.011112037666301667,0.01937211350139515,0.0041414148620282955,0.003159156208854918,0.0028292083214955205,0.06705147985630469,0.015405152706426237,0.018113000506194292,0.055560190227760556,0.02924400221175977,0.016690811336541718,0.008753100276155041,0.01198431406960569,0.10134330435646667,0.015988251024484684,0.6231994978448011,0.05388390401829762,0.045847585945896135,0.04118280433168436,0.3988766557818919,1.0
2018-12-12,0.012957031356743453,0.04739595664281779,0.023394326973329927,0.021225391467095695,0.011353905867417458,0.01919979506177277,0.004269973900968958,0.0034061717602252373,0.0030025611529781717,0.06665232999039691,0.015393784378844264,0.018007823548781433,0.055487030605333665,0.029425854465948427,0.0166574246878789,0.009101984625477655,0.012168670450999185,0.10208708485935046,0.01594639180242142,0.627497575065979,0.05450629228710374,0.04570230167149245,0.04114565032311322,0.40122668459021654,1.0
2018-12-13,0.01224656052064264,0.04559070763767474,0.02314245364998993,0.0202034295698485,0.011027941313811634,0.018992355995117265,0.004248190872169655,0.003346487836247321,0.002984297495458434,0.06637137919500034,0.015317632407966806,0.017743553505323976,0.055777310972362194,0.029809020364698593,0.016815441134334058,0.008922709957976227,0.012035283199130727,0.10267718653390996,0.016124072215911167,0.6256762699671107,0.054709603652963346,0.04554920930209724,0.04129347053413819,0.400635345391966,1.0
2018-12-14,0.01246562457386319,0.04555472383398968,0.023961999336194143,0.02058116464104197,0.011246370334457257,0.01926575547376758,0.004269312951863049,0.003384680538413949,0.0030192888893806244,0.06645128070005683,0.015246446949778227,0.017900344959371102,0.051154830864665365,0.029415952014993228,0.01684647774975573,0.008796323556614494,0.0119579224931011,0.10193272716579305,0.015911844373807334,0.6122848762483736,0.05540875813574459,0.04611627310513563,0.04078155387538073,0.4008153986191867,1.0
2018-12-17,0.012584743451338153,0.045841615161651604,0.024073624052547905,0.020577861306273447,0.010986118937673714,0.01939951457794424,0.004297037735973835,0.003377927287877055,0.0029772894002451254,0.06599134264495204,0.015554176028381024,0.018307580728590327,0.05072389843936228,0.02954900930241543,0.016932842878872922,0.00846838476147698,0.012195888245425031,0.10136531614278169,0.01609818061297307,0.5973864542156534,0.055064143400388246,0.04560201760077576,0.04041336456648174,0.3992749446401807,1.0
2018-12-18,0.013172778678168112,0.046560313215708186,0.024609609044854052,0.02079602335676079,0.011142269920397678,0.01948031534321007,0.004277029085516448,0.003412982805614135,0.002984887148753444,0.06735633500147574,0.01566672965511681,0.01827065133684345,0.051222233680348665,0.029192982596923392,0.016652529089068464,0.00819273011945842,0.012147705198808425,0.09935354013224287,0.016305928706334922,0.6093411386645067,0.05642222364861425,0.04581409103577152,0.040834042084313515,0.40402409768204695,1.0
2018-12-19,0.0129319967228627,0.04592414669202609,0.024743115153405514,0.020714331623902627,0.011033283510825085,0.019457829306752137,0.004276095417065977,0.0033387050970934908,0.002975715654040316,0.067512047512912,0.015676356867033347,0.018217282569516074,0.050902289220884765,0.02942607706051034,0.01674139262410023,0.007854134611765345,0.012062418415305516,0.09984602941171584,0.016044332827699275,0.5963716929103361,0.05314803868939812,0.04644270423591341,0.041360852830947946,0.40806794919530026,1.0
2018-12-20,0.012924431190517071,0.045318593322113895,0.024592490098246034,0.02063288844597405,0.010873706482134822,0.019076606936790388,0.0042676157009645796,0.0032665700427136294,0.0030031369747528527,0.06825348312154869,0.0157695087297751,0.018659167249764953,0.051985477970863204,0.029784147134725127,0.017001565329827144,0.0075868719519887225,0.0124097243144493,0.09825648234350277,0.015890080018572533,0.5920475647355173,0.05406456874672182,0.04580493007788887,0.041140140393176254,0.409095332334761,1.0
2018-12-21,0.012736797473245564,0.04380498211337202,0.024554955734484605,0.020462463525871576,0.010655377656942678,0.019014159766675483,0.004349049288328836,0.003256614452820927,0.0030414378943117936,0.06622886314407024,0.015592024470431072,0.018670704047606835,0.05300377792063212,0.03016609912628647,0.017350679035169184,0.007493937864955711,0.01249679285029307,0.09862534633530902,0.015593058559315138,0.5699902691822208,0.051704442961897266,0.04590709198337771,0.04064768074592669,0.4053346949772164,1.0
2018-12-24,0.012640890545358652,0.04443451858509514,0.0244906637743673,0.02039896091229715,0.010650333867665044,0.018884777401765904,0.0044319678302357,0.003364382489171246,0.0030836628377359713,0.06650078664579258,0.015741566269970017,0.018544509456270713,0.05224788009004626,0.030262429940998627,0.017247244825728387,0.007502870258482717,0.012742970418607844,0.09907702449510936,0.015612903947061128,0.5716302602952807,0.05276678696306192,0.04575304985589771,0.040036575677944615,0.4152183787625362,1.0
2018-12-26,0.013085059626846017,0.04218908419470159,0.024634275725201403,0.02042792924624895,0.010657697257457212,0.018932610093487012,0.004376545047797831,0.0033067229250028055,0.0030068485420981393,0.0660250420372116,0.015925760740917564,0.01847469340084288,0.051347409132399824,0.029987438290466618,0.017096891776856058,0.00763869205101751,0.012420472751389213,0.09861409848526596,0.015922721878758914,0.5960611310965658,0.05437451702571274,0.04513919893496809,0.04075049641235738,0.4212262356202478,1.0
2018-12-27,0.0128735188807052,0.04087462776155022,0.024405041765169472,0.02029065802699609,0.010490873294564869,0.01880401535391602,0.004287154874218778,0.0031380205780364248,0.0029853383988233846,0.06646094703778327,0.015935197967339897,0.0182937354391777,0.051192729116479284,0.030287321607980023,0.017216923878722104,0.0074573186671364235,0.012081981918252918,0.0988295678255621,0.015685079646486015,0.5872799545136324,0.05404949304859695,0.045716258416256574,0.04065363919151414,0.4194259842113657,1.0
2018-12-28,0.012805039999376603,0.04041050045624442,0.024262393187792743,0.020187147570490668,0.010491845528864022,0.01881129892430946,0.0043729432859950885,0.0032384722587176147,0.0030333019665504113,0.06558610299382117,0.015838341563632324,0.018417050529890698,0.05120004405609615,0.030320952031672465,0.017282579502613225,0.007559117637239284,0.012406768255757915,0.09906104660608529,0.0157126244728436,0.5945996065340687,0.05358565157090304,0.045471368467624805,0.04038636357940237,0.4172117599475881,1.0
2018-12-31,0.012808903502294695,0.03997845785831267,0.024273488888923587,0.019905459061876466,0.010535133321721258,0.018541196395062628,0.004332129794543463,0.003251091880803796,0.003007758623467561,0.06663741207871776,0.015816662524669237,0.018381634401180697,0.05147894686760804,0.030480483879335656,0.017412290441628155,0.007367811507650827,0.012398028914770794,0.09937570467366653,0.015730897125225716,0.5991463040403943,0.05229271431290824,0.0453437555323661,0.04051698188137933,0.41311205078685165,1.0
2019-01-02,0.012940084231956412,0.041389942669885084,0.024509666931956855,0.01995593655106825,0.010685131129959084,0.01878065140869277,0.0043983537537191746,0.003266893186639242,0.0030278522217632,0.06853702824764094,0.016095425765123385,0.01870097108706742,0.05089580543819064,0.030115175964693607,0.01723086955148137,0.008059664532403888,0.012266785912623836,0.0970068095547872,0.01572889548884357,0.6131918691081125,0.0540551274018244,0.045899848873879746,0.04028637180898045,0.4166683122977092,1.0
2019-01-03,0.012279963688709915,0.04143568723824132,0.023742897573212046,0.018632374409660587,0.010453901571789364,0.018632374409660587,0.004473240414657817,0.003304887210464086,0.003092459355156135,0.06924739363675293,0.016209879420422117,0.01902454850325247,0.05135851958027591,0.03024645888351646,0.01717397547995023,0.008370474529345997,0.012860055548258273,0.09675680539279877,0.014521691151898553,0.612887055618886,0.053817782154632225,0.046125442293331126,0.039789372176634905,0.4150758581525791,1.0
2019-01-04,0.01265432899144743,0.04269058449992673,0.02369724456272164,0.01887485568916186,0.010545274225365206,0.018902502474485036,0.0044669306000730295,0.0033650087279064726,0.0031122381192374418,0.06913671219660261,0.01631160294571932,0.01893804834132912,0.0504869803307866,0.03012314619511743,0.01698302526995051,0.008392774115963914,0.012559539223288393,0.09463889372721894,0.014638972433667217,0.6222067077854119,0.05448391360559527,0.046336012201641706,0.04025766897130362,0.42288126335931914,1.0
2019-01-07,0.012923140367050613,0.04288756693180992,0.02357933724930517,0.018766987009107866,0.010758170850076706,0.01877483149234419,0.004467209842594739,0.0034121795988212664,0.0031219482306456647,0.06903584673945262,0.016358851454558097,0.0186846244454788,0.04981390088168371,0.029583989326331977,0.016955002765177397,0.008769694165726797,0.012362287466074292,0.09416046952981252,0.014504704044718196,0.6391012427812688,0.054143839523426975,0.04633896855460826,0.040028395750728654,0.4190274267548675,1.0
2019-01-08,0.01259317634261812,0.0432060187779451,0.023558797578153514,0.018439177373708,0.011152069787400663,0.018466368070758108,0.004486465013268641,0.0033949527459712484,0.0031113926195914985,0.0681204629389261,0.016100777427398284,0.018466368070758108,0.05048147398525087,0.02951744306366701,0.016869885326948664,0.008809785844236603,0.012565985645568007,0.09450320707124438,0.014639277072516181,0.6434794817555068,0.05536414319088436,0.04654658974137759,0.039931481976052924,0.4180686315660829,1.0
2019-01-09,0.012928632746431927,0.04514963510492842,0.024054531187378804,0.018750774376114217,0.01137348370712346,0.018986755207230848,0.00447202284538596,0.0033114632834345863,0.003098694030410168,0.06826798235270616,0.016147252812323154,0.018491581966905365,0.04987697873282455,0.02917260040299711,0.01676621713832418,0.009025284860108515,0.012526306592181681,0.09425291017109104,0.014827115150043906,0.6419519331193231,0.05579583365933612,0.04668931195101014,0.040337180680997016,0.41573565943522944,1.0
2019-01-10,0.012339023630644035,0.04631370038032455,0.024416170363442846,0.018766560635290985,0.011360836009462017,0.018866690807634447,0.004525078749531481,0.0033158236624226426,0.0031232671198893882,0.0677799029717056,0.016043811123870766,0.01838914981192581,0.04995302095976848,0.02868322373109285,0.016294135014277084,0.008676598191661535,0.012554685802942025,0.09430263921467065,0.01480759850592036,0.6378319825805742,0.05553330571125135,0.046902923015363224,0.03989771484266417,0.4121980713942609,1.0
2019-01-11,0.012248387633563713,0.04673260826445499,0.024704767146954593,0.018703828126983322,0.011801591089484139,0.018688420964431834,0.004552702716397038,0.0032970503597596146,0.0031237241142115036,0.06814802535898552,0.0160769729685125,0.018438060446804017,0.049975734133038546,0.028849191418235495,0.016516065738731614,0.008712532994721125,0.012483341373809473,0.09539491308499568,0.014664362526617665,0.6318935902725705,0.05538736584399342,0.04678267913543836,0.039595419027387786,0.4071972517883523,1.0
2019-01-14,0.01227827573122713,0.046654350834227566,0.02492052548913842,0.01848904713513537,0.01185235081247206,0.018880123588086,0.004607741589698657,0.0033222204066902924,0.003198314750496715,0.06920130937131812,0.01644847585969739,0.01874847382838032,0.04967067953939514,0.028409244895749183,0.016405882903175673,0.008615315157209674,0.012518344101717713,0.09605011508614839,0.014520194085184845,0.6261920669390457,0.05629576009399548,0.04661563070387225,0.03951428933209855,0.4045093520576082,1.0
2019-01-15,0.01229743607915781,0.04575719256709864,0.02462552112529191,0.01832356476349283,0.011803240402115167,0.0190054783238446,0.004551200925943821,0.003306133332566934,0.0031490632669409265,0.06892311252452495,0.01642723066125185,0.018262267595735696,0.049557521576708216,0.028540780217408638,0.01636976561999827,0.0085584030880122,0.01244684572275392,0.09840630968781015,0.014660192806056987,0.6415201423459039,0.05706240439947216,0.04663448673137576,0.040229092452505257,0.41265371941154955,1.0
2019-01-16,0.012553036493177794,0.045716904369000944,0.02480792002172082,0.01815679760736739,0.01195672941716315,0.019028323510272657,0.004659607638606495,0.0035510873636303802,0.003191773895189847,0.07533350965839077,0.017006230776113063,0.018707234878900265,0.048943078706310275,0.028519551318789027,0.016096479271642913,0.008543251084729711,0.012400136762656855,0.09994265555812842,0.014806391020593127,0.6436221726711621,0.056396921934597936,0.04648904798901927,0.040281332155662805,0.41319901017029054,1.0
2019-01-17,0.012739192740720086,0.04628674327576404,0.024438913698659175,0.018293146221275248,0.012705049581745145,0.019192249028246906,0.004609326461616919,0.0033839664228496225,0.003175313784669432,0.0755284598194244,0.016134539078456054,0.018676307959292253,0.04897266950558207,0.02868025278021285,0.01611177773120963,0.008736855392622558,0.012299123840902681,0.09854853368161612,0.014782090993983806,0.642354207215517,0.05626033976014554,0.046355029593713924,0.040258579253890266,0.41347366429136745,1.0
2019-01-18,0.012719464672712172,0.04593909626714423,0.024285677571560155,0.01801393700646777,0.012550969775635627,0.019309472295033686,0.0046317272113547935,0.0034223109710414565,0.003208884575692044,0.07583750985979866,0.016358945612963922,0.01872535720100233,0.04893455444748685,0.028408177641121246,0.01592460417681424,0.00864564117301392,0.012210236782053923,0.09941176836012108,0.014679617993906153,0.6351120023399651,0.056179815551300145,0.04636220398625308,0.04033009970115583,0.41122399138721,1.0
2019-01-22,0.012434958873723258,0.045391016160248994,0.024292605636627048,0.017889019618338685,0.0124273623069169,0.019195564921252368,0.004633674068175797,0.0033613127461767055,0.003194196632242497,0.07508070961977649,0.016107714527158652,0.018937294563354044,0.04891944540016926,0.028800943758780236,0.01605454121817959,0.008705230298572893,0.01223365877887446,0.10091154692139147,0.014556193712828814,0.6199134432570615,0.05604846841610008,0.04653424040425218,0.04013825209219823,0.40659351279811773,1.0
2019-01-23,0.011994542990007429,0.045113125103476384,0.02414446514688248,0.017925493568177204,0.011805055738980457,0.01933527909479239,0.004665176120284091,0.003429719243588223,0.003225073012479091,0.0746200771805752,0.015973776019522882,0.018994201663969333,0.04881191700147191,0.028589837192898787,0.015977565006594415,0.008826316531810933,0.012309091826712205,0.10119376736972548,0.014582938839035888,0.6215257704380046,0.05468602178330809,0.05036192119897454,0.04044036873520221,0.40761358470954095,1.0
2019-01-24,0.012738756705777466,0.04596321936127164,0.024894694098849826,0.01798412711403878,0.011921296382412069,0.020515983014897203,0.0046587669354759545,0.0033531011412117756,0.0032092886769160113,0.07485817333984116,0.015913984157432733,0.01891512359342715,0.048074992620206626,0.027691467697095188,0.015497685675589543,0.008829328400053129,0.012137015078855716,0.10071792590024779,0.014447475475469344,0.6263146560601653,0.055189926199674444,0.05015648881396112,0.04019179809677056,0.40642160225979157,1.0
2019-01-25,0.01312688567403111,0.045700175078805694,0.023822032664022153,0.017896545587983363,0.01161455473808315,0.020632251982796754,0.004683348576669762,0.0034674792346497275,0.0032348128790779924,0.07533136351742234,0.016129032197537366,0.018812201028189403,0.048120654587577666,0.02737582248541774,0.015250903964143475,0.008927633599545048,0.012031102568219643,0.10059066745001174,0.014800581985617534,0.626911969457242,0.05591872980711685,0.05027469659453498,0.04021750461498407,0.40941397570732835,1.0
2019-01-28,0.013832100400724006,0.04692021045135669,0.024407586136905107,0.018159122575186183,0.012334285149021334,0.0209996777207601,0.004671217936804525,0.003506250224629793,0.0032036612084805124,0.07554134825990426,0.01613177767993108,0.01884373098069647,0.04878869838255104,0.027580988065534422,0.014951679382240074,0.009145753013112016,0.012152731739331766,0.10090208563708063,0.014779582635777711,0.6195094102494763,0.05577850314265435,0.050785785510900024,0.03974506802768059,0.40474305135888233,1.0
2019-01-29,0.013746212499999999,0.04734848484848485,0.024454544696969695,0.018265151893939395,0.0125,0.021352272348484847,0.0046742424242424245,0.0034962121212121213,0.0032045454545454547,0.0759469696969697,0.016094697727272726,0.018882575,0.049367425,0.0277386375,0.01544318181818182,0.009151515151515152,0.01222348484848485,0.10126515,0.014647726515151515,0.6037424261363636,0.054617425,0.05088257651515152,0.038992425000000004,0.4017499981060606,1.0
2019-01-30,0.01355439075579898,0.04689953402656528,0.024117417734934646,0.01875011621612589,0.011484306684794754,0.021443091680232933,0.004632513296285727,0.0034650602675116264,0.0031629398351451666,0.07552264683590022,0.01596016494207565,0.018682978342266673,0.049100164709383234,0.027366144480356173,0.01550884960745468,0.00901139462465887,0.01204005833909742,0.10084481455347871,0.01540907452115975,0.623050679200506,0.05610488250903965,0.05012215458272484,0.03967848233183058,0.40620653814583074,1.0
2019-01-31,0.013228060613013596,0.048075143407653544,0.023649272838419905,0.018279648758771652,0.011841277630100512,0.020990346489754834,0.004478384512820649,0.003283902103538181,0.0030916015299075664,0.07322583773672124,0.015642911677450782,0.018087348185141038,0.04921415523723709,0.027524868644858876,0.015698383736384894,0.009078805558328854,0.012314632518459382,0.09992234096653622,0.015387744348212364,0.6356014635964117,0.06164342885209274,0.049709697543896175,0.03861913250816354,0.41284344312020366,1.0
2019-02-01,0.013341806894099676,0.05019342277543229,0.02377952592817879,0.018444280117019162,0.011453780178989471,0.021108208809014473,0.004437416127408502,0.0032698695027115103,0.003055572970330417,0.07261696374845579,0.015451518938236765,0.018071109308205647,0.04958378276319505,0.028246498720077565,0.01584316469447899,0.009103907488920013,0.012196427767770392,0.09928580068231714,0.015381318719519739,0.6008542164968531,0.06122599979473569,0.04954683841048933,0.03797482307557283,0.4103963333487921,1.0
2019-02-04,0.013497890695976978,0.051022615034975634,0.023663514307606905,0.018474275043767162,0.011072087367311387,0.02139184566498734,0.004396539829645025,0.0032295117279529406,0.0030496866431010154,0.07256125705458716,0.015582393720382968,0.01800452825032761,0.04876562892703925,0.02821052002457701,0.015575053921001256,0.009248147587946115,0.012261134867148605,0.0984303763055287,0.015711758051475597,0.5994084080595464,0.06211305226773126,0.049613374654656976,0.038805518597127324,0.4157262549626324,1.0
2019-02-05,0.013489425671542484,0.0495963770428544,0.023647587083585407,0.01846075242158632,0.011067684385548648,0.021141835130200504,0.004434379302803297,0.003250904101725646,0.0030463528324035827,0.07232713538518816,0.015505717120130087,0.017996858999103662,0.04853709587548589,0.028180590780892335,0.01538152527804169,0.009402052986339114,0.012229243744469058,0.09727508593581445,0.015905686809869108,0.6059137555940293,0.06251963584887392,0.04951236637546333,0.039164263037969424,0.41859590550871145,1.0
2019-02-06,0.01345726387005201,0.04945434769545609,0.023729594437322088,0.018494586716653997,0.011249775332596542,0.021090125875713052,0.004436943606608203,0.0032764558811174435,0.0030531443629630704,0.07197952390648406,0.015514659610973536,0.018018677289950446,0.04868923264677319,0.02833127568304169,0.015496355754258454,0.009331492783204876,0.012249185531366905,0.09865976088951409,0.01594663926904265,0.6004736934442746,0.062413740732289655,0.049904635603253755,0.038815934502617506,0.40826836053290383,1.0
2019-02-07,0.013366344799633823,0.05030209808953907,0.02410524632539788,0.018628628106353254,0.0113671216137954,0.021241292274413508,0.0043753810112918574,0.0030893737545945885,0.003011769868414581,0.07134753737143462,0.015328615232127215,0.017767595251154945,0.048798063823246016,0.028388240649277065,0.015409914911000968,0.009094436745208921,0.012272499916353175,0.09940688277343832,0.01579239120717386,0.5965780254495212,0.06148445224118618,0.049219341692966594,0.03890171840646544,0.40601982265849806,1.0
2019-02-08,0.013294533567019375,0.05013516140516341,0.0241037268343265,0.018638197845055597,0.011318818161920662,0.021289719075770392,0.004320723409281297,0.0030245063864969076,0.0030023488305518757,0.07078231172782046,0.015070831337905396,0.017596793084931676,0.048894337902948996,0.028627561173103926,0.015595226459311894,0.009040282825573176,0.012467317406486307,0.09671772948431036,0.015732788321763235,0.5865178810075011,0.06179373134328943,0.04937811600855265,0.03902314820660751,0.4043975753410477,1.0
2019-02-11,0.013502841293955561,0.050634734858254475,0.02446675097834866,0.01867665513500771,0.011336629435569104,0.021507121538914695,0.004310281123623967,0.0030703372387458393,0.002970698890853847,0.07060668630167259,0.01483873284851358,0.0175843239864079,0.04871208119164072,0.028308361359838472,0.015381208667178676,0.009258985735592922,0.012417891132749036,0.09489261582045237,0.015631226376142116,0.5871281907265181,0.06118163333164808,0.049446454563851105,0.038840504131971106,0.4040925493392372,1.0
2019-02-12,0.013024960655692622,0.04952399470639367,0.02429747278819755,0.018176651023427814,0.01113042055962095,0.02102210469534056,0.004328294617891703,0.003111417174814405,0.002962040003658211,0.07085943113427864,0.01499236802885798,0.01787060998983951,0.048879126536155657,0.028607548856226652,0.015254687821787117,0.009232237846580449,0.012340011311422336,0.09600215756014004,0.015565283401757427,0.5967836624861729,0.060129773858483525,0.04956771849739478,0.03894372115977689,0.4085538479817967,1.0
2019-02-13,0.013152780252510644,0.050181070509492796,0.024227849423141906,0.018310733798392577,0.011162246570613052,0.02106769609813072,0.004355201314079092,0.0031020366323799365,0.0029422127309458417,0.07071844474966313,0.0149616962278329,0.01780583556431669,0.048837097882596325,0.02870291866329657,0.015146947385512881,0.009189873969224329,0.012201101929934672,0.0958216892736988,0.015453880833785849,0.5957072689816272,0.05959615597058931,0.04995223537389174,0.03879725134665431,0.4068826065100651,1.0
2019-02-14,0.013151329978922398,0.05089357147930475,0.024244918650012333,0.018384910522046306,0.011392234934915195,0.02112370860298506,0.004210173645698402,0.0030374436163602657,0.0029318250733453405,0.07011978614153458,0.014830300610987248,0.0176710748520144,0.04891595276240528,0.028750096540811346,0.015285552951568821,0.009287147747864122,0.012291813195702514,0.096633678086583,0.01555142031846846,0.5909721770965985,0.059710895898073706,0.04970627009725115,0.03893318089494,0.40851433031299017,1.0
2019-02-15,0.01262789946767036,0.05015492220954663,0.02389393199970985,0.0184032282016442,0.011388528564607365,0.020788297651947986,0.004233318772566206,0.0031704855488155414,0.0029507132550908276,0.0715160660727142,0.015128260742697235,0.01773310248672574,0.04913532215907856,0.028754141512499685,0.015275976546676142,0.009169188680436487,0.0122568089057619,0.09768338212531652,0.015349833728100696,0.579316145780018,0.0585458979184688,0.04972978603778678,0.038989766961739024,0.40122855767387283,1.0
2019-02-19,0.012760094710478263,0.05086410283310752,0.023225025817966205,0.018641897075136353,0.011670071834726481,0.020746394578142018,0.004280945102163694,0.0030973896915654957,0.0029858692729377028,0.07147019788949334,0.015166776933379943,0.017764123817293136,0.04881356718272956,0.028506057254921082,0.015325063259687658,0.009061933731466264,0.012357181151044762,0.09727818337813991,0.015372729245068894,0.5855109614300841,0.05838273534987649,0.04989639267456042,0.03891343051589551,0.4023944710968052,1.0
2019-02-20,0.012590225739548627,0.04899270851461296,0.022745718071799544,0.018400546881756307,0.011053255841422607,0.019538909382485207,0.004316443498942698,0.003138578717201263,0.0030128919264666588,0.07131827826860905,0.015233238318823814,0.01788702620622124,0.04896398477366871,0.028523719394427497,0.015154236270534556,0.008636477689944126,0.012432218770129178,0.09678242350786037,0.015444213292909991,0.5825044006689106,0.05837612700126772,0.04955650606107257,0.03847811393881839,0.3999712962253002,1.0
2019-02-21,0.012605951059107518,0.04937871539573232,0.022653233166993986,0.018552154388875215,0.011423918272717536,0.01957201871429618,0.004284870157026542,0.003120855808229592,0.0030163467800094317,0.07076342374420537,0.015121374895202988,0.017860232907241844,0.048802111698468785,0.02876881355804618,0.015186242567891362,0.00847243880502052,0.012454593516543938,0.09600415341653908,0.015411477542503774,0.5836072223959397,0.057674566016521156,0.049674220799416136,0.03942873515725437,0.3953216057100227,1.0
2019-02-22,0.012708269502391982,0.05041054006811479,0.022344209571072967,0.018448295516107185,0.011261624853064178,0.019200263725259542,0.004250412806214912,0.003097394336458213,0.002921935004103933,0.07018373294171211,0.014964174846009601,0.017553094840830244,0.048913767045613635,0.028922142342606576,0.015383128045878672,0.008504406415130932,0.012436127780947253,0.09564681557808535,0.015484286080265235,0.5842294666286737,0.05796961457015327,0.04986267761292557,0.03973616793227309,0.3976015877325011,1.0
2019-02-25,0.012839266204190292,0.05039501257380205,0.022441891627553136,0.01838625734776903,0.01122631005174504,0.01929823824351993,0.004320287663120986,0.003136500232249259,0.0029576803786432577,0.07104512569182599,0.015088818889634663,0.017760387860148025,0.04871052704935557,0.02874707859278161,0.015407119301972466,0.008350887163400251,0.01237433315425586,0.09463146867413401,0.015577891189247076,0.5840256418771995,0.058874646813041255,0.04987643607126377,0.03990901349722849,0.39676549976434816,1.0
2019-02-26,0.012974695326074714,0.05056014887966448,0.02252764995443992,0.01829700447156535,0.010905902168573825,0.019216865629855338,0.004363076855857952,0.0031926698567885914,0.0030960307467736902,0.07119080889677486,0.015179498724933202,0.01774938320607021,0.04871684948432344,0.02889867240490708,0.015397831529040944,0.008289488103500423,0.012459287097251203,0.0941264970916628,0.015599163008238654,0.585704599806382,0.0587458429997826,0.050008950177485634,0.040216187029308965,0.3991302638300461,1.0
2019-02-27,0.01278121190360975,0.04751860690868614,0.022196120369343025,0.018059863669344447,0.01055730281523447,0.019284624677264946,0.004415588321297185,0.0032624500897824294,0.003194407771773795,0.07094307160928648,0.015241479592051623,0.017870062130081604,0.04865741793485052,0.02887143095780568,0.015373982695319395,0.008605562998893729,0.012462487361358776,0.08955801591412625,0.015655999839474563,0.5877029755123758,0.058305103467900896,0.04983920663777393,0.04017003513128375,0.3996770123558435,1.0
2019-02-28,0.012795880440568579,0.047441365016363375,0.022158456744892085,0.01780577490960921,0.01068418277919541,0.020125768525388017,0.004420917311324219,0.003318381474950104,0.0031100848022800756,0.07064130153328366,0.015076369514978934,0.017917104812432815,0.04907182266437237,0.02919385643041942,0.015568379902848923,0.008511433363062655,0.012443931249327278,0.08698900045246706,0.015545934140707757,0.588915730309377,0.05798189168566557,0.04960693178861096,0.040233579363666526,0.4021993427959854,1.0
2019-03-01,0.012355146157012232,0.046820442617552624,0.021867611001997026,0.017462700951353168,0.010564649309771874,0.019381601084112177,0.00440847606550656,0.003313490505546597,0.0030531193463378768,0.0706925520192534,0.015158594885439223,0.017844340869645398,0.04934568690240202,0.029122336534430644,0.015465333868029167,0.008642182448804527,0.01241221380834565,0.08779501270821871,0.0156017608653253,0.5962606476391392,0.05788086500824664,0.04964885559005542,0.0401363921717619,0.4069601182765024,1.0
2019-03-04,0.012073861196301286,0.046626873381653056,0.02130470699511327,0.01746986009405518,0.009445683180275312,0.019274494456409434,0.004447133796290871,0.0032941731824376818,0.003079335800974355,0.07017304859972219,0.015038616702432896,0.0179425023332745,0.04958446620948668,0.029135530623638446,0.015421743366042497,0.008657946472972081,0.012456987859910883,0.08450986605387331,0.0157413146870938,0.6073345512824938,0.059928885768883576,0.049566562020177826,0.0401960747879131,0.4109839282843975,1.0
2019-03-05,0.011911889006637076,0.04657573443422005,0.020712276102666304,0.017823025378329357,0.009388275203000724,0.01913860193055867,0.004384062670814669,0.003283566154101584,0.003115086231347463,0.0702597124676758,0.015019806596505312,0.017883964207921602,0.04974459479682766,0.029286828050152938,0.015374688762647465,0.008588891022784694,0.012489022359050129,0.0865449075982295,0.015730468532463182,0.6066818824780257,0.0613912143158959,0.04942555870582502,0.04004086567275638,0.4165504883486989,1.0
2019-03-06,0.011820526648218734,0.04676974049386324,0.02014469068072303,0.017936459210480617,0.009453535681041783,0.019145213494061036,0.004376770360086506,0.0033087373620769383,0.003110285284744079,0.07026647005829333,0.015017409563893655,0.017976149986769146,0.05018672480439825,0.029139982113283343,0.015104007555646455,0.008500964988200143,0.012563820604963903,0.08626170821296567,0.015742662422699474,0.6021937904373147,0.062245394306238364,0.04942539047135764,0.040321853894449054,0.4177813077888052,1.0
2019-03-07,0.01172092479511042,0.046203433751253575,0.02035337472544935,0.01803974682029109,0.009414572084480472,0.019072876099775395,0.004307130517286681,0.003150316746596508,0.003063010046921778,0.07012547018968543,0.01497673604581348,0.018072486832669113,0.05028866083153406,0.029265932195466377,0.0150567675509599,0.00855605656812354,0.012186560162931065,0.08610623146286873,0.01568792259780305,0.5914846835754124,0.06152576063550244,0.049240978980325645,0.04015744370744478,0.4159073084006129,1.0
2019-03-08,0.011632951112789438,0.04623286932384696,0.020276550587915932,0.018078284101636737,0.009339900317850721,0.018873014074243473,0.004283521641343651,0.0031497554877624803,0.003022161226105435,0.07117572652540788,0.015077996542084682,0.01815484029407593,0.05033046716909457,0.029091492751471344,0.014906654947320873,0.008519651492912575,0.012256339855187396,0.08650526130125817,0.015758803066783345,0.5908708158453063,0.06182853583600111,0.04924773799106615,0.040286977459738735,0.41643848595995836,1.0
2019-03-11,0.011515107403355634,0.04607120818543125,0.01991161463885707,0.018366686343560656,0.00921208585082736,0.01854273707160776,0.004286278802131405,0.0032766858906486513,0.00302877873444826,0.07040922557753312,0.015036107233582705,0.017878057386546613,0.049782630532336114,0.029055438356010318,0.014910357945385859,0.008432435808863811,0.01207559386638016,0.08736032397490177,0.016069053717751004,0.60022993051009,0.06182229869963977,0.04947724089232752,0.040538210043339816,0.42243379775832424,1.0
2019-03-12,0.011076402740611547,0.045394623750540035,0.019376540240610564,0.018151400540555678,0.009159884155156445,0.01805468047476156,0.004230669998920517,0.0031738980686228427,0.0030485183480790513,0.07043832879264109,0.015056312940216705,0.017786009645024865,0.04985813893607684,0.029098843074032477,0.0149488449665498,0.008515074163788373,0.012018541425327123,0.0880810466120175,0.016201746960783036,0.5993508783791563,0.06158651801465497,0.04953573608975945,0.040701840640927946,0.4274373611692744,1.0
2019-03-13,0.011327252601826342,0.045426410407717055,0.01993297587792328,0.018150641574911433,0.009598281256195815,0.01800478220809308,0.004261949942521344,0.00322314411345938,0.0030808419450947277,0.07017275677481928,0.015087587400862284,0.017759309900397795,0.04959586465231221,0.029029641634878277,0.014945284520986793,0.008506112113997107,0.012003188613069283,0.089739304924959,0.016161080094973974,0.6015148442211652,0.06167731554467242,0.0492934704100048,0.04073399569438179,0.42453003967147523,1.0
2019-03-14,0.011440352514102664,0.04534837417641125,0.01975801942515538,0.018137924914102467,0.009460633577313233,0.01821625945861291,0.0042834558500217616,0.0031725346320610054,0.003097761088544416,0.070312055776164,0.015200392847379314,0.017927846507205653,0.04914402273930398,0.029015694817237044,0.014666296107975105,0.008595396503413922,0.01218096594728085,0.09018045555019409,0.016354931965724746,0.6004030589529074,0.06059149405081392,0.049418188482155394,0.04080142882129428,0.42213227704760065,1.0
2019-03-15,0.011135597142481768,0.04460261893513944,0.019755675290919157,0.018136532185429353,0.009201127796839147,0.018200305888440703,0.004272838101760424,0.0031461693485599143,0.003107196530052978,0.07024318911200922,0.015351748216828805,0.017948754414194284,0.04875145509446625,0.028900116414643264,0.01480258471133602,0.008496074434512021,0.012021343017639402,0.08907060308006153,0.016485501874135524,0.6066863173994949,0.058806438726272205,0.049399816469203085,0.04106672317300192,0.4196522098980486,1.0
2019-03-18,0.011076831720238718,0.04451559285633298,0.019700382698653193,0.01791072280271825,0.009167154807677583,0.018030739466354258,0.004359428811484288,0.003268689133145304,0.0030957239414345916,0.07146992354823098,0.01554215758787242,0.01826018238203095,0.048419663267404225,0.028715751019869572,0.014758520078347118,0.008662379546012408,0.011952248090387595,0.09001249772700352,0.016592304100667837,0.6149618630407809,0.05664433568731275,0.049492756613296655,0.04150105630495609,0.4180321625815928,1.0
2019-03-19,0.011152416089147207,0.04457083036577508,0.019808866030847288,0.017990728482131232,0.009140108939398706,0.017913061559612583,0.004363528422344397,0.0031949783351308083,0.0031208407163045683,0.07100265489354878,0.015515944864527885,0.01814959516122374,0.0488743433265708,0.028917203117179872,0.014933434296249154,0.009281324157521247,0.011897322993247136,0.09077622047371009,0.016462964332926787,0.6219969616652745,0.05704007425104232,0.04959806875993579,0.04153471906277307,0.42323753595492697,1.0
2019-03-20,0.010962279707830308,0.04449000360799229,0.019541609355765,0.01765791006864108,0.008968816342640764,0.017597717378525952,0.004252486548563584,0.0031088119813812046,0.003045077794974756,0.06880459749244641,0.01523601098519604,0.017845572901963175,0.04861147780889997,0.029062789709498087,0.014931502851619753,0.008982979849254344,0.012070546747754587,0.088696742748974,0.01665586773496399,0.6363752359855623,0.05857879959195107,0.0494294044708073,0.04161134108490697,0.43338183493116234,1.0
2019-03-21,0.01101622565183069,0.04450975354748401,0.01934232025971371,0.01761895458352634,0.008946086016467264,0.01777307770535017,0.0041718042397933,0.002952838769223973,0.002931822123179674,0.06815698382221569,0.01510746608178751,0.017464833213089687,0.04837331574695887,0.029055512105410703,0.014834248632379326,0.00892156589552738,0.011951465700247115,0.08827692033584587,0.017083905802981907,0.6372457282119565,0.058174076951173784,0.049543240975648425,0.04211035347437067,0.43138068481741443,1.0
2019-03-22,0.010915089540041095,0.04361394207216875,0.019370088568767724,0.017766922920584422,0.008744211411043715,0.017609820612195837,0.004109672247493392,0.0029313995787941575,0.002917117485840227,0.06746860961373215,0.01489622330800144,0.017249198122161427,0.048884035086273606,0.029381836086525063,0.01494263903894474,0.008815622232865689,0.012054085739012375,0.08822405727145553,0.01705371197485451,0.6301152366987278,0.05867797747301261,0.04979094548948191,0.04179297557759498,0.43042657639906895,1.0
2019-03-25,0.010795608086475627,0.04358624206187628,0.019154074511683283,0.017520975544696043,0.00879443676260212,0.01739947581378239,0.0040702409856073615,0.002919567063425122,0.0029052729774352807,0.06736445196186468,0.014740776177024024,0.017181492074493758,0.04881787753415826,0.029427948816881842,0.01496948119550934,0.008626480537517182,0.01208922394061273,0.08821595204365884,0.016861661543118904,0.634035628781925,0.05942408647980344,0.04973626970018837,0.042046055368527305,0.4263211146470221,1.0
2019-03-26,0.01071861918140621,0.043999206558180376,0.019127467037308037,0.017417313241726056,0.008859447835171855,0.01729667998643604,0.0040625022737372845,0.0029377745700039054,0.0028810059792791923,0.06765751674270458,0.01485917897699736,0.017388928236756314,0.04916515008814773,0.02942032143347521,0.015050771906282191,0.008593345066149762,0.0121626702079661,0.08635567024824589,0.016568444698938194,0.6328846372425015,0.05949348059587354,0.04975057405117418,0.041834904746408066,0.42030754787791713,1.0
2019-03-27,0.011028848141109646,0.04504931318479572,0.019601692363788732,0.01781226680115806,0.009210905842125644,0.017762362868998936,0.004092151666702879,0.0030156448693646654,0.002933659252348841,0.06773794225883244,0.014746716930256658,0.017384515399398903,0.04944089058320856,0.029333028287903448,0.01497841576958667,0.008665522902909,0.01219090514750785,0.08615975679475736,0.016795466564100425,0.6293999997719374,0.05912588645428991,0.04963338140526718,0.04162374023035193,0.418133783093976,1.0
2019-03-28,0.010975194160605963,0.04503026228823398,0.019595515854053162,0.017872872820766734,0.009295172530196055,0.017919047131966508,0.0040846191859860385,0.0029089592289761436,0.002848577901878959,0.06790412759865012,0.014892876736382137,0.01743599616000475,0.049327994171551044,0.02934887574644946,0.01502074343130163,0.008709118473076318,0.012111783136772655,0.08603628600721056,0.016757594190854024,0.6298909162204004,0.05880075812989967,0.049697383333385046,0.041531697514551956,0.41502927232927256,1.0
2019-03-29,0.011205193726400291,0.045678099589491164,0.019799605186410284,0.018222552845685216,0.009261219625881853,0.01831428231541055,0.004110217472058041,0.0028648039376061194,0.0028224669336020885,0.06773568008682496,0.014888513427559383,0.017047700278956614,0.04931907911137093,0.02934307115284398,0.014983771686568455,0.008714367010304815,0.012133079378013611,0.08723539498626472,0.01675398696087028,0.6282634990014898,0.05880962735088324,0.04978126265825704,0.04161021947424552,0.41395360554877686,1.0
2019-04-01,0.011282823484208086,0.045302195415312385,0.019991699601181044,0.018199003579721332,0.009385496096786145,0.01827922149507848,0.0041957457467237955,0.002982013810015665,0.002898308159208208,0.06861770899328082,0.015182112066429014,0.017023637081740164,0.0484725458933242,0.02905283734740893,0.014941458669131123,0.008743752773928973,0.012018736012997196,0.08563785380551459,0.016674863536709095,0.6327414570822812,0.0588380960004212,0.04997925004927324,0.04151102628327755,0.41658560422523466,1.0
2019-04-02,0.011505839104873811,0.04648372632386451,0.020277339602814342,0.019297304094869298,0.009462060760389995,0.018383532311154742,0.004206135531752262,0.0029645233847341813,0.002926158964461151,0.06888157276294127,0.015241138220871425,0.016814078754530764,0.048028768948636204,0.029020939750495037,0.014965611581052201,0.008691285029126564,0.012053403663639611,0.08524225556717349,0.016916965851888805,0.6326571847234873,0.06075528996789697,0.049873746354939755,0.04156959390064869,0.4186918409993298,1.0
2019-04-03,0.01173174641529587,0.04673905741645007,0.02011206339910288,0.019837127425363154,0.009587944574239077,0.018406765784040876,0.004259762099762193,0.0029894899049801664,0.0029894899049801664,0.0699032532367644,0.015445118157451653,0.017004246769129316,0.04773787244320717,0.028948285249854513,0.014909167349167677,0.008630890180910154,0.011964920363528291,0.08555718117373277,0.01699641667211277,0.633639595286657,0.06039535007960754,0.049986082654220124,0.041751933281718334,0.41968402767767615,1.0
2019-04-04,0.01178374630073066,0.04721486219372514,0.020080642826650362,0.019872265697363826,0.009613147586331408,0.018469190341080355,0.004278684185823806,0.002952014251582983,0.0029728519992412157,0.07023362709289054,0.015604000038073343,0.01707653351133021,0.04708289326484762,0.028426160069181017,0.014843422943139433,0.00866850267852906,0.011905299481441221,0.08591750620554116,0.01699057884412738,0.6316824232181188,0.06113100710255219,0.04958689316341224,0.04145322635540695,0.4219643900792146,1.0
2019-04-05,0.011774304333518755,0.04735648743874834,0.020236869266636023,0.019956857581244276,0.009755456452206063,0.018408152887601902,0.004231282466558635,0.002886536649980768,0.002921105951178142,0.06996135349171151,0.01552161692900716,0.01686290477838625,0.04707647195073346,0.028052988613055403,0.014861343276137305,0.008683808806473478,0.011829615215434556,0.08600150717313518,0.017025380839706925,0.635134867064219,0.06074517640971942,0.04953089440990512,0.041445134859839236,0.41730332770073814,1.0
2019-04-08,0.011699824490896554,0.047628090990457866,0.020143174905858027,0.019929068469325475,0.00951387672699229,0.01793650691915099,0.004226855004182964,0.0028731563427126026,0.0029145960976555726,0.06994339730059089,0.015533001477790007,0.01687979385876783,0.04701340163746843,0.02795456698595146,0.014897591556666508,0.008916453938562429,0.011851769913689487,0.08590115868386537,0.017275198532513296,0.6388145371433882,0.060408800350795815,0.04951705349860622,0.04141558175258683,0.41572360984661344,1.0
2019-04-09,0.011573206020112256,0.046511707761473724,0.020095893608748104,0.01978667290999478,0.010186922555471893,0.01802862896372831,0.004242234802261658,0.0028629004726155663,0.0029115419854998117,0.06970328622592628,0.015377666164097576,0.01672573129718603,0.047102358872912094,0.028073102764082425,0.014884302942578989,0.009085539728021487,0.011875477931310687,0.08643944035700528,0.017328538965012304,0.6378430954257215,0.06169828539476617,0.04937461031872556,0.041442568629937414,0.4159717950047314,1.0
2019-04-10,0.01177892205185148,0.04734766580219547,0.020351705656346496,0.020033169950001428,0.009933488696253408,0.018218896725147055,0.004227531988627471,0.002842591124212247,0.0029222252239161223,0.07027882277980967,0.015390155702049392,0.0165465813238361,0.04694257129182445,0.027982730165509596,0.014794630784115628,0.009043664190866628,0.011848169441307458,0.08518424987178416,0.01736542691745117,0.6396106865306944,0.06156754855122529,0.04951856199210719,0.041614011315986875,0.4162301391633487,1.0
2019-04-11,0.012051988761793971,0.04722122056730452,0.02067291629536952,0.02021590323278535,0.010258558020724177,0.01834976690678867,0.004307001892838699,0.0029048027235463575,0.002949811585770556,0.07022421242270717,0.015510746020271048,0.016528639789238204,0.046812681356891775,0.02764236446111207,0.014634804663206739,0.009005234665010818,0.011743850127900714,0.08150758657540857,0.01722021722974782,0.6384576163946107,0.06145786852594759,0.04977980127374166,0.0416608960111965,0.41706596451899874,1.0
2019-04-12,0.011931581734251169,0.046147602870248446,0.020853612952806085,0.019966224494318913,0.010177443461918003,0.0182739973406268,0.004416301928050935,0.0029613987227818184,0.0029820356476792527,0.07148630646891735,0.016058966713738024,0.015990177995926155,0.04677014941675689,0.02731984907672008,0.01434610194725098,0.00851961049515745,0.011381264080935004,0.07677623993737007,0.017100271549187727,0.6339182003173964,0.06160122288253381,0.04964900387943646,0.04160060007389835,0.4188848603608943,1.0
2019-04-15,0.011615580742565926,0.04574989827556217,0.020670571585602673,0.019772300008177576,0.01018041121081778,0.017996406774647495,0.004443174737378551,0.0029735886700968774,0.0030080052056304057,0.06880209756173858,0.015859140262180722,0.01609661366903136,0.04698545568703476,0.02702730501031471,0.014485919806062219,0.008376984748860878,0.01154330636211087,0.07922686376568693,0.017142015591696938,0.6349403373765836,0.06182930402099212,0.04952539256775562,0.04166121729583252,0.42026030713995005,1.0
2019-04-16,0.01170598415902903,0.0462701121648894,0.020973079249340686,0.019989267445678183,0.010288745121519349,0.01815579930541779,0.004561309271526131,0.0030511925519183087,0.003009913734981421,0.06943096871188516,0.016174416436437307,0.01639113091333625,0.04747752065620465,0.02667987465889503,0.014076075887498546,0.008300481761735767,0.011372314410102802,0.07600806399438753,0.017135008905572804,0.6408674059664483,0.061529514825892355,0.049926728741175964,0.041543688313596006,0.4221206236179794,1.0
2019-04-17,0.01185333364850742,0.046079055407910394,0.021162234148821554,0.02014515023086499,0.010556983060315526,0.018190280436250837,0.004688927659417488,0.003078832646955748,0.003054698460473452,0.07167853178377426,0.016638797019531817,0.016394007758556907,0.04775810868663391,0.025485700235756286,0.013749591157830669,0.007947042489753342,0.011281008654784404,0.07476081286120424,0.017508490702448257,0.6429416047524138,0.06163871193100963,0.04796152436694813,0.041983140222094456,0.426257989927991,1.0
2019-04-18,0.011831202657767777,0.045145830745558876,0.021228695533047105,0.020023888710033022,0.010485261321200614,0.017961948578535676,0.004626458200374079,0.003022343973161043,0.003012017057535208,0.0708805079274449,0.016368160922717954,0.01637848887103535,0.04733858260574972,0.025194232510289828,0.013555798255743262,0.007962051603288264,0.011252895382721017,0.0763331180009637,0.01754370849568936,0.6408504980724246,0.061369416914898264,0.04830586968090856,0.04246772039133369,0.425596287355968,1.0
2019-04-22,0.011513186289364196,0.04482508667555976,0.020736114747176664,0.01985921470163627,0.010209871936810312,0.017782164023591288,0.004608025575790927,0.003008971924490344,0.002991777799207542,0.07035836272052068,0.016262204036356604,0.01625188652953941,0.047397326442336914,0.025261608521610142,0.013404540070472412,0.007881787029636421,0.011169303783708156,0.0780991562034256,0.017583572220457432,0.6490129120387674,0.062394042513996786,0.04776184086668479,0.04255889958775644,0.429454216671483,1.0
2019-04-23,0.011579313963142998,0.04503899813976026,0.020755501762760125,0.019852200427432312,0.01037604704861171,0.017994465048547768,0.004519920477814415,0.002911019674248499,0.0029280631149642402,0.06958495941335702,0.01614013767606875,0.01614013767606875,0.047687545077429394,0.02542881286614739,0.013437047978552283,0.008000190731099838,0.011211174961945373,0.07859753188644712,0.017680865057640514,0.6557532057317833,0.06264487035390744,0.0478716169641099,0.04275858474938772,0.43104567584436815,1.0
2019-04-24,0.011611581518490049,0.04547954735673414,0.02077034725424887,0.019762575113160815,0.00968144162609958,0.01808181740541464,0.004509351780681527,0.0029037492527115892,0.0029071654283030148,0.06850798291912205,0.016185840293791103,0.016220001708087795,0.04755316320778888,0.025529081219574683,0.013449482961824237,0.007860620035869844,0.011194807413101034,0.07869160679818943,0.0176923737296097,0.6496711930993253,0.06237253463148006,0.04780937637714578,0.042705611751644036,0.4290716542830301,1.0
2019-04-25,0.01141765546450723,0.04783727525444778,0.020220971296006644,0.01938028225006135,0.009216825994016898,0.01823202323244986,0.00454860802851216,0.0028535595069929774,0.00282622001471041,0.06882716977090163,0.016161057717276335,0.01623624029582244,0.047724499165294886,0.026088709143665376,0.013536466458149862,0.008106159120037596,0.011089581898860076,0.0788710154064662,0.01753828429926702,0.6500818649314242,0.06604537677289406,0.04737592439787234,0.0441361908032079,0.43177600230968405,1.0
2019-04-26,0.011245357741032578,0.04795093902140899,0.02061988972765116,0.019425964077730312,0.00925888134321439,0.018021144437349108,0.004561410851356202,0.0027858281038484183,0.0028368505965928946,0.06907765285728852,0.016289780843403254,0.016313591340017343,0.04775365136916378,0.026065689772945055,0.013595793906794797,0.008095568508640323,0.011109297420230688,0.08061553853627292,0.01737315911964421,0.6635067018484714,0.0651353159383485,0.04743050993556528,0.04418207687705042,0.4327319838325517,1.0
2019-04-29,0.011474568613720388,0.04899032343512659,0.020570636522037333,0.019615837905539765,0.009490219170305313,0.018290673717077453,0.004593904875851336,0.002827018385139284,0.0029017712751309476,0.07030849021622403,0.01646602261019607,0.016401463635898228,0.04751565380646682,0.02608875826730479,0.013452122339863494,0.008029139617046021,0.011094009126061826,0.08068215229209949,0.01738089638772082,0.658651129923622,0.06618349017192444,0.047247225352725075,0.044094012878317115,0.4375014673015421,1.0
2019-04-30,0.011602841676192566,0.04986031139301851,0.021012753743768382,0.019787292361267007,0.009576247866663272,0.01840907267700184,0.004514856474352286,0.0028107527524539044,0.0029058023624402686,0.0699021982081887,0.016379084578007352,0.016433398640856703,0.047932159446163414,0.02671912395348962,0.013785588416413745,0.007838198194946938,0.011222643575710005,0.07911861880310396,0.01703000467496754,0.6539820590425787,0.06565212143237543,0.04761646133209181,0.04433385583755996,0.40344485205572,1.0
2019-05-01,0.011598198271373882,0.04978571858403969,0.021229730660695282,0.019557209588828034,0.009508401661633609,0.018435355647993184,0.0045079402305133525,0.0027875351197787423,0.0029004046399661028,0.07002356489842472,0.01627031234943249,0.016496051389807205,0.048550994096930936,0.026924511339450025,0.013944516175874765,0.007791417523447222,0.011304053119159793,0.07933359051166551,0.018000978667667526,0.6537949923816152,0.06602182839059577,0.04807557433877666,0.04373864819076076,0.39951704295209917,1.0
2019-05-02,0.011636595727627604,0.050224162300692626,0.0213674626301279,0.019763360526999913,0.009254435210353759,0.018292933256375734,0.0045381008216697685,0.0028174613862632556,0.002927143581348929,0.07026173037194788,0.016387205802275866,0.016555155977987086,0.04842468878756829,0.027256024450519455,0.014056458128434712,0.008058213770200625,0.011280128250842302,0.07967383099568243,0.01792189861305562,0.651519075437227,0.0659909778442583,0.047845428666501495,0.04325934291275232,0.39849254744788354,1.0
2019-05-03,0.011810676886429578,0.04999253145299523,0.02121101094145183,0.01962222169021935,0.00952254858669515,0.018203175183572923,0.0044031179883263485,0.0027905651398645016,0.002922964215843474,0.07044988917116081,0.016315640317816675,0.01651593669532096,0.048210236199432134,0.027158784816199526,0.014051275954796421,0.007957524290631271,0.011281080243028877,0.07874350070801407,0.01797147714009453,0.666225347390079,0.06635909618976633,0.047612744630899796,0.04375958999819263,0.40242530216167194,1.0
2019-05-06,0.01185007871986833,0.05015908004331275,0.021207377949310297,0.01968647610066183,0.009630107138103068,0.01823718589751247,0.004327410041874219,0.0027655867170685512,0.002895170311703083,0.07039458035084513,0.016269560974815522,0.01651508812671146,0.04845403274548997,0.02710343286921931,0.014203044672882689,0.008688921029704894,0.011256721578207084,0.08201277502527578,0.017773412691495214,0.6651560180631088,0.06611491572542347,0.04787090963871971,0.04370036019714112,0.40559324622662946,1.0
2019-05-07,0.01175777099005538,0.05016209689223739,0.021182017982379335,0.019822817575521207,0.00956294084062894,0.018103014203273975,0.0043029766436622615,0.002711464734362521,0.002870962659913257,0.07025883793877255,0.016195973789080387,0.0163554713678965,0.04853244521485764,0.027010627650865707,0.01415717525920092,0.008838265483235377,0.011261940482365047,0.08254017751271,0.0175846462919687,0.6660772064847063,0.06579983036903254,0.04772455285501184,0.04352212855790146,0.40710110991558596,1.0
2019-05-08,0.011721110818931119,0.04936063820148842,0.021077161596439076,0.01960464347999326,0.009411617872386173,0.018201582756153478,0.0043237875465390345,0.0027331893968885307,0.0028686333441295124,0.0697883610044704,0.016159504435074197,0.016322732103400375,0.048547970350536464,0.027151302039230666,0.014221614807595264,0.009185878307610043,0.011321724126072083,0.08305492094876184,0.017616394751053612,0.6660265164338889,0.06582575592807197,0.0479263197929628,0.0435886412541116,0.40503644886568924,1.0
2019-05-09,0.011826301883486635,0.04959034752191788,0.021005183232481857,0.019712824856367713,0.009304285778419451,0.018274161022304742,0.004288122883581667,0.002710121529997187,0.00285990973795333,0.07023673748636768,0.01618061025430474,0.016281630556852385,0.04832585462930895,0.027285838671583892,0.014156727026859146,0.009088312431571544,0.01119231458469552,0.08289558138863137,0.01747993552381219,0.6618095858155717,0.06571521984231878,0.04714496619914309,0.04371725604301375,0.40490887886744703,1.0
2019-05-10,0.011796350092330918,0.04972582906681865,0.02126396962721907,0.019650170377495904,0.00927326990656641,0.01830360373212784,0.004279169993530457,0.002731311261077429,0.0028736032073343213,0.07012216626361223,0.01608246046230344,0.01636357451364972,0.04825779403389457,0.02713611600587887,0.014132019985055169,0.008787395315181766,0.011126536437287627,0.08349760678238546,0.017108002941828376,0.6559242188799103,0.06536405997281804,0.04696328576469841,0.04412091390429984,0.40406401735207664,1.0
2019-05-13,0.011430115070282958,0.049845831481554165,0.021384345114828077,0.01948880877131922,0.009061584973627714,0.01815162111913436,0.004182269987828176,0.0027170529512761275,0.0028379689203119765,0.06933819589363345,0.015711963270599386,0.016476579668420012,0.04879314879108977,0.027444367907836765,0.014428120187601113,0.008737956938855295,0.011376770145461167,0.08519241395672189,0.016512142477454268,0.6482091910933026,0.06456201227163581,0.046737577673115545,0.043867601584529375,0.40258972921827885,1.0
2019-05-14,0.011409782284165256,0.05098062894439948,0.02165530142275342,0.01949259341991745,0.009240018844529076,0.018222488490930736,0.004184292451768705,0.002709558687148706,0.0028612657490593757,0.06924898130260278,0.015527040677382448,0.016402003748002696,0.04827107272690063,0.027314326580720766,0.014345137528576352,0.00879548151961162,0.011300411723934162,0.08341418508276793,0.016640148201683257,0.6492074372198287,0.06376282951694673,0.04703271655790061,0.044005633226137264,0.39529918952668414,1.0
2019-05-15,0.011280410963302194,0.050688188181117706,0.02156817452407568,0.01930928520675917,0.009456463566238067,0.018242977352006383,0.004160002301765051,0.002690321893299995,0.002862193826509512,0.06888907479819917,0.015398322880901379,0.016078794731274028,0.04802242257796478,0.027201365175538502,0.014433735500643884,0.008867189068180674,0.011238320228377278,0.08280719660376878,0.016741729330796446,0.6563227998977851,0.0653358891559684,0.04714201386148474,0.04420265409683177,0.40835717685478923,1.0
2019-05-16,0.011236579808892116,0.050154360985392256,0.021777826361151685,0.019253768596937663,0.009286170651575762,0.018283778841263504,0.004144184137437934,0.002663125041340149,0.0028508649267609946,0.06923429739808776,0.015394670256842918,0.01595789095610482,0.048050983107767266,0.027510845500244237,0.014476830817007673,0.008775101311152136,0.011337403428358653,0.0823239373233758,0.01652110991703445,0.6631980798042397,0.06501015206211745,0.04724091957348886,0.04482463354283422,0.4098917895530951,1.0
2019-05-17,0.011099726066209462,0.05020055797427683,0.021818270263739205,0.01919546164696003,0.009417631473315086,0.0182687369848215,0.00412305514557686,0.0026507852420248183,0.0028046566808758626,0.06904281158014025,0.015345179296943833,0.015981647521282245,0.04847300066594265,0.02752899959142202,0.014502383461418794,0.00876367750849033,0.011484404663337076,0.08441247427096,0.016523694285708792,0.6536039073013701,0.06480085927434756,0.046972756235391856,0.044787082388075876,0.40646541117334073,1.0
2019-05-20,0.010900525386328045,0.04998187048219243,0.02181161435384891,0.01911112810660494,0.009312626507801316,0.01831189670070309,0.004129947251665867,0.0026159853435530596,0.0027955482675385323,0.0694450824013906,0.015445931952313242,0.01600222563667186,0.04873548937047696,0.027772397853500583,0.014643180408932942,0.00853099931013333,0.011657507044552777,0.0866091854294137,0.01611577207561199,0.6545138893999,0.06433281892193814,0.04757361057078906,0.04444006361766521,0.4009710424928336,1.0
2019-05-21,0.010927396636864277,0.05106899744990758,0.02186177598513803,0.01914214692000666,0.009363347832717181,0.01863243342538285,0.004154505563360718,0.002625368221552319,0.002789453735399339,0.06951290814077798,0.015497352756561068,0.016174642946177577,0.048220192238559195,0.027754890108166137,0.014547751135817645,0.008549902625773443,0.0115383533373585,0.08725858225339402,0.01628636074283938,0.6484938871549505,0.06452401237830813,0.04763716568546666,0.04430308943693161,0.401356659796547,1.0
2019-05-22,0.010475200100304243,0.050065294597042335,0.021244490042996705,0.0189267823495203,0.009197309713736378,0.01840512263612948,0.004110255654330609,0.0025697850513446904,0.002706326763882079,0.06845291328583843,0.015226152182908813,0.01613992993561582,0.04858083935635749,0.02835166228436624,0.014700991750072704,0.008556614335783282,0.011732083369344752,0.08729566681514236,0.015998137318963983,0.6510869213968783,0.06488182339287377,0.047737085445443986,0.0446981542732434,0.4031201657888073,1.0
2019-05-23,0.010452690098831744,0.050566219565190126,0.021741595759898504,0.019133737808030987,0.0091310448761659,0.018056578880805953,0.004088950635271807,0.0025617948954085937,0.0026858098626828682,0.06802043826187865,0.015133368937912329,0.016143205808659807,0.049531575449046066,0.02870769221861958,0.014853449086021915,0.00838695507252025,0.011958586130019369,0.0873419698088822,0.015914663940397214,0.6432762580194323,0.06408739003092362,0.04690954683836083,0.044709167344765745,0.4042073048507827,1.0
2019-05-24,0.010321790546207214,0.05023248056880733,0.021439742516101992,0.019150335757248674,0.008963008383113771,0.018099403739529656,0.004118808431876996,0.002540639565367425,0.002699871850104938,0.06829295767631101,0.015201375095758361,0.016337231706369762,0.04913200820266078,0.028721964963731864,0.014843987786602097,0.008322540748947331,0.012030883735723183,0.08762375881269267,0.01583211222192925,0.645166766075441,0.0640679936802433,0.04680721436854644,0.04466996290399786,0.40107780703042734,1.0
2019-05-28,0.010251963894019082,0.050828045860355234,0.021428138586282005,0.01922644708881699,0.009102944620133198,0.017852618982450774,0.004110777029554467,0.002505004752384753,0.002701265808483274,0.06759944519968335,0.015047869714822725,0.01626825735914828,0.048911826060457464,0.028639841372707947,0.014951524805545678,0.008053840065715653,0.011861305267703518,0.0863762742667014,0.015899821474270496,0.6553085488165511,0.06576886337635675,0.046553125004437056,0.045018719313515594,0.40470814815345896,1.0
2019-05-29,0.010208334757146303,0.05136865921647232,0.02129700813291311,0.0191195171495748,0.009159114852504726,0.017807992987416598,0.004121422022684552,0.0024865074452464775,0.002748812421406872,0.06757048158065353,0.0151597899752083,0.016341959336677713,0.04718974389555416,0.028515785164923105,0.014990909407830995,0.007933827224139049,0.011879181882421385,0.08709962280472563,0.01593412935635296,0.6536747590482659,0.06546485497434545,0.046600456003906145,0.04489367704943783,0.4011684978823832,1.0
2019-05-30,0.010100901056060036,0.051067458580130204,0.021076711181196583,0.019014936915227636,0.00924392045886151,0.017709744162509908,0.004102034365684302,0.002477714813538333,0.002703613559201017,0.06718515372273565,0.014998960290266004,0.016153552803500303,0.04737060875459682,0.02857081278476619,0.015024060150895193,0.007691314794227504,0.011850719552782501,0.08731165804581535,0.015983233037798264,0.6512768214658965,0.06562179097497485,0.0464598445346115,0.045082936460104056,0.4008626851500946,1.0
2019-05-31,0.009894406159833011,0.050910953248204535,0.021147794652834645,0.01871325439704003,0.00907683679297204,0.017296133434419353,0.004095114117565848,0.0024599753838439034,0.002714330297978428,0.0663103279316914,0.01478528743111271,0.01612246755113421,0.047655207803733474,0.028782074991772554,0.01508688004980781,0.007532539100012425,0.011947414044425838,0.08786145571541831,0.015903541732989485,0.6449968052822935,0.06448623837972717,0.04614361433890495,0.04494087968594002,0.401019593082943,1.0
2019-06-03,0.009910911652839248,0.050662243976917036,0.021523438595947637,0.01898376684953436,0.009408078289273201,0.01741332574951373,0.004117400645576575,0.002452221800418615,0.0027437191912558947,0.06674925951309504,0.014840860911003,0.016221829800094612,0.047893022043308524,0.029244476464493557,0.015274462551129976,0.007476908074976223,0.012100785072760835,0.08619577774184012,0.015786405936903166,0.616768376622511,0.059811618696193884,0.04673796436085928,0.04366630768993754,0.3775729193467081,1.0
2019-06-04,0.010387868736241113,0.050986880314868845,0.021710359888912876,0.019373802956020626,0.00960663789355547,0.017461750259791242,0.004187966166741226,0.0025220545825264456,0.0027895992694988406,0.06773518200005578,0.015153731070116463,0.01629525506786535,0.04770499989151955,0.0289233650064149,0.01506454950779233,0.007619673041700065,0.011836176951658763,0.08588540999700058,0.016020575855907025,0.6169794727801498,0.05975164675716826,0.04733400673260865,0.04393440629026525,0.3756505943012939,1.0
2019-06-05,0.010742530316072385,0.050988097233633574,0.021799976341099262,0.01943987435384098,0.009327177224868944,0.01776975841389747,0.004143446174498072,0.0024485608477819516,0.002728093083294631,0.06667728483427061,0.015013357914940493,0.016227023544485714,0.047548788868170946,0.028905049212778807,0.015031049828580535,0.007543831976114337,0.011772199336084616,0.0859013189032179,0.016147408871590704,0.6151478372642952,0.05950498162924409,0.046526196259776456,0.044523470574208766,0.36877731441720246,1.0
2019-06-06,0.010684053436741657,0.05006523726148233,0.02143492722476579,0.019233406550518577,0.009224579686317095,0.017576991716436462,0.004079493875763565,0.002373843419086557,0.002690355874964765,0.06675247624135297,0.015055442836287248,0.016149168156558202,0.048067689170940245,0.028640861155273492,0.015020274082273102,0.007423975844557132,0.011886800769078845,0.08504338255117262,0.01628456585493378,0.6169742081631172,0.05919838036778178,0.04649919692525452,0.0449518023448361,0.36727400823380424,1.0
2019-06-07,0.010760995584592283,0.049541648966128234,0.0210660754196111,0.019165848216154496,0.00889905100575759,0.017530120854945593,0.004016231857897637,0.002352662682789257,0.002665887004462383,0.06605900874480822,0.014860754276296444,0.015880473456854508,0.048219145230538406,0.028698308057712937,0.014937319177513246,0.007392093991485772,0.011916446000596083,0.08588263012463843,0.016544333961208423,0.627851202346083,0.06033048671264702,0.046395481884217535,0.04573074887611424,0.3710107423246308,1.0
2019-06-10,0.010655655434735189,0.04932570762991833,0.021006467324664706,0.01895916846368845,0.008961697553714393,0.01742455974354761,0.004028779996943115,0.0023867836783265746,0.0026673779859382623,0.0672456365316163,0.014996207230992903,0.01602851680641083,0.04815829847722716,0.02857212263406777,0.014919996084981941,0.0075102278876807175,0.0118542438111929,0.08595885334588861,0.01667804066662307,0.6445459110796362,0.060559875087451025,0.046675652358728746,0.04593432947268591,0.37425738204998305,1.0
2019-06-11,0.010597008825289097,0.04943653765218371,0.021055403369213473,0.019017784660852667,0.009086120366320187,0.017527688933196214,0.004061378137095757,0.002418807115778872,0.002671776914420502,0.06748055873644575,0.015133137809233397,0.01603066079345507,0.04843851808377702,0.028755389931769647,0.014786603838491438,0.007668796425985577,0.011816807709232852,0.08520230565365554,0.016877070363526276,0.6458353442916239,0.06171770226834668,0.04711129228276738,0.045777139614216575,0.3738131148692806,1.0
2019-06-12,0.010799210737287299,0.0499645794916096,0.02116784166385283,0.01925454167787111,0.00918106568144974,0.017643341104848182,0.003989804867248588,0.002389021539309859,0.002632090591274525,0.06605227901112543,0.014799432502378584,0.01559461589104735,0.049197173686957855,0.02906758585270447,0.014959164635394158,0.007503889222893546,0.012028445309981393,0.08490054743622973,0.0168577072047481,0.6442440862362216,0.06078115022058823,0.04683245974732747,0.04565878694025597,0.3739895258378666,1.0
2019-06-13,0.011443333618443755,0.05048000664030125,0.0214964526359161,0.019546002300224873,0.009358011371162114,0.01811428910176541,0.0039908150485597135,0.0023758145046451676,0.002621349919244595,0.06620810477247072,0.014853163806451885,0.01566239320104718,0.04866097170004702,0.028668854030089286,0.014697542423205184,0.007545891192337344,0.012007027944264153,0.08471317870285032,0.016785457316970277,0.6467956309247114,0.06137347925985333,0.0469491361385088,0.045759503913442516,0.37652337783679896,1.0
2019-06-14,0.011319787537979393,0.04918288522388714,0.02186367741975128,0.019393969611108976,0.0092380273451013,0.017949552944250068,0.003966082231023992,0.0023519387204063674,0.0026047981115546216,0.06638771495741373,0.014832108395846928,0.015791588551299897,0.048524754924001934,0.028673561844374133,0.014811324739425454,0.007436836815196759,0.011967522892209318,0.0849919281393839,0.016690452075805527,0.6476214095533839,0.06280958068853668,0.046813623556890754,0.045878391231518,0.37594648508785294,1.0
2019-06-17,0.011267723262131112,0.049002138590969496,0.021635689088229364,0.01926517543618603,0.009021791659151304,0.0177113654436273,0.00394508726176927,0.0023601311513391596,0.0025954521459008355,0.06603868509242143,0.014711022070845365,0.015666149152657443,0.048254646988708905,0.028826822871986138,0.014839065414890664,0.007613326294642451,0.01191831590791635,0.08512044892302409,0.016774407218957097,0.652680091466862,0.06540885294926083,0.04670083457372817,0.04597411108741852,0.3780708625862217,1.0
2019-06-18,0.011145574500899667,0.048801302030674315,0.021571415988347185,0.019203152771827606,0.009024076771484877,0.017719133236226543,0.003975666181132722,0.002426527289863765,0.002604746808328335,0.06682546345643046,0.014853911404335533,0.015799845086110872,0.048061004541170425,0.028957243766600978,0.014761374346671236,0.007690858024162453,0.01194070773712621,0.08420872144631994,0.01700368400308457,0.6516562402536201,0.06459429389084054,0.04674149772941479,0.046323366977979605,0.3782366467312141,1.0
2019-06-19,0.011348181571789495,0.04875856970591917,0.021479877339076976,0.019258763745648937,0.008874202738494258,0.017601470270038663,0.004008255761678607,0.0024500591484429334,0.0026140798445730045,0.06685210172263825,0.014741359722980336,0.015599052304956514,0.04799313808209659,0.02916834747017405,0.014864375586787671,0.007818319507156928,0.01203843567637999,0.08549237144338295,0.016903528378736633,0.6522522311727605,0.0640637488632977,0.04684157781989897,0.04636660122068897,0.3766769307253133,1.0
2019-06-20,0.010882885518159427,0.04722460994633823,0.020553927789663154,0.018946036561188043,0.008794318761217555,0.017439696019165837,0.004001110383279118,0.002427069496456115,0.0025895511363862316,0.06624511759766433,0.014711358143502547,0.015523767020159961,0.048138573232986134,0.028637388360676197,0.01475874828331208,0.00822563268295873,0.012104881497786846,0.08386760478474471,0.016879473541830288,0.6493138485648613,0.06415655219473612,0.0470012014149719,0.04635804187705111,0.37621948208400463,1.0
2019-06-21,0.01070002657799158,0.0457928603627643,0.02104078781633736,0.018976702866702617,0.008707117310377899,0.017370173016220097,0.0039654834007761,0.002433518873296786,0.00255553374716682,0.06640998508367828,0.014770579020238397,0.015892436982641703,0.048158591500371155,0.028663327453302117,0.014801081382985085,0.008073317487733907,0.012065914627065159,0.08550531182754796,0.01684313654714259,0.6477973177959014,0.06478311908195387,0.04717908354628914,0.04642327054442614,0.38023902029829987,1.0
2019-06-24,0.01080346951678408,0.04577724124936947,0.021192726135472132,0.019036786166124555,0.008732408081967851,0.017390123175774673,0.003958782355930307,0.0024105793076419535,0.002553176956826407,0.06705145345339521,0.014623049405653373,0.015709507685153973,0.04857147477888722,0.029032203016566487,0.014857316293134266,0.008066952725291947,0.012015549195333724,0.08475732619002226,0.01685538165181476,0.6498039147534984,0.06539120973455156,0.047311864927236914,0.04677881895722945,0.37873936302427297,1.0
2019-06-25,0.010715094109668954,0.046106438103522086,0.02123137934861807,0.01916788359508956,0.008812701818441928,0.017481439526331306,0.0039693150924493435,0.0024405460672054687,0.0025502335309000963,0.06720413722685563,0.014622710003790068,0.015815560828695823,0.049441625974220096,0.029217997456109833,0.014999759974693704,0.008356813297461132,0.012062192930395278,0.0848912428042543,0.016759045431451614,0.6438208582108057,0.06472931314169894,0.047426117457738025,0.04573624222800606,0.3723717923504993,1.0
2019-06-26,0.01079697118069581,0.047155239116370505,0.021247314273496243,0.019349436278259288,0.008998619916067796,0.017400078418891518,0.0040222665689771606,0.0025293604618909274,0.0025877039189494697,0.06761320107874211,0.01475403138608031,0.015718413381986977,0.04868246902244109,0.028670661535377007,0.01475403138608031,0.008579920155668004,0.01200159265694521,0.08355812675521636,0.01714268081422148,0.6513291796605968,0.06440431402929352,0.0475396229713125,0.04596434585556698,0.3705839281802559,1.0
2019-06-27,0.010991754597512704,0.04796370387606119,0.021576659424182347,0.019426172857801745,0.009248116092526652,0.017347484154473885,0.004109514215958764,0.002577848351774466,0.0026017806309023457,0.06814545776135611,0.014868783816229207,0.015826074639454693,0.04810046283379925,0.028660614387924426,0.014848269750340194,0.00849254019337901,0.01194904542073819,0.08422110778046799,0.017072262602613568,0.6510537313096396,0.06478809849618851,0.04735856286461438,0.04586450144873402,0.3678767414816083,1.0
2019-06-28,0.011085200998432227,0.04878032181829815,0.021725089668344494,0.019291172565772965,0.009324350017253787,0.017261774865176712,0.004068992698014139,0.0025936854039973166,0.0025868867528728154,0.06955020304324554,0.01489244562815306,0.016085608560570515,0.04734580609109579,0.028503344159607365,0.014725878335670217,0.008573098728063817,0.011931632043634994,0.08294694134481759,0.016819862882016673,0.6437064881441501,0.06560698335143933,0.0468766974638424,0.04553736761143884,0.36743651090695195,1.0
2019-07-01,0.011091882528204743,0.04826723011107267,0.021492208129192017,0.01949513025856765,0.00932757124626794,0.017386728078127335,0.004061625960400217,0.002577310825370237,0.0025908045993250552,0.06978305234468563,0.014826284470200624,0.016087951660287408,0.047012308795930255,0.028589933566770632,0.014765562150059594,0.008453849045349127,0.011921749289081702,0.08185323247258161,0.016997938716054144,0.6484399140519735,0.06510745933199684,0.047187729206720284,0.0457708788933322,0.3703872113124374,1.0
2019-07-02,0.010827410231289468,0.047571314097257275,0.0212209174499214,0.019690482306852372,0.009273429926998464,0.01729896630923217,0.0040262225689579835,0.00255296819535431,0.0025899677344174165,0.06928331734745824,0.01474263519213647,0.01588625663591358,0.04710041289097443,0.02876209690259334,0.014873815039728037,0.008486348823292392,0.011950850781023774,0.08206161438386815,0.01704753728696662,0.6506234598920843,0.065590091975506,0.047164321858438676,0.04593997381125535,0.3737794343988771,1.0
2019-07-03,0.010921884578283025,0.04779325518557812,0.02130969101980126,0.01974417710589954,0.009149414643683467,0.017320799588154707,0.004038960860582632,0.0026069656463760626,0.0025869377412822644,0.06877582375551401,0.014683793085533199,0.01590883261284035,0.04744610683340946,0.029007083211781196,0.014820650437007487,0.00856526741178102,0.0118898993235531,0.08185071247075977,0.01705793400139544,0.6472351329479111,0.06582504707355476,0.04724582577968098,0.045883932906480546,0.3743816152312389,1.0
2019-07-05,0.010854698839026589,0.04839804583954308,0.021425156378360743,0.0196294162764934,0.009363264844609035,0.01734879248219934,0.004096428369516453,0.0026852505965075197,0.00262171415649053,0.06952223946480819,0.014783926050603594,0.015974398629534772,0.04700693588391236,0.028624837570428704,0.014686949044596397,0.00845369087982076,0.011710769102078872,0.08259402967093964,0.01707374590858432,0.6497136149139409,0.06567661283220091,0.047277801090969636,0.0458331807455566,0.37840630525571906,1.0
2019-07-08,0.011018330798534318,0.049160774007922826,0.02173423648414039,0.019949931946956993,0.009449083977555105,0.01750029498395956,0.004042406693014979,0.0025336447602105523,0.002621011820907468,0.06913758745534763,0.01461382170939608,0.015971370413682066,0.04736974859158174,0.028239722570522492,0.014549975541574556,0.00836371558991988,0.011660142667500123,0.08328096912944354,0.016803038298139714,0.6560325200845423,0.06578067448151113,0.04723533974513404,0.04602228171007301,0.3751239081238164,1.0
2019-07-09,0.010860409604772378,0.04836171325242411,0.021375137685179405,0.019787692201770016,0.009088377101633464,0.01734779184989131,0.004007209106111653,0.0024432564734081104,0.0026009941852902273,0.06973013835893255,0.014693099720130574,0.016052329946376766,0.047458915889789385,0.028480047634157787,0.014555498737424899,0.008386947701987455,0.011645742042653557,0.08256058962340591,0.016884647750057484,0.6672976601369385,0.06685729933659683,0.04676084194044848,0.045797636739569506,0.37750660322532414,1.0
2019-07-10,0.011005421941896217,0.04864570581112103,0.021028575198728024,0.019869231140231362,0.009097682106117671,0.017326691264081692,0.004012602353818334,0.002472377803351846,0.002599337744605049,0.06881562954442669,0.014470092585884628,0.015753056536864207,0.047178984718643076,0.028338795308149128,0.014720671417305424,0.008325899305341623,0.01160681213962145,0.08268433093027076,0.01697504496911096,0.6740269984217423,0.06773312732216331,0.046931744933677244,0.04605639121977281,0.3810401875296158,1.0
2019-07-11,0.01101033029954534,0.04816811312299167,0.021103967404738518,0.020053935539648297,0.008803597699503184,0.017280518922462896,0.004066788789622826,0.0024934082087195693,0.002636745846386603,0.07045211763012435,0.014727108911929219,0.01571380487508453,0.04670473617875762,0.027000810816348274,0.01432709689983517,0.00795690594058079,0.011383675844196485,0.0870559488987748,0.016813004883327976,0.6670433462003241,0.06707867966136444,0.047081415490186226,0.046134716728120195,0.38141477396471896,1.0
2019-07-12,0.011208552336717451,0.04933023987012784,0.021315494405243305,0.020456106999166446,0.009167918857989038,0.017423359331180818,0.004084585060674272,0.0025449851677799887,0.0026113472321288803,0.07098750089762987,0.014888328804863484,0.015714537169627826,0.04456212720571161,0.026455237948116557,0.01406875830558564,0.007834042028196963,0.011062556126960213,0.0882283625609893,0.016864259934472374,0.667270557028104,0.0679779789567354,0.04736260698485547,0.04608845169944321,0.3798896453286771,1.0
2019-07-15,0.011150184272846421,0.04917559419778917,0.021019805583395657,0.02046909730186585,0.00933550029610871,0.01733735764538018,0.004070596755645012,0.002577712859931682,0.002587665419236438,0.07019208392017647,0.01473974033034294,0.015496134505752384,0.044690311120384414,0.026858639712014947,0.014182397009276631,0.007776266668534297,0.011130278490732958,0.08823275277065823,0.01701970645457797,0.6704674243264095,0.06764754692143124,0.047546695640849256,0.04608034759050624,0.38162755774151536,1.0
2019-07-16,0.01139132653218275,0.04945007425714941,0.021774012047380706,0.02102501936726017,0.009623706616648062,0.017736114801497824,0.004117787991972899,0.0026530937991935334,0.0025965033417452398,0.07174338597422403,0.014790082496633461,0.015079692151866156,0.044107268305287724,0.02716008939320266,0.014264123461638056,0.0077129464651586165,0.011204910574762148,0.08810135702721904,0.01701874786496479,0.6690656575499792,0.06785528599940209,0.0477789900056655,0.04563188247172361,0.3840095141954265,1.0
2019-07-17,0.011144543619622709,0.049540617561927666,0.021370986880846855,0.020858324775651325,0.009234625059576318,0.017524343211377344,0.004128105401381917,0.0026403791041306416,0.0025834166107674174,0.07147117650154863,0.014666166673578451,0.01514867216464051,0.044182790775513396,0.027449219661119795,0.014321041648642365,0.007676533664420432,0.011449460495861145,0.08934734419722855,0.017034299236928896,0.6674764547426848,0.06761783136227167,0.04793896661302344,0.04566046587327398,0.38411148764607395,1.0
2019-07-18,0.011265028928701083,0.04919351567598313,0.021488358925296765,0.020920766770328288,0.009198325943213813,0.017508537959068763,0.004150097844800201,0.00264764890661831,0.0026042448261819444,0.07162341160635001,0.014834179182982537,0.015298268966109833,0.044095209285072205,0.02760833460070188,0.014376767284569148,0.007712571216000374,0.011508759200350828,0.08700848940108766,0.01716631414646019,0.6603763979752748,0.06703593251238026,0.049958098251644684,0.04554757358708349,0.3827338278218431,1.0
2019-07-19,0.01111331373974939,0.048340223888113,0.02132963328004987,0.02046287481748445,0.009181585433620916,0.017476255918659353,0.004112060216155142,0.002593554319339681,0.002610351950941622,0.07173260733673911,0.014912937000250535,0.015463899316794195,0.043777986809073216,0.02734318438568683,0.01436869407230028,0.007787382010659819,0.011301446205833232,0.08622224099704705,0.017015160595233444,0.6599856714119529,0.06663956442717273,0.05028538761190197,0.04589784690938026,0.37966006140420594,1.0
2019-07-22,0.011021665336821307,0.048696327872016866,0.021061764333761748,0.02053245709576076,0.009078635637403834,0.017648063667100884,0.004123911612414805,0.002613039039547967,0.002619739139649372,0.07169107108503396,0.014907722725626222,0.01557103263566532,0.04309504351723223,0.027205756126750174,0.014344914317108198,0.007792216417934066,0.011286318285811791,0.08553348023957182,0.017354934287664416,0.6651959898926698,0.06777821497084846,0.050163651134244584,0.04637474050683997,0.38125912803003165,1.0
2019-07-23,0.011222870408110291,0.04913042067456411,0.02166050522153096,0.020991725290473714,0.009209874085279955,0.01800716677331926,0.004195683244775298,0.002645176986198542,0.002631867919601317,0.07301020975664242,0.015005971922918275,0.0157046989174526,0.04286850217875626,0.027293567991533263,0.01433719199186103,0.007868985625609498,0.01128941574109642,0.08484862516032772,0.01737165884330175,0.663620002610234,0.06733056824808982,0.0500354375359021,0.04634549482910139,0.38137461763380237,1.0
2019-07-24,0.011455311146040035,0.0492687679970402,0.021715083892623444,0.02091695437941279,0.009455019420761254,0.018121845543990222,0.0041330524169580695,0.00262289864922339,0.002642769093535689,0.0735305788464862,0.015068420270159628,0.016045384113355037,0.042979770716327394,0.027073480375506585,0.014204055611400576,0.007878631501000391,0.01123342385553789,0.08316774632499536,0.017276523394363787,0.6626164142807666,0.06777808687394617,0.0496860456717281,0.04660281572495128,0.3768131902555411,1.0
2019-07-25,0.01054376839746508,0.05060808908682743,0.02126065868032486,0.020717988865622098,0.008989003685871712,0.018280970088563546,0.004038393137393477,0.0026301158932735755,0.0026068110689027968,0.07323707388377942,0.014938392088742964,0.016010414342724842,0.04365326364246224,0.027216705604444908,0.014205954418449579,0.007827091727957184,0.011076450097368589,0.08279871072997348,0.01723058869449238,0.6571361025867076,0.06682159232275323,0.05006875019737937,0.046672905359272696,0.376912252144595,1.0
2019-07-26,0.010324337178618945,0.05044185772068808,0.021455055985507926,0.020542919302911446,0.008959436339202842,0.017598302009009567,0.003982338764480099,0.002620742440027152,0.0026009133673409444,0.07341383644475273,0.015116363738754957,0.016292887726682997,0.04320424321586127,0.026911356480631907,0.014240579034145018,0.007868836680492316,0.011190207016401237,0.08359276141512645,0.017163715163121387,0.642148010909349,0.066014287817834,0.050022141026891835,0.04671068423587238,0.41324119086249617,1.0
2019-07-29,0.010175539742232015,0.05036792998959604,0.021175318395774946,0.02067547827339857,0.008752156179575608,0.01750431202813171,0.003972234121886278,0.0025918827645307965,0.002572021593921365,0.07293022079496864,0.014972012444409696,0.015981621619369616,0.04403221656518743,0.02730579873082757,0.01372075902703503,0.00809011715926123,0.011221562056367757,0.0840193743852345,0.01735204206040087,0.6330582459801617,0.0648599634822388,0.049944225347614356,0.04668368118644897,0.410268902338586,1.0
2019-07-30,0.010191890193433029,0.0501994565255189,0.021243338746622185,0.020785350497946966,0.008857752143027349,0.01744004678974478,0.003959272353205093,0.0025720335907241797,0.0025322085544807085,0.0734771898779525,0.014824869077881539,0.016112545581629077,0.04383409055573121,0.0276352554043228,0.012873443297577357,0.008180726195013036,0.011111185111928455,0.0846049684231071,0.017322231389399815,0.6300752267853614,0.06539270718865255,0.04970496531237352,0.04657870063101164,0.4065937125058484,1.0
2019-07-31,0.010236950052584959,0.05027882749267638,0.021259035252990263,0.020480610994648832,0.008720364859609408,0.017289741919788684,0.004049819309560814,0.0026204713179511147,0.0025097471777559975,0.07385971374173311,0.014951114538844174,0.01624289583892618,0.043692417111916196,0.02784544294952886,0.013031895773267774,0.008042598575008567,0.011256953917642585,0.08354975029201672,0.017870204501041455,0.6263564049831563,0.0651695433551549,0.04973862756407553,0.045722360688743115,0.40822985718696714,1.0
2019-08-01,0.010103061865653433,0.05015303634968339,0.021377591021926805,0.020422811385261898,0.008782621812939406,0.017253754107595075,0.0040053358535750705,0.002576551635309069,0.002491908020482884,0.07164235762032968,0.014535001537952475,0.015933314393455508,0.044112863932793324,0.028335297176362583,0.012950473068406293,0.008075000854418042,0.011423502934090835,0.08438968398170636,0.017642267961072804,0.6281639475542489,0.06525345418750464,0.05089451509270969,0.046743589174463446,0.4093399104297679,1.0
2019-08-02,0.010044167223558878,0.05035725568544004,0.021578758528210923,0.020507835812866783,0.009239269298707664,0.017264370714703308,0.004004024421071538,0.0026909499729347902,0.0025204208238261217,0.07140737419247238,0.014365375179855942,0.016179805326372178,0.04470251353475447,0.028809194791476766,0.012960215332258811,0.008151293327394357,0.011613034713242033,0.08528162849242005,0.01739567884163358,0.6218311282311948,0.06446684089327426,0.0502208344125029,0.04669087897960367,0.4072201940779354,1.0
2019-08-05,0.010029036432254041,0.05122085234932138,0.02162587801214128,0.02032523190282849,0.008703783153130983,0.017210711408461622,0.0039968503413206485,0.0026891737124980623,0.002499349685733493,0.07089575627612982,0.014233287450639731,0.016219408157579985,0.04575462237587485,0.029218840137301968,0.01299239970258231,0.008197585748425464,0.011842909762730195,0.08614495485051342,0.01699100767378041,0.6204890468741925,0.0638828141196834,0.049480794552334464,0.04647525168020716,0.4050703930941682,1.0
2019-08-06,0.009841174279410402,0.05094091547249839,0.021677649696695785,0.020400656746370066,0.00889036974574397,0.01724981475100501,0.003990602969767865,0.0026476783182025052,0.002494994378489648,0.07148731285642287,0.014303709426472555,0.01628513020619182,0.04537836228860483,0.029270204566844652,0.012821981193350051,0.007835462178900729,0.01176013310042,0.0861553827255098,0.01709019097922325,0.6203930027698741,0.06402662034772644,0.04883456869330607,0.04673863669384693,0.40598310860351033,1.0
2019-08-07,0.009927253031763417,0.05099203150501759,0.02188295391703794,0.020541058679609835,0.008942503477433987,0.017312880237122866,0.003963273004412465,0.002590170546190823,0.0024861476326891838,0.07133891581313959,0.014063898252164704,0.015884299238443395,0.045149414317362906,0.029213101541710425,0.012683861279786,0.007763576430929316,0.011747654711528199,0.0854548224013677,0.017253933225985847,0.6218489852346339,0.06419947270230357,0.04823542533745328,0.046907398781596256,0.40707286393853537,1.0
2019-08-08,0.009897586230854879,0.0506247257725339,0.021963247234507537,0.020431640011713624,0.009053500472515123,0.01718463372046201,0.003941335919989667,0.002607135850355859,0.0023893072675585025,0.07045393224851995,0.014046540018823278,0.015792572933522656,0.04481822852805594,0.028838463240477737,0.01254896817173429,0.007743125404124777,0.011776357076767757,0.08427923841115385,0.01730971361556154,0.6238372412357426,0.06472231902509315,0.047684040245126756,0.04727220569827537,0.4100623237935242,1.0
2019-08-09,0.009860723953317782,0.050074520380074004,0.021903963183865276,0.020396416493532563,0.008812293308072138,0.017285389715782362,0.003967587887832941,0.0025799599996012127,0.0023778117393402944,0.07088893870354993,0.01421890305225104,0.015863498725308917,0.045240092999684484,0.029301217984862647,0.012454387891843836,0.007750159066525821,0.01196100977238756,0.0851866490837516,0.017216008321370775,0.6193205820134025,0.06436195237780183,0.0466414299662036,0.047182776839947274,0.4070409435492479,1.0
2019-08-12,0.009588233069630353,0.04998786153585361,0.021545773773109553,0.020348978734207497,0.008880563511689601,0.017362195112480508,0.003916467267459984,0.0024109342346188565,0.00235889968279255,0.06990668728116962,0.014000763758295147,0.015759531263127288,0.04576612038801814,0.029739481894485935,0.01227668491398951,0.00773580302461385,0.012103236407901823,0.08436535232036017,0.017386477903332784,0.6191834302355389,0.0643042974124642,0.046525825538476236,0.04710514285501509,0.4075033756435513,1.0
2019-08-13,0.0094008855356693,0.048747228835256715,0.020903386020178844,0.020107164846193442,0.008741354125860438,0.017058967180619423,0.0038922604962294918,0.0024638453185087477,0.002323737609689249,0.0697497185055015,0.01390483544331146,0.01570573209082063,0.04559309812312711,0.029415785013165552,0.0120287597330587,0.007753765983468627,0.012039011174904739,0.08516498373683709,0.017852626775616262,0.6234246164490302,0.06439828611393031,0.046402987316697036,0.04736324215372876,0.409138437415794,1.0
2019-08-14,0.009188199359134149,0.04998943712632372,0.020851227894310945,0.020147151315066947,0.008705906902352012,0.017165386297892046,0.0038583396542570987,0.002355136157571167,0.002330493477297627,0.06884460721440136,0.013845666634909763,0.015479123946717546,0.04585650584597002,0.029359994058551216,0.012053791740733791,0.007420967145231719,0.012138280226166491,0.08561571097995506,0.017843940805215026,0.6206294093425044,0.06326480349223729,0.04620502551288724,0.04716608863540214,0.4098746739534894,1.0
2019-08-15,0.008923303527713252,0.049476750298945944,0.020726224880190325,0.020055484981936534,0.008350892042987983,0.016930045421005603,0.0038629019600490266,0.002261553511155976,0.0023142294469748258,0.06889309813473675,0.013730859901101183,0.015233880989984431,0.04584210862040784,0.029308890338435437,0.012108441780226402,0.007332489914811066,0.012136535963836029,0.08577398215836134,0.01771140583799769,0.6237252190879788,0.06412065940306763,0.04632672898580579,0.0469447915435491,0.4099100891378042,1.0
2019-08-16,0.008927953808348748,0.04943780597427573,0.020895357886953327,0.020092222872132307,0.008557541708293351,0.017236247065117907,0.0039014360418245186,0.0024024814667490827,0.0023332456896093395,0.06903499269367998,0.013826384348627794,0.015366880389987077,0.0454740587715621,0.029445975325174928,0.011995099081818249,0.007373609919203745,0.012012407679924298,0.08505269111967508,0.017871484974196165,0.6205498664432858,0.0635930602643173,0.0463048860201657,0.04712533344106051,0.4076602474905136,1.0
2019-08-19,0.008927197467161032,0.04858310596724792,0.020724095576064635,0.01990320351290816,0.008595420054504187,0.017320814973556982,0.003895815293140389,0.0024113694307848765,0.0023258598765017245,0.0691601264780984,0.01380808248360511,0.015477229325250448,0.04523455421578722,0.0294802746187358,0.0120329044787251,0.007466694280004801,0.011950814964575058,0.08370017450878768,0.017986935427537383,0.6211824451886784,0.06367725419950093,0.04618883844731968,0.04734151100147694,0.4099156845626997,1.0
2019-08-20,0.008905330411185169,0.04877762721460148,0.020723941924958224,0.01988615788297176,0.008763975960213976,0.017245243018485568,0.0038889712364757532,0.0024030256665102836,0.0023064909195055668,0.06894649399951562,0.013756202137706121,0.015404187486324172,0.04502656620723057,0.029529290264369748,0.011932384608457185,0.007329745433286749,0.011966860614282109,0.08279923295282818,0.018131294089207436,0.6210562965786834,0.06337161304952711,0.04585400482724071,0.047322710325692,0.40775240799806795,1.0
2019-08-21,0.009034239360944963,0.049004421829997875,0.020451849553836395,0.019836343953820536,0.008240922354230644,0.017299098004171298,0.0038776788173018875,0.0023970483694255936,0.0022944642737297767,0.06862191868715971,0.013657362265022802,0.01538761435437257,0.044976286680955775,0.029718613890866167,0.011923691047763493,0.007659612478621012,0.011892915819054746,0.08218696005331408,0.018177901757298796,0.6235540195531004,0.0627643702423984,0.04590638282387817,0.04745881974511264,0.4073443466588072,1.0
2019-08-22,0.009076447234727215,0.04862211032774539,0.020434835013020035,0.019829282051227297,0.008279307345553657,0.017513128811010557,0.003927539024769296,0.0024530012898602654,0.0023229956426989123,0.06925195483786784,0.01377717739786233,0.01560751971972441,0.04491011006024578,0.02966865750483731,0.012001574637977781,0.007560854742805003,0.011823671831321068,0.07969346239414962,0.018171711076280416,0.6174105148063139,0.06227954499792939,0.04595357746513806,0.047137310357593595,0.4069621611526526,1.0
2019-08-23,0.00892835157217894,0.04941853026831322,0.020346947544308654,0.0197393142126203,0.008264520905653895,0.01775835815962702,0.003965424439413856,0.0024480963988232577,0.002346238729431759,0.06891198078978966,0.013814008072010261,0.015601784381569055,0.04486303592051419,0.02983376083389388,0.012061352989324344,0.007491807200416081,0.012085939323315394,0.08101548423887492,0.017793481142666604,0.6145248793498804,0.06243172667013401,0.045509306676069484,0.046851015235428686,0.40437144884892223,1.0
2019-08-26,0.008751451171811848,0.048784386949524826,0.020282243266359013,0.01955266548810854,0.008112202332259004,0.01761060077558915,0.003964035486555685,0.0024562428474976944,0.002324224137165428,0.0693619334887493,0.013952293176167948,0.015626846291435115,0.0443999778329468,0.02983622749283924,0.01210403123151622,0.0074625313103607455,0.011975487045189304,0.08028127328320409,0.01793456843722667,0.614536672329849,0.06266024928301654,0.04516082320048649,0.047057720838024626,0.40609303236990413,1.0
2019-08-27,0.00852165851674565,0.04838350292690134,0.02021846107544528,0.019566702701093643,0.008190550795622576,0.017597486214982357,0.0039419204041911205,0.0024850479647995304,0.002321236948887079,0.06903414695416252,0.013868171248866938,0.015596899919323842,0.04518395731718978,0.029806633168935757,0.011968660183901246,0.007312244923070708,0.012010483924536306,0.0776986992142249,0.01778917960847349,0.6140577765049995,0.06318922909863937,0.0457172141055622,0.047310017274492015,0.4070320239438784,1.0
2019-08-28,0.008770958024573406,0.048387434591736195,0.020339758859271927,0.019626446933786842,0.008310422131455261,0.017715049843552128,0.0039301371330007166,0.0024792759358841527,0.0022922914379264092,0.06939894945689246,0.013982285582441065,0.015744787609487203,0.0445577109042795,0.029945222119146554,0.012147067708012283,0.007271619365023353,0.011880441318360505,0.07872393839370359,0.017792094382062498,0.6109025935591643,0.06293759521088323,0.045970483359162075,0.04694003364663462,0.40548627877438254,1.0
2019-08-29,0.008999582606060548,0.04838301439048509,0.020502088300144675,0.019790875768934922,0.008500365979720662,0.01788290886388237,0.0039424463316063115,0.0024687304869208644,0.0022840885945472817,0.06956212398845452,0.014118266519902074,0.015793720044618317,0.04384903185406982,0.02965212053940552,0.012080367457115668,0.007354902046214377,0.011707664378065287,0.0788557635110855,0.017866667215942104,0.6108227425325435,0.06345184677825738,0.04611944327140425,0.047227291206351434,0.4078705127526346,1.0
2019-08-30,0.008990384064919725,0.0485193738825255,0.020406908618559434,0.019771328421055407,0.008341135817781311,0.017878255878177724,0.003991170272498391,0.0024773959311312787,0.002268952963132647,0.06967804334159486,0.014177539605162565,0.015913424622452915,0.043861868165159565,0.029547645329974837,0.01214778246542359,0.007292086782116067,0.011679640403595462,0.07996008936340954,0.017832125399100923,0.6069756848451889,0.06344525483839346,0.04631192663018293,0.04710811110940055,0.40598538569925097,1.0
2019-09-03,0.009121657594637405,0.04870848098278219,0.02079297504503728,0.019712552724195944,0.008123815350096066,0.017679018345308467,0.004001692864037458,0.0025118106541249735,0.002277833771274976,0.06846232443329543,0.014103989552904653,0.015858815486112336,0.04429733098234279,0.02981484906897949,0.012428301139066218,0.007415002340353771,0.011812392435579678,0.0793525699308559,0.017694501421447413,0.6158546706544494,0.06275741680740318,0.04614161969712643,0.04680913750746395,0.402023902445238,1.0
2019-09-04,0.009190613229538024,0.04876811830216169,0.021026080710687546,0.019480696115794855,0.00790392703700962,0.017734478921396468,0.004030254097693711,0.002546140257664608,0.0022772297224299774,0.06866749518637973,0.0141365243789667,0.01582827833975993,0.043863052961069744,0.029290825776799506,0.0121962848294657,0.007260584451335038,0.011774196726285937,0.07717732225076679,0.01780170757638437,0.6129185906450997,0.06370116113278268,0.04640238739944134,0.04684830165682906,0.40214380325886545,1.0
2019-09-05,0.009304435819892473,0.04953964818548387,0.021300402889784947,0.019553091061827958,0.008010752688172043,0.017647849462365594,0.0040860215053763445,0.002627688172043011,0.0022983870967741935,0.06957325369623656,0.014270833669354839,0.01600134375,0.043205645833333334,0.028931450940860214,0.012211021505376346,0.007298386760752689,0.011515456989247313,0.07714717607526882,0.017916666666666668,0.6185214956317204,0.06414650336021505,0.04736895194892473,0.04705981283602151,0.40704973286290325,1.0
2019-09-06,0.009329542440805636,0.049501293825364154,0.021180309874419493,0.019464802132173754,0.008127679202399525,0.017504221519605682,0.004105804244161522,0.0026353690365223175,0.0023063675517080665,0.06956367344017486,0.014160492479046032,0.01582900068060705,0.04304212517453625,0.02906291687792828,0.012253626730326699,0.007446176462428663,0.011609053064163034,0.07687891839026888,0.01789868758558195,0.6155382813385637,0.06294335717635853,0.04719157247280579,0.04669806990986861,0.4045140580237916,1.0
2019-09-09,0.009548655381965856,0.05000956893418703,0.021746355791055084,0.019510279686512363,0.008551485037922994,0.017821470778853293,0.004227059318983503,0.002729626073338831,0.002336801656880475,0.07117172498251673,0.014474069219097547,0.016253529915170085,0.04262312691531197,0.028024832850088346,0.012365576105820576,0.007416659281679553,0.011519492411547521,0.07745019969131844,0.017976753263437187,0.6148709279087382,0.06337567084321123,0.04787757619137438,0.04617197890824849,0.40437749468601564,1.0
2019-09-10,0.0097738134469801,0.04940608724821233,0.021813190060385294,0.019681881561648972,0.009089109170848623,0.017916420111854087,0.004329745506054182,0.0027858052480813733,0.002453522453430703,0.07237387946660394,0.01462715641963816,0.01621472943621884,0.043482057620043084,0.02741836581775637,0.012546193127600839,0.007548525304740972,0.011512423761853716,0.07802268764694369,0.0181832525938558,0.6110479374577109,0.06248594668237333,0.04868446501103842,0.045673781172352254,0.40478085893808863,1.0
2019-09-11,0.00991692597773056,0.05038771661663708,0.021936534171634898,0.01958726139294611,0.009360431811641512,0.018231015131878796,0.004345319716048605,0.002762477028070777,0.0024525730912666973,0.07224427357939392,0.014642127605663803,0.016278286766743477,0.043709783624498164,0.02763143421503918,0.012466135780473796,0.0076942816137701145,0.011306495242755305,0.07804580990130229,0.018626725803873253,0.6074750265112154,0.06281053182550615,0.04785183568224678,0.04535927132070073,0.4065973120494704,1.0
2019-09-12,0.009948265142036228,0.05041583766841211,0.02182371518721524,0.019750329002806922,0.009203972784859581,0.018268390088201792,0.004312908391139674,0.002764514469513258,0.002445532030723267,0.07268147943316135,0.014726355924137933,0.01616510029697704,0.04333841381093906,0.027681694101697185,0.012387151040737954,0.007891492626314889,0.011267390103508962,0.0764561052911163,0.018531716404617034,0.6125625944389874,0.06229128970723136,0.047721100275110784,0.045694235685759754,0.41010841153806954,1.0
2019-09-13,0.009958802172512321,0.05016975196704234,0.021902714760503452,0.019954179582660454,0.00943010451222528,0.01855097043780615,0.0043625869829974845,0.0028097454273116424,0.0025836357361196994,0.07311988196536777,0.015016343609159025,0.016266596530721267,0.0434862135117244,0.027469002669817777,0.012273101032197954,0.007727631210736398,0.011468417207984544,0.07767865468449921,0.018184373142734373,0.6116067525136156,0.062243343450645826,0.047772321884304476,0.0456608593783021,0.4121713855211124,1.0
2019-09-16,0.009262965603695732,0.05026084235952876,0.021568001187858427,0.019703398567169857,0.009359697716123034,0.018615992783767535,0.004319604053577952,0.0027452001050923976,0.00253839280677438,0.07245593797975343,0.0149268170963408,0.016337776567123406,0.04320938060720152,0.027361939474547906,0.012285021307527729,0.007795301239515119,0.011487811527847152,0.07819650564039003,0.01833746905067489,0.6030233857416083,0.062115573063852535,0.047525650059874164,0.045474257085983814,0.4107126396008595,1.0
2019-09-17,0.009528562220747097,0.05041088813591959,0.021598961658964345,0.019752470295728464,0.009239112503814923,0.018541438236860122,0.0042519214187524195,0.0027248228810314804,0.002488605024434124,0.07183351882085451,0.014708720005565187,0.016222510162325916,0.043141364778230315,0.02745117721166706,0.012143594036342985,0.007678743845446467,0.011704428443795786,0.07735968586040676,0.01835678873456521,0.6063646001636441,0.06257444357924867,0.047310110562662745,0.04570981842491968,0.4089396959237599,1.0
2019-09-18,0.009511994821696627,0.05062642871575718,0.021594888943103567,0.019725749034504254,0.009149474739331266,0.01870138002881123,0.004250464818925975,0.002680653086114504,0.002447842024045006,0.07219803688524103,0.014753569923162835,0.0162734932386579,0.04337270219389637,0.02761139096368075,0.012099523815570562,0.007712698231718167,0.011737003733205199,0.07669794179522565,0.018522614724452244,0.6044639768417116,0.06257296140706323,0.04730055640047863,0.04606998464158727,0.4098838413152085,1.0
2019-09-19,0.009412030315695747,0.05036267615492124,0.021478055056174807,0.019519154393473764,0.008923137183507212,0.018318539467530807,0.004276986365259141,0.0026839253474060082,0.0024743995767906694,0.07158131868481955,0.014640197496011462,0.016266516572692423,0.04327206067347226,0.02792679233031076,0.012142516612880133,0.00769924061864301,0.011853171833658587,0.07744139197608936,0.01837175236165534,0.6057955415489522,0.06323687272265836,0.04754904703873139,0.046917145916486123,0.4119708875355896,1.0
2019-09-20,0.009354727450854602,0.050226096175766434,0.021724090185978893,0.019595129681969733,0.00901382600910401,0.018211472579725694,0.004284659018219222,0.002670392009014944,0.0025066257906898723,0.0714354945380243,0.014595245768823352,0.016252961961049903,0.04399963604060892,0.028461901648220357,0.012262413033838083,0.007640195744239503,0.011934880597187942,0.07783574371828514,0.018192254112680092,0.5996383751799225,0.06347778918391292,0.047418677295494406,0.04660318736893965,0.41106325254679826,1.0
2019-09-23,0.009191852252985274,0.05016745701393276,0.021605866197858762,0.01939313700793475,0.009111632451504677,0.018209894936095917,0.0042081970860030765,0.002603801056391101,0.0024734438789851287,0.07134883077328008,0.014559894302977848,0.016364839167792977,0.044033987700637864,0.028197260554679637,0.012113190692068758,0.0075406610049271105,0.011939380787944955,0.0764661846066491,0.018276744770663083,0.5967350646420134,0.06244443280893363,0.04748678232453032,0.046507429574127956,0.41247351644782304,1.0
2019-09-24,0.009101327819075668,0.050353940560006014,0.021792624507625834,0.01955100050023662,0.009155261613559078,0.0184487285754819,0.004179869072464381,0.0025551135136516133,0.0024438750625295773,0.07002966127455444,0.01433964794536321,0.0163992450592847,0.04434369266308843,0.028180406943410004,0.01213847394675034,0.007422638465779488,0.012017124257507525,0.07584439849229722,0.01834423117449786,0.5870727187577947,0.06110698881261886,0.04775837265545725,0.04630890597375016,0.41082719939962736,1.0
2019-09-25,0.009193030156896438,0.04975090847478909,0.021793244077695326,0.01953518870650411,0.009142776713992612,0.01836595826658544,0.004100680940952313,0.0025394739814067428,0.0024322666365452442,0.07036487041891612,0.014419388218894482,0.016503229979571002,0.043884658248263736,0.027840406698674453,0.012027324671695254,0.0073001504741856075,0.011916766427260929,0.07443204872957626,0.01851253080838827,0.592431123193157,0.06124219675719981,0.04796188724750464,0.0466887990222055,0.41761281769031827,1.0
2019-09-26,0.009131453957059627,0.05020116405937084,0.02168510335866998,0.019740597084366086,0.008815765265062522,0.018330075649472113,0.0040938734697566525,0.002491922981591006,0.0024549807271469345,0.06992832961169841,0.014313444067855214,0.016412435797632005,0.04327281551611038,0.028170147199472324,0.012016307518787494,0.007338075087299661,0.012170794317615096,0.07236651672581375,0.01846189165842474,0.5843055519630612,0.06048790440785433,0.048209643057029364,0.046862926604817806,0.4169067799859978,1.0
2019-09-27,0.009119485056111367,0.05031416880931714,0.021669328060023235,0.01967728915034007,0.00882912011171093,0.018347012882232196,0.004105625260359652,0.0025525104414735995,0.0024883600467804803,0.0705553054903768,0.014464225835017067,0.01712140237230368,0.043419690223355505,0.027993207792674328,0.012229091368079925,0.00732665067890047,0.01231012277031971,0.0726790191625734,0.018470249842041556,0.5825699756835464,0.05979492255291497,0.048362646613654844,0.04650228212885147,0.41363160449200226,1.0
2019-09-30,0.009060246810471344,0.05027647846394538,0.021805735206318774,0.01935002660410391,0.008821731185194984,0.01814400927909058,0.00410180265693948,0.002519534801559877,0.002465784725793266,0.06961642491321521,0.014334472659132045,0.016944711049486052,0.04346365669646545,0.02827925861270806,0.012070251389339516,0.0073402447218777755,0.012244939471518975,0.0730060427615648,0.01881000698351219,0.5831580990719986,0.059823835000113665,0.04885209944050236,0.046705456125511316,0.4095083897468653,1.0
2019-10-01,0.00911487084431596,0.05102627293597483,0.022089957316554713,0.019389507014709633,0.009050251169118272,0.018151517387977212,0.004040472748915909,0.002465776719666695,0.002469177791004166,0.06893631561942011,0.014073633534563387,0.01668565632174135,0.04421052801632514,0.0284363577927047,0.012049995748660829,0.006689907320806055,0.012315278972876457,0.07387467290196412,0.019096164951959867,0.590306954850778,0.05979423450386872,0.04885979219454128,0.046618487203469096,0.40986309871609555,1.0
2019-10-02,0.008785812509278628,0.05167249090806704,0.021720384219447535,0.01882179241174127,0.009049005243698574,0.018021823955334977,0.004013699762271957,0.0024899483426001185,0.0024414653428832867,0.06865539067044137,0.013931936275772288,0.016785507462555783,0.04571254259015516,0.02826558987383403,0.012016858133264596,0.0065417415440567304,0.012241956735885604,0.07506207277587978,0.01895685358189529,0.5933037759657627,0.060465228867548085,0.04906825947745583,0.04663025443552376,0.40747537285164376,1.0
2019-10-03,0.008681969544665737,0.05043581935903597,0.021404301303945623,0.018150711056930353,0.008771297631867266,0.017954875783153638,0.003947599132101675,0.0024565129499153158,0.0024152847605461076,0.0677654023110296,0.01382862185092188,0.01665618850516007,0.04507271871502323,0.028426835882932492,0.012179494619721802,0.006699580772496315,0.012145136764542729,0.07399085753150704,0.01896668563819593,0.5924559677174179,0.06162927345991246,0.04879356349273076,0.04682148005006242,0.408100653036551,1.0
2019-10-04,0.00874997032953828,0.05000321831564521,0.021514154011964208,0.01822825831135986,0.008705932877239803,0.017882731027731167,0.00391258835873663,0.0024356285973434083,0.002408528418235276,0.06802145057766928,0.0138143159616183,0.016669997335137764,0.045277625599921316,0.028793940302390776,0.012171367941940008,0.0064701677620666335,0.012252667801759928,0.07445774311585075,0.01922503609667638,0.5893103404483374,0.061127840484524645,0.04843818432715951,0.04678845753642956,0.40955145677165233,1.0
2019-10-07,0.008789331547070756,0.050605861264796534,0.02176405872866102,0.018157132796787732,0.008578360027577323,0.018048244446223945,0.003906369576475892,0.002412557517178926,0.002402349234313571,0.06819132749891561,0.01384243156542154,0.016608876562208875,0.04531116623946063,0.028715899359967854,0.012192093182741321,0.0065639262226994365,0.012375841253489426,0.07528268507241935,0.019315772221453347,0.5895827912189272,0.06114080645963425,0.048074206433636274,0.046658656515202644,0.4109446534026448,1.0
2019-10-08,0.009076894175877185,0.05108086109041264,0.021838468165724313,0.018388833938825604,0.009332678703300989,0.018330071937161952,0.0039508339843974186,0.0023919309861793643,0.0024195833675224785,0.06822187959285639,0.013763972813535013,0.01652921094784642,0.04557112307083287,0.02878958587150437,0.01224654838733163,0.006705702475705154,0.012433202307052417,0.07608207106356515,0.019391231725549185,0.5895176647627279,0.06144013479673151,0.047831708356525345,0.04689498151894399,0.4110284545599888,1.0
2019-10-09,0.009272453555079965,0.05089402171254851,0.021959992858833766,0.01846954847229422,0.009416318737685564,0.018322259298342608,0.003911762822276069,0.0023772008744830054,0.002404603766407881,0.06742824299786525,0.013852161525488741,0.016493116262357124,0.044262521524192334,0.02883469302795092,0.01222511481744922,0.006583544442415344,0.012368980685127116,0.07607042866852846,0.01944149548032697,0.5898438198961068,0.061605128463829074,0.04784202325427083,0.04735219895886671,0.4118346575871057,1.0
2019-10-10,0.009250782328331807,0.050824847078416245,0.022082072469088325,0.018072719762062334,0.00943116883985622,0.01826672071596775,0.003954896639264739,0.002426713686571221,0.0025220124007703714,0.06802626260889501,0.01397147186634431,0.01655815227280747,0.04392589951408898,0.028507930328279498,0.012181218130308228,0.006561997518065473,0.01224928898080303,0.07614707480921802,0.019577929257935396,0.5854948822900624,0.061273669364194,0.04803395718364164,0.04734304184605034,0.4113739324436802,1.0
2019-10-11,0.009211284097329306,0.05050719395538322,0.022247136305809663,0.017826662439262005,0.009265150917154663,0.018153231065504274,0.004019836553445737,0.00251155617158335,0.0026967245220352056,0.06890955758964971,0.01411656169899328,0.01656751698284993,0.04421483606396162,0.028394723520792902,0.01215714421815428,0.006942130129973839,0.012231211895004751,0.07476424887458549,0.01988118979162709,0.5830850502945183,0.06201119789102541,0.048062968699391174,0.04702602526352133,0.4092052045153794,1.0
2019-10-14,0.00931173471083728,0.050543634999334563,0.022321865444277198,0.01786491032171711,0.009557844659463877,0.018215532183174198,0.004038905785551225,0.002545387202079445,0.0026600139105174597,0.06938961745029162,0.014244054210312126,0.016610758602179372,0.04407059835777646,0.028552165196673192,0.01223808647550949,0.007046171195160317,0.012143688346874387,0.07436913281127894,0.019880147985858604,0.5854154750672476,0.06179053825850774,0.04788699077690781,0.04704752207766201,0.4103433930224879,1.0
2019-10-15,0.00943692271594788,0.050522755913698196,0.022475699516753312,0.017905784402070093,0.009513699943562595,0.018079368033100004,0.004069193063579931,0.002597073177576035,0.002787347176447287,0.06891924761206432,0.014197110494246218,0.016727421532828825,0.04434385482273879,0.02838754570927239,0.01218421220842227,0.007123591466513185,0.012087405805007076,0.07964468882385263,0.01963828023533991,0.589976247502532,0.06305413237985398,0.04773540673436671,0.047258055003721273,0.41493418463104353,1.0
2019-10-16,0.009382243494660773,0.05054370318731323,0.022353489264390576,0.017784452250662337,0.009880623604105038,0.017951693673641723,0.004120828662212099,0.0026223455123167904,0.002792931763755765,0.06937843123980326,0.014312521313058796,0.01658700433109562,0.045212045619281827,0.028247075337769947,0.012155106622141858,0.007415484694906027,0.011954417583532283,0.07926909133618415,0.019598185817356634,0.5945198629545778,0.06340122445493421,0.047533357573684265,0.04696473773900288,0.41597625156541274,1.0
2019-10-17,0.009316366335830134,0.050841408459523674,0.022341935020515624,0.01780216477002821,0.009706633024441708,0.01796561046058637,0.004099468036783112,0.0026351340513089175,0.002795243462021358,0.0688670626176174,0.014489901335914596,0.016547975053236637,0.045421037784362926,0.027952435620897397,0.012161643655137859,0.007605196675279653,0.01219500044949216,0.08127887455850326,0.019620074037720318,0.5962340963710104,0.06350673030298364,0.04478393475355253,0.04659517479716591,0.41797560549068685,1.0
2019-10-18,0.009450137118430353,0.05090081122970322,0.022382960651250776,0.01802625506774044,0.009517112204922141,0.017909048582661367,0.004128993437251583,0.0026522001640740095,0.0028397294686044955,0.06915812986027338,0.014620588278216069,0.01673364202663869,0.04276337790349123,0.028357109835074137,0.012209496885093213,0.007548054842225801,0.012326703370172281,0.08215792647034305,0.01979187662239701,0.5885439819297619,0.06223628995029744,0.04490322088281355,0.04601500443866292,0.41708191361496677,1.0
2019-10-21,0.009518678585316118,0.05086938540177076,0.022961899234346758,0.018152672189770746,0.009801378008008715,0.017703677267389927,0.004154028349984975,0.0026873137764514485,0.0028336526454661314,0.06959410986664179,0.014959823473364622,0.016782407236686427,0.04257796044685267,0.02811036538660088,0.012126170495310154,0.007602969754578452,0.01221596967933932,0.08112494690314477,0.019997705000776078,0.5938897041370003,0.06311196148302699,0.04409456260600998,0.04604020139393287,0.41445496621540884,1.0
2019-10-22,0.009432608284515665,0.05107827446379419,0.02309420332876346,0.018241049597098286,0.010056775590228191,0.017663609750578638,0.0041622301949012855,0.0026401957371025796,0.002810423275145856,0.0699601823435999,0.015146913424767483,0.016895917265731586,0.04312430863629153,0.02713627324235486,0.012159586688071678,0.007536740801994468,0.012102843507831614,0.08327130492181652,0.020023432054257297,0.5893644457737324,0.060861350207648726,0.04471310232915698,0.04551750688592921,0.414821162002614,1.0
2019-10-23,0.009415813777802685,0.05082675634825692,0.02293544510979827,0.017909682958278307,0.009315963885639211,0.017719969128380114,0.004193681491927619,0.0026593265968652127,0.0028390558036621104,0.07033403192300912,0.015280310896380713,0.01695112685586299,0.04323485719359593,0.027581777604530656,0.012238227655410997,0.007508686528905207,0.012141706414723773,0.08247573700640544,0.020234512532887033,0.5865063412025459,0.061956649568272806,0.04472594760743182,0.0456778467397265,0.41907858713485957,1.0
2019-10-24,0.009769822714415195,0.05128409654881099,0.022841653498226255,0.0178687104242848,0.009145298507231316,0.01869919518409568,0.0041524237990544005,0.002624331841002381,0.002813682366239262,0.07010952441981622,0.015201192379190544,0.01697510782614658,0.04235472275035489,0.0274325732504608,0.012088535831613269,0.007527513862925818,0.012191516606217624,0.08122472978757381,0.02022894777947342,0.5915642698640309,0.06191430147439026,0.04453723902449521,0.04648721557956163,0.41889318758762967,1.0
2019-10-25,0.010209922250984702,0.05498006329290728,0.023678681523794345,0.018064216345421383,0.009161138955883009,0.01877222910461722,0.004158740069220273,0.0026368463286941587,0.0028750557837330286,0.07087723694463793,0.015341350266587431,0.017061752217159068,0.0424641458104107,0.027215430899883836,0.012165224530248963,0.007784817660102871,0.012241319217275268,0.08102760914778817,0.02039503035537659,0.5827297902255514,0.06216274204033866,0.04480984592622704,0.04656002174275328,0.4185637903394069,1.0
2019-10-28,0.010317758587093976,0.05617848286249405,0.023057031867411704,0.01815148923670179,0.009212284159003416,0.018964144632595457,0.004175138784919762,0.0026485316957134825,0.0028656783937471343,0.07164195984367835,0.015410835357418573,0.01699337482989624,0.04250152868478829,0.027044633222615296,0.012265498008405828,0.007912693743276715,0.01217995569879666,0.08128195818280881,0.020484994702222658,0.5846773402836174,0.0623145201586265,0.04473551022542781,0.04743997397540253,0.4244230916112288,1.0
2019-10-29,0.010181468900558523,0.05522755414563856,0.022970869691652664,0.018235761898266492,0.009249594483075321,0.018838351410720707,0.004185202772512899,0.002627688286754755,0.002877944314064731,0.071665423070378,0.0154203819203135,0.01717875847927556,0.04251718025655795,0.02802208871521968,0.01258195072797129,0.00805758518160408,0.012167053235999557,0.0830751202345287,0.020027890421775,0.5804326212362946,0.06233680003886792,0.04406482016633324,0.047031669580521074,0.4157608736195297,1.0
2019-10-30,0.009941676201737078,0.05500251115113704,0.02309987184395362,0.0181569332889786,0.009291807000253994,0.018721465888652797,0.004112551954282391,0.0024156729755401758,0.0028554830009781965,0.07083238858967111,0.015183291714285676,0.017077100883380755,0.043600270164139275,0.028298821517221046,0.012629768491682873,0.008169306786076358,0.01230811638352671,0.08362954910525212,0.019960482281494947,0.5842219722248678,0.06178674424530408,0.044391273089919664,0.04746337926746437,0.4139761224905318,1.0
2019-10-31,0.009896100296333268,0.05508697729423233,0.0228571612252688,0.018132975457325763,0.009418744138155,0.01847864730565316,0.0040756395789835476,0.002386784083007328,0.002841096087772861,0.07024717235393436,0.015160193742855637,0.016997195116200334,0.04346909705004125,0.028529478369731225,0.01263184867285615,0.00817761608577959,0.012384939974614014,0.08319176974008269,0.020473668929026433,0.5848970882850287,0.06309340071553791,0.044025465637714985,0.04719906510990899,0.414842821384359,1.0
2019-11-01,0.00996442669555662,0.0547032709841136,0.022873186370920697,0.018265942465674877,0.009282959009850433,0.01834419647602613,0.004114891001728256,0.002409591481994597,0.0028269496818529305,0.07088242082019133,0.015432472214071347,0.017013867866099874,0.0427792145072959,0.02769562994584629,0.012517485058752519,0.008451503547131254,0.012292503556263571,0.08223587070920131,0.02085323789582509,0.5841188663516244,0.06313194732014026,0.044191059694876356,0.0468615007039046,0.4153170541515404,1.0
2019-11-04,0.01005434896838582,0.054537127642883,0.02294470483131951,0.01847791149913483,0.009505338976078519,0.01851039695341606,0.004245891333470479,0.0024884106820492638,0.0028262627850951165,0.07142648096868383,0.015862806603301163,0.01712650308695142,0.042306228873320216,0.027255569347356994,0.01235434148171316,0.008508025881368262,0.012211404378359245,0.08162052008679863,0.02091272032074691,0.5862578728554814,0.06325630946436596,0.04472317149097921,0.04695819472003304,0.4195116044433295,1.0
2019-11-05,0.010141090220415025,0.05437094393407951,0.023215875224822127,0.018704749143485813,0.009812594353749883,0.01882509018918255,0.00424117435773611,0.002475102520120537,0.0028263654270496014,0.0711112237219516,0.015855617326659157,0.017335474618570577,0.04241824779552107,0.02696918475928908,0.0121901238441679,0.008498610561845876,0.012034006996643871,0.08140843209086439,0.02090746126475045,0.5859943317999178,0.06320130604934827,0.0448478165603572,0.046984668512789804,0.4202242813205401,1.0
2019-11-06,0.010062467484899291,0.05465454222109421,0.02319632938569103,0.018714370691854228,0.009955212498553306,0.018805374597678136,0.004218696129608816,0.0024863655925660587,0.0027983800982998384,0.07098979970660749,0.015782734073382144,0.01748581260048214,0.042563981098955574,0.027057507919101227,0.012223818617356216,0.00834313787727722,0.012061311062286539,0.08142278669217141,0.02090172108303164,0.58365239083525,0.0622566453222386,0.045105596660124446,0.04682167611664513,0.419854535203758,1.0
2019-11-07,0.010012381670062024,0.05449276823572959,0.02299055535280203,0.018689347548887143,0.009782249549521574,0.01887734371532921,0.00425582957538828,0.0025152503811891125,0.002803726262536833,0.07237503092899024,0.01577217571503379,0.017503031003120114,0.042600430411460354,0.026863910315361148,0.011963645820836357,0.008430626599836188,0.012044678371776729,0.08312642913949823,0.021022274042200015,0.5796096144839049,0.06172087275200129,0.044629488404179074,0.046759021573980604,0.42424105363330233,1.0
2019-11-08,0.009944779709644492,0.054418250661274994,0.02300942626937058,0.018615748880718114,0.009744331940959208,0.01880972963287115,0.0042223284462924926,0.002466796787535353,0.002754535862359267,0.0720673239550056,0.015890310228172503,0.01749065547471416,0.0429992100579557,0.0270248405770502,0.011978351049985328,0.008470521402388341,0.01208827384261469,0.08307900038791043,0.021025968406887138,0.5773791689721652,0.06169901560498817,0.044489634128379654,0.047189210534238225,0.4239689765316189,1.0
2019-11-11,0.009909264920070668,0.055085666210716304,0.02329438640207066,0.018532495461522653,0.009795886602907387,0.018872630089074444,0.00424034906190667,0.002465168553178744,0.002847415451043516,0.07095215055684255,0.015902118827272608,0.017508851226562754,0.04275334241627548,0.02697756039994182,0.011963032150971224,0.00859083706048624,0.012167113445803178,0.08230941758429867,0.021234140086251293,0.5739048523525844,0.06142189380202237,0.04388388782710815,0.04733058866887186,0.42085705481725993,1.0
2019-11-12,0.009547712417137144,0.05440449771411334,0.022911921051461573,0.01850677893144647,0.00958005593981418,0.018710540116394274,0.004217553181553806,0.0024677861023968974,0.0028462015335639188,0.07128764674973061,0.01585140130313234,0.017536482954095135,0.04248279414895794,0.02720710017522743,0.011957281084324955,0.008735898116086526,0.012125466043831176,0.08255601607297615,0.021181560538715675,0.5750620825768917,0.06289781989527009,0.04385414256262791,0.04756714539371094,0.42007348764280594,1.0
2019-11-13,0.009262969980589834,0.05561660477270896,0.02279220569582293,0.018260914302279333,0.00970575707536925,0.01861320450740295,0.004153145996182113,0.0023529107277981158,0.00281508962075846,0.07088466995756289,0.015639745572148363,0.017223436131493446,0.04242673085847549,0.02741399559503244,0.01182919339719637,0.008849271067884846,0.012152395420245562,0.0819543392469977,0.021369309758954933,0.5666086937797381,0.06243939947927739,0.04346420676684721,0.047610889368972384,0.4195162259178508,1.0
2019-11-14,0.009290745451351055,0.05492422679691618,0.022737623371310727,0.01826178818154872,0.009781601981653421,0.018610555080017615,0.004149672542574246,0.002328337667856834,0.002819193875227484,0.07086090404430809,0.015697711007331253,0.017273618101295057,0.04229113970608801,0.02730387750378756,0.011803153874040167,0.008961355101668119,0.012058270252118471,0.0826156213903591,0.021203697723277445,0.5666159800473642,0.062374258887173566,0.043272849860307314,0.0478132691326224,0.4235120148519215,1.0
2019-11-15,0.009248636855045999,0.05457528862040733,0.022554366304846172,0.018218467376771446,0.009815860284323002,0.018519705979973634,0.00417246180458202,0.00234260336340204,0.0028136877606935585,0.07058254319963056,0.01569960922821788,0.017241047689251218,0.043243625518834206,0.027207528076339256,0.01194695636730844,0.009126859615552683,0.012027072761405636,0.08633342435634603,0.021291733536202232,0.5574466622678771,0.062522835876246,0.04307057154385965,0.048060222811492116,0.4277798823517736,1.0
2019-11-18,0.009160706250208844,0.05447096806255607,0.02244052662825941,0.018282976611305363,0.009750066692904317,0.018507188740432196,0.0041671604306019955,0.0023542374454208043,0.002815475802074676,0.0703804876823624,0.015704525114931235,0.017296438374520197,0.04318664482647101,0.026947209417760538,0.011940948246401378,0.00909664536734025,0.01202102434998712,0.08742068156449498,0.021388327908360424,0.5613431045573073,0.06322808946947511,0.04302008524979502,0.04815456437110394,0.4230260243278397,1.0
2019-11-19,0.009387279464112648,0.05487183775656691,0.0224570382244225,0.018290611837702187,0.009941734347389554,0.01844444879917906,0.004182451103592317,0.002355633380184178,0.002813940282723413,0.07052157176684258,0.015809986306905072,0.017316308731390173,0.04320904881712444,0.02712984630528673,0.012069816747991314,0.009041144938688747,0.012274932803458592,0.08788916568161556,0.02133610992021469,0.5617592822207793,0.063880933582006,0.04311289955440942,0.04819914308711091,0.4215974686295752,1.0
2019-11-20,0.009081667563418874,0.054332370729867026,0.022017334261555898,0.017909189340849934,0.009821584123019688,0.01828236577373113,0.004185352284806218,0.002348429798546149,0.0027762944056785297,0.07010223928697404,0.0157956025221584,0.017223963529122,0.04373226733030453,0.02743158929818366,0.011919085162699317,0.00892081620735407,0.012279391878581769,0.08864839871102975,0.02116723452305069,0.5615417444329758,0.0635395010642056,0.04285080029055584,0.0481331581803186,0.41919473480392044,1.0
2019-11-21,0.008999400571290648,0.05390295949070564,0.0219104632598555,0.01782158448254516,0.00967926967994886,0.018234016409929745,0.004237096939222056,0.0023779296890843174,0.0027871398117316187,0.07031647514053548,0.015736868023696216,0.01725771226629888,0.04396270074993545,0.0275362965923057,0.01216030775364519,0.00894140228619103,0.01231819132976876,0.08910791693510998,0.021105737698523697,0.5589455715734686,0.06377555646544053,0.04312494580966481,0.04816435235943157,0.4193114829023799,1.0
2019-11-22,0.00922100499965624,0.05440650192687705,0.02210726367567549,0.01804011854085483,0.009831880505212266,0.018329479657893732,0.0042664831361728835,0.0023663388004696627,0.0027971667885986497,0.07082297671210849,0.015834536130860173,0.017451748331950335,0.04439136069907852,0.0274733211142821,0.01232361018405975,0.008867340233281697,0.01224001605079892,0.0890077750076992,0.02104144603216536,0.5612724051809883,0.06392330120567255,0.04319211209099719,0.04809519180664425,0.4164691876827247,1.0
2019-11-25,0.009251222536692413,0.054064922513417844,0.021952107883763148,0.017982282560889008,0.009819252068093327,0.018368415952509064,0.004253839131221451,0.0023550887313139013,0.0028146182398629555,0.07108347085368179,0.015943120685820298,0.017299370971468546,0.04377656580975879,0.027348387155600968,0.012343473187970421,0.0088395610044016,0.012279649645116386,0.09020500844128103,0.021250846068419007,0.5660637554310073,0.06375652590021454,0.04339043592843359,0.04826017065260791,0.4169879072317516,1.0
2019-11-26,0.009250060122208678,0.05401971422554409,0.0221109884852764,0.018296332656398732,0.00982639843193867,0.018337727393312398,0.00422541487253439,0.002321271621761545,0.002798899527473797,0.07083221746187117,0.015733063214161583,0.017134105389336126,0.043677479247529204,0.027810679582930983,0.012192248658233358,0.008902983844057775,0.012348273137262153,0.08960299320110686,0.02103871383695239,0.5721791071403519,0.0633557499181298,0.04301516791477101,0.04840918001853719,0.4182587726347307,1.0
2019-11-27,0.009179898109178337,0.05458788773152933,0.021933454643130044,0.01809660680463561,0.009725301046051764,0.01831223134690216,0.004214191421650731,0.002333818575120345,0.0028379994901259627,0.07069631036978602,0.0157849845564772,0.017230937686418417,0.043679824554731995,0.02778068582881956,0.012249376887325747,0.008932563758307081,0.012224008659928086,0.0889990339427539,0.021232675197858656,0.5766402772255821,0.06405317284977033,0.04241778806102212,0.048299899687372416,0.41634244940340703,1.0
2019-11-29,0.009150010564537249,0.0540372740611992,0.021970850638786944,0.018245898211678508,0.009643487444323029,0.018350960326719436,0.004167489154133354,0.0022954619405119543,0.002804857100681043,0.07047163859987417,0.015753045328229055,0.01733853744588337,0.04377296444913985,0.027755668789713205,0.012263688481070803,0.00899082457698441,0.012279607079826086,0.08910276308096686,0.02127122758674826,0.5733242683705357,0.06419652474193738,0.04280511109784278,0.04819515118335775,0.41546268021740146,1.0
2019-12-02,0.009017717163827356,0.054440293792125435,0.02187310274380336,0.018224909154102655,0.009660004711108507,0.01821527516203721,0.004210194872427943,0.002309023732475737,0.0028035851438822233,0.06989373057399105,0.015761737052566987,0.01721972882146388,0.044112309068413215,0.027952354378819457,0.012296595413841404,0.009165443620845795,0.012338343140983359,0.08981106902089842,0.021208335132367372,0.5721497394105985,0.06413241063259159,0.04268322023914397,0.048027052311379374,0.414249790624777,1.0
2019-12-03,0.008822579022470701,0.05457778665275816,0.021534334040858128,0.017981378469251113,0.009401267444931496,0.018081598631190462,0.004147808160882775,0.00228242600279286,0.0027932238901034433,0.06861502921315674,0.01555347270209497,0.01699857844075079,0.044342430548551366,0.028249061937218427,0.012301176646436589,0.009139402705234298,0.012346437218729932,0.0895189442604514,0.02096938575827619,0.5722100055083054,0.06427648071561734,0.042713047036382804,0.04827039970427052,0.41875082423341214,1.0
2019-12-04,0.008796052028437619,0.05413845059002798,0.021498605027375692,0.01800974081519378,0.009400017960266715,0.017919787847698543,0.004157082447226634,0.002303422036059889,0.0027917346573724452,0.06937251869924915,0.015690255542700836,0.01710379272059589,0.04477698394743899,0.028485973128394182,0.012252791374044928,0.009213688144239555,0.012374869850631371,0.0897338715810603,0.02102153644668546,0.5656362634265532,0.06383723973632005,0.04240288508461017,0.04814055870629102,0.4242344526264972,1.0
2019-12-05,0.00873796704149949,0.054384540053232545,0.02158508850809353,0.017925022284029316,0.00944688465896208,0.017812749672411882,0.004166893974635771,0.0023031792715846678,0.002816422563302699,0.06965352990650633,0.015740530202877388,0.017074962761344268,0.04476764547855121,0.028468963837484575,0.012199151169245909,0.009286496130300194,0.012327462312952476,0.0904591301653031,0.02129799175868053,0.5583060463153339,0.06395011446884383,0.04231370291468671,0.048094101959113414,0.42603363474730377,1.0
2019-12-06,0.008814619863787123,0.054416689221455365,0.021717087237430082,0.017845393088293877,0.009510761858078282,0.017781818476943087,0.004157779582341708,0.002295043469763542,0.0028290702051101835,0.07139746759537849,0.015830077908473815,0.01728275777783938,0.04462302129648524,0.02824302045684263,0.012171359660981925,0.009253284999980635,0.012260363798999975,0.08906485240763626,0.021512853162719555,0.5567864385812711,0.06390837901400147,0.0423470489386347,0.0482372363624124,0.4261469757561195,1.0
2019-12-09,0.008766055798503864,0.05477748476904103,0.021680760866066427,0.017793594208456158,0.009477161497471045,0.017688363910842674,0.004183726885280854,0.0022991364971703477,0.0028635569687364385,0.07073113201651621,0.015816527830981447,0.017194096439549535,0.044802867940698175,0.028291177854103986,0.01221954376859469,0.009314531870070647,0.012245054936146233,0.08850240833798706,0.021278971616308845,0.5578865903128793,0.06420362456917224,0.042704626227847424,0.04826592267834124,0.4284366113435847,1.0
2019-12-10,0.00861925856103547,0.05496852403197091,0.02146514549650029,0.017726941454631148,0.009350299698962498,0.01752901805875769,0.004169167289152713,0.00229527663162389,0.0028507399611128422,0.07083115305995714,0.0158562427958561,0.01713955494528651,0.04468926107613512,0.028443552612953452,0.012284039608468328,0.009334337789802857,0.012258501703047377,0.08923166882106631,0.02142683927683246,0.5552111239180524,0.06412408977995933,0.04274833142167755,0.048245503312058645,0.42925824110136096,1.0
2019-12-11,0.00854970254304778,0.05454493603058206,0.021243749418460696,0.017532301401272352,0.009269074360915097,0.017188530161431494,0.004122064177602552,0.002310902388370234,0.002855205843482232,0.07040613001452023,0.015740237660579956,0.016924335450115784,0.04487479469267577,0.02832287898758824,0.012165659999230407,0.009335918326570106,0.012251602968343676,0.0892848650052136,0.02154693567383539,0.5566282586190946,0.0643805930464534,0.042576624230563444,0.048287036554140135,0.4281280959536887,1.0
2019-12-12,0.008748425442741386,0.0541916395455895,0.02136294938957304,0.01789135091962246,0.00950586553353757,0.017197032361791532,0.004200633003013017,0.0023890902954777265,0.0028656459554739443,0.07134133004755759,0.015997752270630865,0.017156004075463607,0.0446068709123462,0.02826827183169616,0.012163215637622439,0.010064476503790542,0.012131655028939698,0.08950724740608766,0.021418178087769527,0.5555597377435051,0.06209425569818265,0.042706963739455484,0.04836251107324416,0.4261449142743085,1.0
2019-12-13,0.008672052377893662,0.054951401889479085,0.021273038045197278,0.017902675815062132,0.00932214104494291,0.017088488122527164,0.004209795441088116,0.0023605149849579544,0.0030737187103596895,0.0710047956705267,0.015854582562208234,0.016974880133877452,0.04461625940854686,0.028146301634950525,0.012096062044715021,0.009782882959050346,0.012042413345721328,0.09009088821810984,0.021707743289674508,0.5557119142167749,0.06125662648271438,0.04235357388433315,0.04876609335094087,0.4253439583306444,1.0
2019-12-16,0.00874837469760465,0.05488100916171942,0.02162026698190261,0.01830515875133647,0.009349982126666288,0.017029876336606853,0.0042300522355896404,0.002409563088272914,0.003177239234731775,0.07145341349581452,0.015892463231048804,0.016989143440275748,0.04442807976843626,0.027977879136729725,0.012264017797846393,0.009500383983931698,0.012097949707123575,0.09150386297253263,0.021922636129097797,0.5543593000559638,0.06201569851909609,0.04202792055628887,0.04873333481268182,0.4265052138992481,1.0
2019-12-17,0.008858206314396112,0.05583676653028475,0.02194504578235973,0.018383596228787314,0.009675741673187691,0.016970919418071495,0.004269354589669887,0.002446343312202628,0.0030728076687205866,0.07240361612516999,0.0159435184998464,0.017021036566592936,0.04496761088439471,0.0278839275689178,0.01218473236073865,0.009240349258639887,0.012106424316173906,0.0909845511321179,0.021958359089632274,0.5608923429711179,0.06214213153156671,0.04204202327915237,0.04845388628134586,0.42446718783614706,1.0
2019-12-18,0.008774294120235863,0.05520910988153912,0.021631768369485268,0.018357077396857324,0.009576514983575495,0.016796505260573358,0.004264933677728931,0.0024285992654224263,0.003036532500895911,0.07221557334590972,0.015875205004683885,0.016818440995873946,0.04487111402232719,0.028084009477800726,0.012186867484345665,0.009125266198412944,0.012199402503599362,0.09178538197040427,0.021915365776789528,0.5590572926349613,0.06345694854813437,0.04211974670707424,0.04837456212390498,0.4238673453229272,1.0
2019-12-19,0.008906927424256635,0.05562852072973263,0.021588769619143484,0.018450287124830024,0.009484084174482868,0.016871687208032955,0.004224161175082172,0.002461494215022034,0.002982494891712376,0.07173586625160391,0.01586712271704878,0.016731297492157907,0.04534577933110494,0.02807476039123503,0.012157722689594789,0.009328095947928874,0.012285633035369064,0.09191450105479348,0.02183991066389542,0.5591491664237038,0.06428586730347934,0.04197955090625811,0.04857785569728015,0.4230525616396392,1.0
2019-12-20,0.009015218228323843,0.055714916278842355,0.021526004626897303,0.018306728981843882,0.009403269963769886,0.01695941335637522,0.00411024398184448,0.002412129587532599,0.0028777916700678495,0.07106934486344024,0.015736273665366517,0.016555839861952724,0.045343068562516374,0.028430222966601616,0.01217861566523859,0.009313241650705014,0.012380402878111922,0.09083204457756046,0.0216874357010498,0.5546035402994837,0.06404405934933899,0.04209274660553755,0.04886658018301476,0.41896858275749216,1.0
2019-12-23,0.00908806080288814,0.0558497019058573,0.02149186906525765,0.01843666701270571,0.009553319904239379,0.017137043566437315,0.004106687001260273,0.0023790248715760036,0.0028846064283776836,0.07105747044501268,0.015731961390529306,0.01669039513931286,0.04542169582159579,0.028455246018296326,0.012195991910087153,0.009277266480943711,0.012515469206002869,0.0915288709044672,0.022022264130625326,0.556139712481848,0.06395141217318986,0.04204391505595853,0.04882429133648999,0.4183733802985308,1.0
2019-12-24,0.009052609701355513,0.055888539526509164,0.021434022208917533,0.018424759462333594,0.009536573756671298,0.01704422097120844,0.004101285135432484,0.0023639782701963337,0.0029099889992705527,0.07132575505994122,0.015725729153841714,0.016696759908394577,0.04527235333620775,0.028367739862822743,0.012189069370077717,0.009266671036055479,0.01251481409707613,0.091376139236146,0.022047509005937417,0.5550726336775367,0.06363506705548301,0.041875298878633595,0.04882452913167852,0.4168171632781763,1.0
2019-12-26,0.009157662035635021,0.05522684206041591,0.021318493993977446,0.01838322750253063,0.009373717734408413,0.016944916214077746,0.004092706390041131,0.0023642632690584514,0.0029074882499387222,0.07136309751812629,0.015775130293190696,0.016713428296088993,0.045010511391034014,0.028192140670854553,0.012154659255846616,0.009163835355431945,0.012457136802018586,0.0912525354192626,0.022370221076690233,0.5767969081727974,0.06413449714462308,0.0416400479224189,0.04897358331239921,0.41988822558347727,1.0
2019-12-27,0.008777723848755725,0.05474348735659973,0.021077030567237053,0.01823445584759072,0.009206733234938468,0.01676532850559362,0.0041388633148013694,0.0023641829225487317,0.002916648644658683,0.07119091936968958,0.01576842108524996,0.01664187186102634,0.04498428994275165,0.028240566241933284,0.012135727482325866,0.009166610334710217,0.01254313206373336,0.09134820129907717,0.022360972016463032,0.5770952146770995,0.06422800004797502,0.04174974326238885,0.04906142740438992,0.41724742645263035,1.0
2019-12-30,0.008785299882150724,0.054425402518062424,0.02101021614961757,0.018210095734878345,0.009089526446084788,0.016788305723873378,0.004169137158530791,0.0023965553882246988,0.002924294269051381,0.07133788023364016,0.01581974872893462,0.016639295856960244,0.04510615351019623,0.028258864584655305,0.012079011678215417,0.009139195987809653,0.012644002715335749,0.09122121958667877,0.022624475324371746,0.5733386291329851,0.06345594514161039,0.04122882335712584,0.04892139301089492,0.41478413890814503,1.0
2019-12-31,0.008877113187082907,0.05386934159484369,0.02097016800644585,0.018100891882169054,0.009065922389357446,0.016708039394656045,0.004163081323788881,0.0024080871895224903,0.00294665681802752,0.07116856948975525,0.015822803948625,0.01665232498563275,0.0451500856420578,0.028151095457944593,0.01212710232461326,0.009260921428086493,0.012585196031617538,0.09099350880010036,0.02272284010085417,0.5719485540375674,0.06352954956934334,0.04148843059472806,0.04881174068938755,0.4138381468248205,1.0
2020-01-02,0.008929201505575227,0.05403870580419812,0.02092484182800482,0.01812238108691519,0.008972174630730969,0.016833187025292042,0.004220574792081794,0.002556900946766643,0.002995840725143149,0.07192473562360942,0.015973724829128094,0.016498610550865194,0.04480562229969121,0.028251760587911498,0.012014057683018662,0.009180901238630287,0.012551221747465436,0.0897831364861036,0.023048175864843,0.5825958693327209,0.06439215822998864,0.04156728944745941,0.04930245105464027,0.41971544235243696,1.0
2020-01-03,0.008547536721128152,0.05364390736599752,0.02068720218021058,0.01794828175682594,0.008992688723964483,0.016801396155451776,0.0041671173598845385,0.002510162682660419,0.0029398580187315992,0.0715890984077371,0.01582762707664731,0.01651390215361998,0.04460175730838456,0.028208416846399416,0.012034560743346074,0.009094702724614476,0.012566270698333918,0.08950646868583276,0.022986381361526698,0.5796157207282129,0.06450685245941186,0.04152897102807267,0.04903472810009634,0.4206253745239233,1.0
2020-01-06,0.008415786609886452,0.052675677536258535,0.020515789582242476,0.01776186881134893,0.00895794563014268,0.016674470629902644,0.004167847468219754,0.002482841876855227,0.0029233460808134122,0.07206710293322018,0.015716450689473162,0.016357183460958907,0.04438927163174807,0.028229234133023712,0.011976785937341574,0.008890176060655548,0.012636001710744593,0.08981048627829266,0.02308796417143593,0.5861724768045264,0.06549034713603877,0.0413088226530195,0.04898837980067554,0.42947926504956485,1.0
2020-01-07,0.00840855299111622,0.052854648056059925,0.020443719963107693,0.017796354299159173,0.009004751237905548,0.016770770281668727,0.00425988060276904,0.002548514501294023,0.0029377421705825647,0.07274541729118812,0.015729739795013655,0.016267245289471908,0.04478589360043024,0.027554846772107074,0.011970295384865867,0.008825582945693362,0.01257267184862803,0.08951927760807582,0.023043978267192594,0.589049736207249,0.06581654479377887,0.04145274739705139,0.04867817214678075,0.4304178313434571,1.0
2020-01-08,0.008558122248551977,0.053408340598205165,0.020442353790542617,0.018090713980281586,0.0089423770190509,0.01671354519021727,0.004279061124275989,0.002634450706540605,0.0029295583702837764,0.07308832985003975,0.015852814811703503,0.01623706958220242,0.04456125937704563,0.027235977518155915,0.012007193375954113,0.008761008767375409,0.01255437186174076,0.09096078742808178,0.02330044108091741,0.5815987895979647,0.06615944967282611,0.04159480978215961,0.0492122757377226,0.4316933108458302,1.0
2020-01-09,0.008535133422365877,0.05348276227460694,0.02026750663972511,0.01800470268489646,0.008813021477337788,0.016581671546249094,0.004259932271272691,0.0026292485201188437,0.0029040828602009527,0.07408312505880635,0.0158976400216766,0.01610223861392179,0.04439796047744833,0.02729410276892877,0.011875896901065426,0.008553455406333196,0.01247747934509924,0.08984639979310276,0.02363804383860022,0.5805264840888624,0.06666259696047493,0.04175649892999922,0.04949766342730189,0.4335755877623,1.0
2020-01-10,0.008366637322207281,0.05349196648377273,0.020178540439004407,0.018142006284803586,0.0089117549808284,0.016518902225227797,0.004207818331154027,0.002609214860366253,0.0028817736896768124,0.07414518925498689,0.01598909686038817,0.0160779084705667,0.04442402610637312,0.02741819293889387,0.012093650241114206,0.008467698461165128,0.012565267970846537,0.09038234680586461,0.023759319727314585,0.5767099935634529,0.06677997502735157,0.04186074935233484,0.04940970834913519,0.43784890963933637,1.0
2020-01-13,0.008329962615409253,0.05313050372590771,0.02003266456734428,0.018092351615296577,0.008980789096158705,0.01641966829812118,0.0042334094136511945,0.0025789735508449803,0.0028648503359622306,0.07457430689333873,0.01605167705596987,0.015847914423762436,0.044310900780801056,0.027222161284679396,0.011985536278160456,0.008551973918482829,0.012520794331408106,0.08693391568194328,0.02409880412865674,0.5751901890427848,0.06748821120093204,0.04154337293859264,0.04965740551922109,0.43770472311357905,1.0
2020-01-14,0.008385240339842392,0.05302834509442999,0.020157471323403498,0.018716782003333578,0.009018778272037608,0.01659686691941975,0.004270289331431203,0.002613343970305258,0.0028509206948784636,0.07482448603712885,0.016100392177585073,0.015016067030618328,0.04462787517278582,0.027391378001113274,0.01220474276108761,0.008686779724138224,0.012542832715287942,0.08779373425027365,0.02380945139068463,0.5694043820116746,0.06672250873058065,0.041368810762269,0.04938245582427872,0.4358253651861431,1.0
2020-01-15,0.008384788107157856,0.0535161074009503,0.02024448899624689,0.018733525553962255,0.009017143410380783,0.016730053703847305,0.0042075949022140945,0.00255678274043501,0.002806076658051741,0.07454800400470249,0.016094658230897344,0.01469010012102493,0.04469353363703176,0.02782971398527985,0.012364369671810507,0.00883169275301478,0.012628865350113322,0.0901136720950621,0.02366316076634676,0.5660856895933949,0.0672333516892397,0.04153479729064415,0.04960948747761067,0.4375412122178016,1.0
2020-01-16,0.008511189817276178,0.05354542552658124,0.020061444525424965,0.01865648014184342,0.009177492970211714,0.01667264570967704,0.004202833370628053,0.0025747630548897823,0.0027918390969882186,0.07528920756930206,0.017016349442999564,0.014848604268538852,0.044681484427444566,0.027490268775743606,0.012243692064852122,0.00896946146170621,0.012587395496680143,0.09067145379156002,0.0237607811717023,0.5661885690150701,0.06686243711732545,0.04160021030616393,0.050099340946312534,0.437679555107741,1.0
2020-01-17,0.008529501565358304,0.053396479704174014,0.02000828943213644,0.01862975259048148,0.009025053292588573,0.016521403663780184,0.004165640377166185,0.0025288170133914408,0.0027390512069037933,0.07492146197890118,0.017272240069181443,0.014770453767053571,0.04480090603681321,0.02732143542007558,0.012166552512452881,0.009085120505355235,0.012740191526179442,0.0896408570683801,0.023931409650358018,0.560039856042232,0.06671631933799972,0.04153927269175014,0.05018590713902754,0.44461228698180644,1.0
2020-01-21,0.00819082226836323,0.051210704682555216,0.019570643502523466,0.01817037490818612,0.008552181759901984,0.01612266971751176,0.004107456310037432,0.002490371237830613,0.0027222437714617582,0.07398841664617509,0.01683936573624491,0.014737456576669767,0.04495014808131325,0.027092950756709974,0.01214771169698754,0.008952688863446691,0.012783102966902148,0.0904995484419423,0.023832431761880504,0.5697439397793858,0.06668292767665701,0.041908701352859,0.05013867123322818,0.44700207076235454,1.0
2020-01-22,0.008224580416948898,0.05134341928200497,0.019745614811469858,0.01795439120945285,0.00876646376157146,0.01609994731692632,0.00408820651764883,0.002528787536689998,0.0027575825995333784,0.07437344863400316,0.016816437420034618,0.014618800632196885,0.04463008956122526,0.02698878663355159,0.012099043877474224,0.008883871453300218,0.012818545044027997,0.09049145661172574,0.023910590200948295,0.5682125268307369,0.06662753277639799,0.043317528110182885,0.049883343719425,0.4473394900278468,1.0
2020-01-23,0.008660247256761415,0.05256289232727533,0.020201230239946605,0.018123372232235514,0.008972978719261783,0.016658949027917567,0.0040715191641690525,0.0025740180240241576,0.002712341422511437,0.07384665321120196,0.016698039521033114,0.01449990089865221,0.04466342225867875,0.02663026063779712,0.012241620465421196,0.008777522043841492,0.012746801572939956,0.09004852970889159,0.02399835878205164,0.5666989222498428,0.06608249860858163,0.04296144184839267,0.050133211161136164,0.44704018191494704,1.0
2020-01-24,0.008387270781779489,0.052496305996532475,0.020245974500491055,0.017845709873713183,0.00880602774577672,0.017159919373454367,0.004084394674643509,0.002600539551388921,0.0027310216992415736,0.0734098626687198,0.016553025662511794,0.014434966914769073,0.04500723972762913,0.026090361543761733,0.012083253784866608,0.008617890695384522,0.012502010748863838,0.08885227314365354,0.024147541837819406,0.5649088085712677,0.06613320828830578,0.04265248939815025,0.05008086690285305,0.4450685255538625,1.0
2020-01-27,0.008049624014393136,0.0513899575514547,0.020144097309760786,0.017520495262991754,0.008456575191812659,0.01734168262994758,0.004044851130753995,0.0026328527939511524,0.0027253417679775397,0.07341774727384949,0.016373631676767975,0.014520768305549613,0.0458591162880836,0.026544334928979934,0.01238119065633235,0.00874020804549358,0.012630911194500178,0.08758397420400137,0.023812058029433317,0.5636709587559315,0.06624368462201641,0.04273607039030969,0.05003036870837708,0.44206647358723944,1.0
2020-01-28,0.008210631724814517,0.05212072238944864,0.020004639831039974,0.017544502287819275,0.008418186727523584,0.01758112903078263,0.003971015566536687,0.00264632628454059,0.0027226332708306876,0.07404219554746354,0.016488413597564325,0.014458647457019778,0.04563157780147845,0.026325910270083724,0.011641393523189368,0.008915707972907076,0.01257233875592856,0.08725551115686125,0.024241966779729097,0.5656636893684946,0.06647559203988594,0.0425945606628164,0.05050301794283391,0.4433619220306263,1.0
2020-01-29,0.00818720590283686,0.0498442014067122,0.020434411010744877,0.01730616597299574,0.008336897970616484,0.01737948332106964,0.003980570779646831,0.0026791715838451807,0.0027158307161212836,0.07335492215701789,0.01639885183817666,0.014440643189094835,0.0459888793019216,0.02665118855374121,0.01148041886878507,0.008905114215403308,0.012668785434575969,0.08642390250795577,0.02477088086623887,0.5676055647416586,0.06819514959464919,0.04206329997012384,0.05133500275885326,0.4456009191265626,1.0
2020-01-30,0.008441799620812863,0.05168927372159605,0.02010256962323326,0.017389132714788886,0.00849661680798325,0.017002370372148332,0.003958997078988611,0.0028322056026610833,0.0027469348963444053,0.07434692128372886,0.01639024790701285,0.014590426927257257,0.04579036959659421,0.026342557487116527,0.011289232439854448,0.008633659014563625,0.012945919839216285,0.08556915713870675,0.024657699387231793,0.569693605346789,0.06380989646165282,0.04165169587148159,0.05261811625758886,0.44335893637452917,1.0
2020-01-31,0.008321138865540199,0.052097023722705034,0.020024676827149254,0.01728093505989152,0.008643567185175928,0.01704531351815947,0.003909447134666986,0.0028367518859796137,0.002728242250996787,0.0737090449061916,0.016202038020523588,0.01455269187881215,0.046153796620986405,0.02648875265700568,0.01154542578222782,0.008504055107368392,0.012959150382207208,0.0844670038662479,0.023989155708294133,0.6227584881026409,0.06259765952406024,0.044560255434408995,0.05277598494025159,0.44465077603207687,1.0
2020-02-03,0.00835970127059352,0.051013878143839335,0.019898921349899616,0.017248809556839547,0.008495130893533915,0.016996417986814265,0.0038535883618494426,0.0027578395944226047,0.002696280674904243,0.07356598523144517,0.016189995217739932,0.01450328113073142,0.04622151410477269,0.026882778922490167,0.011545374740079543,0.008593625164763296,0.012887359493374426,0.0843418722463668,0.023750970430966505,0.6168819174115674,0.06284857949786057,0.04502111702093223,0.053673223467032564,0.45736428618569075,1.0
2020-02-04,0.008621447554520913,0.0518590820679347,0.0199448673864403,0.017567374492908773,0.008851919195846394,0.01688505803150631,0.003854329877522364,0.002726233328003623,0.002689843116728825,0.07336873157170892,0.016381660108871605,0.014331677600554458,0.045972968730005476,0.02679532587192808,0.01142955855464107,0.008739715741164005,0.012854841829570663,0.0851652232404454,0.024172956575189707,0.6215660125431576,0.0636313175380942,0.045217870329794616,0.05462170560721311,0.4388265088695888,1.0
2020-02-05,0.00872644848992274,0.05150104148768295,0.019890905353590112,0.017659812468903836,0.008987342010877527,0.01707804983599823,0.003892415855642514,0.0027318881698692836,0.002692904035721863,0.07326018530128765,0.016490289344115065,0.014487104304969623,0.04617820778678505,0.025738525475703287,0.011446340941836906,0.008714453071845579,0.01306268401881385,0.08868291092494107,0.024098943056727204,0.6117120425259951,0.06300735742075998,0.046879921301804774,0.05394804230166357,0.4342922447433622,1.0
2020-02-06,0.00845841590143582,0.050146751294390016,0.01913455052188071,0.017389069064827036,0.008601880802248042,0.01725158273996022,0.003912391097603745,0.0030994267136860835,0.0027138663992545458,0.07227612243004396,0.01644160629903742,0.014340452625135804,0.04588765479776256,0.025608378093406332,0.01143529989072094,0.008643724258418663,0.012980530585861776,0.08741160161907345,0.024300012940270916,0.6127808649191983,0.06301968574515632,0.046853048808128926,0.054884063927802235,0.4412214691953976,1.0
2020-02-07,0.008528387188969923,0.048856421955459,0.019220424781485338,0.01740536245009605,0.008516367211126667,0.017207027857317522,0.003924620881344893,0.003128277440643211,0.00272559811591104,0.0715206561837737,0.016536897639800045,0.014376252906856027,0.045644001664843406,0.025567132651919237,0.011434289480134172,0.00845927088896315,0.013017961453281835,0.08691262291172978,0.0240428105026188,0.6248381179155295,0.06380664315353775,0.04610077374468633,0.05526022434501466,0.44451890258953974,1.0
2020-02-10,0.008588671618064222,0.04770158014917885,0.019220843804481906,0.017216124115098666,0.008430561010626395,0.01712961062877019,0.003931875234255339,0.003072709780943095,0.0027147241753963268,0.07080955307547213,0.016512085459202016,0.014250810314140938,0.045303078680264876,0.0255542070025655,0.011279530086424098,0.008409678815290837,0.012956095707413458,0.08562717333508608,0.02398130565994502,0.6365908600246427,0.06356034366818605,0.046069762132240163,0.05629323557726531,0.45007145225626766,1.0
2020-02-11,0.008886903432357977,0.04884818822127913,0.019224183754001936,0.01747003201548656,0.008508673963219417,0.017252624525351798,0.00400268036631673,0.003127094036184945,0.002745886382250019,0.07042215977961432,0.016612314496314496,0.014292309433400341,0.04526543220906857,0.025389025389025387,0.011343905889360436,0.008389546571364754,0.012928300201027473,0.0866026383739111,0.023796439877894423,0.640548000595637,0.06170501139155685,0.04570917906336088,0.054929640979822794,0.44934555550591915,1.0
2020-02-12,0.009016259877138805,0.049232865529127645,0.01939368889916725,0.017597538611986978,0.008616787176085626,0.01730459123464616,0.004033200727226867,0.003210581650066875,0.0027252955757710528,0.07061799921889123,0.016624007106060556,0.014141354863343556,0.0447084579415924,0.024634186393370262,0.01116749842347347,0.008448120082841256,0.012839367242932725,0.0898015994911238,0.024205123373936897,0.639157268584742,0.06236517719033975,0.04595718245628784,0.05465682571962433,0.44926542544319514,1.0
2020-02-13,0.008918356736095794,0.04952666879733293,0.019709894415100376,0.017525504909395185,0.008450061500368599,0.017350635169471735,0.004045715169415341,0.003266211074502348,0.0027119629157619316,0.0706444128135119,0.01657705856596337,0.014262257136011064,0.044485082314629144,0.024295038570160486,0.010945660161648977,0.00812996095949178,0.01294628854212909,0.08956887712424162,0.02407200496163189,0.6371986919135262,0.06317243422443007,0.045735846131945125,0.054449696856651894,0.4489291630813887,1.0
2020-02-14,0.008638644845273817,0.04894738749271339,0.01955824656854282,0.01742521168625705,0.008271797704226485,0.017150076478393547,0.00402939516312446,0.003266117665263879,0.002686263442082973,0.07013869407726411,0.016519928480827447,0.014265597562059957,0.04441505991092885,0.024451506482454255,0.010801263535013489,0.008206712321958335,0.012836670491819028,0.08839226746027393,0.02403362714041915,0.6315884965740638,0.063363864011177,0.044583688619285654,0.054834685584544025,0.4499017885518311,1.0
2020-02-18,0.008494817558341305,0.049114467029405716,0.019431561450845212,0.017422833145073424,0.0080230486655751,0.01709051664203076,0.0040500965323595995,0.0031777680484667632,0.002694130147532979,0.06919582715474418,0.01647335966861575,0.013942420817272575,0.04425138408688748,0.024466736703903008,0.010776520590131917,0.008322725544512105,0.013084926664971816,0.08964807524092143,0.023662651901514876,0.6396096172896768,0.06462351918668208,0.044832938486455295,0.05555308113943602,0.45090185901356483,1.0
2020-02-19,0.00836643409769518,0.04868951457306156,0.01924604636123992,0.017279210812681856,0.007885061728729102,0.016865762784532508,0.004063612184408249,0.0031510713668340133,0.002681511528664746,0.07008845115209551,0.01662950626218319,0.013906649546786663,0.04398505863902536,0.024216293540804974,0.010699467255894685,0.007814184181383,0.013209692805856176,0.0901643479574461,0.023892917130518696,0.640910778851869,0.06422929028379441,0.044552073997343074,0.05530765158665442,0.45086307020792965,1.0
2020-02-20,0.008451839978014188,0.04850840469525295,0.01937608801875999,0.01730685466041067,0.007941943229142058,0.016879963517933635,0.004073247327180461,0.003163140391631406,0.0027629305014062514,0.06899321937130418,0.01593428266637189,0.014034026817228751,0.043984547712338305,0.024454305958706082,0.010627795380853339,0.00782929125988617,0.013002374952211232,0.08956697491464842,0.02373837463640709,0.6382903361958143,0.0636126215147655,0.04482943703707981,0.05467163492955793,0.450058262555819,1.0
2020-02-21,0.008334956183057449,0.04879334911242604,0.019603025990562507,0.017338026814470827,0.008032356827203956,0.01693655875964347,0.004080593213991461,0.00306793498614336,0.0027773200509325145,0.06909444835592839,0.015705190023219233,0.014291064639352858,0.044919479589543856,0.024669311961650814,0.01070182038798592,0.007939480188749907,0.01319152093476144,0.09030933802711408,0.02344768092277732,0.6279589456969515,0.06297056190547524,0.044892516216013784,0.05350610321324246,0.4449434454347989,1.0
2020-02-24,0.007889296238915369,0.04796195968614233,0.019532594133708087,0.01681086515620885,0.007861396960581258,0.01677366642842202,0.003977197122518155,0.0029883227015646938,0.0026876304795192835,0.06960559735384621,0.015400401640428834,0.014380527711334381,0.04523093125919037,0.025211648474574886,0.01074742137827827,0.00805979151874295,0.013187059202581406,0.08611267532806645,0.023108351640196544,0.6228638005779573,0.06222159083468755,0.04539212367965344,0.0529745294068535,0.440681490426803,1.0
2020-02-25,0.007390808573670416,0.047333781570296586,0.018799889308325105,0.016268089301695054,0.007732857225563958,0.01587489350750776,0.003954338153199174,0.0029825363758567737,0.0027044220514199687,0.06956374530897416,0.015353828419063716,0.014423583954568196,0.0462405004150551,0.025660041365746424,0.010846458653035405,0.007918266455516859,0.013346290856593817,0.08419831733922416,0.023022750358156027,0.6306290225382989,0.0629017893469971,0.04530066995717235,0.05372721431597027,0.44384806912262115,1.0
2020-02-26,0.007158924193058279,0.04644155608548561,0.018409121120840446,0.01591264305900507,0.007466973260396208,0.015691233664259608,0.003911577311741718,0.003032354847904777,0.002701844213688701,0.06924037312682942,0.015158566040183213,0.014163824333773759,0.046104626806399415,0.025651476466266414,0.011141096650963887,0.00784240799102091,0.013525265915756196,0.08439252116391073,0.023476683121177098,0.6352189661654766,0.06327834570473624,0.04484355449679287,0.05460484850828002,0.44704934293662846,1.0
2020-02-27,0.006915629299051857,0.043964604922972626,0.01777920974573578,0.016177872281829108,0.007409123234469635,0.015654165103418317,0.0038908807561170394,0.0030146772381303725,0.002631967655561483,0.06905222351229295,0.015244598372327415,0.014257610837202022,0.0467039958012596,0.026212249975787742,0.011447715789631538,0.007560192806536301,0.01369025999513133,0.08524352319339751,0.022955859743799906,0.6325786712169538,0.06370100288811115,0.04468637975303019,0.05310263078226299,0.44249619357552744,1.0
2020-02-28,0.006448402348844591,0.04588012887683508,0.017080650559314767,0.015614951307903132,0.0070678552054240385,0.01563526056062939,0.003818266788096261,0.0029517097865425002,0.002606440981235923,0.06796041119850652,0.01524260191930034,0.013827676476702012,0.04552132113387571,0.025915469650719516,0.011312630179223713,0.007490978741338961,0.013502717939618181,0.08630366374298673,0.02313300860154533,0.6376471686237883,0.06515086990453495,0.044055620528468765,0.05484019355036714,0.45336162139159814,1.0
2020-03-02,0.006103105957181866,0.04447241593326332,0.01618973323144059,0.015261000089061331,0.006462301876962569,0.01519304430539503,0.003679337807731708,0.0027797283877234276,0.0024302398360655343,0.06778459931969205,0.015040951741721176,0.01367535693896802,0.0453105448158263,0.026331374534137423,0.011287186140107281,0.007471935794241436,0.013332341368327545,0.08837853064903603,0.024173766834014083,0.6322992022101863,0.06356808498764224,0.04345954957048213,0.05591492999495138,0.4495167006955256,1.0
2020-03-03,0.0059433234348851985,0.043927317600063874,0.01577228152197134,0.015376060292604956,0.006376170519778798,0.01505308944245582,0.0036392451060669588,0.0027102886700260797,0.0023706701880326394,0.06773390726921187,0.014783393411515388,0.01349483993683886,0.04514594962256529,0.026347068099299466,0.011420503522310301,0.007664722995577438,0.013847777123634478,0.087035557995465,0.024082946550806342,0.6356159632788941,0.06189380321386476,0.04291845126592501,0.05477513213200823,0.4466282751524094,1.0
2020-03-04,0.005919900932670821,0.043538264956622434,0.015874789829990413,0.015494613045867339,0.0060700545952882354,0.014993034850361943,0.0035813322112200592,0.0026197077727033438,0.0023002312150565947,0.06668753824056523,0.01445312010689205,0.013226330125528535,0.045838495213249356,0.026506970307427342,0.011628947337294788,0.007389492458892753,0.013941956656227581,0.09246290946731742,0.0241795826265411,0.6312313528382081,0.06126282309695785,0.04288014388682324,0.05448672786508276,0.4429606430979019,1.0
2020-03-05,0.0053043384832225406,0.0408407582192784,0.01437197822970916,0.014884554216746596,0.0055622797833867425,0.014963921533784192,0.003498746736517939,0.002562881588659171,0.002278484405917637,0.0657387371702433,0.014084274433676658,0.012864012764465152,0.04696190988272012,0.026978049694010107,0.011726423041415822,0.007424089577842578,0.014249621632944992,0.09357328403368577,0.024216751796923335,0.6362659532066414,0.06123468111564587,0.042841460322508434,0.05498455896746925,0.4361991523428871,1.0
2020-03-06,0.0053728167662102765,0.04096394365681883,0.01521008394662178,0.015438857609804185,0.005927929667717083,0.01538502884901665,0.003482069726379233,0.0025535177993447713,0.002267550720366767,0.06488088576083609,0.014076308922870255,0.01247825759916964,0.04778341640150462,0.027654697687165584,0.011781843653893793,0.007051611399308116,0.014140230639386419,0.09550290974076564,0.024309724952062555,0.6395872287663696,0.06092444375089242,0.042972442183249145,0.054357297590877374,0.43682649969260207,1.0
2020-03-09,0.0053703540731493615,0.04310847003400627,0.015725124545692668,0.01584527520430239,0.0061349468564452034,0.01588168402036753,0.0032513397880151724,0.0024102877263897475,0.002191832645448078,0.06291870350103275,0.013653442558854308,0.011825701714975677,0.049676686134319116,0.02874868828783183,0.01229173849280097,0.006651957214673819,0.014410754234302364,0.09955726294933352,0.024227579798210414,0.6555873333625872,0.06171356036602148,0.042893654414713094,0.05483950533193128,0.4425754517971748,1.0
2020-03-10,0.005898210801346255,0.04406310422182202,0.016230487964045116,0.01577597947267206,0.006057809099605576,0.01580720529456154,0.003348102013705374,0.0024147968927864666,0.0021441731030776385,0.06396089391867335,0.013704666273716297,0.012171132159273425,0.049142504235557216,0.028457131307752202,0.01200112421285688,0.006717021588957312,0.014193870816651485,0.09714700143393831,0.024749933036224955,0.6563736964529111,0.061823658499312394,0.043289396705255286,0.05583176884448339,0.44423589508287603,1.0
2020-03-11,0.005931319515705369,0.04376263273250262,0.016670437134013213,0.015565153251691824,0.005741634020738161,0.015499494347168519,0.003308552767985713,0.0023747164850702303,0.00214125741434136,0.06270199911582265,0.013449430787991231,0.011793331599347699,0.04807797847256618,0.02890879899259843,0.011734965372546289,0.0067301876381355204,0.014288423958643312,0.1013285319275103,0.02511782421217979,0.6642129375398207,0.062100114637778564,0.0430330731364749,0.05604112219276835,0.4433570267065391,1.0
2020-03-12,0.005421988107969204,0.041340141021427974,0.014141513284129064,0.013589235219156415,0.004942273174996464,0.014540603052375405,0.0031080690195124583,0.002229263512049792,0.002015608962070336,0.060742388859099106,0.012621742917362653,0.010964913156784422,0.050555505599135346,0.030012416235861927,0.012101716208270299,0.006538635069834379,0.014375323117485636,0.10094572965089374,0.025016730229614186,0.6758780223325225,0.06227022367732276,0.04144495067184666,0.05605811564685661,0.44944453128650863,1.0
2020-03-13,0.005278456040320942,0.04179607570732731,0.013998421524013682,0.014149656113568648,0.005212060366857786,0.01522674074535237,0.003009937196996428,0.002202123169861357,0.001991870203894695,0.06535178519264494,0.013832431971490937,0.01139423492711795,0.049534858469986516,0.028310377434984785,0.012065568958800977,0.006934658859509271,0.014865253189830742,0.10034599781376753,0.025633340767435574,0.6584237618429686,0.0628103067272812,0.03981895972867069,0.05858680527191386,0.44991551925168005,1.0
2020-03-16,0.0066718916323131264,0.03688818350882704,0.013632954028093867,0.01500756570508949,0.005515206902087987,0.01572420691233596,0.0027953214313774215,0.002296605913635423,0.001768554188967424,0.06481625543599966,0.01326415641725568,0.01110584976484283,0.053278741407053576,0.029302678994192876,0.012648096071809682,0.006269566508756557,0.015648770951669107,0.09431171144676537,0.025376867550843205,0.7079036376160249,0.06119113466548878,0.04152330629857838,0.056752986903521374,0.45443039950394853,1.0
2020-03-17,0.006160075108411954,0.04093405454517423,0.012861825232128738,0.012549472653465689,0.004819725004591895,0.015123419313013944,0.0028625766229077375,0.0022892705313032873,0.001680379923668216,0.06273550097121788,0.013360009247324457,0.01171521304891984,0.054005432247605165,0.029448165119046705,0.012715533728275252,0.005816091453449285,0.015534618560306853,0.09656056156203098,0.024994168676396773,0.71479011389916,0.059078203490292934,0.042167652287052965,0.05795136404110821,0.44275047549700813,1.0
2020-03-18,0.004858012394777026,0.030941159237632458,0.010479128465470753,0.009795254176249985,0.00373629107787143,0.014657437372741396,0.0028564278887744745,0.0023185020527862884,0.0016137775079645572,0.05838788969516985,0.012822650741578845,0.011725949647995053,0.05627788727941581,0.029869477533376928,0.013494015961630638,0.005412618101648566,0.015724947858285775,0.09051331851453018,0.025715148442481735,0.7631040929134727,0.06128184854442218,0.043180017000274525,0.058546344298594,0.4573620800544248,1.0
2020-03-19,0.004270790721707406,0.030090605182097857,0.010035735631767257,0.008927571275405862,0.00358181962374489,0.01280822215186407,0.003112821225734261,0.002432150984373703,0.001631118322284753,0.06204475474654944,0.012833124306627114,0.011741562078512463,0.05273119280906687,0.02935598061795306,0.012625602891578163,0.005864555189283348,0.016165918647356094,0.09122641530064723,0.02539854598784108,0.7806665328283586,0.0635555106481058,0.04164539591185211,0.05923076518857132,0.46289313416655886,1.0
2020-03-20,0.004503410249061139,0.029857870264006506,0.010221612809679209,0.009262794683762555,0.0037528418742176156,0.013857314822584104,0.0030369818635287062,0.002499002219132192,0.0017397567532500158,0.06004981026841937,0.012872464555842388,0.011497145626215816,0.05201482179735353,0.030959861259770047,0.012586120551566824,0.005926453179400304,0.015657810779250145,0.08963001014835256,0.024864204805116003,0.8009345350263323,0.06496104032546081,0.04138538527500306,0.05958992531107986,0.4652308897002974,1.0
2020-03-23,0.004581210534083594,0.03205059539687063,0.010740145728316027,0.009931170096207503,0.00391972842769884,0.015075534762403862,0.0030079557945739107,0.0026101726360047007,0.0017162778976469266,0.060324486865021766,0.012429605889917483,0.0112854210717669,0.04967373016359415,0.029677306207372845,0.012733530547906494,0.005930991589003833,0.015759363343352824,0.08709216480514533,0.02507039485871936,0.8504648428289776,0.06619290805707741,0.04235720083624103,0.0607759014731556,0.4722535269870589,1.0
2020-03-24,0.005687831047038682,0.03786984062065698,0.01181287324496324,0.010987483560850511,0.00417189331826616,0.015388198076973905,0.003199404963959259,0.002688644273672021,0.0018060498008556736,0.06276227607414712,0.01357397651368219,0.011816959330485538,0.04869796725474642,0.028214421757292687,0.012135674409833328,0.006092353513746175,0.015187979069164205,0.08981216100593359,0.02521932025223122,0.7927414423744111,0.06577780310351745,0.04310003131502395,0.0606129910033329,0.4635500422268745,1.0
2020-03-25,0.006216775046135126,0.0373814404799298,0.01205383803617103,0.012562813770942328,0.005138231227214997,0.015915591244397276,0.003336618705722946,0.002779169091449621,0.001983389569624657,0.06266460974599203,0.0137302271768475,0.01170240200583233,0.04823151091241613,0.02755740090085207,0.01201748262654451,0.006370275664558216,0.01506325845920428,0.09472200205666673,0.02479438976923646,0.7617831605999424,0.06310087546940828,0.042758000402849446,0.059348185662418625,0.4453497243954363,1.0
2020-03-26,0.005954213992446379,0.03696099209779684,0.012353283813729937,0.01205291120783935,0.004790746890474098,0.015676388436051354,0.0033801380838345027,0.002657723870191583,0.001965727097123102,0.06303634074892639,0.013577584656197078,0.011748736421876954,0.04812419316883385,0.02795742968776298,0.012071921727980366,0.005870566030866673,0.01474485393824116,0.0971038764736058,0.024565885824149078,0.7435125070591846,0.06210480777198823,0.04292281045038683,0.05935583348116337,0.44171826984192725,1.0
2020-03-27,0.005524361948087719,0.0357706386608335,0.011753041090722373,0.011627128920344029,0.0043557469206076255,0.014314550797421168,0.0032776306999694233,0.002545770783769768,0.0018965402129474936,0.06230252484065255,0.013382018433457227,0.011914365050744878,0.048460145272359784,0.028223824722893018,0.01215831796267169,0.005709294292503761,0.015333646057075528,0.0953975454231326,0.02436975518370191,0.7476381769926488,0.06169264039673362,0.04250689570709077,0.05890291788145625,0.4370344618169797,1.0
2020-03-30,0.004663735349988032,0.03235680474024589,0.010785601833890688,0.01091504428442097,0.004035558751826379,0.013363028690376262,0.003190375692481609,0.0024784422145650684,0.0017703158675464775,0.06076942148950309,0.01326404404845576,0.011390935646664647,0.050638646170059705,0.029295871117581467,0.012437895882174555,0.005805874619372856,0.015563551491530292,0.09566558482295978,0.024252375221949164,0.7477014540478337,0.06317933610933125,0.04299392923054273,0.0610016568549911,0.4366093650801278,1.0
2020-03-31,0.004716415208971428,0.03164912044652243,0.011015285995324146,0.01103850128206481,0.0040393252487007135,0.013777813807045753,0.0031300901591943273,0.0024839528828217035,0.0017526957257293328,0.059812190999937016,0.013154890656688149,0.011104275735348251,0.05073531992899913,0.02976874451280493,0.012628694643512076,0.005997082505254892,0.01569687982181877,0.09648725581586307,0.024596742940074297,0.7543633244019468,0.0645363470882428,0.04291976531018872,0.061019349927956545,0.4499011523718263,1.0
2020-04-01,0.004327059299736895,0.02885650718478041,0.010665857113944546,0.009662012143290832,0.003982999392835459,0.01296903501315523,0.003104634689334143,0.002412467111920664,0.001639344262295082,0.05880995466504756,0.012799028941509815,0.010754907913377859,0.052139242258652095,0.02987249666059502,0.012851649463671322,0.005565674964582068,0.016514875126492613,0.09606152884031573,0.024378668690548472,0.772191844161101,0.06460230965391621,0.04255818619712609,0.06157053268569116,0.44752883829184376,1.0
2020-04-02,0.003981162843861632,0.027504057420316443,0.009758993611295015,0.008975424781191035,0.0037793345088348498,0.012465867751654217,0.0031224030654143416,0.0023823658369828055,0.001586924751877251,0.059333570309347376,0.013415648943263919,0.010772092309020953,0.05269302274087467,0.030420675919595644,0.013008033667650994,0.0053741740973798175,0.01648264815200424,0.09515216721077699,0.024232261021315277,0.7593612847431263,0.06260240141479098,0.04353160167244329,0.06144287507277761,0.4435632630769717,1.0
2020-04-03,0.0037731301588277803,0.027866514267140173,0.00992104232104239,0.009033010220495049,0.0038334038035374887,0.01227171446472104,0.0031101200670209817,0.0023707633585818857,0.0015630965194717854,0.05904004130188015,0.01360175168584239,0.010539851338237772,0.053912765267695735,0.03063910272743538,0.013517368985073096,0.005348281407241508,0.016523014734597247,0.09221466017199553,0.024251101350775694,0.7661141747852004,0.06195326746284942,0.042729994248905806,0.06181263257494545,0.4411548623684232,1.0
2020-04-06,0.0035664945648582525,0.02810397754650351,0.010012464215238905,0.008379385125014337,0.0036603496849861015,0.011525409127120308,0.003119744193049693,0.0023951826656627003,0.001588028632563201,0.05940278112963611,0.01389431123288577,0.010748287981620759,0.05246876447917016,0.03015001803902917,0.012978286011278926,0.005488647425076595,0.015636263764140564,0.09323192062851791,0.024634153379956465,0.7499361849004612,0.06215086167492289,0.04310577957231837,0.06204574431580018,0.4455940932470861,1.0
2020-04-07,0.0038429577756646342,0.030694778052703597,0.010915955779892572,0.008366517662283572,0.003993367081952878,0.01232228241766439,0.0031548351993959177,0.00249679448438485,0.0017033853937143632,0.06242738407902873,0.013890299059696066,0.01081818935478195,0.0516956770671764,0.029540387002964585,0.012638142336892966,0.005583945495951058,0.015048451094138812,0.09326880819717724,0.024387928204427933,0.7564083922990206,0.06348400870365711,0.04322011491397344,0.061476045592778854,0.4461553687703936,1.0
2020-04-08,0.004120029993818355,0.02880748280938394,0.010596440414813493,0.008447334223865876,0.004076393312506952,0.012472817711203846,0.0030800224225632365,0.0023781991314714953,0.0016618302799426199,0.06434956191935622,0.014316467496610648,0.011010989614549847,0.05209492288740226,0.029680217162890037,0.012581909050843344,0.005701859691356735,0.014672833363681432,0.09739343156963638,0.024188358636705418,0.742914499326646,0.06337500646095613,0.04337849797728346,0.06004771169279567,0.4401050326919107,1.0
2020-04-09,0.004484160159106003,0.029869310553686933,0.011330480184932127,0.008742498944559174,0.0042368323805462,0.013072528016527266,0.0031794165156890683,0.002398004113862443,0.0017492167527128134,0.06604726846491378,0.014724964692597516,0.011900409413787326,0.05062333503868107,0.02956821443296034,0.01268540555928068,0.0064556134664667565,0.014248230721379986,0.0946763585328113,0.02401498891218098,0.7322192687015971,0.06279616524717034,0.04355119578987845,0.05919378131020025,0.43423945683654036,1.0
2020-04-13,0.004185933846950627,0.027476526621869553,0.010685718669854067,0.008418941344429245,0.004131618096341406,0.012405716714936055,0.0031322082851317407,0.0023609246264808034,0.001709135619170152,0.06488197209299969,0.014332116784963106,0.011380960277652093,0.050611417866092086,0.029163937389216035,0.012724369480615155,0.006459953272456677,0.014263315747876416,0.09541829324128878,0.024736298089949368,0.7853587225250922,0.06329233112516983,0.04386902196625745,0.059931997411689364,0.44088459010928216,1.0
2020-04-14,0.004198787008099466,0.027785781171387428,0.01090981861110472,0.008622446642472628,0.0040301328019163914,0.01222040233831903,0.003067398374954673,0.0024068360674042964,0.00164789213958046,0.06262341352790124,0.014005326723149098,0.010604133213760828,0.051309528250542094,0.029106903678310606,0.012803664801368832,0.0064510237378655405,0.014335607174198428,0.09504367244275361,0.025214681177604763,0.8022740281883841,0.06260233245485422,0.04353738200575338,0.0610317398084114,0.44596036404304146,1.0
2020-04-15,0.004415526388084429,0.027923085052680895,0.010807081672382394,0.00874841884050902,0.004199959599406588,0.011791503340677864,0.002906558867339547,0.002238301822438242,0.0015556736582917475,0.06413830662839201,0.013796275193937743,0.010217866142607612,0.05305098813072842,0.029485943911317255,0.012923229340514509,0.006301736148293513,0.014403454263491032,0.10120141920967757,0.025547358324626592,0.8290985870625616,0.06358142467980699,0.04264270429884408,0.061752701192968565,0.4535776624177936,1.0
2020-04-16,0.0039542068569033825,0.025914879795028094,0.010094479293233026,0.008137022236175781,0.0038434747768997645,0.010958903917777396,0.002796878020736539,0.0022217856052338786,0.001535961109727601,0.06323873118940622,0.013702202257002763,0.009605114582468391,0.05346216191186229,0.029647621420323463,0.012816345616973823,0.006043828366649073,0.014927399142204083,0.10659927051727448,0.02560143585416572,0.8602060684216759,0.06295654548592784,0.04133878693875782,0.06323873118940622,0.4513117997127116,1.0
2020-04-17,0.004024963737938029,0.026087469546935634,0.010412028061926119,0.008443031108016936,0.004004090978709309,0.010850356353608544,0.0028665256007441102,0.0022751307559303983,0.0015828509081778764,0.06383237825402485,0.013598602637510592,0.009872814767304885,0.052884615690682285,0.029034007739269153,0.012840225718867124,0.006056578969533369,0.014830095779884348,0.10107981466251911,0.024595066914202886,0.8262133861368036,0.062353891141990574,0.0417872650195339,0.06213124872476356,0.44641613800423297,1.0
2020-04-20,0.003917596007576067,0.025499794642876043,0.010353646591451033,0.00837359545221539,0.004087618257452785,0.011001856064893005,0.002879751857286928,0.002242168420249232,0.0015727058113596507,0.06390002678672209,0.013587611823527478,0.009804616409557461,0.05372348812241139,0.029435101301480932,0.012780006490826085,0.006106632474738823,0.015305544264897454,0.09993766693864843,0.02452305223863635,0.8478478660829043,0.06313493055862009,0.042650791224468194,0.06200853067369568,0.4486497486792027,1.0
2020-04-21,0.004019645015216529,0.026573508138744636,0.010337796500010965,0.008441254531954712,0.004176776593084084,0.011002865038892246,0.002835676847098206,0.002221767426592409,0.0015566988877111284,0.06351404473231771,0.013502353393808706,0.00980793383712833,0.05469640343091772,0.02870757312328368,0.013016341038397067,0.005934457731556039,0.01584105485184968,0.10019513406922818,0.024517093560342724,0.8507469475567611,0.0624141255143562,0.04266670545599745,0.06132516859919573,0.44447771646732204,1.0
2020-04-22,0.0036687611531209803,0.02539197177228448,0.00983456652523678,0.008026977550327876,0.004076004358043855,0.010613329132469637,0.002818551655124103,0.0021755360684037753,0.0015253758640532216,0.06286548909943385,0.013506899987172876,0.009573787267271774,0.054652754348567145,0.02857132697496587,0.012949619454784376,0.005844297578755637,0.015946786193433246,0.09896009486671874,0.024657862310778773,0.8443116125708174,0.06511604472464763,0.04262121575865062,0.06198670398876311,0.45125760790187625,1.0
2020-04-23,0.0036635927587690166,0.025033955169538994,0.010079348240085759,0.008034884411427074,0.0040281649162270065,0.010772749471776137,0.0028164986282048637,0.00220887836577488,0.0015690899718044861,0.06256701691837022,0.01339266578874808,0.009482450688169245,0.055582955277873755,0.02890842647204486,0.013113874600550484,0.0058331545193278395,0.01579097834950392,0.10198369504710807,0.024575558937664454,0.8576202405377826,0.0661698483657436,0.043373363312139965,0.061269567159121886,0.45618344293623964,1.0
2020-04-24,0.0036344536462081605,0.02452815635034637,0.009874010342414216,0.00789991330858631,0.004032798226248434,0.01033933321467365,0.002848340005951691,0.002097478098442149,0.0015581265874141676,0.062395566962060556,0.013385083276525461,0.009489766455472714,0.05459083368440828,0.02870548597582255,0.01317709805331859,0.005964593180780027,0.015884431128282573,0.10268477549117923,0.024937957038494742,0.8496443027899783,0.0670029708997052,0.043965961434484516,0.061531900567312836,0.4509789630032324,1.0
2020-04-27,0.0034810038873363987,0.024169006032135055,0.00967524533556075,0.007698507599139181,0.004002112253704123,0.010112976710715215,0.0029112587401076873,0.002324143314000051,0.0015737472664305277,0.06376281727691571,0.013656513602015741,0.0098697924590047,0.05360120413274509,0.02917512144725773,0.013316056483394406,0.006291515357351903,0.015595036030092522,0.10213029551798376,0.024593710392941483,0.8254356523264754,0.06513854579596555,0.04374530963387142,0.060465941819751685,0.44324783005786267,1.0
2020-04-28,0.003932401950403895,0.02688072664786765,0.011028885754329929,0.008500414162773607,0.004749615144359944,0.010368829293063373,0.0030872498438339635,0.002392269392563648,0.0017007813053700682,0.06531069885284393,0.014014857389174977,0.010082455438771083,0.052870899408458585,0.028351011574936788,0.013239552214903343,0.006118621862440163,0.015813424190220818,0.10070580527819163,0.02432256856471345,0.8081610135095912,0.06387883272451014,0.044098080149226816,0.05930383368856852,0.43084249442099987,1.0
2020-04-29,0.004296634458475616,0.02829043062180285,0.011566553569926438,0.00929406598618795,0.005324016569686728,0.010535769191002006,0.0031876060867709033,0.0026092784082745817,0.0018778639913527627,0.06464682833313434,0.01387646269658391,0.010205782561699798,0.05111056076995635,0.02747736756303817,0.012968147368207126,0.006256144370129224,0.01489363834484782,0.09785644308794172,0.024470916157893947,0.8071787314648403,0.06606203120226829,0.04377940594255707,0.06036039761606391,0.45636176622511315,1.0
2020-04-30,0.0041237043569843385,0.026946572048896247,0.011165933862542107,0.008896351364651474,0.00494432495758322,0.01072987186975525,0.003103937334482799,0.0025442672177563653,0.001816352710112169,0.06297833846050446,0.013538523130382386,0.009974488546768582,0.0515171168073272,0.02724185571926061,0.013171132660917866,0.006221609248314784,0.014925681309060246,0.1004213003672701,0.025219489812605043,0.8494624961847838,0.07028838865813442,0.04311176609621522,0.061532813212414134,0.46307037954175234,1.0
2020-05-01,0.0037587743522268973,0.02608179679910343,0.01063690784815096,0.008520830933692396,0.004581889412441998,0.010326031420638366,0.0030628358678390223,0.00252586810323518,0.0018122662055379682,0.06256381206128098,0.013565502128107289,0.009746671464092114,0.05238614871995358,0.027438345528187445,0.01329701718600057,0.006062083447764432,0.015134012523439875,0.10050835794547162,0.02552981513318665,0.807585401010994,0.07145557361466465,0.04305280465998261,0.06167004370109679,0.4665295997098447,1.0
2020-05-04,0.0034544137116106774,0.024638201610552503,0.010120517564464276,0.007939523164058349,0.004566017309236924,0.009694871531321442,0.002997108434106209,0.002480001697235771,0.0017588664519402634,0.06192265195523562,0.013399044630880928,0.00962099949211324,0.05215742717292973,0.02703729545099902,0.013233710832625251,0.005867578483672719,0.015565968099671331,0.10114889508414028,0.02578146480431367,0.8147034192880932,0.07220498382618525,0.04280377397441825,0.06291113384590619,0.4667328189237595,1.0
2020-05-05,0.0033153910123997956,0.024040942260746465,0.010099566173904423,0.007568573666015621,0.004378686762959141,0.009210581550746857,0.00287612784987364,0.002429892256196275,0.0017535664345290191,0.06215922475889134,0.013240646756145554,0.009175719394990811,0.05211892285528595,0.02719596840253313,0.013425415484409476,0.00584987008448576,0.015238247932345328,0.10216006436510569,0.02593395731829966,0.8080350631960468,0.07218906836439146,0.04273403122300199,0.06301683100151756,0.4710260674061643,1.0
2020-05-06,0.0032474144449548617,0.023272552086861863,0.009770329081415546,0.007372508469627253,0.004104029714759171,0.008752220768943211,0.0028542139932414084,0.002387288456831682,0.0017307841312029692,0.062111627795306504,0.013094978978313718,0.00899094996569821,0.051986717567972414,0.027074660728341863,0.013519775543825172,0.0060103501129774774,0.015573546813579685,0.10137900903222233,0.02638568155611994,0.8254611589533742,0.07318794514455723,0.04324151683137961,0.06408464973515236,0.4729990963038911,1.0
2020-05-07,0.003311131926515357,0.022987031176782798,0.009804976616777658,0.007524668780592552,0.00409553005585757,0.008833156272636035,0.00288075419183202,0.002426080939868171,0.0017770435496602338,0.06327941258073412,0.013470129285030708,0.008756798585532754,0.05122536140355073,0.026239157968794256,0.012828032777030996,0.005508140846310139,0.01517775672395352,0.09891746321350911,0.02635542937292241,0.8217473181161574,0.07332386941718814,0.042076366182898596,0.06372367312107036,0.4763865233139101,1.0
2020-05-08,0.0034609870402114943,0.02573895922547307,0.010239606627844657,0.0077547950781674665,0.004406444052182484,0.009283910350566043,0.0028705030580057854,0.002433613175217747,0.001798757564291378,0.06327735541655047,0.013680115137440904,0.008679773218202987,0.05075431582805602,0.0260768655615515,0.01270393896426616,0.005737592572482069,0.015031742870996177,0.09795890340638055,0.026463410370432414,0.812209047444111,0.07247935096201509,0.04197897328931337,0.06303501601177015,0.4738787534234218,1.0
2020-05-11,0.0034468755279915826,0.025186081614495585,0.009678553804031369,0.007511458452583638,0.004170378114065064,0.008903859655970335,0.0027916279028684303,0.002365034396928878,0.0017268505120433078,0.06250789460340994,0.013592976155807505,0.008456790003020489,0.05088748647779213,0.026588721403299636,0.013002569378487944,0.00576071836293291,0.015214031478377804,0.09852262406630109,0.02687624474375329,0.8221310046467052,0.07275296048803137,0.04183687694940456,0.06372965874569562,0.478897285928537,1.0
2020-05-12,0.0033622286199250385,0.02550415801987844,0.009355009165283657,0.007327219817539085,0.004041642693381394,0.008794057032840204,0.002787339788538892,0.002407564742350468,0.0017072456204800714,0.061743062929794444,0.013386198637623081,0.008375956412976844,0.0512661467122841,0.026894345481499583,0.013016877160894098,0.005978843846415924,0.015511545923218935,0.10023971132633959,0.027125171709320488,0.8212025472521365,0.0732025132870075,0.04190068606804584,0.06358967135869178,0.4793318516013872,1.0
2020-05-13,0.003230496453900709,0.02753546170212766,0.009049645390070922,0.0068829787234042554,0.004078014184397163,0.00851063829787234,0.0027411347517730497,0.0023404255319148934,0.001670212765957447,0.06092198687943263,0.013117021985815602,0.007989362056737588,0.05217376063829788,0.027620567021276597,0.013138297517730496,0.005804964893617021,0.015907801773049644,0.09858156028368795,0.027273935460992906,0.8396879156028368,0.07273049858156029,0.041039008156028366,0.06374113475177305,0.4784858,1.0
2020-05-14,0.0032077125328659074,0.026078877826468012,0.00916389097283085,0.006794039964943033,0.004021034180543383,0.008687116914986854,0.002727432077125329,0.002334794040315513,0.0016687116564417176,0.061156878878177036,0.013255039789658194,0.008434706047326906,0.05175810657318142,0.02806310359333918,0.013293601402278702,0.0055915863277826465,0.015803681682734442,0.10187904820333041,0.027128835056967573,0.837458404206836,0.07250131393514461,0.040999122524101664,0.06328834320771254,0.4754180560911481,1.0
2020-05-15,0.003156755300723193,0.02636798662291139,0.008949959646103999,0.006701121391331126,0.003897056322574208,0.008335370816926762,0.002674861239329609,0.002248838953170063,0.0016447253834520178,0.0600167608132211,0.013021615964681767,0.008157279533368264,0.052533437362202194,0.027859063576874014,0.013185738256835973,0.005496385888648569,0.015926948276851788,0.10160282012031224,0.02686297423483107,0.8414918008985223,0.07363900150445615,0.04084925271558242,0.06395921609596032,0.479515998357469,1.0
2020-05-18,0.0033413341279989583,0.028961615468522117,0.00983442280415761,0.007400361436615132,0.004505892324586235,0.0091708957981248,0.002867386024736695,0.002413749983042814,0.0017502226384756448,0.0615726309936293,0.013636163661039908,0.008602158074210085,0.05095619314202023,0.026987959475725538,0.012888003065138839,0.005876956818986428,0.0152780559815529,0.09931243461699721,0.02665619478783888,0.8213723784004148,0.07217214077312727,0.04115223606047468,0.06259838976429827,0.4685112214755993,1.0
2020-05-19,0.003298049290982678,0.028361856101510638,0.00980519633605431,0.007444559395413181,0.004252567706111481,0.009473339021302866,0.002843027967641707,0.0024153763479603427,0.001714027691682906,0.06083943070659213,0.013455631245897022,0.008193805375216226,0.05098291686041865,0.0265315075113957,0.01289113042367503,0.006134234832709483,0.015214134363905495,0.098890156429663,0.026782967005889637,0.8379679799927849,0.07419926833180183,0.0411537710072983,0.06282373524827756,0.46989846275462693,1.0
2020-05-20,0.0033214316968265714,0.029139083823960087,0.010183031727048842,0.007645686406329079,0.00441174970064806,0.009809496855369255,0.0028772280656400393,0.0025272494471294377,0.001739797555480585,0.06105780888703916,0.013817425409638371,0.008251418967192253,0.04969696147288006,0.02587486118009761,0.012663169004358215,0.0061616424566831645,0.015119749355462803,0.09691378735104025,0.02685665350646218,0.8406015093015701,0.07738902235467461,0.04084654198546243,0.062477915108262214,0.47338645392485873,1.0
2020-05-21,0.003354236535218682,0.030401795719187674,0.01079867454816611,0.00785481477812585,0.0045548429391291095,0.010038968801058947,0.002869245812735091,0.0024961760262092515,0.0017161210180188602,0.061081700719747604,0.01366792002174685,0.008295715095774764,0.04975733726608579,0.025962266616147592,0.012636890454375634,0.006165826108217961,0.01503132085347745,0.09730677631309789,0.026865264737561463,0.8298225143213945,0.07847692502831285,0.04040006735469757,0.062211080300860165,0.47576574074442435,1.0
2020-05-22,0.0032820721584941497,0.029606321017344138,0.010495863748091602,0.007677342325598394,0.004527229430995023,0.0097683944843091,0.0027948367040372866,0.0024767802268223895,0.001701940511054183,0.06088074438178838,0.013578305051798186,0.008178111759876662,0.04884873619705563,0.025840397999011826,0.012688423293147486,0.00600923727163465,0.015124600903789759,0.09810350599978744,0.026974743379777167,0.8245376925349259,0.07948366844125251,0.040058197892994876,0.062092066535556774,0.47722684105097873,1.0
2020-05-26,0.003723548242521663,0.03385621231674753,0.011708787361937666,0.008573519965949789,0.005063891909713033,0.01086981946560184,0.0029313750526853664,0.0027441948896860732,0.00181832158342171,0.06553311139871641,0.014603394882605316,0.008777412643502592,0.04831922140860279,0.025824178156581702,0.01253104408072115,0.006066642782923535,0.014750465679176771,0.09856707334743599,0.02646677467541439,0.8095074456959763,0.07761291658374196,0.040698316109204144,0.060689827689362305,0.47363935413725416,1.0
2020-05-27,0.003945812749012754,0.036085412094341546,0.011771565571063547,0.008668930847580606,0.005414788442369149,0.011086482231366383,0.0030565227304539524,0.0028589027263297745,0.0019202077067399293,0.06905501809192528,0.015434122651464972,0.009205798854817964,0.0477219369998869,0.025542386521150026,0.012321607257142495,0.006099870793966293,0.014192409962851383,0.1000517107983025,0.026193706812509245,0.7939021009925615,0.0754710792456569,0.041348692525615516,0.05988215425762798,0.4669892332139073,1.0
2020-05-28,0.0036240853384564655,0.03496681311514104,0.011373950559118804,0.008469401619744344,0.004901426892174728,0.010743531342684208,0.003072881102097422,0.0028088311685122514,0.0019473682601906326,0.06641515987507243,0.014654771974101798,0.00898429866017301,0.048509273753828054,0.026088133768277264,0.012601783080352263,0.006132559707515584,0.014506243556397722,0.10032907321991777,0.02626059105108766,0.792512901760308,0.0744158748430776,0.04110267245663919,0.05987332046006291,0.46760932140889994,1.0
2020-05-29,0.0034490573550346767,0.034999721097725416,0.011230787382816975,0.008281022140130176,0.0047399902507762265,0.010544260399856991,0.0029760437749156354,0.002759245884027741,0.001859206155190121,0.06454336161295718,0.01451888938491334,0.008694909022734338,0.04886164586299125,0.026515039347376805,0.012544713994258756,0.006070340944861031,0.014239678994537002,0.1001376338453967,0.026109364506094152,0.8022737729291194,0.07393793392843105,0.041027359099232934,0.06019426288667662,0.4693740178585403,1.0
2020-06-01,0.0036357924531015004,0.035657600544927726,0.011817143934949382,0.008564238388628829,0.0049055381522944645,0.011002280705443745,0.0030270999271997195,0.0028438376613368174,0.001960251736640683,0.0654278991627395,0.014628256191667825,0.00886531211111788,0.048168523712294756,0.02603633125987133,0.011604428150421852,0.006270187524880716,0.014212643225760413,0.10011682805821738,0.026331679345568355,0.8086578510448099,0.07589348715949044,0.04087075750063492,0.059831857918283736,0.4685688707351034,1.0
2020-06-02,0.0036418874690347545,0.03656494034496792,0.011750118540191229,0.008572392874973963,0.0051544717476178165,0.011191825305910725,0.0031128075604316663,0.0028888412187530583,0.0019313039608517637,0.06626157792218068,0.014794762756005263,0.008893735886947618,0.048120304570802346,0.026239765457149702,0.011737134659562986,0.00614446789561746,0.014216993538487948,0.09942482561107494,0.026238143486411486,0.8025168161167665,0.07553832936146662,0.0408982015239197,0.06001973497921268,0.46715482866037994,1.0
2020-06-03,0.0037945862479172713,0.03895775342615698,0.012584576856418778,0.009116613222246285,0.005427699636859409,0.011662347979744686,0.003256619589984696,0.002952412253653776,0.002007768419784075,0.06742835888489819,0.015021438049772084,0.009231892112021512,0.04760044075826032,0.02627710885357964,0.011579091875501142,0.006116168551495349,0.014070389530708747,0.09777864418304273,0.026027338939757772,0.7936288763686679,0.07370143341763578,0.041324165964344524,0.05935565491211238,0.4599550897684676,1.0
2020-06-04,0.0053721459583689814,0.040432468082837125,0.01359744201887663,0.010403714228938264,0.0062525096429559834,0.012296174528884894,0.0032804792772384316,0.0030491428345732333,0.0020017028302835873,0.0690218003231846,0.01564412661393339,0.009709704258341442,0.04714443792627599,0.026202066101883633,0.011570034496806793,0.006223593230224063,0.013912316300092535,0.09577328308648393,0.025890404184214625,0.790592324295774,0.07270711387687852,0.04141243592191793,0.05877230781895154,0.45373431957653754,1.0
2020-06-05,0.005820415724761742,0.038854953190000034,0.013375372005499589,0.010695287851418024,0.0060614983459818745,0.011953925356180919,0.0032780932027033586,0.003033879955510558,0.0020664197839390798,0.06822942351260071,0.015507540883648915,0.00991568402384101,0.0461187333899221,0.025755105387828527,0.011268250326788947,0.006023926764089075,0.013447383604030798,0.09763833666968497,0.025947657514235035,0.7774121702304144,0.0722526820917122,0.04134718068699323,0.05861117838699036,0.45035114909339846,1.0
2020-06-08,0.006283276359693778,0.041378052904337555,0.015542680079775882,0.011437358185057289,0.006558615050093525,0.01255727227952943,0.0033875863873083826,0.003155559922424247,0.002078957125361857,0.0683116843293508,0.015514836903989788,0.01030816241325254,0.045406033572200626,0.025646659203930385,0.011319797800147373,0.006345150393031501,0.013262632423408582,0.09574340387284462,0.02579051437468407,0.7808649768600177,0.07158789677604031,0.04199679014402858,0.05827267354346972,0.4475357345141903,1.0
2020-06-09,0.005783897191085317,0.04052469888053665,0.014373998022384732,0.010654219197078712,0.006095697595553551,0.011851532750236728,0.0033393823318547755,0.003061879971878048,0.002004876600730738,0.06800367008532404,0.015714741008799753,0.010174047509598848,0.04551038921878612,0.025648701895157656,0.011290292333994313,0.006192356344539512,0.013597615950660044,0.09641180025941869,0.026814054659656056,0.8109492333278917,0.07441740191083236,0.04111711777822386,0.059179717703471836,0.45403128757167593,1.0
2020-06-10,0.005335189230210978,0.03822089440890861,0.013002564586906658,0.009918060041638432,0.00559223124952784,0.011642122366324706,0.0033007956870811745,0.00306569627916941,0.0019528924150537246,0.0669312353569568,0.01526265324816588,0.009313070898612157,0.04633025759287604,0.025632103839529023,0.01125969368265569,0.005886889487576462,0.013739210025295276,0.09584219195869602,0.027650824715729792,0.8298852212748402,0.07420677585940585,0.040709811906671764,0.06170262201727215,0.4594939485934324,1.0
2020-06-11,0.004789980190727138,0.03563172362948972,0.011855034421973496,0.009060324476895573,0.004983178279087482,0.01093567866770044,0.00324439548384439,0.002997901371108779,0.0018786848592281683,0.06466473424031713,0.014846273790035365,0.008923753414433952,0.04692381679539854,0.025765296117717926,0.01109223474000233,0.005669364592919047,0.014170080813874313,0.09451050988906766,0.027972084627006333,0.8520568527025844,0.07475766485918152,0.03930914964448331,0.062046566709781974,0.4676193065431891,1.0
2020-06-12,0.0055042069618854335,0.03715175230675157,0.012649154559614077,0.01000555662187418,0.00532665222740448,0.011794259152844896,0.0032781925573475376,0.0030874852671507903,0.0019465295826978357,0.06634640831929725,0.015217126206203758,0.009196694338096096,0.04673972440900673,0.025087873817471896,0.011097191455414181,0.0056291534463372515,0.01406959506590709,0.09375893561268756,0.027849839495763164,0.836817019845986,0.075158401335495,0.04008470088054248,0.061729978646678986,0.4646616183766089,1.0
2020-06-15,0.005445788488441759,0.037253103519455454,0.01231661190969062,0.009932856405945574,0.005409917701397071,0.011850295917345965,0.0032674728974079956,0.003088120592660052,0.0019239610872961253,0.06727667933426126,0.015456908370467544,0.009199142431976712,0.0460609328102674,0.02413755828979253,0.010878532846806748,0.005824058803910149,0.014106873353984441,0.09335450477070739,0.027961838895763102,0.8389383185145155,0.075817110643449,0.039669469511439966,0.06161240875960204,0.46300611925802326,1.0
2020-06-16,0.005450053781914827,0.03691186990569414,0.01222821710679358,0.010016833112568832,0.00542445165173567,0.011703373758147473,0.003264271597842609,0.0030562542901369535,0.001958562958705566,0.06707437952301433,0.015540493338775364,0.009127159408869727,0.046231048811200444,0.02463244981864875,0.010688889989851603,0.006202115715874331,0.013953160307587704,0.09376780178116516,0.028168742769538402,0.8369560438211052,0.07541427278882169,0.040051333039073114,0.061947556474930894,0.46170880637015815,1.0
2020-06-17,0.005453687037548497,0.03660522480112422,0.012015455363644833,0.009866740891625607,0.005257765739596933,0.011662154404421258,0.0032696427586715957,0.002999849053633861,0.0018917677650860216,0.06622471973966423,0.015339698586922388,0.00881647318223753,0.046256774379415944,0.024503050032288688,0.010778901203404865,0.006359422726135053,0.014385786093373628,0.0939781425152422,0.028231180855667372,0.8482378258746225,0.07564822747350475,0.0398748678809788,0.062386584066069214,0.46607504750641576,1.0
2020-06-18,0.0052931620735463016,0.03659953449037375,0.012021159790628932,0.009883351457710899,0.00521612393542313,0.01150757124016439,0.00326449110296943,0.0029659683177421367,0.0018681748494869305,0.06543105736197878,0.01527281152490341,0.008843335951063588,0.046033498734986265,0.024466029019943072,0.010669782772043859,0.006442314300550291,0.014245636028935535,0.09356282228150752,0.028225651298459456,0.8519069844807262,0.07573491026190653,0.03985439807302348,0.06301719923170071,0.46093200756193015,1.0
2020-06-19,0.0051650558315580256,0.0352966989976457,0.011714992580768534,0.009526299849329834,0.005055298395137417,0.011153292113454621,0.0032604414936710036,0.0029763634229353123,0.001823910340518928,0.06508938957139525,0.015149754385938633,0.008909721309437594,0.04643062441144391,0.025147366225530116,0.010788509722534846,0.006320737073869133,0.014510579049599317,0.09401692554577507,0.02822380195956989,0.863536003226662,0.07708522786639689,0.03953527455349795,0.06299753840863835,0.4621820990857273,1.0
2020-06-22,0.004785333365824421,0.03537682872697277,0.011697125511859922,0.00940067802727751,0.004663454902083584,0.011020379305298958,0.003271474553043505,0.002998851673623213,0.0018345916120989067,0.06524346539580007,0.015196320352419199,0.008772042061347046,0.04598987577347388,0.024616242347655786,0.01061946330615147,0.006299191857872538,0.014397695040651803,0.09386887254592273,0.028775344602079034,0.8704111072549798,0.07672570057358254,0.03883112001342913,0.06432937980433899,0.465659117206826,1.0
2020-06-23,0.004471000713964842,0.03656639869635532,0.01176192608838047,0.009465746906494087,0.004700937893540177,0.011097662486448449,0.003305346956395437,0.003049861201311732,0.001839497436602678,0.06539796583819427,0.015294015694341115,0.008696096388661619,0.045623369033429874,0.02462882774814077,0.010465335242616279,0.006253013855673686,0.014316783639217524,0.09504070280728154,0.02926349806588453,0.8828341921602492,0.07736108823613193,0.03813444379561034,0.06448141228861744,0.4676698791108057,1.0
2020-06-24,0.0042749471914691585,0.035369942347596654,0.011274189389545797,0.00896296443364776,0.004488038884295459,0.010572626297920273,0.003248828732167129,0.0029898403670397793,0.0018030835546840778,0.06491756594743187,0.015391777217363819,0.008563008045714847,0.04583766458863866,0.024872719036933024,0.010552955967672166,0.0060845870857914415,0.01427386541345969,0.09480285267671941,0.0295099207948734,0.8964275445865371,0.0767195673962731,0.038166360696391496,0.06485855331752068,0.46944754645664283,1.0
2020-06-25,0.004270760356607646,0.03468168620553582,0.01150543488629,0.009083067394728944,0.004562611861615003,0.010691493791048936,0.0033271071570838613,0.003103354336578222,0.0018321788925461811,0.06715827604236946,0.01582159469017824,0.008875528871003163,0.04529211013408271,0.024830077487125853,0.010480711824264171,0.006158066755655217,0.014501777328644976,0.09605805900570065,0.029577528310966064,0.893253712697312,0.0764261785079702,0.038598982610193455,0.06496614371751971,0.4673936854119851,1.0
2020-06-26,0.004114255262757845,0.0354596950075522,0.01139894599340378,0.00894302173835328,0.004493112370960102,0.010621291929199148,0.0033199846587197795,0.0029909771700178194,0.0017879396860773185,0.06287366408640284,0.015636163650929024,0.008421262387583504,0.045798506424244594,0.024987953266177133,0.010647879057594232,0.006048420831700164,0.014589322638415178,0.09533906060995531,0.02938053523881417,0.8949236713078015,0.07181003920882274,0.03894584672626029,0.06524650597461698,0.4519366583656316,1.0
2020-06-29,0.004362578783071684,0.036561160395387066,0.012088797513751939,0.00937037412509457,0.004673723666248718,0.011476333702808601,0.0033243374360493686,0.003098347994583944,0.001837392415392804,0.06336547458884816,0.015472089372181974,0.008417288219783863,0.04553850776728494,0.02493089414828475,0.010690282816582656,0.00595760603803699,0.014312664953664516,0.09490246785350143,0.029622630483101983,0.8778805111222194,0.07226421759266947,0.03922063132678935,0.06499325393677946,0.45688186174975387,1.0
2020-06-30,0.004215734604048766,0.0352257361815173,0.01169567928931439,0.009047540277569495,0.004528608557065392,0.011024774962998227,0.0033254953150530057,0.0030706804461013205,0.0018256356433753649,0.06374242168121226,0.01557918723487535,0.008257291955902711,0.04536027379082258,0.024942828260333613,0.01054740059434807,0.00589944836448252,0.013992239582201232,0.09513626412035188,0.029416601625252004,0.8898587013781003,0.07324153680577626,0.03895441893525369,0.06564224393200394,0.45596056085641606,1.0
2020-07-01,0.004111224368263977,0.03475444894227403,0.011457510855444834,0.008890001491970063,0.004419325491880948,0.010850936768323919,0.0032639462783173017,0.0029911484084481077,0.0018036753278410263,0.06340785536428449,0.015279890420317898,0.008052351241197749,0.04505337216026689,0.025071729897147142,0.010828471382332184,0.005911690309400659,0.014130929338285596,0.0955530738787433,0.029214243539207777,0.9238861348533579,0.07623898212449498,0.03804407031422608,0.06569614487509468,0.4615226581480155,1.0
2020-07-02,0.003993597451785786,0.03489445741421127,0.011658110320228655,0.008856201389592361,0.004399346952887221,0.010900923284906683,0.003293919178232916,0.0030447186972414825,0.0018530292176286043,0.06306688904167435,0.015268322097155208,0.008095820754260144,0.04503819494174716,0.025169248260646936,0.011025523205914604,0.005859406181260104,0.013990370912583757,0.09529043327244824,0.02908217408544326,0.9234155928466184,0.07457484073669145,0.03824268823983729,0.0658975512349879,0.46795375935554917,1.0
2020-07-06,0.004025511716987609,0.03500937221367661,0.011661404884134686,0.008944184160674946,0.004481526716177612,0.01078711311462213,0.00334620661474595,0.0031292063737520864,0.0018334947898467,0.06521329012969238,0.015353553283073052,0.008016429192657356,0.04496622259319074,0.025027361756945102,0.010853156351735857,0.005975368954903482,0.013803101971333942,0.09523165585703082,0.029393312257810767,0.9614180075230279,0.07556640244783366,0.03779892666529407,0.06626369583537141,0.47038731858189786,1.0
2020-07-07,0.0037865780723464358,0.03395838760152532,0.011477368668224196,0.008587361354666435,0.004317525627410965,0.010494956725020967,0.0032969617640833363,0.0031220987968465157,0.0017963195725237081,0.06338305695126478,0.01509862302509558,0.007776632734090323,0.045416683489014,0.02502765991953732,0.010819248364011009,0.005859499065772024,0.013865043956474065,0.09431472396659124,0.029622581799519425,0.95383619222818,0.07657726266095219,0.037382523704420655,0.06620947804921455,0.4721872565879677,1.0
2020-07-08,0.0037824060465377757,0.03476721990046057,0.011438701891797137,0.008520666164886182,0.004353394782503862,0.010375590582837482,0.003315520229283738,0.003154633900365117,0.0018202237605106726,0.06380247063488449,0.015429314406685787,0.0077446259099329725,0.045196441152384595,0.024580906720718217,0.01064688941373227,0.0055363821796773904,0.013918244452947507,0.09412165231934279,0.03007706794909273,0.9719774394299794,0.0768405731760203,0.037133195325734406,0.06714007393239757,0.4719332314946215,1.0
2020-07-09,0.0035468979953370023,0.0322774056307505,0.010926222129920247,0.008137561143147952,0.004067194302345293,0.010015703909909586,0.003248679380344446,0.0030837073805613296,0.0017766215361258687,0.062445075090874616,0.015072729576445886,0.007626782768765611,0.04520550206530049,0.024330198064059994,0.010615313361098222,0.005440903454385473,0.014117796135285922,0.0923716309937311,0.030377849498417025,1.009701569938492,0.07756856528263838,0.036709442172946916,0.06799384643907981,0.479367385197252,1.0
2020-07-10,0.0037487754796792995,0.03462750849268052,0.011218069337432275,0.008505387583292482,0.004269962020405233,0.010430010484398813,0.003318639599682596,0.003171074735742121,0.001886946451664371,0.06453921943930703,0.015635595907810187,0.007996759440423475,0.0446995934923002,0.024090749899674965,0.010621531153693606,0.005397106720641762,0.013886795600185546,0.09143684457148515,0.03011579032774602,1.0046969459777018,0.07694408986988562,0.037158087983458474,0.06708549826176925,0.4840567060764664,1.0
2020-07-13,0.003685955371382251,0.03482799931859331,0.011054697079945683,0.008500199747246084,0.004139172583856595,0.01034476179157019,0.0033119719373125123,0.003083778655507249,0.0018730865214848756,0.06620140811729161,0.01591648172285228,0.00805332123704411,0.04602215006707689,0.024514930404514735,0.011159285033569536,0.005517840328096732,0.014005362353862967,0.09498862005016132,0.030260172627438027,0.9837665926715827,0.07574749215480292,0.03777866459251059,0.06562775619551249,0.47899670384027243,1.0
2020-07-14,0.0036184292600613646,0.03499274384527544,0.011099227456908932,0.008165703681817762,0.004146963871081564,0.010398683915042384,0.0033619805138858836,0.0031336785813150278,0.0018701993928407056,0.06692999376435492,0.015793489855929033,0.007584002554579783,0.04626085124558501,0.024472090717355385,0.011017913814344155,0.005441717296894359,0.013910780768152938,0.09648727359649183,0.030353993843015875,0.9644974795185176,0.07497372792055262,0.037716729604714096,0.06515987537116344,0.4755497843606934,1.0
2020-07-15,0.004165426880095152,0.03682249697122405,0.012012792971847795,0.008863929224012006,0.004555935650104073,0.011079911530015007,0.0033317216488856316,0.003158162195548333,0.0018843597790906641,0.06722329354911288,0.015914781395984547,0.007856664539465187,0.045949863721411674,0.024620648786131898,0.011070614012085247,0.005780149651322513,0.013863061335316678,0.09423968605569352,0.030287673625479537,0.9325318797668783,0.07446940227558306,0.038121094215156526,0.06447733474531304,0.4691188099158206,1.0
2020-07-16,0.0038717862577143506,0.03600294646106278,0.01159358938279556,0.008477501476730378,0.004310277713407301,0.010638859759407364,0.0033151197997779097,0.003122307954012215,0.0018348224032541903,0.066759546040158,0.01637034736821664,0.007917724839326996,0.04641478706537083,0.024692356353902968,0.011071131167153282,0.005694168876061326,0.013972639081052672,0.09551960850010002,0.03001722772597969,0.9329294148660424,0.07492605911394495,0.0385654796435927,0.06341643742405927,0.4720780352779425,1.0
2020-07-17,0.0036933324879498903,0.03514712757438376,0.011473828887837611,0.008388298917356174,0.004223609444658061,0.01058383220042504,0.003299501063961951,0.0030917317300470535,0.0017923981343703078,0.0655589786776504,0.016252523567880248,0.007737082222307494,0.04631395711463569,0.024767966153866935,0.011241251275246307,0.005600468601095091,0.014103506427536607,0.09505602047337929,0.029871492992414827,0.9185172058964143,0.07505434579052725,0.03879704712516736,0.06291379627388213,0.4699773495454028,1.0
2020-07-20,0.0035272337167890897,0.03390388119232756,0.011036827774047665,0.008063126811419024,0.0040684657430793076,0.010141950129006466,0.0032873695233195614,0.0031305352429741003,0.0017928310870863463,0.06510467958779896,0.015947893991274272,0.0075557220942901425,0.046004724079777695,0.024420021234451306,0.011224414181586902,0.005486124630123571,0.013961326747749966,0.09331946921985299,0.030246720422372753,0.9830864991784307,0.0754711152327734,0.038861075446585736,0.06507085227863764,0.48148738210647213,1.0
2020-07-21,0.0035213212867882164,0.03474042989522578,0.011113499049961178,0.008114082093270494,0.00417523709680207,0.010321431398474154,0.0033033493501169317,0.002990206567856777,0.0018051760389114831,0.06509071955624436,0.01608080318424482,0.008043471772900834,0.04597058998171525,0.02421944488172634,0.01126392977253168,0.00543394858739954,0.013901083203526517,0.09366959764534728,0.029779264587485352,0.9634636023056775,0.07421790942293385,0.03870076324061726,0.06408681940863471,0.4784392044197584,1.0
2020-07-22,0.003467622276618444,0.034544965326554995,0.011080518061058735,0.008012771545883288,0.004075066671906358,0.010164772741529217,0.0032905781815094036,0.0030005921636583896,0.001810123248270015,0.06288117860769361,0.015567670432001817,0.008015824030281721,0.04579031693463217,0.02404747178559672,0.011770380145601186,0.005289955462482185,0.014178790335963821,0.0936227462370636,0.029692278559396594,0.9462426642923873,0.07321994173893967,0.03927631614412417,0.06463635713679186,0.4787791223571338,1.0
2020-07-23,0.003637588720727087,0.03515820731903916,0.011333081657934141,0.008276519080599839,0.0041784366613619554,0.010133945436723015,0.0032759932404169178,0.0029731183936613915,0.001807977401550846,0.06274454346919016,0.015625869953912512,0.008143624706130736,0.04623786339384607,0.024124908093863973,0.01187083965702017,0.005260132542631693,0.013607733877317325,0.09363468635142519,0.028694301479481318,0.923011110631209,0.07188641956386176,0.039352096778704965,0.06259619320585753,0.4684299633527122,1.0
2020-07-24,0.0035420743102977316,0.035321229784702805,0.010902996388157398,0.008073068090715962,0.00408629117096683,0.009845660462162087,0.003287069838441354,0.0029885280177314485,0.001791250924259432,0.06265335512184006,0.015605029753357345,0.00816636272066887,0.04606251353212716,0.02397663935380215,0.011711546841598995,0.0053022268172521515,0.013356636977116934,0.09353999681063419,0.028801510549962755,0.9357140036255845,0.07174644327684897,0.03911830825587585,0.06260048896305147,0.47016293852497454,1.0
2020-07-27,0.003516072466719056,0.035027984751069684,0.01054204405360849,0.007871804029968036,0.004031598456132649,0.009733254468105733,0.0032814618368062834,0.002948067783772343,0.0017564927423732598,0.0626719092412285,0.015842391483057237,0.007868717047995499,0.0454341985109046,0.024365548709230474,0.01158853063360016,0.005556567550565672,0.01351480676706653,0.09217728355212862,0.02926767546422201,0.9431378071920896,0.07208102905872692,0.038960799166684774,0.06292812936234542,0.4723699663113212,1.0
2020-07-28,0.0036570513092572883,0.03573470504603087,0.010874833969754043,0.008059805830007252,0.00409204466804745,0.010032811421662628,0.0032748785726059316,0.0029362051718335915,0.0017896869618795224,0.06264525630307544,0.015616260959147723,0.007932414917790134,0.04562148267224726,0.024760444022839077,0.012123886328565795,0.005838232604757498,0.013820360427847423,0.09319111075498551,0.02897444218611877,0.9322311843631199,0.07150047824987515,0.03867401700257485,0.06276954291625851,0.4661699436696122,1.0
2020-07-29,0.003498606758577049,0.03522851520312861,0.010667681046572343,0.007893347572982013,0.0037257093025548573,0.0097562028380501,0.003268435261302243,0.002829574939831613,0.0016909932666455735,0.062170856504364214,0.015525834729509904,0.007911761906554656,0.04497243946593276,0.024352143797883797,0.012048710030221177,0.005843287384378401,0.013733566004063415,0.0941186575640493,0.029167332441558724,0.9309761984040202,0.0715956093173853,0.03846012271797156,0.06262506036473851,0.46710083584750656,1.0
2020-07-30,0.003444005674253798,0.034344560441372504,0.010677033691380736,0.007682782196770608,0.0035795479369256826,0.009537246174498382,0.003222209244427078,0.0027724553728340055,0.0016265071520626167,0.06146533530767931,0.015079077030297773,0.00759344721559536,0.04523414842856933,0.02433291603947193,0.01193388074316668,0.005806753753102334,0.013674365691960682,0.09402628710523696,0.029631387539757085,0.9401334198741519,0.07223786499217492,0.03785941898513445,0.06281151487623572,0.471764071652925,1.0
2020-07-31,0.003399447162520691,0.03424820703396995,0.010528503316345812,0.007633470525961735,0.003634840536184444,0.009443248152051886,0.0032282519816743253,0.0027268946663385396,0.0016018977636338507,0.060517498569130045,0.014942893948152746,0.00741641979880863,0.04455965840033994,0.024529823158432187,0.011763554569585987,0.005585242775112681,0.013175914200157145,0.09256156550976327,0.032484286177009256,0.9674606308564364,0.07754835925519148,0.03758345692079029,0.06267271994524559,0.4533492834130615,1.0
2020-08-03,0.003363068660676576,0.033803697367216265,0.01031988578185953,0.007648856824198409,0.0035269727289766973,0.009585352735033055,0.0032689755844302094,0.0027985102031983784,0.0016329701619530665,0.06052005928603193,0.015012398248555487,0.007372648116507462,0.04472456564342107,0.025053040669252097,0.011640223502780628,0.005806453079031971,0.013403710474321082,0.09215354021859072,0.03306536933415654,0.9445396547495021,0.07647642628930962,0.037731322967740774,0.06572552926366652,0.4475339730996582,1.0
2020-08-04,0.0034689143433139042,0.0344290492560765,0.010373475022384705,0.007763472641052129,0.003704812616006567,0.009496417644294384,0.0032965271440384965,0.0027975115671886324,0.0016512879088486413,0.0609827275254491,0.014897882616723123,0.007324943498356444,0.044524287104759135,0.024699758280786212,0.01161042878560649,0.005743215639017527,0.013255668928097394,0.09209105645502039,0.03316639014197329,0.9492879406102267,0.07555700761359559,0.03805825345134824,0.06450607811709,0.4430562637250265,1.0
2020-08-05,0.003774299282857293,0.034641816684195026,0.01074593429987088,0.007954275337813158,0.003843414635966941,0.009832410534187097,0.003317536949263098,0.002806684339322223,0.0016767985667471095,0.06145857519324608,0.014955961409857284,0.007332237460327862,0.044594426029476636,0.02453294503807087,0.011554284331223106,0.005847759575645195,0.013041767231258368,0.09389771502298709,0.03307395022448096,0.9631164442667827,0.07486094096129876,0.037697916696779424,0.06398879751912663,0.44282206286599096,1.0
2020-08-06,0.0038935136997423846,0.03523570241515538,0.010874368186931768,0.008085609738422069,0.0039054569932998767,0.009859188831709628,0.0032873915516996666,0.002752929165001901,0.001654146157712639,0.060985442727943415,0.014764896959031796,0.007237635895840138,0.04405582500594555,0.024200099466615138,0.01142674611113045,0.0060104621842255,0.012967430980046915,0.0937727687694836,0.034009273666476394,0.9629280430727907,0.07920792257470445,0.037657205482519225,0.06459829082057877,0.4479033594738667,1.0
2020-08-07,0.0038880666155158825,0.03525817090112227,0.010924184396170612,0.008110333891766823,0.0039268577636369165,0.009930533620591094,0.0032853118524044413,0.0027511875821225208,0.0016530996968501912,0.062146404417940095,0.015024109463936414,0.007480723718417743,0.04434126802717267,0.024175836187635993,0.011473228338806778,0.005386001421488493,0.012833901562333454,0.09459967423092354,0.03315524278439819,0.9451492962661044,0.08010073753224994,0.037287244849332164,0.06340263844301983,0.445946019749936,1.0
2020-08-10,0.0041660839468337565,0.03548015724851719,0.011679913922373211,0.008730921642864459,0.004097641139135773,0.010412234687991502,0.0033209640604760517,0.0028031793413695705,0.0016604820302380259,0.062306762687033695,0.015051466740215664,0.007350162689491267,0.04405038589169408,0.024076990628761074,0.011423997039490284,0.005273071669415016,0.012736313482742918,0.09495695803079682,0.03354515944877045,0.936821319389198,0.07826286271551985,0.037825066760580194,0.06197049870915213,0.44520557806228345,1.0
2020-08-11,0.004118559387044088,0.03658108557132908,0.011692749082809796,0.008891048515180433,0.004166554252442999,0.01058586779951531,0.0033866376897106875,0.002867693207584958,0.0017248154752733797,0.06331122621940323,0.015532338014754803,0.0075951874493777344,0.04408628384795549,0.02427040469628366,0.011335787571373301,0.005297433268404849,0.012649646111764777,0.09465487000430073,0.032808990018787114,0.9241021140304062,0.07683078196623444,0.03802093243320015,0.061007474780030845,0.44404847847246154,1.0
2020-08-12,0.0040055022726820525,0.03546674028555015,0.011377519453607791,0.008605617511988252,0.0040735425623952635,0.01042791396691598,0.0034197641264552834,0.0028724835352838063,0.0016980489693644745,0.0627538565089775,0.015495436709644624,0.007451891156156808,0.044273521872348974,0.024459005015166336,0.011339062786034538,0.005144437261184537,0.012830031725311549,0.09533627572797047,0.033431449028567456,0.9354770654882624,0.07688257353987245,0.03748132392409965,0.06188412322255267,0.4456993954239825,1.0
2020-08-13,0.003942574847586904,0.03499702094894437,0.011202248679164205,0.008507661809648044,0.003951467873558904,0.010289230753170422,0.0033823142113508704,0.0028309466010868374,0.001665960198754767,0.06177392244707218,0.015467936507299598,0.007416783660648446,0.04387226146186931,0.024764113286465023,0.01131489278550695,0.005095704178390506,0.01280892144523724,0.09530952042314422,0.034092897827527786,0.937034437862455,0.07745825265891428,0.037063167612873364,0.061865816455914456,0.4501204950475314,1.0
2020-08-14,0.00395214717899983,0.035103843503216374,0.011171560818058035,0.008583245670231977,0.004008479359345664,0.010347332667020887,0.003374001117555744,0.002822538720486,0.0016751411523892755,0.061660018962396236,0.015506173556604946,0.007501074244302215,0.04395096155856494,0.024750582022456665,0.011284225475234862,0.005182560591816731,0.012615443249384515,0.09597224975754022,0.03406836878642687,0.933341218415453,0.07745378015907305,0.03714069506803205,0.06193574808553499,0.4470195639272671,1.0
2020-08-17,0.0037315308552997813,0.03441169173892203,0.010721497729802566,0.008285062960816155,0.0038764159677480295,0.009997073054613033,0.003335314425339266,0.0027971697219600585,0.0016587866955809648,0.06004453224298278,0.01516267024787971,0.007235384809639842,0.04405394617977565,0.025062168205885197,0.011339477086979787,0.005283871641500629,0.012814940354096081,0.09476965069314118,0.033887592316617116,0.9409873835847752,0.07722080927862238,0.03679490547516375,0.06217641081782149,0.44884224509487686,1.0
2020-08-18,0.003717055352325341,0.034539114927330285,0.010676208689174503,0.008150971084737606,0.0038498073291941036,0.010077350066304258,0.0032774988066932172,0.002773041294591921,0.0016667748206855696,0.05938733377321458,0.01502162310367426,0.0070919059037267106,0.044277208171610245,0.024945570885596836,0.011316368812083763,0.005112426131412552,0.012850391655900573,0.09346034116953021,0.03409144517088073,0.9771990989566361,0.07739145129054036,0.0368519481887596,0.062390480559409774,0.4597938399146784,1.0
2020-08-19,0.0037572039147796246,0.0346148707669208,0.010622693440886571,0.008198882675232826,0.0038549860355901354,0.01015452509144304,0.003303850445567257,0.0028267922197947647,0.0016800746211987755,0.06015674714569204,0.015221416509860048,0.007132168630027253,0.044561978942153295,0.025195192832532146,0.011336799232260301,0.004998740835925566,0.01298428040580782,0.0934560009604314,0.03428522560707821,0.9661110524382172,0.07780789912879858,0.036694961969833836,0.06213609224429618,0.45854778258657936,1.0
2020-08-20,0.0036922058901252518,0.03454723177734748,0.010565616375182421,0.008158298430197226,0.003771957537351957,0.010178672902520823,0.0032609562421586223,0.0027588162411015882,0.0016600157682003132,0.0596217424860014,0.015005124442092552,0.007015191191237978,0.044725904679868304,0.02511586105161154,0.011436977260628452,0.004985954538648669,0.013141299794886738,0.09255030588434149,0.03493565272311808,0.9739655494328312,0.07945922747397224,0.03637561302026692,0.06338188378299907,0.4672117333364494,1.0
2020-08-21,0.0035794605832496942,0.034037254646610234,0.010429300038202029,0.008027293594179207,0.0036854314557801127,0.010211470728081522,0.0032262243414816327,0.0027022572495256736,0.0016513794302656895,0.05958800829037923,0.015041976039896234,0.006958753668467285,0.04496697210525661,0.025015014070965524,0.011444854527648742,0.004824618041118577,0.012916672201682333,0.0924713652396355,0.03660999370700215,0.9669017815137811,0.0785980103723772,0.036253814124249564,0.06270532136198126,0.4652180306312292,1.0
2020-08-24,0.003916905611436472,0.03619640365994739,0.010934694831926817,0.008684805305349796,0.0038906763327884596,0.010756918609979179,0.0032495161880592757,0.002794875358160399,0.0016728451048843265,0.060426428110685694,0.015262525517412383,0.007137278156553511,0.044342050987992966,0.02489449921838484,0.011319390918764329,0.004939847770145373,0.012805716417381917,0.09000722569705487,0.03667945983315138,0.9639143214912466,0.07909293695247978,0.03662773044980177,0.062277051186136224,0.46285932292820164,1.0
2020-08-25,0.003815751898745224,0.03589536499388501,0.010950684953267162,0.008740801533655347,0.0038651185519253373,0.010761930683656766,0.003223352060583865,0.0027993796273899515,0.0016552348419214442,0.05982076797119605,0.015114907345048478,0.007146549318407296,0.044157018728439495,0.024880793202777078,0.011153959697930291,0.0049221460045268985,0.012719172705425335,0.09066621473683302,0.03624819020651574,0.9717941806297097,0.08154790524474102,0.036194468252956837,0.06286117331332805,0.46701433850405166,1.0
2020-08-26,0.003676629135785928,0.03527149209781438,0.010546952252959858,0.008609464135529139,0.0037197483203338477,0.010457839846483285,0.003219565779577982,0.0028199946694339294,0.0016615259112464946,0.059567716434260294,0.014864619932358188,0.006910568264341115,0.04378034624003787,0.024589433928988075,0.010937899526194327,0.0049615808353139276,0.012766153238487338,0.08877377915948509,0.03637031322563299,0.9893984637462433,0.08736234365623284,0.03569406039384523,0.0635720493603818,0.47499518919258,1.0
2020-08-27,0.00381110898487772,0.03775236433689692,0.011048772282966282,0.008844757448338203,0.003859895771581727,0.010804838923408444,0.0031969694346037506,0.0027923260860587516,0.0016587507479362367,0.06030907607721378,0.015098075866379958,0.007056865206185477,0.04390236726371669,0.024628717852575747,0.010865104667061707,0.004878678670400696,0.012492286920227271,0.08944340262509456,0.035875507667302846,0.9757357340801392,0.08414859791844535,0.035772194471929655,0.06502417781745572,0.46902180569024166,1.0
2020-08-28,0.0038739912261538845,0.03791038355674475,0.011610571202446483,0.009119130193131918,0.003982314748297996,0.011063252638780241,0.0031926932842474983,0.002819262194750693,0.0016961183072564836,0.059210209323205434,0.015076923625996153,0.007038178605425359,0.04379691008920467,0.024415552337605787,0.010806696643377023,0.004820396735412964,0.01237738714434284,0.08961490819691248,0.035577863986767815,0.969723586678135,0.0837112788056155,0.035652691880431665,0.06525352075605964,0.4687586492947322,1.0
2020-08-31,0.003728241150079214,0.03673960415859263,0.011127585940523106,0.008813504940991859,0.0038396598511160635,0.01073619232769802,0.00313400807788268,0.0027226159509773874,0.0016627098462422241,0.058529099293143504,0.014930105367559956,0.006899388794974177,0.043827547107020436,0.024360698213220774,0.01079618672718273,0.004748151083720895,0.012484608581356535,0.08929208633857198,0.036865303594523655,0.9859012209866634,0.08376401148981757,0.035228307184657894,0.0644314347010823,0.4668672278897679,1.0
2020-09-01,0.0037145734235118867,0.03645102478902086,0.011101187554170779,0.008707980619960047,0.0037826266770724097,0.010749578510330962,0.0030765741713819823,0.002699445724567417,0.0015879092497455393,0.058259258137157724,0.014909334201328386,0.006819502833655531,0.04296428854876449,0.023940567492145695,0.010457516914022275,0.004590759346658845,0.012618207431013662,0.08870457677769229,0.03804743785990924,0.9921937856705346,0.0837735557001144,0.034990715106146084,0.06444359670380459,0.47090298361008104,1.0
2020-09-02,0.003694663731099293,0.03701924541233521,0.011301817452173252,0.008696283060602286,0.0038650148177183834,0.010938773315028861,0.0030663195591436308,0.0026390455222137805,0.0015443303426288051,0.05865662465740358,0.014870812069617335,0.00686151835775583,0.04295919343494571,0.024276426163602538,0.010388623922264357,0.00457713793333739,0.012603188048312534,0.08943152504161755,0.036695297966626204,0.9862071090062037,0.08447738311848345,0.03579606736127447,0.06469152162820625,0.4826465261020056,1.0
2020-09-03,0.003866792406458715,0.038100639859238984,0.011690100406442748,0.009036022085542566,0.0039275728260213146,0.01121254083531403,0.003172159040029006,0.0026888099892216663,0.0015976567427883313,0.06007420839453489,0.015267462532986319,0.007096837560356863,0.04328434251394297,0.0247434187945038,0.010535273303045064,0.004622206192451024,0.012679953532466221,0.09152663212793083,0.034986366354217986,0.9748021575563587,0.0842590259007709,0.03601963348678217,0.06289326358711497,0.4751986761339248,1.0
2020-09-04,0.003971449959989772,0.038999578495513096,0.011911431841791513,0.00927060729087987,0.0040385648380792385,0.011494152090561878,0.003186497690160787,0.0028392511470022395,0.0016574456849920574,0.061553097906182394,0.015380978943395365,0.007233816934577252,0.043359128116758294,0.02487335684398444,0.010609987106295227,0.004753484483444772,0.012775170850617357,0.09104279114745105,0.03529658950690028,0.9613827282763517,0.0825016966108639,0.03568760778994114,0.06251896795942752,0.4642715576215044,1.0
2020-09-08,0.0040908325850001,0.040380087112992326,0.012485592615872267,0.009766375378337184,0.004192878298785869,0.012155445318598976,0.0031364050266508466,0.0028242651962473177,0.0016087206643874202,0.06077122270341085,0.015057744872178272,0.007194222521762276,0.04419779794665824,0.025010204511351684,0.010783830871537314,0.0048411684156433625,0.013169900067544899,0.09221631047258112,0.0338611689097367,0.9453755296793824,0.08138445928921184,0.03637929666449226,0.06082524930590246,0.4599230378790016,1.0
2020-09-09,0.0038394097458449,0.03937674981044003,0.01196542426702625,0.009344034753106054,0.003983571491091183,0.011538824066777526,0.0031656742425510438,0.002771436000448962,0.0015857791977091193,0.0594946699344188,0.015022242564157113,0.0070139102176967364,0.044042883328333504,0.024972343885753704,0.010644432536756204,0.0047543955166937605,0.01320992377526862,0.091798665644829,0.034516440718967326,0.9616500766423709,0.08053051643464182,0.03596982706557984,0.0621631309060307,0.45806952093131764,1.0
2020-09-10,0.0038961545254607003,0.040225326912602846,0.012245484600302347,0.009520273348235988,0.004123754636094839,0.011661510632227914,0.0032043699786648344,0.002800080308459458,0.001587211297843329,0.059897759197280714,0.015060539199198551,0.007172398522746987,0.04399570153113371,0.0250270279548617,0.010676242630667411,0.004686765436084548,0.013341558817303588,0.09121973034836714,0.03398728434298431,0.9508623837220644,0.08028593782829678,0.03610456431954135,0.061502938924910946,0.4587999026917289,1.0
2020-09-11,0.003876119843161559,0.039832744129743636,0.012071345253045975,0.009488262772536006,0.004196386115916993,0.011658291256159274,0.003220621583970531,0.0027716501735657174,0.0015713999364168484,0.06013822325372825,0.015070473077293037,0.007264357420349888,0.04423266305376799,0.025286070731941935,0.010796265848867757,0.004609439813489422,0.013540978336437732,0.09023727049835252,0.03352319864355943,0.9327291170076787,0.0798001739956375,0.03635471137253152,0.06106909094394851,0.4551731934737584,1.0
2020-09-14,0.00391897239198002,0.04031871839185291,0.012268215396164846,0.009699899992819325,0.004232253744581741,0.011839671036326696,0.003307187109069112,0.0027604224842453532,0.0015634512785500986,0.05950572290538218,0.015117303596359186,0.007332556646006932,0.04384461371523909,0.024873358384987033,0.010938247389836784,0.004702175773484323,0.013355833972443795,0.09119738600498352,0.03409446900888292,0.9170779524503804,0.07866021708986787,0.036083508571715765,0.06070860744438201,0.4490208513829264,1.0
2020-09-15,0.0038633424054168464,0.04071210249173616,0.012401505529717092,0.009852404587430268,0.004213218924628875,0.011939904029476447,0.0032106315880633153,0.002675526323386096,0.0015347524624258703,0.0582147485747744,0.014815359204384513,0.00731506508245272,0.04377572655092632,0.024758908683166683,0.01086675277327734,0.004780665716292079,0.013536399407057382,0.09032988810601096,0.03397036418456658,0.9279459980210967,0.08009526547238269,0.03599906026224684,0.06138421792538712,0.45320474044661657,1.0
2020-09-16,0.004076219407164751,0.04200573843669819,0.012736708460922078,0.010211224993165612,0.004398181664687185,0.01243542238327516,0.0032609755257318007,0.0027440636443884447,0.0015625507727464881,0.05927649870262945,0.01510859643687796,0.00759417368710046,0.04383412576564729,0.02527551410660056,0.010864010559369575,0.004985984022950841,0.013590351215305174,0.09053932810476277,0.0331207586881685,0.9092037214973422,0.07783806473461173,0.03669188252421919,0.06056730446868047,0.4492407387091403,1.0
2020-09-17,0.004060160666604626,0.041259929099824164,0.012555816597043749,0.01011614469389086,0.004384854366281738,0.012034519372791505,0.003270767727022655,0.002752449344051852,0.0015460186250680857,0.058036765282091014,0.014968677439243025,0.007479870755583478,0.0438396065432048,0.025510796436380004,0.010968093598267227,0.005177225849261022,0.013809908478646448,0.09084870467812516,0.03286853350788787,0.8962529069134352,0.07590683561887861,0.03721168469199769,0.06044366963326391,0.4454946588020451,1.0
2020-09-18,0.003973525928908004,0.04051851686414909,0.012363419870804427,0.009893145678949118,0.0042687537841263395,0.011998904146736744,0.0032173811160528796,0.002738388983606805,0.0015122896257102486,0.05870214302354357,0.015086746509989743,0.007570485414702973,0.04494090752538397,0.025850511903907806,0.01103489452232192,0.005178537884113306,0.01411068646778248,0.0927919190988217,0.03218586007205666,0.8901752200848574,0.07607539794189631,0.036981808262304655,0.06036807103262691,0.4398262381509581,1.0
2020-09-21,0.0037213582745941444,0.03850584680809099,0.011471901861946382,0.009088526105519851,0.003995659867316071,0.011435328621029672,0.003072177838485583,0.0025418614258898575,0.0014446550550021493,0.05912723220894873,0.014739139220371095,0.007326900625929688,0.04422351416640131,0.025336322866743356,0.01097815929982646,0.005034958124184706,0.014111292743026256,0.09118699341675171,0.03355013319492546,0.9022906980563747,0.07563104287570738,0.036649740583124146,0.06173004741087552,0.43618830751796367,1.0
2020-09-22,0.003721833575196819,0.038267928108222986,0.011424883269877558,0.009114571063258857,0.003987247963055263,0.011497268408806252,0.002988927935996797,0.0024550830876906085,0.0014115219717926346,0.057793981448139915,0.014365554044445547,0.007133011673695686,0.04349478492155334,0.02501530665887288,0.010933263136214318,0.0048377807348452635,0.013967432462657881,0.08875095502882915,0.033722707017754386,0.9437260941034651,0.07683444921243028,0.036346691376874865,0.06255937704405648,0.4419933619089482,1.0
2020-09-23,0.003685602451551781,0.038765247835500824,0.011387368822280058,0.009132137869427343,0.003957465834398853,0.011600533811413825,0.0029904972113177905,0.0024869320817260555,0.0014334614731936516,0.05749910392747738,0.014340792827311715,0.007053001170907557,0.044622667684270256,0.02552735285120841,0.01112168384374385,0.004862647325014672,0.013858854120889802,0.09025246902601627,0.03309318907519146,0.9267637690420443,0.07693115986821746,0.03671082537209581,0.06196940327027343,0.4372088266321962,1.0
2020-09-24,0.003625342183943734,0.03742388065838264,0.01099615289652791,0.008935529036211363,0.0038193919355057186,0.011353450851784895,0.0029631089048036295,0.0024980055320122075,0.001463073523681626,0.06009690035128328,0.014356601768815602,0.007182920962580109,0.04456059868313132,0.025611487667426158,0.011014632901201664,0.004687995585354599,0.013768292204556254,0.09014381121957027,0.033333435409662965,0.9301420743449273,0.07685910208446371,0.036373546644056655,0.06258566572695087,0.43993544004191515,1.0
2020-09-25,0.0037259812595311958,0.03752054093828668,0.011126404878012705,0.009028456113492293,0.0038805988707892036,0.011247672683209508,0.002874068538678254,0.0024253742942432523,0.0014249073978679107,0.05910333892332489,0.014261201153322108,0.007166980736317023,0.04416000367512116,0.025142036277699113,0.010929342610261869,0.00463852833774022,0.01358815948349782,0.09170946550107296,0.034040127916532256,0.9383560569465406,0.0772542368295857,0.036062283128013996,0.06300516285090658,0.4380710932025165,1.0
2020-09-28,0.003807136778523868,0.037925169257469096,0.011200620569978274,0.009350757573584485,0.0039921230483267525,0.011409476334249706,0.0029538130178202427,0.0025152165394166305,0.0014888411069619203,0.05939551294284513,0.014434896642015792,0.007107053139846281,0.043892468283368576,0.02469268396590195,0.010857500279259153,0.004556032806274253,0.013160878299986252,0.09047320746318942,0.03430003450250526,0.9470252882776947,0.07662608888012987,0.03631996641623204,0.06248955599594925,0.4369614444378143,1.0
2020-09-29,0.003672645865951944,0.036303728425921424,0.01099395237217682,0.009177117847300806,0.003855528639685061,0.011275772627844773,0.002947110927535315,0.002479410719299802,0.0014870468159282973,0.058999179938952,0.014162922290029514,0.006973530027921814,0.0440897382613552,0.024554261531980075,0.010844048459280822,0.004461140447784892,0.013002665104791016,0.09118654841578845,0.034205073645377455,0.942859600099215,0.07848669341235691,0.03625875905089958,0.062138168474609845,0.4405166194794083,1.0
2020-09-30,0.003654475170978293,0.03562295658638121,0.010892060957478442,0.009093071662206362,0.003832887303003271,0.011150758251561105,0.0029646149271483797,0.0024977698483496878,0.0014897413024085636,0.05975914391911983,0.014377043710972346,0.006990782039845376,0.04426999851323224,0.024665476360392506,0.01091287570621469,0.004620874219446922,0.012729705917335712,0.09270591406482308,0.034436514421647337,0.9362860481712757,0.07787689384478144,0.036179006244424626,0.06254237347606303,0.4369907749033601,1.0
